date,code,name,score,rank,penalty,avail_max,ind_ma_up,ind_macd_bull,ind_obv_up,rsi,거래대금_earned,거래대금_max,거래대금_avail,실적_earned,실적_max,실적_avail,밸류_earned,밸류_max,밸류_avail,수급_earned,수급_max,수급_avail,신고가_earned,신고가_max,신고가_avail,거래량증가_earned,거래량증가_max,거래량증가_avail,차트_earned,차트_max,차트_avail,누적등장_earned,누적등장_max,누적등장_avail,ret_5d,ret_10d
2026-06-24,402340,SK스퀘어,70.7,1,0.0,75,1,1,1,69.0,15,15,1,20.0,20,1,0,10,0,0,15,0,4,10,1,4,10,1,10.0,10,1,0,10,1,-15.23,-21.68
2026-06-24,290650,엘앤씨바이오,68.2,2,0.0,85,1,1,1,65.0,8,15,1,20.0,20,1,10,10,1,0,15,0,10,10,1,0,10,1,10.0,10,1,0,10,1,-6.9,-22.82
2026-06-24,005930,삼성전자,65.9,3,0.0,85,1,0,1,56.1,15,15,1,20.0,20,1,10,10,1,0,15,0,4,10,1,0,10,1,7.0,10,1,0,10,1,-16.01,-16.3
2026-06-24,005935,삼성전자우,65.9,4,0.0,85,1,0,1,54.6,15,15,1,20.0,20,1,10,10,1,0,15,0,4,10,1,0,10,1,7.0,10,1,0,10,1,-11.62,-8.99
2026-06-24,034730,SK,65.3,5,0.0,75,1,1,1,64.5,12,15,1,20.0,20,1,0,10,0,0,15,0,7,10,1,0,10,1,10.0,10,1,0,10,1,-4.07,-7.72
2026-06-24,000850,화천기공,63.5,6,0.0,85,0,1,1,64.8,4,15,1,20.0,20,1,10,10,1,0,15,0,4,10,1,10,10,1,6.0,10,1,0,10,1,-7.96,11.41
2026-06-24,088910,동우팜투테이블,62.4,7,0.0,85,0,1,1,61.6,0,15,1,20.0,20,1,10,10,1,0,15,0,7,10,1,10,10,1,6.0,10,1,0,10,1,-10.89,-14.59
2026-06-24,026940,부국철강,62.0,8,0.0,85,0,1,1,68.9,8,15,1,14.7,20,1,10,10,1,0,15,0,4,10,1,10,10,1,6.0,10,1,0,10,1,-29.67,-29.09
2026-06-24,091590,남화토건,62.0,9,0.0,75,0,1,1,77.5,4,15,1,19.5,20,1,0,10,0,0,15,0,10,10,1,7,10,1,6.0,10,1,0,10,1,73.24,49.0
2026-06-24,196170,알테오젠,61.3,10,0.0,75,0,1,1,54.6,12,15,1,20.0,20,1,0,10,0,0,15,0,4,10,1,4,10,1,6.0,10,1,0,10,1,-5.38,-12.79
2026-06-24,420770,기가비스,61.2,11,0.0,85,1,1,0,62.6,4,15,1,20.0,20,1,10,10,1,0,15,0,7,10,1,4,10,1,7.0,10,1,0,10,1,12.2,5.58
2026-06-24,000660,SK하이닉스,60.0,12,0.0,75,1,1,1,61.1,15,15,1,20.0,20,1,0,10,0,0,15,0,0,10,1,0,10,1,10.0,10,1,0,10,1,-15.23,-15.5
2026-06-24,080220,제주반도체,59.5,13,0.0,85,1,0,1,56.8,15,15,1,18.6,20,1,10,10,1,0,15,0,0,10,1,0,10,1,7.0,10,1,0,10,1,-20.55,-21.08
2026-06-24,240810,원익IPS,56.0,14,0.0,75,1,1,1,53.8,12,15,1,20.0,20,1,0,10,0,0,15,0,0,10,1,0,10,1,10.0,10,1,0,10,1,-12.62,-17.0
2026-06-24,089970,브이엠,56.0,15,0.0,75,1,1,1,60.3,8,15,1,20.0,20,1,0,10,0,0,15,0,4,10,1,0,10,1,10.0,10,1,0,10,1,6.65,10.83
2026-06-24,058730,다스코,53.6,16,0.0,85,0,1,1,55.8,4,15,1,15.6,20,1,10,10,1,0,15,0,0,10,1,10,10,1,6.0,10,1,0,10,1,18.83,59.18
2026-06-24,009420,한올바이오파마,52.0,17,0.0,85,0,0,1,57.1,8,15,1,18.2,20,1,8,10,1,0,15,0,0,10,1,7,10,1,3.0,10,1,0,10,1,6.48,-2.05
2026-06-24,036090,위지트,51.5,18,0.0,75,0,1,1,74.2,4,15,1,8.6,20,1,0,10,0,0,15,0,10,10,1,10,10,1,6.0,10,1,0,10,1,-26.94,-28.6
2026-06-24,043650,국순당,51.2,19,0.0,85,0,1,1,72.7,4,15,1,3.5,20,1,10,10,1,0,15,0,10,10,1,10,10,1,6.0,10,1,0,10,1,-8.98,-15.0
2026-06-24,093370,후성,50.7,20,0.0,75,1,1,1,58.8,8,15,1,20.0,20,1,0,10,0,0,15,0,0,10,1,0,10,1,10.0,10,1,0,10,1,-16.83,-25.16
2026-06-24,122640,예스티,50.7,21,0.0,75,1,1,1,61.2,4,15,1,20.0,20,1,0,10,0,0,15,0,4,10,1,0,10,1,10.0,10,1,0,10,1,-12.0,-16.0
2026-06-24,056090,시지메드텍,50.6,22,0.0,85,0,1,1,45.1,0,15,1,20.0,20,1,10,10,1,0,15,0,0,10,1,7,10,1,6.0,10,1,0,10,1,-22.51,-19.8
2026-06-24,001795,대한제당우,50.4,23,0.0,85,0,1,1,69.9,0,15,1,6.8,20,1,10,10,1,0,15,0,10,10,1,10,10,1,6.0,10,1,0,10,1,-20.43,-16.73
2026-06-24,028260,삼성물산,50.2,24,0.0,85,1,0,1,55.8,15,15,1,4.7,20,1,8,10,1,0,15,0,4,10,1,4,10,1,7.0,10,1,0,10,1,-15.58,-18.69
2026-06-24,319660,피에스케이,48.4,25,0.0,85,1,1,1,62.9,8,15,1,9.1,20,1,10,10,1,0,15,0,4,10,1,0,10,1,10.0,10,1,0,10,1,7.84,11.61
2026-06-24,006400,삼성SDI,48.2,26,0.0,85,0,0,1,39.6,12,15,1,16.0,20,1,10,10,1,0,15,0,0,10,1,0,10,1,3.0,10,1,0,10,1,-3.78,-11.25
2026-06-24,042660,한화오션,48.2,27,0.0,85,0,0,1,41.6,8,15,1,20.0,20,1,10,10,1,0,15,0,0,10,1,0,10,1,3.0,10,1,0,10,1,-1.42,-23.3
2026-06-24,353200,대덕전자,48.2,28,0.0,85,0,0,1,43.5,8,15,1,20.0,20,1,10,10,1,0,15,0,0,10,1,0,10,1,3.0,10,1,0,10,1,-5.14,-12.45
2026-06-24,004710,한솔테크닉스,48.2,29,0.0,85,1,0,1,48.1,4,15,1,20.0,20,1,10,10,1,0,15,0,0,10,1,0,10,1,7.0,10,1,0,10,1,-15.97,-22.09
2026-06-24,126640,화신정공,48.2,30,0.0,85,1,0,1,58.3,4,15,1,20.0,20,1,10,10,1,0,15,0,0,10,1,0,10,1,7.0,10,1,0,10,1,-13.13,-14.41
2026-06-24,009150,삼성전기,47.1,31,0.0,85,1,0,1,58.2,15,15,1,8.0,20,1,10,10,1,0,15,0,0,10,1,0,10,1,7.0,10,1,0,10,1,-1.93,-19.35
2026-06-24,009155,삼성전기우,47.1,32,0.0,85,1,1,1,63.1,12,15,1,8.0,20,1,10,10,1,0,15,0,0,10,1,0,10,1,10.0,10,1,0,10,1,-15.01,-29.9
2026-06-24,004310,현대약품,47.1,33,0.0,85,0,1,1,53.3,4,15,1,20.0,20,1,10,10,1,0,15,0,0,10,1,0,10,1,6.0,10,1,0,10,1,-32.55,-35.89
2026-06-24,204270,제이앤티씨,47.1,34,0.0,85,0,1,1,61.0,4,15,1,13.0,20,1,10,10,1,0,15,0,7,10,1,0,10,1,6.0,10,1,0,10,1,-29.67,-20.67
2026-06-24,419050,삼기에너지솔루션즈,46.9,35,0.0,85,0,1,1,51.1,0,15,1,13.9,20,1,10,10,1,0,15,0,0,10,1,10,10,1,6.0,10,1,0,10,1,33.88,16.12
2026-06-24,089030,테크윙,46.7,36,0.0,75,1,0,1,41.8,8,15,1,20.0,20,1,0,10,0,0,15,0,0,10,1,0,10,1,7.0,10,1,0,10,1,-4.91,-12.02
2026-06-24,032830,삼성생명,46.1,37,0.0,85,1,0,1,57.0,15,15,1,7.2,20,1,10,10,1,0,15,0,0,10,1,0,10,1,7.0,10,1,0,10,1,-14.43,-21.36
2026-06-24,298040,효성중공업,45.5,38,0.0,85,1,0,1,43.0,12,15,1,9.7,20,1,10,10,1,0,15,0,0,10,1,0,10,1,7.0,10,1,0,10,1,2.36,-12.79
2026-06-24,141080,리가켐바이오,45.3,39,0.0,75,0,1,1,52.4,8,15,1,16.0,20,1,0,10,0,0,15,0,0,10,1,4,10,1,6.0,10,1,0,10,1,-6.36,-21.17
2026-06-24,043260,성호전자,44.7,40,0.0,85,0,0,0,37.3,8,15,1,20.0,20,1,10,10,1,0,15,0,0,10,1,0,10,1,0.0,10,1,0,10,1,-27.12,-26.29
2026-06-24,010060,OCI홀딩스,44.7,41,0.0,85,0,0,0,35.5,8,15,1,20.0,20,1,10,10,1,0,15,0,0,10,1,0,10,1,0.0,10,1,0,10,1,3.3,-6.7
2026-06-24,039030,이오테크닉스,44.1,42,0.0,85,1,0,1,49.8,8,15,1,12.5,20,1,10,10,1,0,15,0,0,10,1,0,10,1,7.0,10,1,0,10,1,-20.97,-22.2
2026-06-24,010950,S-Oil,43.5,43,0.0,85,0,0,1,46.6,4,15,1,20.0,20,1,10,10,1,0,15,0,0,10,1,0,10,1,3.0,10,1,0,10,1,1.77,23.11
2026-06-24,218410,RFHIC,43.5,44,0.0,85,0,0,1,36.5,4,15,1,20.0,20,1,10,10,1,0,15,0,0,10,1,0,10,1,3.0,10,1,0,10,1,-17.47,-23.49
2026-06-24,036570,NC,43.5,45,0.0,85,0,0,1,41.7,4,15,1,20.0,20,1,10,10,1,0,15,0,0,10,1,0,10,1,3.0,10,1,0,10,1,8.83,2.05
2026-06-24,263750,펄어비스,43.5,46,0.0,85,0,1,0,24.9,4,15,1,20.0,20,1,10,10,1,0,15,0,0,10,1,0,10,1,3.0,10,1,0,10,1,3.31,2.07
2026-06-24,290690,소룩스,42.7,47,0.0,75,1,1,1,64.0,8,15,1,0.0,20,1,0,10,0,0,15,0,4,10,1,10,10,1,10.0,10,1,0,10,1,-15.05,-12.11
2026-06-24,222800,심텍,42.7,48,0.0,75,1,0,0,50.8,8,15,1,20.0,20,1,0,10,0,0,15,0,0,10,1,0,10,1,4.0,10,1,0,10,1,5.95,4.25
2026-06-24,012450,한화에어로스페이스,42.6,49,0.0,85,0,1,1,43.1,12,15,1,8.2,20,1,10,10,1,0,15,0,0,10,1,0,10,1,6.0,10,1,0,10,1,2.01,-11.61
2026-06-24,025980,아난티,42.4,50,0.0,85,0,1,1,29.4,0,15,1,20.0,20,1,10,10,1,0,15,0,0,10,1,0,10,1,6.0,10,1,0,10,1,-5.0,-5.48
2026-06-24,100660,서암기계공업,41.5,51,0.0,85,0,1,1,64.2,0,15,1,5.3,20,1,10,10,1,0,15,0,4,10,1,10,10,1,6.0,10,1,0,10,1,-26.36,-26.7
2026-06-24,330860,네패스아크,41.3,52,0.0,75,1,0,1,46.6,4,15,1,20.0,20,1,0,10,0,0,15,0,0,10,1,0,10,1,7.0,10,1,0,10,1,-23.66,-5.02
2026-06-24,037710,광주신세계,41.2,53,0.0,85,0,1,1,70.5,4,15,1,4.0,20,1,1,10,1,0,15,0,10,10,1,10,10,1,6.0,10,1,0,10,1,-7.11,16.08
2026-06-24,047040,대우건설,40.8,54,0.0,85,0,0,1,38.8,8,15,1,13.7,20,1,10,10,1,0,15,0,0,10,1,0,10,1,3.0,10,1,0,10,1,-5.8,-10.42
2026-06-24,003490,대한항공,40.4,55,0.0,75,1,0,1,53.0,8,15,1,11.3,20,1,0,10,0,0,15,0,4,10,1,0,10,1,7.0,10,1,0,10,1,4.39,-2.19
2026-06-24,352820,하이브,40.0,56,0.0,85,0,0,0,34.3,4,15,1,20.0,20,1,10,10,1,0,15,0,0,10,1,0,10,1,0.0,10,1,0,10,1,10.11,13.72
2026-06-24,131970,두산테스나,40.0,57,0.0,85,0,0,0,39.9,4,15,1,20.0,20,1,10,10,1,0,15,0,0,10,1,0,10,1,0.0,10,1,0,10,1,-15.55,-16.47
2026-06-24,096770,SK이노베이션,40.0,58,0.0,85,0,0,0,35.8,4,15,1,20.0,20,1,10,10,1,0,15,0,0,10,1,0,10,1,0.0,10,1,0,10,1,-4.37,4.57
2026-06-24,098460,고영,40.0,59,0.0,85,0,0,0,42.9,4,15,1,20.0,20,1,10,10,1,0,15,0,0,10,1,0,10,1,0.0,10,1,0,10,1,-4.51,-7.25
2026-06-24,267270,HD건설기계,40.0,60,0.0,85,0,0,0,29.6,4,15,1,20.0,20,1,10,10,1,0,15,0,0,10,1,0,10,1,0.0,10,1,0,10,1,2.18,9.4
2026-06-24,356860,티엘비,40.0,61,0.0,85,0,0,0,36.3,4,15,1,20.0,20,1,10,10,1,0,15,0,0,10,1,0,10,1,0.0,10,1,0,10,1,-11.92,-3.59
2026-06-24,008770,호텔신라,40.0,62,0.0,85,0,0,0,34.4,4,15,1,20.0,20,1,10,10,1,0,15,0,0,10,1,0,10,1,0.0,10,1,0,10,1,5.01,5.22
2026-06-24,457190,이수스페셜티케미컬,40.0,63,0.0,85,0,0,0,31.5,4,15,1,20.0,20,1,10,10,1,0,15,0,0,10,1,0,10,1,0.0,10,1,0,10,1,-7.34,-12.6
2026-06-24,067310,하나마이크론,39.7,64,0.0,75,1,1,1,51.9,8,15,1,11.8,20,1,0,10,0,0,15,0,0,10,1,0,10,1,10.0,10,1,0,10,1,-11.92,-17.62
2026-06-24,356680,엑스게이트,39.4,65,0.0,85,0,1,1,59.5,12,15,1,4.5,20,1,1,10,1,0,15,0,0,10,1,10,10,1,6.0,10,1,0,10,1,-38.03,-45.19
2026-06-24,458870,씨어스,39.1,66,0.0,75,0,1,1,50.7,4,15,1,19.3,20,1,0,10,0,0,15,0,0,10,1,0,10,1,6.0,10,1,0,10,1,12.68,6.19
2026-06-24,006910,보성파워텍,38.8,67,0.0,85,0,0,1,33.0,0,15,1,20.0,20,1,10,10,1,0,15,0,0,10,1,0,10,1,3.0,10,1,0,10,1,2.06,-3.16
2026-06-24,126340,비나텍,38.8,68,0.0,85,0,0,1,37.1,0,15,1,20.0,20,1,10,10,1,0,15,0,0,10,1,0,10,1,3.0,10,1,0,10,1,-11.16,-25.83
2026-06-24,044490,태웅,38.8,69,0.0,85,0,1,0,37.2,0,15,1,20.0,20,1,10,10,1,0,15,0,0,10,1,0,10,1,3.0,10,1,0,10,1,-2.98,-2.64
2026-06-24,036930,주성엔지니어링,38.6,70,0.0,85,0,0,0,46.8,12,15,1,10.8,20,1,10,10,1,0,15,0,0,10,1,0,10,1,0.0,10,1,0,10,1,24.73,5.21
2026-06-24,001790,대한제당,38.6,71,0.0,85,0,1,1,49.5,0,15,1,6.8,20,1,10,10,1,0,15,0,0,10,1,10,10,1,6.0,10,1,0,10,1,-5.0,14.8
2026-06-24,011070,LG이노텍,38.5,72,0.0,85,0,0,0,45.4,15,15,1,7.7,20,1,10,10,1,0,15,0,0,10,1,0,10,1,0.0,10,1,0,10,1,-8.67,-22.47
2026-06-24,278470,에이피알,38.4,73,0.0,85,0,0,0,44.5,8,15,1,14.6,20,1,10,10,1,0,15,0,0,10,1,0,10,1,0.0,10,1,0,10,1,8.36,1.08
2026-06-24,413630,씨피시스템,38.4,74,0.0,75,0,1,1,59.8,4,15,1,8.8,20,1,0,10,0,0,15,0,0,10,1,10,10,1,6.0,10,1,0,10,1,-27.41,-38.35
2026-06-24,475430,키스트론,38.1,75,0.0,85,0,1,0,58.2,4,15,1,5.4,20,1,10,10,1,0,15,0,0,10,1,10,10,1,3.0,10,1,0,10,1,3.35,-19.4
2026-06-24,009540,HD한국조선해양,37.9,76,0.0,85,0,0,1,39.9,8,15,1,13.2,20,1,8,10,1,0,15,0,0,10,1,0,10,1,3.0,10,1,0,10,1,-1.49,-7.47
2026-06-24,047810,한국항공우주,37.6,77,0.0,85,0,1,1,42.9,8,15,1,8.0,20,1,10,10,1,0,15,0,0,10,1,0,10,1,6.0,10,1,0,10,1,7.76,0.84
2026-06-24,010120,LS ELECTRIC,37.5,78,0.0,85,0,1,0,38.4,12,15,1,6.9,20,1,10,10,1,0,15,0,0,10,1,0,10,1,3.0,10,1,0,10,1,5.35,-9.8
2026-06-24,178320,서진시스템,37.3,79,0.0,75,0,0,0,35.6,8,15,1,20.0,20,1,0,10,0,0,15,0,0,10,1,0,10,1,0.0,10,1,0,10,1,-6.67,-14.68
2026-06-24,014950,삼익제약,37.3,80,0.0,75,0,1,1,57.4,8,15,1,4.0,20,1,0,10,0,0,15,0,0,10,1,10,10,1,6.0,10,1,0,10,1,-33.37,-49.71
2026-06-24,247540,에코프로비엠,37.3,81,0.0,75,0,0,0,34.7,8,15,1,20.0,20,1,0,10,0,0,15,0,0,10,1,0,10,1,0.0,10,1,0,10,1,-17.7,-20.26
2026-06-24,214450,파마리서치,37.3,82,0.0,85,0,1,1,52.9,4,15,1,7.7,20,1,10,10,1,0,15,0,0,10,1,4,10,1,6.0,10,1,0,10,1,18.39,4.93
2026-06-24,033160,엠케이전자,37.3,83,0.0,75,1,0,0,43.0,4,15,1,20.0,20,1,0,10,0,0,15,0,0,10,1,0,10,1,4.0,10,1,0,10,1,-28.86,-25.92
2026-06-24,083650,비에이치아이,36.6,84,0.0,85,0,0,0,35.6,4,15,1,17.1,20,1,10,10,1,0,15,0,0,10,1,0,10,1,0.0,10,1,0,10,1,-2.82,-14.88
2026-06-24,053610,프로텍,36.6,85,0.0,85,1,0,0,48.7,0,15,1,17.1,20,1,10,10,1,0,15,0,0,10,1,0,10,1,4.0,10,1,0,10,1,-13.63,-17.97
2026-06-24,373220,LG에너지솔루션,36.5,86,0.0,75,0,0,1,38.0,8,15,1,16.4,20,1,0,10,0,0,15,0,0,10,1,0,10,1,3.0,10,1,0,10,1,-3.15,-10.81
2026-06-24,100840,SNT에너지,36.5,87,0.0,85,0,1,0,29.7,0,15,1,20.0,20,1,8,10,1,0,15,0,0,10,1,0,10,1,3.0,10,1,0,10,1,-5.55,-9.19
2026-06-24,071970,HD현대마린엔진,36.4,88,0.0,85,0,1,1,36.7,4,15,1,10.9,20,1,10,10,1,0,15,0,0,10,1,0,10,1,6.0,10,1,0,10,1,4.62,1.65
2026-06-24,097230,HJ중공업,36.0,89,0.0,75,0,1,0,43.3,4,15,1,20.0,20,1,0,10,0,0,15,0,0,10,1,0,10,1,3.0,10,1,0,10,1,-8.37,-14.76
2026-06-24,084670,동양고속,36.0,90,0.0,75,0,0,1,42.3,4,15,1,20.0,20,1,0,10,0,0,15,0,0,10,1,0,10,1,3.0,10,1,0,10,1,-12.57,-17.22
2026-06-24,189300,인텔리안테크,35.8,91,0.0,85,0,0,0,27.6,4,15,1,16.4,20,1,10,10,1,0,15,0,0,10,1,0,10,1,0.0,10,1,0,10,1,-9.1,-9.6
2026-06-24,068270,셀트리온,35.6,92,0.0,85,0,1,0,45.5,8,15,1,11.3,20,1,8,10,1,0,15,0,0,10,1,0,10,1,3.0,10,1,0,10,1,2.26,1.45
2026-06-24,079550,LIG디펜스앤에어로스페이스,35.6,93,0.0,85,0,1,1,48.9,8,15,1,6.3,20,1,10,10,1,0,15,0,0,10,1,0,10,1,6.0,10,1,0,10,1,-7.52,-9.1
2026-06-24,198440,강동씨앤엘,35.6,94,0.0,75,1,1,1,71.7,4,15,1,5.7,20,1,0,10,0,0,15,0,0,10,1,7,10,1,10.0,10,1,0,10,1,-22.86,-11.45
2026-06-24,000720,현대건설,35.4,95,0.0,85,0,0,0,38.0,8,15,1,12.1,20,1,10,10,1,0,15,0,0,10,1,0,10,1,0.0,10,1,0,10,1,0.44,-6.54
2026-06-24,003160,디아이,35.3,96,0.0,85,0,0,0,36.8,0,15,1,20.0,20,1,10,10,1,0,15,0,0,10,1,0,10,1,0.0,10,1,0,10,1,1.89,-7.76
2026-06-24,348210,넥스틴,35.3,97,0.0,85,0,0,0,31.5,0,15,1,20.0,20,1,10,10,1,0,15,0,0,10,1,0,10,1,0.0,10,1,0,10,1,-5.52,-10.28
2026-06-24,003530,한화투자증권,35.3,98,0.0,85,0,0,0,31.0,0,15,1,20.0,20,1,10,10,1,0,15,0,0,10,1,0,10,1,0.0,10,1,0,10,1,-5.79,-4.39
2026-06-24,011930,신성이엔지,35.3,99,0.0,85,0,0,0,26.6,0,15,1,20.0,20,1,10,10,1,0,15,0,0,10,1,0,10,1,0.0,10,1,0,10,1,-0.38,-4.93
2026-06-24,099320,쎄트렉아이,35.3,100,0.0,85,0,0,0,28.2,0,15,1,20.0,20,1,10,10,1,0,15,0,0,10,1,0,10,1,0.0,10,1,0,10,1,-10.06,-4.65
2026-06-24,124500,아이티센글로벌,35.3,101,0.0,85,0,0,0,23.2,0,15,1,20.0,20,1,10,10,1,0,15,0,0,10,1,0,10,1,0.0,10,1,0,10,1,-13.31,-14.31
2026-06-24,077360,덕산하이메탈,35.3,102,0.0,85,0,0,0,38.5,0,15,1,20.0,20,1,10,10,1,0,15,0,0,10,1,0,10,1,0.0,10,1,0,10,1,-10.34,-17.76
2026-06-24,092870,엑시콘,35.3,103,0.0,85,0,0,0,33.3,0,15,1,20.0,20,1,10,10,1,0,15,0,0,10,1,0,10,1,0.0,10,1,0,10,1,-9.95,-12.82
2026-06-24,005070,코스모신소재,35.3,104,0.0,85,0,0,0,36.0,0,15,1,20.0,20,1,10,10,1,0,15,0,0,10,1,0,10,1,0.0,10,1,0,10,1,-1.92,1.15
2026-06-24,187870,디바이스,35.3,105,0.0,85,0,0,0,32.3,0,15,1,20.0,20,1,10,10,1,0,15,0,0,10,1,0,10,1,0.0,10,1,0,10,1,-4.51,-5.74
2026-06-24,456040,OCI,35.3,106,0.0,85,0,0,0,33.9,0,15,1,20.0,20,1,10,10,1,0,15,0,0,10,1,0,10,1,0.0,10,1,0,10,1,1.31,-2.61
2026-06-24,073490,LIG아큐버,35.3,107,0.0,85,0,0,0,27.4,0,15,1,20.0,20,1,10,10,1,0,15,0,0,10,1,0,10,1,0.0,10,1,0,10,1,-10.5,-9.43
2026-06-24,425420,티에프이,35.3,108,0.0,85,0,0,0,35.4,0,15,1,20.0,20,1,10,10,1,0,15,0,0,10,1,0,10,1,0.0,10,1,0,10,1,-10.6,-7.95
2026-06-24,080580,오킨스전자,35.3,109,0.0,85,0,0,0,35.0,0,15,1,20.0,20,1,10,10,1,0,15,0,0,10,1,0,10,1,0.0,10,1,0,10,1,-5.36,-3.73
2026-06-24,089890,코세스,35.3,110,0.0,85,0,0,0,33.7,0,15,1,20.0,20,1,10,10,1,0,15,0,0,10,1,0,10,1,0.0,10,1,0,10,1,8.42,14.43
2026-06-24,111710,남화산업,35.0,111,5.0,75,0,1,1,82.8,0,15,1,4.0,20,1,0,10,0,0,15,0,10,10,1,10,10,1,6.0,10,1,0,10,1,11.62,-5.97
2026-06-24,095340,ISC,34.9,112,0.0,85,0,1,1,44.3,8,15,1,7.7,20,1,8,10,1,0,15,0,0,10,1,0,10,1,6.0,10,1,0,10,1,-19.11,-20.63
2026-06-24,108490,로보티즈,34.9,113,0.0,75,0,0,1,39.8,8,15,1,15.2,20,1,0,10,0,0,15,0,0,10,1,0,10,1,3.0,10,1,0,10,1,-11.15,-14.68
2026-06-24,120110,코오롱인더,34.9,114,0.0,85,0,1,1,41.2,4,15,1,9.7,20,1,10,10,1,0,15,0,0,10,1,0,10,1,6.0,10,1,0,10,1,-9.06,-15.56
2026-06-24,000270,기아,34.8,115,0.0,85,0,0,1,35.7,12,15,1,4.6,20,1,10,10,1,0,15,0,0,10,1,0,10,1,3.0,10,1,0,10,1,4.54,6.19
2026-06-24,228340,동양파일,34.7,116,0.0,75,0,1,1,73.0,0,15,1,0.0,20,1,0,10,0,0,15,0,10,10,1,10,10,1,6.0,10,1,0,10,1,81.33,65.77
2026-06-24,064350,현대로템,34.6,117,0.0,85,0,1,1,45.2,8,15,1,10.4,20,1,5,10,1,0,15,0,0,10,1,0,10,1,6.0,10,1,0,10,1,0.97,-8.49
2026-06-24,074600,원익QnC,34.5,118,0.0,85,1,0,1,45.7,4,15,1,8.3,20,1,10,10,1,0,15,0,0,10,1,0,10,1,7.0,10,1,0,10,1,-6.76,-8.38
2026-06-24,403870,HPSP,34.4,119,0.0,85,0,0,1,45.8,12,15,1,6.2,20,1,8,10,1,0,15,0,0,10,1,0,10,1,3.0,10,1,0,10,1,-13.64,-12.25
2026-06-24,086520,에코프로,34.4,120,0.0,85,0,0,0,38.1,8,15,1,13.2,20,1,8,10,1,0,15,0,0,10,1,0,10,1,0.0,10,1,0,10,1,-19.31,-20.33
2026-06-24,066570,LG전자,34.1,121,0.0,85,0,0,0,44.7,12,15,1,7.0,20,1,10,10,1,0,15,0,0,10,1,0,10,1,0.0,10,1,0,10,1,-5.97,-10.81
2026-06-24,004170,신세계,34.1,122,0.0,85,1,0,0,58.4,8,15,1,7.0,20,1,10,10,1,0,15,0,0,10,1,0,10,1,4.0,10,1,0,10,1,6.86,-8.18
2026-06-24,019210,와이지-원,34.1,123,0.0,85,1,1,1,60.3,4,15,1,5.0,20,1,10,10,1,0,15,0,0,10,1,0,10,1,10.0,10,1,0,10,1,6.7,11.66
2026-06-24,042700,한미반도체,34.0,124,0.0,85,0,0,0,43.0,12,15,1,6.9,20,1,10,10,1,0,15,0,0,10,1,0,10,1,0.0,10,1,0,10,1,-18.7,-17.78
2026-06-24,051910,LG화학,34.0,125,0.0,85,0,0,0,36.2,8,15,1,12.9,20,1,8,10,1,0,15,0,0,10,1,0,10,1,0.0,10,1,0,10,1,-5.38,-11.26
2026-06-24,232140,와이씨,33.9,126,0.0,85,0,0,1,33.9,0,15,1,15.8,20,1,10,10,1,0,15,0,0,10,1,0,10,1,3.0,10,1,0,10,1,-10.95,-16.89
2026-06-24,031330,에스에이엠티,33.8,127,0.0,85,0,0,0,43.7,4,15,1,7.7,20,1,10,10,1,0,15,0,0,10,1,7,10,1,0.0,10,1,0,10,1,-17.55,-8.07
2026-06-24,267260,HD현대일렉트릭,33.6,128,0.0,85,0,0,0,38.6,12,15,1,6.6,20,1,10,10,1,0,15,0,0,10,1,0,10,1,0.0,10,1,0,10,1,3.42,-9.18
2026-06-24,394800,쓰리빌리언,33.2,129,0.0,75,0,1,1,30.3,0,15,1,11.9,20,1,0,10,0,0,15,0,0,10,1,7,10,1,6.0,10,1,0,10,1,-4.38,-7.67
2026-06-24,272210,한화시스템,33.1,130,0.0,85,0,0,1,34.7,4,15,1,11.1,20,1,10,10,1,0,15,0,0,10,1,0,10,1,3.0,10,1,0,10,1,-10.29,-13.2
2026-06-24,049070,인탑스,33.1,131,0.0,85,0,0,0,45.0,0,15,1,18.1,20,1,10,10,1,0,15,0,0,10,1,0,10,1,0.0,10,1,0,10,1,-1.11,0.89
2026-06-24,131290,티에스이,32.9,132,0.0,85,1,0,0,57.4,4,15,1,15.0,20,1,1,10,1,0,15,0,4,10,1,0,10,1,4.0,10,1,0,10,1,-1.4,8.02
2026-06-24,005690,파미셀,32.9,133,0.0,85,0,0,0,39.7,0,15,1,20.0,20,1,8,10,1,0,15,0,0,10,1,0,10,1,0.0,10,1,0,10,1,-3.77,-7.46
2026-06-24,122870,와이지엔터테인먼트,32.9,134,0.0,85,0,1,0,41.9,0,15,1,20.0,20,1,5,10,1,0,15,0,0,10,1,0,10,1,3.0,10,1,0,10,1,1.98,-1.86
2026-06-24,012330,현대모비스,32.7,135,0.0,85,0,0,1,38.4,12,15,1,4.8,20,1,8,10,1,0,15,0,0,10,1,0,10,1,3.0,10,1,0,10,1,-3.34,-4.13
2026-06-24,483650,달바글로벌,32.6,136,0.0,85,0,1,1,58.4,4,15,1,7.7,20,1,10,10,1,0,15,0,0,10,1,0,10,1,6.0,10,1,0,10,1,0.44,-12.43
2026-06-24,002990,금호건설,32.6,137,0.0,85,0,1,1,60.5,0,15,1,10.7,20,1,1,10,1,0,15,0,0,10,1,10,10,1,6.0,10,1,0,10,1,142.11,247.16
2026-06-24,005380,현대차,32.5,138,0.0,85,0,0,0,33.3,15,15,1,4.6,20,1,8,10,1,0,15,0,0,10,1,0,10,1,0.0,10,1,0,10,1,-5.3,-10.12
2026-06-24,006800,미래에셋증권,32.4,139,0.0,85,0,0,0,22.0,8,15,1,9.5,20,1,10,10,1,0,15,0,0,10,1,0,10,1,0.0,10,1,0,10,1,-3.83,1.08
2026-06-24,000990,DB하이텍,32.2,140,0.0,85,0,0,1,46.1,8,15,1,6.4,20,1,10,10,1,0,15,0,0,10,1,0,10,1,3.0,10,1,0,10,1,-23.36,-20.01
2026-06-24,001440,대한전선,32.2,141,0.0,85,0,0,1,33.0,8,15,1,6.4,20,1,10,10,1,0,15,0,0,10,1,0,10,1,3.0,10,1,0,10,1,-1.32,-11.42
2026-06-24,007660,이수페타시스,32.2,142,0.0,85,0,0,0,39.2,8,15,1,9.4,20,1,10,10,1,0,15,0,0,10,1,0,10,1,0.0,10,1,0,10,1,11.65,-3.26
2026-06-24,482630,삼양엔씨켐,32.2,143,0.0,85,0,1,1,54.5,4,15,1,7.4,20,1,10,10,1,0,15,0,0,10,1,0,10,1,6.0,10,1,0,10,1,-21.16,-24.34
2026-06-24,084370,유진테크,32.1,144,0.0,85,1,0,0,52.1,4,15,1,9.3,20,1,10,10,1,0,15,0,0,10,1,0,10,1,4.0,10,1,0,10,1,8.34,2.41
2026-06-24,006920,모헨즈,32.0,145,0.0,75,0,1,1,69.0,4,15,1,0.0,20,1,0,10,0,0,15,0,4,10,1,10,10,1,6.0,10,1,0,10,1,-33.21,-36.0
2026-06-24,009830,한화솔루션,32.0,146,0.0,75,0,0,0,36.4,4,15,1,20.0,20,1,0,10,0,0,15,0,0,10,1,0,10,1,0.0,10,1,0,10,1,3.87,-5.06
2026-06-24,397030,에이프릴바이오,32.0,147,0.0,75,0,0,0,39.9,4,15,1,20.0,20,1,0,10,0,0,15,0,0,10,1,0,10,1,0.0,10,1,0,10,1,-11.71,-31.23
2026-06-24,322000,HD현대에너지솔루션,32.0,148,0.0,75,0,0,0,34.1,4,15,1,20.0,20,1,0,10,0,0,15,0,0,10,1,0,10,1,0.0,10,1,0,10,1,9.56,-6.86
2026-06-24,002070,비비안,32.0,149,0.0,75,0,1,1,76.2,4,15,1,0.0,20,1,0,10,0,0,15,0,4,10,1,10,10,1,6.0,10,1,0,10,1,-40.7,-45.64
2026-06-24,053260,금강철강,32.0,150,0.0,75,0,1,1,54.8,4,15,1,4.0,20,1,0,10,0,0,15,0,0,10,1,10,10,1,6.0,10,1,0,10,1,-14.47,-14.9
2026-06-24,037460,삼지전자,32.0,151,0.0,85,0,0,0,36.4,4,15,1,6.2,20,1,10,10,1,0,15,0,0,10,1,7,10,1,0.0,10,1,0,10,1,-4.76,4.33
2026-06-24,139480,이마트,32.0,152,0.0,75,0,0,0,34.9,4,15,1,20.0,20,1,0,10,0,0,15,0,0,10,1,0,10,1,0.0,10,1,0,10,1,3.86,1.74
2026-06-24,064290,인텍플러스,32.0,153,0.0,75,1,0,0,53.5,0,15,1,20.0,20,1,0,10,0,0,15,0,0,10,1,0,10,1,4.0,10,1,0,10,1,11.84,9.89
2026-06-24,329180,HD현대중공업,31.9,154,0.0,85,0,0,0,39.1,12,15,1,14.1,20,1,1,10,1,0,15,0,0,10,1,0,10,1,0.0,10,1,0,10,1,0.51,-14.14
2026-06-24,281820,케이씨텍,31.9,155,0.0,85,1,1,1,54.5,4,15,1,5.1,20,1,8,10,1,0,15,0,0,10,1,0,10,1,10.0,10,1,0,10,1,38.77,19.51
2026-06-24,168360,펨트론,31.9,156,0.0,85,0,0,1,42.8,0,15,1,14.1,20,1,10,10,1,0,15,0,0,10,1,0,10,1,3.0,10,1,0,10,1,-1.89,-13.5
2026-06-24,041830,인바디,31.8,157,0.0,85,1,0,0,58.4,0,15,1,6.0,20,1,10,10,1,0,15,0,7,10,1,0,10,1,4.0,10,1,0,10,1,26.57,13.39
2026-06-24,000890,보해양조,31.7,158,5.0,75,0,1,1,94.4,4,15,1,7.5,20,1,0,10,0,0,15,0,10,10,1,0,10,1,6.0,10,1,0,10,1,-52.99,-55.75
2026-06-24,000815,삼성화재우,31.4,159,0.0,85,1,1,1,51.0,0,15,1,4.7,20,1,8,10,1,0,15,0,4,10,1,0,10,1,10.0,10,1,0,10,1,-2.33,-0.61
2026-06-24,383310,에코프로에이치엔,31.1,160,0.0,85,0,0,1,43.8,0,15,1,13.4,20,1,10,10,1,0,15,0,0,10,1,0,10,1,3.0,10,1,0,10,1,3.39,-0.18
2026-06-24,382800,지앤비에스 에코,31.1,161,0.0,85,0,0,0,28.3,0,15,1,16.4,20,1,10,10,1,0,15,0,0,10,1,0,10,1,0.0,10,1,0,10,1,-5.91,-7.07
2026-06-24,005490,POSCO홀딩스,30.8,162,0.0,85,0,0,0,33.0,8,15,1,8.2,20,1,10,10,1,0,15,0,0,10,1,0,10,1,0.0,10,1,0,10,1,-4.22,-5.43
2026-06-24,454910,두산로보틱스,30.8,163,0.0,75,0,0,0,42.2,8,15,1,15.1,20,1,0,10,0,0,15,0,0,10,1,0,10,1,0.0,10,1,0,10,1,-12.32,-21.58
2026-06-24,017670,SK텔레콤,30.8,164,0.0,85,0,0,0,39.9,8,15,1,8.2,20,1,10,10,1,0,15,0,0,10,1,0,10,1,0.0,10,1,0,10,1,-3.96,-2.53
2026-06-24,000250,삼천당제약,30.8,165,0.0,75,0,1,0,28.9,4,15,1,16.1,20,1,0,10,0,0,15,0,0,10,1,0,10,1,3.0,10,1,0,10,1,-14.47,-16.31
2026-06-24,039200,오스코텍,30.7,166,0.0,75,0,1,0,39.8,0,15,1,20.0,20,1,0,10,0,0,15,0,0,10,1,0,10,1,3.0,10,1,0,10,1,-7.28,-17.75
2026-06-24,033640,네패스,30.7,167,0.0,75,0,0,1,41.3,0,15,1,20.0,20,1,0,10,0,0,15,0,0,10,1,0,10,1,3.0,10,1,0,10,1,-21.81,-21.81
2026-06-24,419530,SAMG엔터,30.7,168,0.0,75,0,1,0,38.3,0,15,1,20.0,20,1,0,10,0,0,15,0,0,10,1,0,10,1,3.0,10,1,0,10,1,11.06,23.45
2026-06-24,088350,한화생명,30.6,169,0.0,85,1,0,1,42.1,4,15,1,5.0,20,1,10,10,1,0,15,0,0,10,1,0,10,1,7.0,10,1,0,10,1,-5.58,-0.21
2026-06-24,005440,현대지에프홀딩스,30.6,170,0.0,85,0,1,1,49.6,0,15,1,6.0,20,1,10,10,1,0,15,0,0,10,1,4,10,1,6.0,10,1,0,10,1,15.65,2.87
2026-06-24,018880,한온시스템,30.4,171,0.0,85,0,0,0,39.9,4,15,1,13.8,20,1,8,10,1,0,15,0,0,10,1,0,10,1,0.0,10,1,0,10,1,-3.31,-8.27
2026-06-24,103590,일진전기,30.4,172,0.0,85,0,0,1,33.5,4,15,1,8.8,20,1,10,10,1,0,15,0,0,10,1,0,10,1,3.0,10,1,0,10,1,6.48,-10.66
2026-06-24,036540,SFA반도체,29.9,173,0.0,75,0,0,1,37.7,4,15,1,15.4,20,1,0,10,0,0,15,0,0,10,1,0,10,1,3.0,10,1,0,10,1,-16.59,-13.01
2026-06-24,166090,하나머티리얼즈,29.9,174,0.0,85,0,0,1,42.1,4,15,1,8.4,20,1,10,10,1,0,15,0,0,10,1,0,10,1,3.0,10,1,0,10,1,-6.64,-6.31
2026-06-24,058470,리노공업,29.8,175,0.0,85,0,0,1,38.8,8,15,1,6.3,20,1,8,10,1,0,15,0,0,10,1,0,10,1,3.0,10,1,0,10,1,-11.85,-13.38
2026-06-24,034220,LG디스플레이,29.7,176,0.0,75,0,0,0,39.2,8,15,1,14.3,20,1,0,10,0,0,15,0,0,10,1,0,10,1,0.0,10,1,0,10,1,-9.85,-9.61
2026-06-24,103140,풍산,29.5,177,0.0,85,0,1,1,35.6,4,15,1,5.1,20,1,10,10,1,0,15,0,0,10,1,0,10,1,6.0,10,1,0,10,1,-4.37,-5.1
2026-06-24,003670,포스코퓨처엠,29.4,178,0.0,85,0,0,0,35.1,4,15,1,20.0,20,1,1,10,1,0,15,0,0,10,1,0,10,1,0.0,10,1,0,10,1,-8.14,-14.77
2026-06-24,006110,삼아알미늄,29.4,179,0.0,85,0,0,0,30.5,0,15,1,20.0,20,1,5,10,1,0,15,0,0,10,1,0,10,1,0.0,10,1,0,10,1,-9.85,-13.33
2026-06-24,006260,LS,29.3,180,0.0,85,0,0,0,37.2,8,15,1,6.9,20,1,10,10,1,0,15,0,0,10,1,0,10,1,0.0,10,1,0,10,1,7.78,-6.93
2026-06-24,007810,코리아써키트,29.3,181,0.0,75,0,0,0,41.9,4,15,1,18.0,20,1,0,10,0,0,15,0,0,10,1,0,10,1,0.0,10,1,0,10,1,-18.58,-25.08
2026-06-24,010820,퍼스텍,29.3,182,0.0,85,0,0,1,30.9,0,15,1,11.9,20,1,10,10,1,0,15,0,0,10,1,0,10,1,3.0,10,1,0,10,1,-7.2,-6.43
2026-06-24,003230,삼양식품,29.2,183,0.0,85,0,0,0,43.3,8,15,1,6.8,20,1,10,10,1,0,15,0,0,10,1,0,10,1,0.0,10,1,0,10,1,3.3,1.52
2026-06-24,277810,레인보우로보틱스,29.2,184,0.0,75,0,0,0,34.6,4,15,1,17.9,20,1,0,10,0,0,15,0,0,10,1,0,10,1,0.0,10,1,0,10,1,-5.83,-11.94
2026-06-24,149950,아바텍,29.2,185,0.0,85,1,0,1,43.1,0,15,1,7.8,20,1,10,10,1,0,15,0,0,10,1,0,10,1,7.0,10,1,0,10,1,-16.0,-22.62
2026-06-24,000810,삼성화재,29.1,186,0.0,85,1,0,0,52.0,8,15,1,4.7,20,1,8,10,1,0,15,0,0,10,1,0,10,1,4.0,10,1,0,10,1,-3.46,1.89
2026-06-24,100790,미래에셋벤처투자,28.9,187,0.0,85,0,0,0,27.8,4,15,1,10.6,20,1,10,10,1,0,15,0,0,10,1,0,10,1,0.0,10,1,0,10,1,-12.47,-16.96
2026-06-24,439260,대한조선,28.9,188,0.0,85,0,1,1,29.1,0,15,1,8.6,20,1,10,10,1,0,15,0,0,10,1,0,10,1,6.0,10,1,0,10,1,-6.9,-12.43
2026-06-24,023530,롯데쇼핑,28.8,189,0.0,85,1,0,0,51.3,4,15,1,6.5,20,1,10,10,1,0,15,0,0,10,1,0,10,1,4.0,10,1,0,10,1,-3.33,-10.9
2026-06-24,052710,아모텍,28.8,190,0.0,75,1,0,1,45.5,4,15,1,10.6,20,1,0,10,0,0,15,0,0,10,1,0,10,1,7.0,10,1,0,10,1,-3.14,-23.94
2026-06-24,200470,에이팩트,28.8,191,0.0,75,1,0,1,45.5,4,15,1,10.6,20,1,0,10,0,0,15,0,0,10,1,0,10,1,7.0,10,1,0,10,1,-31.07,-37.09
2026-06-24,139130,iM금융지주,28.8,192,0.0,85,0,0,0,33.9,4,15,1,10.5,20,1,10,10,1,0,15,0,0,10,1,0,10,1,0.0,10,1,0,10,1,8.6,12.05
2026-06-24,105560,KB금융,28.7,193,0.0,85,0,0,0,44.1,12,15,1,4.4,20,1,8,10,1,0,15,0,0,10,1,0,10,1,0.0,10,1,0,10,1,8.7,21.48
2026-06-24,004020,현대제철,28.5,194,0.0,85,0,0,0,31.2,4,15,1,10.2,20,1,10,10,1,0,15,0,0,10,1,0,10,1,0.0,10,1,0,10,1,-3.44,-7.4
2026-06-24,015760,한국전력,28.4,195,0.0,75,0,1,1,42.2,8,15,1,7.3,20,1,0,10,0,0,15,0,0,10,1,0,10,1,6.0,10,1,0,10,1,3.81,-1.5
2026-06-24,066970,엘앤에프,28.4,196,0.0,75,0,0,0,31.6,4,15,1,17.3,20,1,0,10,0,0,15,0,0,10,1,0,10,1,0.0,10,1,0,10,1,-6.16,-11.61
2026-06-24,005940,NH투자증권,28.4,197,0.0,85,0,0,1,37.7,4,15,1,7.1,20,1,10,10,1,0,15,0,0,10,1,0,10,1,3.0,10,1,0,10,1,0.7,9.91
2026-06-24,279570,케이뱅크,28.4,198,0.0,85,1,0,1,44.6,4,15,1,5.1,20,1,8,10,1,0,15,0,0,10,1,0,10,1,7.0,10,1,0,10,1,-4.6,-5.96
2026-06-24,017960,한국카본,28.1,199,0.0,75,0,1,0,33.6,4,15,1,14.1,20,1,0,10,0,0,15,0,0,10,1,0,10,1,3.0,10,1,0,10,1,-7.68,-14.66
2026-06-24,037350,성도이엔지,28.1,200,0.0,85,0,1,1,45.3,0,15,1,9.9,20,1,8,10,1,0,15,0,0,10,1,0,10,1,6.0,10,1,0,10,1,1.42,-6.11
2026-06-25,034730,SK,85.3,1,0.0,75,1,1,1,76.4,15,15,1,20.0,20,1,0,10,0,0,15,0,10,10,1,7,10,1,10.0,10,1,2,10,1,-22.26,-32.05
2026-06-25,005935,삼성전자우,75.3,2,0.0,85,1,0,1,62.2,15,15,1,20.0,20,1,10,10,1,0,15,0,10,10,1,0,10,1,7.0,10,1,2,10,1,-9.57,-24.72
2026-06-25,058730,다스코,72.5,3,0.0,85,0,1,1,69.6,8,15,1,15.6,20,1,10,10,1,0,15,0,10,10,1,10,10,1,6.0,10,1,2,10,1,-14.01,16.08
2026-06-25,000660,SK하이닉스,72.0,4,0.0,75,1,1,1,68.1,15,15,1,20.0,20,1,0,10,0,0,15,0,7,10,1,0,10,1,10.0,10,1,2,10,1,-19.68,-36.75
2026-06-25,005930,삼성전자,71.8,5,0.0,85,1,0,1,59.8,15,15,1,20.0,20,1,10,10,1,0,15,0,7,10,1,0,10,1,7.0,10,1,2,10,1,-11.3,-29.01
2026-06-25,402340,SK스퀘어,68.0,6,0.0,75,1,1,1,71.7,15,15,1,20.0,20,1,0,10,0,0,15,0,4,10,1,0,10,1,10.0,10,1,2,10,1,-21.27,-38.86
2026-06-25,196170,알테오젠,68.0,7,0.0,75,0,1,1,55.6,12,15,1,20.0,20,1,0,10,0,0,15,0,7,10,1,4,10,1,6.0,10,1,2,10,1,-11.73,-15.6
2026-06-25,290650,엘앤씨바이오,63.5,8,0.0,85,1,1,1,67.1,4,15,1,20.0,20,1,10,10,1,0,15,0,10,10,1,0,10,1,10.0,10,1,0,10,1,-19.46,-28.42
2026-06-25,420770,기가비스,60.0,9,0.0,85,1,1,0,65.1,4,15,1,20.0,20,1,10,10,1,0,15,0,10,10,1,0,10,1,7.0,10,1,0,10,1,-6.19,0.31
2026-06-25,419050,삼기에너지솔루션즈,59.9,10,0.0,85,0,1,1,66.9,4,15,1,13.9,20,1,10,10,1,0,15,0,7,10,1,10,10,1,6.0,10,1,0,10,1,-9.75,-15.47
2026-06-25,282720,금양그린파워,58.8,11,0.0,85,0,1,1,33.3,4,15,1,20.0,20,1,10,10,1,0,15,0,0,10,1,10,10,1,6.0,10,1,0,10,1,-6.34,-10.74
2026-06-25,065710,서호전기,58.8,12,0.0,85,0,1,1,60.8,0,15,1,20.0,20,1,10,10,1,0,15,0,7,10,1,7,10,1,6.0,10,1,0,10,1,-6.18,-9.74
2026-06-25,089970,브이엠,58.7,13,0.0,75,1,1,0,63.6,8,15,1,20.0,20,1,0,10,0,0,15,0,7,10,1,0,10,1,7.0,10,1,2,10,1,-2.7,-3.6
2026-06-25,003490,대한항공,56.4,14,0.0,75,1,1,1,59.2,8,15,1,11.3,20,1,0,10,0,0,15,0,7,10,1,4,10,1,10.0,10,1,2,10,1,-1.2,-11.17
2026-06-25,080220,제주반도체,56.0,15,0.0,85,1,0,1,54.1,12,15,1,18.6,20,1,10,10,1,0,15,0,0,10,1,0,10,1,7.0,10,1,0,10,1,-17.39,-28.49
2026-06-25,000850,화천기공,54.1,16,0.0,85,0,1,1,51.3,0,15,1,20.0,20,1,10,10,1,0,15,0,0,10,1,10,10,1,6.0,10,1,0,10,1,8.27,1.74
2026-06-25,240810,원익IPS,53.3,17,0.0,75,1,1,1,55.2,8,15,1,20.0,20,1,0,10,0,0,15,0,0,10,1,0,10,1,10.0,10,1,2,10,1,-19.52,-19.33
2026-06-25,042660,한화오션,52.9,18,0.0,85,0,0,1,41.5,12,15,1,20.0,20,1,10,10,1,0,15,0,0,10,1,0,10,1,3.0,10,1,0,10,1,9.94,-25.38
2026-06-25,028260,삼성물산,52.6,19,0.0,85,1,1,1,60.5,15,15,1,4.7,20,1,8,10,1,0,15,0,7,10,1,0,10,1,10.0,10,1,0,10,1,-13.39,-30.44
2026-06-25,214450,파마리서치,52.6,20,0.0,85,0,1,1,58.9,8,15,1,7.7,20,1,10,10,1,0,15,0,4,10,1,7,10,1,6.0,10,1,2,10,1,-2.64,2.48
2026-06-25,475150,SK이터닉스,50.9,21,0.0,85,0,1,1,55.1,15,15,1,5.3,20,1,8,10,1,0,15,0,0,10,1,7,10,1,6.0,10,1,2,10,1,-12.54,-2.04
2026-06-25,222800,심텍,50.7,22,0.0,75,1,0,0,55.2,8,15,1,20.0,20,1,0,10,0,0,15,0,4,10,1,0,10,1,4.0,10,1,2,10,1,-6.1,-14.34
2026-06-25,319660,피에스케이,50.7,23,0.0,85,1,1,1,63.2,8,15,1,9.1,20,1,10,10,1,0,15,0,4,10,1,0,10,1,10.0,10,1,2,10,1,0.12,8.21
2026-06-25,093370,후성,50.7,24,0.0,75,1,1,1,57.6,8,15,1,20.0,20,1,0,10,0,0,15,0,0,10,1,0,10,1,10.0,10,1,0,10,1,-26.42,-31.52
2026-06-25,009420,한올바이오파마,50.6,25,0.0,85,0,1,0,56.8,8,15,1,20.0,20,1,8,10,1,0,15,0,0,10,1,4,10,1,3.0,10,1,0,10,1,-4.12,-5.32
2026-06-25,009150,삼성전기,49.4,26,0.0,85,1,0,1,59.2,15,15,1,8.0,20,1,10,10,1,0,15,0,0,10,1,0,10,1,7.0,10,1,2,10,1,-8.46,-35.45
2026-06-25,353200,대덕전자,49.4,27,0.0,85,0,0,0,41.7,12,15,1,20.0,20,1,10,10,1,0,15,0,0,10,1,0,10,1,0.0,10,1,0,10,1,-7.32,-14.95
2026-06-25,475430,키스트론,48.7,28,0.0,85,0,1,1,63.6,8,15,1,5.4,20,1,10,10,1,0,15,0,0,10,1,10,10,1,6.0,10,1,2,10,1,-16.24,-30.65
2026-06-25,091590,남화토건,48.7,29,0.0,75,0,1,0,62.5,4,15,1,19.5,20,1,0,10,0,0,15,0,0,10,1,10,10,1,3.0,10,1,0,10,1,106.42,42.41
2026-06-25,006400,삼성SDI,48.2,30,0.0,85,0,0,1,38.7,12,15,1,16.0,20,1,10,10,1,0,15,0,0,10,1,0,10,1,3.0,10,1,0,10,1,-6.13,-8.52
2026-06-25,124500,아이티센글로벌,48.2,31,0.0,85,0,0,0,21.0,4,15,1,20.0,20,1,10,10,1,0,15,0,0,10,1,7,10,1,0.0,10,1,0,10,1,0.46,-8.76
2026-06-25,004710,한솔테크닉스,48.2,32,0.0,85,1,0,1,46.5,4,15,1,20.0,20,1,10,10,1,0,15,0,0,10,1,0,10,1,7.0,10,1,0,10,1,-15.75,-24.91
2026-06-25,126640,화신정공,48.2,33,0.0,85,1,0,1,53.3,4,15,1,20.0,20,1,10,10,1,0,15,0,0,10,1,0,10,1,7.0,10,1,0,10,1,-6.07,-9.05
2026-06-25,100090,SK오션플랜트,48.1,34,0.0,85,0,1,1,47.2,8,15,1,6.9,20,1,8,10,1,0,15,0,0,10,1,10,10,1,6.0,10,1,2,10,1,-9.19,-19.58
2026-06-25,004310,현대약품,47.1,35,0.0,85,0,1,1,44.7,4,15,1,20.0,20,1,10,10,1,0,15,0,0,10,1,0,10,1,6.0,10,1,0,10,1,-25.37,-30.22
2026-06-25,005440,현대지에프홀딩스,47.1,36,0.0,85,0,1,1,60.4,4,15,1,6.0,20,1,10,10,1,0,15,0,4,10,1,10,10,1,6.0,10,1,0,10,1,0.81,-7.82
2026-06-25,026940,부국철강,45.5,37,0.0,85,0,1,0,54.4,4,15,1,14.7,20,1,10,10,1,0,15,0,0,10,1,7,10,1,3.0,10,1,0,10,1,-5.99,-16.88
2026-06-25,122640,예스티,45.3,38,0.0,75,1,1,1,58.0,4,15,1,20.0,20,1,0,10,0,0,15,0,0,10,1,0,10,1,10.0,10,1,0,10,1,-15.38,-14.69
2026-06-25,032830,삼성생명,44.9,39,0.0,85,1,0,1,59.1,12,15,1,7.2,20,1,10,10,1,0,15,0,0,10,1,0,10,1,7.0,10,1,2,10,1,-11.97,-27.07
2026-06-25,043260,성호전자,44.7,40,0.0,85,0,0,0,36.3,8,15,1,20.0,20,1,10,10,1,0,15,0,0,10,1,0,10,1,0.0,10,1,0,10,1,-26.09,-34.09
2026-06-25,004170,신세계,44.7,41,0.0,85,1,0,1,64.2,8,15,1,7.0,20,1,10,10,1,0,15,0,4,10,1,0,10,1,7.0,10,1,2,10,1,-6.88,-20.24
2026-06-25,483650,달바글로벌,44.4,42,0.0,85,0,1,1,60.5,8,15,1,7.7,20,1,10,10,1,0,15,0,0,10,1,4,10,1,6.0,10,1,2,10,1,-6.03,-14.01
2026-06-25,002990,금호건설,44.4,43,0.0,85,0,1,1,63.8,8,15,1,10.7,20,1,1,10,1,0,15,0,0,10,1,10,10,1,6.0,10,1,2,10,1,142.16,173.92
2026-06-25,089030,테크윙,44.0,44,0.0,75,0,0,1,45.1,8,15,1,20.0,20,1,0,10,0,0,15,0,0,10,1,0,10,1,3.0,10,1,2,10,1,-11.85,-16.16
2026-06-25,010950,S-Oil,43.5,45,0.0,85,0,0,1,37.5,4,15,1,20.0,20,1,10,10,1,0,15,0,0,10,1,0,10,1,3.0,10,1,0,10,1,19.04,42.06
2026-06-25,263750,펄어비스,43.5,46,0.0,85,0,1,0,21.4,4,15,1,20.0,20,1,10,10,1,0,15,0,0,10,1,0,10,1,3.0,10,1,0,10,1,2.97,-0.71
2026-06-25,047040,대우건설,43.2,47,0.0,85,0,0,1,40.1,8,15,1,13.7,20,1,10,10,1,0,15,0,0,10,1,0,10,1,3.0,10,1,2,10,1,-8.96,-19.39
2026-06-25,469610,이노테크,43.2,48,0.0,85,0,1,1,49.1,4,15,1,6.7,20,1,10,10,1,0,15,0,0,10,1,10,10,1,6.0,10,1,0,10,1,-12.68,-22.7
2026-06-25,012450,한화에어로스페이스,42.6,49,0.0,85,0,1,1,41.0,12,15,1,8.2,20,1,10,10,1,0,15,0,0,10,1,0,10,1,6.0,10,1,0,10,1,8.42,-12.44
2026-06-25,009155,삼성전기우,42.4,50,0.0,85,1,1,1,61.5,8,15,1,8.0,20,1,10,10,1,0,15,0,0,10,1,0,10,1,10.0,10,1,0,10,1,-16.24,-40.36
2026-06-25,036930,주성엔지니어링,42.1,51,0.0,85,0,0,0,43.0,15,15,1,10.8,20,1,10,10,1,0,15,0,0,10,1,0,10,1,0.0,10,1,0,10,1,8.87,9.35
2026-06-25,006120,SK디스커버리,42.1,52,0.0,85,0,1,1,54.9,0,15,1,9.8,20,1,10,10,1,0,15,0,0,10,1,10,10,1,6.0,10,1,0,10,1,0.1,-2.22
2026-06-25,298040,효성중공업,42.0,53,0.0,85,1,0,0,41.6,12,15,1,9.7,20,1,10,10,1,0,15,0,0,10,1,0,10,1,4.0,10,1,0,10,1,-4.97,-18.72
2026-06-25,489460,바이오비쥬,41.6,54,0.0,85,0,0,1,41.7,0,15,1,12.4,20,1,10,10,1,0,15,0,0,10,1,10,10,1,3.0,10,1,0,10,1,11.31,0.82
2026-06-25,204270,제이앤티씨,40.9,55,0.0,85,0,1,1,50.6,4,15,1,14.8,20,1,10,10,1,0,15,0,0,10,1,0,10,1,6.0,10,1,0,10,1,-16.89,-12.36
2026-06-25,278470,에이피알,40.7,56,0.0,85,0,0,0,47.3,8,15,1,14.6,20,1,10,10,1,0,15,0,0,10,1,0,10,1,0.0,10,1,2,10,1,-0.66,-0.26
2026-06-25,039030,이오테크닉스,40.6,57,0.0,85,1,0,0,48.9,8,15,1,12.5,20,1,10,10,1,0,15,0,0,10,1,0,10,1,4.0,10,1,0,10,1,-16.67,-24.63
2026-06-25,141080,리가켐바이오,40.0,58,0.0,75,0,1,1,54.4,8,15,1,16.0,20,1,0,10,0,0,15,0,0,10,1,0,10,1,6.0,10,1,0,10,1,-17.97,-27.28
2026-06-25,352820,하이브,40.0,59,0.0,85,0,0,0,32.2,4,15,1,20.0,20,1,10,10,1,0,15,0,0,10,1,0,10,1,0.0,10,1,0,10,1,14.54,13.48
2026-06-25,267270,HD건설기계,40.0,60,0.0,85,0,0,0,28.2,4,15,1,20.0,20,1,10,10,1,0,15,0,0,10,1,0,10,1,0.0,10,1,0,10,1,7.38,10.24
2026-06-25,010060,OCI홀딩스,40.0,61,0.0,85,0,0,0,35.3,4,15,1,20.0,20,1,10,10,1,0,15,0,0,10,1,0,10,1,0.0,10,1,0,10,1,-5.83,-3.08
2026-06-25,096770,SK이노베이션,40.0,62,0.0,85,0,0,0,32.7,4,15,1,20.0,20,1,10,10,1,0,15,0,0,10,1,0,10,1,0.0,10,1,0,10,1,2.22,16.74
2026-06-25,098460,고영,40.0,63,0.0,85,0,0,0,42.2,4,15,1,20.0,20,1,10,10,1,0,15,0,0,10,1,0,10,1,0.0,10,1,0,10,1,-7.03,-15.52
2026-06-25,131970,두산테스나,40.0,64,0.0,85,0,0,0,39.9,4,15,1,20.0,20,1,10,10,1,0,15,0,0,10,1,0,10,1,0.0,10,1,0,10,1,-10.48,-22.46
2026-06-25,036570,NC,40.0,65,0.0,85,0,0,0,39.1,4,15,1,20.0,20,1,10,10,1,0,15,0,0,10,1,0,10,1,0.0,10,1,0,10,1,7.68,2.56
2026-06-25,033160,엠케이전자,40.0,66,0.0,85,0,0,0,41.2,4,15,1,20.0,20,1,10,10,1,0,15,0,0,10,1,0,10,1,0.0,10,1,0,10,1,-30.27,-23.27
2026-06-25,218410,RFHIC,40.0,67,0.0,85,0,0,0,34.5,4,15,1,20.0,20,1,10,10,1,0,15,0,0,10,1,0,10,1,0.0,10,1,0,10,1,-10.92,-27.46
2026-06-25,356860,티엘비,40.0,68,0.0,85,0,0,0,37.5,4,15,1,20.0,20,1,10,10,1,0,15,0,0,10,1,0,10,1,0.0,10,1,0,10,1,-10.49,-6.07
2026-06-25,008770,호텔신라,40.0,69,0.0,85,0,0,0,36.0,4,15,1,20.0,20,1,10,10,1,0,15,0,0,10,1,0,10,1,0.0,10,1,0,10,1,5.58,2.79
2026-06-25,006800,미래에셋증권,39.4,70,0.0,85,0,0,0,27.5,12,15,1,9.5,20,1,10,10,1,0,15,0,0,10,1,0,10,1,0.0,10,1,2,10,1,2.99,-7.94
2026-06-25,458870,씨어스,39.1,71,0.0,75,0,1,1,49.0,4,15,1,19.3,20,1,0,10,0,0,15,0,0,10,1,0,10,1,6.0,10,1,0,10,1,4.54,-0.3
2026-06-25,126340,비나텍,38.8,72,0.0,85,0,0,1,35.7,0,15,1,20.0,20,1,10,10,1,0,15,0,0,10,1,0,10,1,3.0,10,1,0,10,1,-16.13,-25.43
2026-06-25,041830,인바디,38.8,73,0.0,85,1,0,1,62.2,0,15,1,6.0,20,1,10,10,1,0,15,0,10,10,1,0,10,1,7.0,10,1,0,10,1,21.25,7.5
2026-06-25,003230,삼양식품,38.6,74,0.0,85,0,1,1,46.6,8,15,1,6.8,20,1,10,10,1,0,15,0,0,10,1,0,10,1,6.0,10,1,2,10,1,-3.94,-2.89
2026-06-25,001790,대한제당,38.6,75,0.0,85,0,1,1,40.2,0,15,1,6.8,20,1,10,10,1,0,15,0,0,10,1,10,10,1,6.0,10,1,0,10,1,4.33,22.94
2026-06-25,067310,하나마이크론,38.4,76,0.0,75,1,0,1,52.4,8,15,1,11.8,20,1,0,10,0,0,15,0,0,10,1,0,10,1,7.0,10,1,2,10,1,-19.75,-21.4
2026-06-25,413630,씨피시스템,38.4,77,0.0,75,0,1,1,52.5,4,15,1,8.8,20,1,0,10,0,0,15,0,0,10,1,10,10,1,6.0,10,1,0,10,1,-25.16,-23.08
2026-06-25,373220,LG에너지솔루션,38.0,78,0.0,75,0,0,0,35.1,12,15,1,16.5,20,1,0,10,0,0,15,0,0,10,1,0,10,1,0.0,10,1,0,10,1,0.71,-6.68
2026-06-25,068270,셀트리온,38.0,79,0.0,85,0,1,0,46.0,8,15,1,11.3,20,1,8,10,1,0,15,0,0,10,1,0,10,1,3.0,10,1,2,10,1,1.62,1.16
2026-06-25,000890,보해양조,38.0,80,0.0,75,0,0,1,61.3,8,15,1,7.5,20,1,0,10,0,0,15,0,0,10,1,10,10,1,3.0,10,1,0,10,1,-33.27,-41.05
2026-06-25,100660,서암기계공업,38.0,81,0.0,85,0,1,0,43.6,4,15,1,5.3,20,1,10,10,1,0,15,0,0,10,1,10,10,1,3.0,10,1,0,10,1,1.55,-6.5
2026-06-25,047810,한국항공우주,37.6,82,0.0,85,0,1,1,42.6,8,15,1,8.0,20,1,10,10,1,0,15,0,0,10,1,0,10,1,6.0,10,1,0,10,1,13.29,0.91
2026-06-25,095610,테스,37.5,83,0.0,85,1,0,1,58.2,8,15,1,7.9,20,1,3,10,1,0,15,0,4,10,1,0,10,1,7.0,10,1,2,10,1,-3.43,12.22
2026-06-25,389260,대명에너지,37.5,84,0.0,85,0,1,1,45.7,4,15,1,7.9,20,1,10,10,1,0,15,0,0,10,1,4,10,1,6.0,10,1,0,10,1,-9.25,-10.87
2026-06-25,178320,서진시스템,37.3,85,0.0,75,0,0,0,33.7,8,15,1,20.0,20,1,0,10,0,0,15,0,0,10,1,0,10,1,0.0,10,1,0,10,1,-11.58,-26.08
2026-06-25,247540,에코프로비엠,37.3,86,0.0,75,0,0,0,31.9,8,15,1,20.0,20,1,0,10,0,0,15,0,0,10,1,0,10,1,0.0,10,1,0,10,1,-15.49,-16.81
2026-06-25,397030,에이프릴바이오,37.3,87,0.0,75,0,0,0,38.9,4,15,1,20.0,20,1,0,10,0,0,15,0,0,10,1,4,10,1,0.0,10,1,0,10,1,-20.52,-32.73
2026-06-25,330860,네패스아크,37.3,88,0.0,75,0,0,0,41.1,4,15,1,20.0,20,1,0,10,0,0,15,0,0,10,1,4,10,1,0.0,10,1,0,10,1,-9.68,6.5
2026-06-25,083650,비에이치아이,36.6,89,0.0,85,0,0,0,33.5,4,15,1,17.1,20,1,10,10,1,0,15,0,0,10,1,0,10,1,0.0,10,1,0,10,1,-3.9,-14.01
2026-06-25,042700,한미반도체,36.4,90,0.0,85,0,0,0,43.8,12,15,1,6.9,20,1,10,10,1,0,15,0,0,10,1,0,10,1,0.0,10,1,2,10,1,-17.03,-24.73
2026-06-25,322000,HD현대에너지솔루션,36.0,91,0.0,75,0,0,1,37.1,4,15,1,20.0,20,1,0,10,0,0,15,0,0,10,1,0,10,1,3.0,10,1,0,10,1,-8.27,-6.32
2026-06-25,097230,HJ중공업,36.0,92,0.0,75,0,1,0,42.3,4,15,1,20.0,20,1,0,10,0,0,15,0,0,10,1,0,10,1,3.0,10,1,0,10,1,-6.89,-21.81
2026-06-25,064290,인텍플러스,36.0,93,0.0,75,1,0,1,53.9,0,15,1,20.0,20,1,0,10,0,0,15,0,0,10,1,0,10,1,7.0,10,1,0,10,1,17.4,5.47
2026-06-25,419530,SAMG엔터,36.0,94,0.0,75,0,0,0,35.6,0,15,1,20.0,20,1,0,10,0,0,15,0,0,10,1,7,10,1,0.0,10,1,0,10,1,17.14,31.67
2026-06-25,376900,로킷헬스케어,35.7,95,0.0,75,0,1,0,36.2,4,15,1,9.8,20,1,0,10,0,0,15,0,0,10,1,10,10,1,3.0,10,1,0,10,1,-3.75,-8.25
2026-06-25,000720,현대건설,35.4,96,0.0,85,0,0,0,37.3,8,15,1,12.1,20,1,10,10,1,0,15,0,0,10,1,0,10,1,0.0,10,1,0,10,1,2.13,-9.86
2026-06-25,099320,쎄트렉아이,35.3,97,0.0,85,0,0,0,25.8,0,15,1,20.0,20,1,10,10,1,0,15,0,0,10,1,0,10,1,0.0,10,1,0,10,1,6.36,-8.13
2026-06-25,003530,한화투자증권,35.3,98,0.0,85,0,0,0,31.2,0,15,1,20.0,20,1,10,10,1,0,15,0,0,10,1,0,10,1,0.0,10,1,0,10,1,-0.5,-9.48
2026-06-25,006910,보성파워텍,35.3,99,0.0,85,0,0,0,32.4,0,15,1,20.0,20,1,10,10,1,0,15,0,0,10,1,0,10,1,0.0,10,1,0,10,1,1.68,-6.98
2026-06-25,003160,디아이,35.3,100,0.0,85,0,0,0,40.5,0,15,1,20.0,20,1,10,10,1,0,15,0,0,10,1,0,10,1,0.0,10,1,0,10,1,-4.02,-16.3
2026-06-25,011930,신성이엔지,35.3,101,0.0,85,0,0,0,28.0,0,15,1,20.0,20,1,10,10,1,0,15,0,0,10,1,0,10,1,0.0,10,1,0,10,1,-4.77,-13.19
2026-06-25,044490,태웅,35.3,102,0.0,85,0,0,0,35.6,0,15,1,20.0,20,1,10,10,1,0,15,0,0,10,1,0,10,1,0.0,10,1,0,10,1,-4.65,-8.09
2026-06-25,348210,넥스틴,35.3,103,0.0,85,0,0,0,31.6,0,15,1,20.0,20,1,10,10,1,0,15,0,0,10,1,0,10,1,0.0,10,1,0,10,1,-2.77,-15.76
2026-06-25,077360,덕산하이메탈,35.3,104,0.0,85,0,0,0,37.1,0,15,1,20.0,20,1,10,10,1,0,15,0,0,10,1,0,10,1,0.0,10,1,0,10,1,-14.57,-18.97
2026-06-25,187870,디바이스,35.3,105,0.0,85,0,0,0,33.3,0,15,1,20.0,20,1,10,10,1,0,15,0,0,10,1,0,10,1,0.0,10,1,0,10,1,-9.83,-9.76
2026-06-25,005070,코스모신소재,35.3,106,0.0,85,0,0,0,33.4,0,15,1,20.0,20,1,10,10,1,0,15,0,0,10,1,0,10,1,0.0,10,1,0,10,1,8.25,4.33
2026-06-25,456040,OCI,35.3,107,0.0,85,0,0,0,32.1,0,15,1,20.0,20,1,10,10,1,0,15,0,0,10,1,0,10,1,0.0,10,1,0,10,1,2.92,3.48
2026-06-25,425420,티에프이,35.3,108,0.0,85,0,0,0,35.3,0,15,1,20.0,20,1,10,10,1,0,15,0,0,10,1,0,10,1,0.0,10,1,0,10,1,-13.34,-11.83
2026-06-25,001260,남광토건,35.3,109,0.0,85,0,1,0,46.6,0,15,1,7.0,20,1,10,10,1,0,15,0,0,10,1,10,10,1,3.0,10,1,0,10,1,52.31,15.13
2026-06-25,092870,엑시콘,35.3,110,0.0,85,0,0,0,32.5,0,15,1,20.0,20,1,10,10,1,0,15,0,0,10,1,0,10,1,0.0,10,1,0,10,1,-11.43,-17.45
2026-06-25,322310,오로스테크놀로지,35.3,111,0.0,85,0,0,0,35.2,0,15,1,20.0,20,1,10,10,1,0,15,0,0,10,1,0,10,1,0.0,10,1,0,10,1,-7.76,-10.36
2026-06-25,037350,성도이엔지,35.2,112,0.0,85,0,1,1,43.5,0,15,1,9.9,20,1,10,10,1,0,15,0,0,10,1,4,10,1,6.0,10,1,0,10,1,2.58,-6.72
2026-06-25,011070,LG이노텍,34.9,113,0.0,85,0,0,0,45.3,12,15,1,7.7,20,1,10,10,1,0,15,0,0,10,1,0,10,1,0.0,10,1,0,10,1,-10.28,-30.64
2026-06-25,014950,삼익제약,34.7,114,0.0,75,0,1,1,55.8,8,15,1,5.0,20,1,0,10,0,0,15,0,0,10,1,7,10,1,6.0,10,1,0,10,1,-42.11,-52.27
2026-06-25,056090,시지메드텍,34.7,115,0.0,75,0,1,1,44.1,0,15,1,20.0,20,1,0,10,0,0,15,0,0,10,1,0,10,1,6.0,10,1,0,10,1,-22.71,-20.25
2026-06-25,000990,DB하이텍,34.6,116,0.0,85,0,0,1,48.5,8,15,1,6.4,20,1,10,10,1,0,15,0,0,10,1,0,10,1,3.0,10,1,2,10,1,-28.54,-29.94
2026-06-25,007660,이수페타시스,34.6,117,0.0,85,0,0,0,41.3,8,15,1,9.4,20,1,10,10,1,0,15,0,0,10,1,0,10,1,0.0,10,1,2,10,1,-7.57,-9.12
2026-06-25,086520,에코프로,34.4,118,0.0,85,0,0,0,35.1,8,15,1,13.2,20,1,8,10,1,0,15,0,0,10,1,0,10,1,0.0,10,1,0,10,1,-16.18,-18.04
2026-06-25,009540,HD한국조선해양,34.4,119,0.0,85,0,0,0,39.7,8,15,1,13.2,20,1,8,10,1,0,15,0,0,10,1,0,10,1,0.0,10,1,0,10,1,-0.27,-6.69
2026-06-25,071050,한국금융지주,34.2,120,0.0,85,0,0,0,40.9,8,15,1,9.1,20,1,10,10,1,0,15,0,0,10,1,0,10,1,0.0,10,1,2,10,1,16.59,10.75
2026-06-25,066570,LG전자,34.1,121,0.0,85,0,0,0,44.4,12,15,1,7.0,20,1,10,10,1,0,15,0,0,10,1,0,10,1,0.0,10,1,0,10,1,-8.52,-8.57
2026-06-25,019210,와이지-원,34.1,122,0.0,85,1,1,1,54.1,4,15,1,5.0,20,1,10,10,1,0,15,0,0,10,1,0,10,1,10.0,10,1,0,10,1,42.78,13.9
2026-06-25,096530,씨젠,34.1,123,0.0,85,0,0,0,53.7,4,15,1,20.0,20,1,1,10,1,0,15,0,4,10,1,0,10,1,0.0,10,1,0,10,1,-0.34,-2.4
2026-06-25,051910,LG화학,34.0,124,0.0,85,0,0,0,33.7,8,15,1,12.9,20,1,8,10,1,0,15,0,0,10,1,0,10,1,0.0,10,1,0,10,1,-3.15,-8.76
2026-06-25,066970,엘앤에프,33.9,125,0.0,75,0,0,0,29.4,8,15,1,17.4,20,1,0,10,0,0,15,0,0,10,1,0,10,1,0.0,10,1,0,10,1,-4.08,-6.03
2026-06-25,290690,소룩스,33.3,126,0.0,75,1,1,1,62.7,4,15,1,0.0,20,1,0,10,0,0,15,0,4,10,1,7,10,1,10.0,10,1,0,10,1,-25.79,-14.39
2026-06-25,403870,HPSP,33.2,127,0.0,85,0,0,0,46.2,12,15,1,6.2,20,1,8,10,1,0,15,0,0,10,1,0,10,1,0.0,10,1,2,10,1,-12.75,-17.84
2026-06-25,017670,SK텔레콤,33.2,128,0.0,85,0,0,0,40.6,8,15,1,8.2,20,1,10,10,1,0,15,0,0,10,1,0,10,1,0.0,10,1,2,10,1,-5.69,-6.24
2026-06-25,005690,파미셀,32.9,129,0.0,85,0,0,0,39.1,0,15,1,20.0,20,1,8,10,1,0,15,0,0,10,1,0,10,1,0.0,10,1,0,10,1,-6.71,-11.01
2026-06-25,010120,LS ELECTRIC,32.8,130,0.0,85,0,1,0,37.2,8,15,1,6.9,20,1,10,10,1,0,15,0,0,10,1,0,10,1,3.0,10,1,0,10,1,-0.23,-15.75
2026-06-25,005380,현대차,32.5,131,0.0,85,0,0,0,32.8,15,15,1,4.6,20,1,8,10,1,0,15,0,0,10,1,0,10,1,0.0,10,1,0,10,1,-0.2,-11.73
2026-06-25,062040,산일전기,32.2,132,0.0,85,0,0,0,46.6,8,15,1,7.4,20,1,10,10,1,0,15,0,0,10,1,0,10,1,0.0,10,1,2,10,1,-9.8,-26.01
2026-06-25,079550,LIG디펜스앤에어로스페이스,32.1,133,0.0,85,0,0,1,44.7,8,15,1,6.3,20,1,10,10,1,0,15,0,0,10,1,0,10,1,3.0,10,1,0,10,1,5.16,-6.45
2026-06-25,084370,유진테크,32.1,134,0.0,85,1,0,0,52.5,4,15,1,9.3,20,1,10,10,1,0,15,0,0,10,1,0,10,1,4.0,10,1,0,10,1,-3.14,-5.84
2026-06-25,001210,금호전기,32.1,135,0.0,75,0,1,1,59.6,4,15,1,4.1,20,1,0,10,0,0,15,0,0,10,1,10,10,1,6.0,10,1,0,10,1,48.15,56.15
2026-06-25,079650,서산,32.0,136,0.0,75,0,1,1,68.8,8,15,1,0.0,20,1,0,10,0,0,15,0,0,10,1,10,10,1,6.0,10,1,0,10,1,-35.41,-1.41
2026-06-25,023410,유진기업,32.0,137,0.0,75,0,1,1,54.2,4,15,1,4.0,20,1,0,10,0,0,15,0,0,10,1,10,10,1,6.0,10,1,0,10,1,9.52,-4.69
2026-06-25,009830,한화솔루션,32.0,138,0.0,75,0,0,0,35.5,4,15,1,20.0,20,1,0,10,0,0,15,0,0,10,1,0,10,1,0.0,10,1,0,10,1,-4.98,-3.32
2026-06-25,417840,저스템,32.0,139,0.0,75,0,0,0,48.0,4,15,1,20.0,20,1,0,10,0,0,15,0,0,10,1,0,10,1,0.0,10,1,0,10,1,-24.18,-18.59
2026-06-25,033640,네패스,32.0,140,0.0,75,0,0,0,37.8,4,15,1,20.0,20,1,0,10,0,0,15,0,0,10,1,0,10,1,0.0,10,1,0,10,1,-16.8,-18.75
2026-06-25,457190,이수스페셜티케미컬,32.0,141,0.0,75,0,0,0,29.6,4,15,1,20.0,20,1,0,10,0,0,15,0,0,10,1,0,10,1,0.0,10,1,0,10,1,-5.91,-12.1
2026-06-25,139480,이마트,32.0,142,0.0,75,0,0,0,35.4,4,15,1,20.0,20,1,0,10,0,0,15,0,0,10,1,0,10,1,0.0,10,1,0,10,1,5.58,2.11
2026-06-25,219130,타이거일렉,32.0,143,0.0,75,1,0,0,46.3,0,15,1,20.0,20,1,0,10,0,0,15,0,0,10,1,0,10,1,4.0,10,1,0,10,1,7.2,24.36
2026-06-25,053610,프로텍,31.9,144,0.0,85,0,0,0,46.2,0,15,1,17.1,20,1,10,10,1,0,15,0,0,10,1,0,10,1,0.0,10,1,0,10,1,-12.21,-16.71
2026-06-25,069960,현대백화점,31.7,145,0.0,75,1,1,1,69.7,4,15,1,5.8,20,1,0,10,0,0,15,0,4,10,1,0,10,1,10.0,10,1,0,10,1,-9.72,-19.23
2026-06-25,440110,파두,31.6,146,0.0,75,0,0,0,41.7,8,15,1,13.7,20,1,0,10,0,0,15,0,0,10,1,0,10,1,0.0,10,1,2,10,1,-17.03,-19.31
2026-06-25,006260,LS,31.6,147,0.0,85,0,0,0,38.8,8,15,1,6.9,20,1,10,10,1,0,15,0,0,10,1,0,10,1,0.0,10,1,2,10,1,-1.81,-15.58
2026-06-25,052710,아모텍,31.6,148,0.0,75,0,0,1,42.3,4,15,1,16.7,20,1,0,10,0,0,15,0,0,10,1,0,10,1,3.0,10,1,0,10,1,-12.73,-24.82
2026-06-25,198440,강동씨앤엘,31.6,149,0.0,75,1,1,1,52.4,4,15,1,5.7,20,1,0,10,0,0,15,0,0,10,1,4,10,1,10.0,10,1,0,10,1,3.58,5.86
2026-06-25,267260,HD현대일렉트릭,31.3,150,0.0,85,0,0,0,40.2,8,15,1,6.6,20,1,10,10,1,0,15,0,0,10,1,0,10,1,0.0,10,1,2,10,1,-2.21,-17.05
2026-06-25,043650,국순당,31.2,151,0.0,85,0,1,1,52.7,0,15,1,3.5,20,1,10,10,1,0,15,0,0,10,1,7,10,1,6.0,10,1,0,10,1,-1.7,-3.8
2026-06-25,015760,한국전력,31.1,152,0.0,75,0,1,1,49.9,8,15,1,7.3,20,1,0,10,0,0,15,0,0,10,1,0,10,1,6.0,10,1,2,10,1,0.9,-11.73
2026-06-25,189300,인텔리안테크,31.1,153,0.0,85,0,0,0,26.5,0,15,1,16.4,20,1,10,10,1,0,15,0,0,10,1,0,10,1,0.0,10,1,0,10,1,-5.08,-13.43
2026-06-25,383310,에코프로에이치엔,31.1,154,0.0,85,0,0,1,43.7,0,15,1,13.4,20,1,10,10,1,0,15,0,0,10,1,0,10,1,3.0,10,1,0,10,1,0.18,-5.01
2026-06-25,074600,원익QnC,30.9,155,0.0,85,1,0,0,46.4,4,15,1,8.3,20,1,10,10,1,0,15,0,0,10,1,0,10,1,4.0,10,1,0,10,1,-9.18,-11.81
2026-06-25,005490,POSCO홀딩스,30.8,156,0.0,85,0,0,0,31.3,8,15,1,8.2,20,1,10,10,1,0,15,0,0,10,1,0,10,1,0.0,10,1,0,10,1,-0.46,-4.64
2026-06-25,000250,삼천당제약,30.8,157,0.0,75,0,1,0,26.4,4,15,1,16.1,20,1,0,10,0,0,15,0,0,10,1,0,10,1,3.0,10,1,0,10,1,-10.31,-18.9
2026-06-25,039200,오스코텍,30.7,158,0.0,75,0,1,0,37.2,0,15,1,20.0,20,1,0,10,0,0,15,0,0,10,1,0,10,1,3.0,10,1,0,10,1,-8.49,-19.18
2026-06-25,037710,광주신세계,30.6,159,0.0,85,0,1,0,62.1,4,15,1,4.0,20,1,1,10,1,0,15,0,4,10,1,10,10,1,3.0,10,1,0,10,1,24.08,7.74
2026-06-25,018880,한온시스템,30.4,160,0.0,85,0,0,0,38.6,4,15,1,13.8,20,1,8,10,1,0,15,0,0,10,1,0,10,1,0.0,10,1,0,10,1,-1.05,-9.71
2026-06-25,232140,와이씨,30.4,161,0.0,85,0,0,0,33.3,0,15,1,15.8,20,1,10,10,1,0,15,0,0,10,1,0,10,1,0.0,10,1,0,10,1,-8.39,-20.94
2026-06-25,099220,SDN,30.3,162,0.0,75,0,1,0,33.5,0,15,1,9.7,20,1,0,10,0,0,15,0,0,10,1,10,10,1,3.0,10,1,0,10,1,-7.37,-20.2
2026-06-25,036090,위지트,30.1,163,0.0,75,0,1,1,66.6,0,15,1,8.6,20,1,0,10,0,0,15,0,4,10,1,4,10,1,6.0,10,1,0,10,1,-20.95,-26.93
2026-06-25,279570,케이뱅크,29.9,164,0.0,85,1,0,1,49.7,4,15,1,6.4,20,1,8,10,1,0,15,0,0,10,1,0,10,1,7.0,10,1,0,10,1,-8.79,-7.98
2026-06-25,012510,더존비즈온,29.9,165,0.0,85,0,0,1,52.6,0,15,1,6.4,20,1,5,10,1,0,15,0,7,10,1,4,10,1,3.0,10,1,0,10,1,0.0,0.0
2026-06-25,000540,흥국화재,29.9,166,0.0,85,0,0,0,29.3,0,15,1,5.4,20,1,10,10,1,0,15,0,0,10,1,10,10,1,0.0,10,1,0,10,1,6.03,5.37
2026-06-25,272210,한화시스템,29.5,167,0.0,85,0,0,0,32.6,4,15,1,11.1,20,1,10,10,1,0,15,0,0,10,1,0,10,1,0.0,10,1,0,10,1,2.41,-15.82
2026-06-25,000500,가온전선,29.5,168,0.0,85,0,0,1,47.3,4,15,1,8.1,20,1,10,10,1,0,15,0,0,10,1,0,10,1,3.0,10,1,0,10,1,-5.19,-17.09
2026-06-25,003670,포스코퓨처엠,29.4,169,0.0,85,0,0,0,32.6,4,15,1,20.0,20,1,1,10,1,0,15,0,0,10,1,0,10,1,0.0,10,1,0,10,1,-6.29,-11.46
2026-06-25,057050,현대홈쇼핑,29.4,170,0.0,85,0,1,1,60.2,0,15,1,4.0,20,1,1,10,1,0,15,0,7,10,1,7,10,1,6.0,10,1,0,10,1,0.0,0.0
2026-06-25,006110,삼아알미늄,29.4,171,0.0,85,0,0,0,28.9,0,15,1,20.0,20,1,5,10,1,0,15,0,0,10,1,0,10,1,0.0,10,1,0,10,1,-7.29,-3.83
2026-06-25,122870,와이지엔터테인먼트,29.4,172,0.0,85,0,0,0,37.3,0,15,1,20.0,20,1,5,10,1,0,15,0,0,10,1,0,10,1,0.0,10,1,0,10,1,6.74,2.33
2026-06-25,007810,코리아써키트,29.3,173,0.0,75,0,0,0,40.6,4,15,1,18.0,20,1,0,10,0,0,15,0,0,10,1,0,10,1,0.0,10,1,0,10,1,-20.95,-26.53
2026-06-25,394420,리센스메디컬,29.3,174,0.0,75,0,1,1,37.7,0,15,1,16.0,20,1,0,10,0,0,15,0,0,10,1,0,10,1,6.0,10,1,0,10,1,-7.03,-23.91
2026-06-25,010820,퍼스텍,29.3,175,0.0,85,0,0,1,29.4,0,15,1,11.9,20,1,10,10,1,0,15,0,0,10,1,0,10,1,3.0,10,1,0,10,1,-4.2,-7.59
2026-06-25,012330,현대모비스,29.2,176,0.0,85,0,0,0,39.1,12,15,1,4.8,20,1,8,10,1,0,15,0,0,10,1,0,10,1,0.0,10,1,0,10,1,0.39,-4.97
2026-06-25,277810,레인보우로보틱스,29.2,177,0.0,75,0,0,0,34.9,4,15,1,17.9,20,1,0,10,0,0,15,0,0,10,1,0,10,1,0.0,10,1,0,10,1,-6.98,-19.57
2026-06-25,030200,KT,29.2,178,0.0,75,0,0,1,39.6,4,15,1,14.9,20,1,0,10,0,0,15,0,0,10,1,0,10,1,3.0,10,1,0,10,1,4.81,1.35
2026-06-25,000810,삼성화재,29.1,179,0.0,85,1,0,0,54.8,8,15,1,4.7,20,1,8,10,1,0,15,0,0,10,1,0,10,1,4.0,10,1,0,10,1,3.53,-1.84
2026-06-25,073240,금호타이어,28.9,180,0.0,75,0,0,1,40.2,4,15,1,4.7,20,1,0,10,0,0,15,0,0,10,1,10,10,1,3.0,10,1,0,10,1,37.5,59.82
2026-06-25,100790,미래에셋벤처투자,28.9,181,0.0,85,0,0,0,27.9,4,15,1,10.6,20,1,10,10,1,0,15,0,0,10,1,0,10,1,0.0,10,1,0,10,1,-12.68,-22.81
2026-06-25,034940,조아제약,28.9,182,0.0,75,0,1,1,48.5,4,15,1,1.7,20,1,0,10,0,0,15,0,0,10,1,10,10,1,6.0,10,1,0,10,1,-17.07,-27.74
2026-06-25,139130,iM금융지주,28.8,183,0.0,85,0,0,0,34.0,4,15,1,10.5,20,1,10,10,1,0,15,0,0,10,1,0,10,1,0.0,10,1,0,10,1,15.09,14.59
2026-06-25,105560,KB금융,28.7,184,0.0,85,0,0,0,44.5,12,15,1,4.4,20,1,8,10,1,0,15,0,0,10,1,0,10,1,0.0,10,1,0,10,1,12.51,22.58
2026-06-25,001440,대한전선,28.7,185,0.0,85,0,0,0,31.9,8,15,1,6.4,20,1,10,10,1,0,15,0,0,10,1,0,10,1,0.0,10,1,0,10,1,-3.01,-14.89
2026-06-25,067170,오텍,28.7,186,0.0,75,0,0,1,49.1,4,15,1,4.5,20,1,0,10,0,0,15,0,0,10,1,10,10,1,3.0,10,1,0,10,1,0.56,6.13
2026-06-25,058470,리노공업,28.6,187,0.0,85,0,0,0,42.8,8,15,1,6.3,20,1,8,10,1,0,15,0,0,10,1,0,10,1,0.0,10,1,2,10,1,-15.56,-18.49
2026-06-25,004020,현대제철,28.5,188,0.0,85,0,0,0,29.8,4,15,1,10.2,20,1,10,10,1,0,15,0,0,10,1,0,10,1,0.0,10,1,0,10,1,0.89,-4.8
2026-06-25,237690,에스티팜,28.5,189,0.0,85,0,1,1,45.8,4,15,1,9.2,20,1,5,10,1,0,15,0,0,10,1,0,10,1,6.0,10,1,0,10,1,1.63,2.78
2026-06-25,090460,비에이치,28.5,190,0.0,85,0,0,0,32.7,4,15,1,10.2,20,1,10,10,1,0,15,0,0,10,1,0,10,1,0.0,10,1,0,10,1,-7.19,-12.76
2026-06-25,005940,NH투자증권,28.4,191,0.0,85,0,0,1,39.9,4,15,1,7.1,20,1,10,10,1,0,15,0,0,10,1,0,10,1,3.0,10,1,0,10,1,13.75,7.04
2026-06-25,281820,케이씨텍,28.4,192,0.0,85,1,0,1,51.1,4,15,1,5.1,20,1,8,10,1,0,15,0,0,10,1,0,10,1,7.0,10,1,0,10,1,27.65,16.28
2026-06-25,214150,클래시스,28.4,193,0.0,85,0,1,1,49.7,4,15,1,6.1,20,1,8,10,1,0,15,0,0,10,1,0,10,1,6.0,10,1,0,10,1,-2.47,1.93
2026-06-25,207940,삼성바이오로직스,28.2,194,0.0,85,0,1,1,52.3,8,15,1,7.0,20,1,1,10,1,0,15,0,0,10,1,0,10,1,6.0,10,1,2,10,1,1.37,1.01
2026-06-25,131290,티에스이,28.2,195,0.0,85,1,0,0,48.3,4,15,1,15.0,20,1,1,10,1,0,15,0,0,10,1,0,10,1,4.0,10,1,0,10,1,12.16,14.91
2026-06-25,011170,롯데케미칼,28.1,196,0.0,75,0,0,0,36.1,4,15,1,17.1,20,1,0,10,0,0,15,0,0,10,1,0,10,1,0.0,10,1,0,10,1,-5.19,-10.09
2026-06-25,017960,한국카본,28.1,197,0.0,75,0,1,0,33.1,4,15,1,14.1,20,1,0,10,0,0,15,0,0,10,1,0,10,1,3.0,10,1,0,10,1,-9.56,-12.92
2026-06-25,003200,일신방직,28.1,198,0.0,85,0,0,0,32.1,0,15,1,5.9,20,1,8,10,1,0,15,0,0,10,1,10,10,1,0.0,10,1,0,10,1,34.74,8.0
2026-06-25,228340,동양파일,28.0,199,0.0,75,0,1,0,60.7,4,15,1,0.0,20,1,0,10,0,0,15,0,4,10,1,10,10,1,3.0,10,1,0,10,1,73.52,52.97
2026-06-25,111710,남화산업,28.0,200,0.0,75,0,1,0,51.4,4,15,1,4.0,20,1,0,10,0,0,15,0,0,10,1,10,10,1,3.0,10,1,0,10,1,40.05,6.9
2026-06-29,009420,한올바이오파마,74.4,1,0.0,85,1,1,1,66.9,8,15,1,18.2,20,1,8,10,1,0,15,0,7,10,1,10,10,1,10.0,10,1,2,10,1,-13.19,-27.1
2026-06-29,058730,다스코,71.3,2,0.0,85,0,1,1,66.8,8,15,1,15.6,20,1,10,10,1,0,15,0,10,10,1,7,10,1,6.0,10,1,4,10,1,-10.41,-1.68
2026-06-29,153890,져스텍,69.2,3,0.0,65,0,0,0,,15,15,1,20.0,20,1,0,10,0,0,15,0,10,10,1,0,10,1,0.0,10,0,0,10,1,-24.13,-52.03
2026-06-29,000660,SK하이닉스,68.0,4,0.0,75,1,1,1,58.4,15,15,1,20.0,20,1,0,10,0,0,15,0,4,10,1,0,10,1,10.0,10,1,2,10,1,-16.25,-27.21
2026-06-29,089970,브이엠,65.3,5,0.0,75,1,1,1,65.7,8,15,1,20.0,20,1,0,10,0,0,15,0,7,10,1,0,10,1,10.0,10,1,4,10,1,-17.81,8.11
2026-06-29,005935,삼성전자우,63.5,6,0.0,85,1,0,1,51.4,15,15,1,20.0,20,1,10,10,1,0,15,0,0,10,1,0,10,1,7.0,10,1,2,10,1,-5.32,-13.44
2026-06-29,214450,파마리서치,62.0,7,0.0,85,0,1,1,66.1,8,15,1,7.7,20,1,10,10,1,0,15,0,7,10,1,10,10,1,6.0,10,1,4,10,1,-2.44,-8.74
2026-06-29,240810,원익IPS,61.3,8,0.0,75,1,1,1,55.9,12,15,1,20.0,20,1,0,10,0,0,15,0,0,10,1,0,10,1,10.0,10,1,4,10,1,-29.12,-20.06
2026-06-29,034730,SK,60.0,9,0.0,75,1,1,0,64.5,12,15,1,20.0,20,1,0,10,0,0,15,0,4,10,1,0,10,1,7.0,10,1,2,10,1,-20.25,-28.41
2026-06-29,290650,엘앤씨바이오,60.0,10,0.0,85,1,1,1,61.2,4,15,1,20.0,20,1,10,10,1,0,15,0,7,10,1,0,10,1,10.0,10,1,0,10,1,-15.07,-26.86
2026-06-29,420770,기가비스,60.0,11,0.0,85,1,1,0,70.3,4,15,1,20.0,20,1,10,10,1,0,15,0,10,10,1,0,10,1,7.0,10,1,0,10,1,-20.23,-10.83
2026-06-29,402340,SK스퀘어,58.7,12,0.0,75,1,1,0,57.5,15,15,1,20.0,20,1,0,10,0,0,15,0,0,10,1,0,10,1,7.0,10,1,2,10,1,-17.32,-27.44
2026-06-29,196170,알테오젠,58.7,13,0.0,75,0,1,1,54.3,12,15,1,20.0,20,1,0,10,0,0,15,0,4,10,1,0,10,1,6.0,10,1,2,10,1,-9.52,-25.07
2026-06-29,122350,삼기,57.7,14,5.0,85,0,1,1,79.0,8,15,1,7.3,20,1,10,10,1,0,15,0,10,10,1,10,10,1,6.0,10,1,2,10,1,-0.47,-2.46
2026-06-29,005930,삼성전자,55.3,15,0.0,85,0,0,0,50.6,15,15,1,20.0,20,1,10,10,1,0,15,0,0,10,1,0,10,1,0.0,10,1,2,10,1,-8.36,-18.58
2026-06-29,041830,인바디,55.3,16,0.0,85,1,1,1,66.6,4,15,1,6.0,20,1,10,10,1,0,15,0,10,10,1,7,10,1,10.0,10,1,0,10,1,6.46,-0.38
2026-06-29,010960,삼호개발,54.1,17,0.0,85,0,1,1,60.9,0,15,1,20.0,20,1,10,10,1,0,15,0,0,10,1,10,10,1,6.0,10,1,0,10,1,16.07,-0.14
2026-06-29,004440,삼일씨엔에스,54.1,18,0.0,85,0,1,1,56.4,0,15,1,20.0,20,1,10,10,1,0,15,0,0,10,1,10,10,1,6.0,10,1,0,10,1,5.5,-8.16
2026-06-29,319660,피에스케이,53.4,19,0.0,85,1,1,1,62.7,8,15,1,9.4,20,1,10,10,1,0,15,0,4,10,1,0,10,1,10.0,10,1,4,10,1,-9.0,14.45
2026-06-29,086520,에코프로,53.2,20,0.0,85,0,1,0,49.1,12,15,1,13.2,20,1,8,10,1,0,15,0,0,10,1,7,10,1,3.0,10,1,2,10,1,-28.47,-32.97
2026-06-29,000850,화천기공,51.8,21,0.0,85,0,1,1,61.1,0,15,1,20.0,20,1,10,10,1,0,15,0,4,10,1,4,10,1,6.0,10,1,0,10,1,-9.67,-10.2
2026-06-29,080220,제주반도체,51.3,22,0.0,85,1,0,1,48.1,8,15,1,18.6,20,1,10,10,1,0,15,0,0,10,1,0,10,1,7.0,10,1,0,10,1,-15.07,-23.94
2026-06-29,222800,심텍,50.7,23,0.0,75,1,0,0,54.1,8,15,1,20.0,20,1,0,10,0,0,15,0,4,10,1,0,10,1,4.0,10,1,2,10,1,-12.79,-13.11
2026-06-29,093370,후성,49.3,24,0.0,75,1,0,1,58.3,8,15,1,20.0,20,1,0,10,0,0,15,0,0,10,1,0,10,1,7.0,10,1,2,10,1,-38.02,-36.52
2026-06-29,475150,SK이터닉스,49.1,25,0.0,55,0,1,0,55.3,15,15,1,0.0,20,0,0,10,0,0,15,0,0,10,1,7,10,1,3.0,10,1,2,10,1,-14.2,-2.4
2026-06-29,009150,삼성전기,48.2,26,0.0,85,1,0,0,60.5,15,15,1,8.0,20,1,10,10,1,0,15,0,0,10,1,0,10,1,4.0,10,1,4,10,1,-19.14,-38.17
2026-06-29,042660,한화오션,48.2,27,0.0,85,0,0,1,43.2,8,15,1,20.0,20,1,10,10,1,0,15,0,0,10,1,0,10,1,3.0,10,1,0,10,1,-14.88,-27.2
2026-06-29,419050,삼기에너지솔루션즈,48.1,28,0.0,85,0,1,0,54.8,4,15,1,13.9,20,1,10,10,1,0,15,0,0,10,1,10,10,1,3.0,10,1,0,10,1,-0.31,-7.65
2026-06-29,352820,하이브,47.1,29,0.0,85,0,0,0,40.3,8,15,1,20.0,20,1,10,10,1,0,15,0,0,10,1,0,10,1,0.0,10,1,2,10,1,18.79,5.48
2026-06-29,000400,롯데손해보험,46.8,30,0.0,85,0,1,1,64.6,0,15,1,9.8,20,1,10,10,1,0,15,0,4,10,1,10,10,1,6.0,10,1,0,10,1,-6.9,4.68
2026-06-29,011560,세보엠이씨,46.1,31,0.0,85,0,1,1,63.0,0,15,1,6.2,20,1,10,10,1,0,15,0,7,10,1,10,10,1,6.0,10,1,0,10,1,-3.18,-12.52
2026-06-29,013580,계룡건설,45.8,32,0.0,85,0,1,1,56.0,4,15,1,8.9,20,1,10,10,1,0,15,0,0,10,1,10,10,1,6.0,10,1,0,10,1,-2.26,-14.76
2026-06-29,247540,에코프로비엠,45.3,33,0.0,75,0,0,0,41.2,8,15,1,20.0,20,1,0,10,0,0,15,0,0,10,1,4,10,1,0.0,10,1,2,10,1,-22.2,-27.12
2026-06-29,111710,남화산업,45.3,34,0.0,75,0,1,1,76.9,4,15,1,4.0,20,1,0,10,0,0,15,0,10,10,1,10,10,1,6.0,10,1,0,10,1,-29.2,-39.8
2026-06-29,122640,예스티,45.3,35,0.0,75,1,1,1,51.8,4,15,1,20.0,20,1,0,10,0,0,15,0,0,10,1,0,10,1,10.0,10,1,0,10,1,-14.42,-1.24
2026-06-29,353200,대덕전자,44.7,36,0.0,85,0,0,0,40.7,8,15,1,20.0,20,1,10,10,1,0,15,0,0,10,1,0,10,1,0.0,10,1,0,10,1,-11.66,-11.13
2026-06-29,043260,성호전자,44.7,37,0.0,85,0,0,0,35.8,8,15,1,20.0,20,1,10,10,1,0,15,0,0,10,1,0,10,1,0.0,10,1,0,10,1,-31.81,-35.25
2026-06-29,126640,화신정공,44.7,38,0.0,85,1,0,0,55.6,4,15,1,20.0,20,1,10,10,1,0,15,0,0,10,1,0,10,1,4.0,10,1,0,10,1,-19.72,-14.02
2026-06-29,458870,씨어스,44.4,39,0.0,75,0,1,1,58.4,4,15,1,19.3,20,1,0,10,0,0,15,0,0,10,1,4,10,1,6.0,10,1,0,10,1,-6.37,-16.45
2026-06-29,383310,에코프로에이치엔,44.0,40,0.0,85,0,1,1,57.4,4,15,1,13.4,20,1,10,10,1,0,15,0,4,10,1,0,10,1,6.0,10,1,0,10,1,-16.21,-23.24
2026-06-29,036930,주성엔지니어링,43.8,41,0.0,85,0,0,0,46.3,15,15,1,10.2,20,1,10,10,1,0,15,0,0,10,1,0,10,1,0.0,10,1,2,10,1,-0.57,9.06
2026-06-29,091590,남화토건,43.7,42,5.0,75,1,1,0,80.5,0,15,1,19.5,20,1,0,10,0,0,15,0,10,10,1,0,10,1,7.0,10,1,0,10,1,8.41,-19.93
2026-06-29,003670,포스코퓨처엠,43.5,43,0.0,85,0,0,0,44.0,8,15,1,20.0,20,1,3,10,1,0,15,0,0,10,1,4,10,1,0.0,10,1,2,10,1,-15.67,-23.08
2026-06-29,036570,NC,43.5,44,0.0,85,0,0,1,49.5,4,15,1,20.0,20,1,10,10,1,0,15,0,0,10,1,0,10,1,3.0,10,1,0,10,1,-1.54,-12.16
2026-06-29,263750,펄어비스,43.5,45,0.0,85,0,1,0,33.2,4,15,1,20.0,20,1,10,10,1,0,15,0,0,10,1,0,10,1,3.0,10,1,0,10,1,1.36,-7.33
2026-06-29,004710,한솔테크닉스,43.5,46,0.0,85,0,0,1,44.7,4,15,1,20.0,20,1,10,10,1,0,15,0,0,10,1,0,10,1,3.0,10,1,0,10,1,-17.03,-20.91
2026-06-29,095610,테스,43.4,47,0.0,85,1,0,1,61.9,8,15,1,7.9,20,1,3,10,1,0,15,0,7,10,1,0,10,1,7.0,10,1,4,10,1,-19.31,21.04
2026-06-29,241790,티이엠씨씨엔에스,43.3,48,0.0,85,0,1,1,52.3,4,15,1,6.8,20,1,10,10,1,0,15,0,0,10,1,10,10,1,6.0,10,1,0,10,1,-25.62,-27.08
2026-06-29,278470,에이피알,43.1,49,0.0,85,0,0,0,49.3,8,15,1,14.6,20,1,10,10,1,0,15,0,0,10,1,0,10,1,0.0,10,1,4,10,1,6.22,-2.85
2026-06-29,032830,삼성생명,42.9,50,0.0,85,1,0,1,51.4,12,15,1,5.5,20,1,10,10,1,0,15,0,0,10,1,0,10,1,7.0,10,1,2,10,1,-8.2,-22.4
2026-06-29,161890,한국콜마,42.9,51,0.0,85,0,1,1,69.1,8,15,1,5.5,20,1,1,10,1,0,15,0,7,10,1,7,10,1,6.0,10,1,2,10,1,15.79,6.94
2026-06-29,009155,삼성전기우,42.4,52,0.0,85,1,1,1,60.6,8,15,1,8.0,20,1,10,10,1,0,15,0,0,10,1,0,10,1,10.0,10,1,0,10,1,-24.58,-42.15
2026-06-29,475430,키스트론,41.6,53,0.0,85,1,1,1,66.7,4,15,1,5.4,20,1,10,10,1,0,15,0,4,10,1,0,10,1,10.0,10,1,2,10,1,-27.96,-37.26
2026-06-29,067310,하나마이크론,41.1,54,0.0,75,1,0,1,53.5,8,15,1,11.8,20,1,0,10,0,0,15,0,0,10,1,0,10,1,7.0,10,1,4,10,1,-24.6,-22.57
2026-06-29,389260,대명에너지,41.1,55,0.0,85,0,1,1,56.9,4,15,1,7.9,20,1,10,10,1,0,15,0,0,10,1,7,10,1,6.0,10,1,0,10,1,-26.64,-27.09
2026-06-29,090430,아모레퍼시픽,40.9,56,0.0,85,0,1,0,51.8,8,15,1,6.8,20,1,5,10,1,0,15,0,0,10,1,10,10,1,3.0,10,1,2,10,1,13.45,7.62
2026-06-29,003230,삼양식품,40.9,57,0.0,85,0,1,1,49.2,8,15,1,6.8,20,1,10,10,1,0,15,0,0,10,1,0,10,1,6.0,10,1,4,10,1,5.34,-7.59
2026-06-29,001210,금호전기,40.5,58,5.0,75,0,1,1,83.5,4,15,1,4.1,20,1,0,10,0,0,15,0,10,10,1,10,10,1,6.0,10,1,0,10,1,-8.74,-18.58
2026-06-29,068270,셀트리온,40.4,59,0.0,85,0,1,0,51.6,8,15,1,11.3,20,1,8,10,1,0,15,0,0,10,1,0,10,1,3.0,10,1,4,10,1,-0.56,-3.57
2026-06-29,037710,광주신세계,40.0,60,0.0,85,1,1,0,71.5,8,15,1,4.0,20,1,1,10,1,0,15,0,4,10,1,10,10,1,7.0,10,1,0,10,1,-10.71,-12.2
2026-06-29,009830,한화솔루션,40.0,61,0.0,75,0,0,0,44.4,8,15,1,20.0,20,1,0,10,0,0,15,0,0,10,1,0,10,1,0.0,10,1,2,10,1,-11.05,-15.44
2026-06-29,010950,S-Oil,40.0,62,0.0,85,0,0,0,46.2,4,15,1,20.0,20,1,10,10,1,0,15,0,0,10,1,0,10,1,0.0,10,1,0,10,1,22.85,26.71
2026-06-29,096770,SK이노베이션,40.0,63,0.0,85,0,0,0,41.1,4,15,1,20.0,20,1,10,10,1,0,15,0,0,10,1,0,10,1,0.0,10,1,0,10,1,5.49,6.61
2026-06-29,267270,HD건설기계,40.0,64,0.0,85,0,0,0,34.5,4,15,1,20.0,20,1,10,10,1,0,15,0,0,10,1,0,10,1,0.0,10,1,0,10,1,5.79,3.02
2026-06-29,010060,OCI홀딩스,40.0,65,0.0,85,0,0,0,38.8,4,15,1,20.0,20,1,10,10,1,0,15,0,0,10,1,0,10,1,0.0,10,1,0,10,1,-8.17,-14.62
2026-06-29,098460,고영,40.0,66,0.0,85,0,0,0,45.0,4,15,1,20.0,20,1,10,10,1,0,15,0,0,10,1,0,10,1,0.0,10,1,0,10,1,-13.69,-19.59
2026-06-29,131970,두산테스나,40.0,67,0.0,85,0,0,0,39.4,4,15,1,20.0,20,1,10,10,1,0,15,0,0,10,1,0,10,1,0.0,10,1,0,10,1,-11.79,-24.87
2026-06-29,126340,비나텍,40.0,68,0.0,85,0,0,0,33.8,4,15,1,20.0,20,1,10,10,1,0,15,0,0,10,1,0,10,1,0.0,10,1,0,10,1,-1.2,-24.58
2026-06-29,218410,RFHIC,40.0,69,0.0,85,0,0,0,35.0,4,15,1,20.0,20,1,10,10,1,0,15,0,0,10,1,0,10,1,0.0,10,1,0,10,1,-13.68,-29.64
2026-06-29,008770,호텔신라,40.0,70,0.0,85,0,0,0,40.6,4,15,1,20.0,20,1,10,10,1,0,15,0,0,10,1,0,10,1,0.0,10,1,0,10,1,10.5,-3.77
2026-06-29,356860,티엘비,40.0,71,0.0,85,0,0,0,35.4,4,15,1,20.0,20,1,10,10,1,0,15,0,0,10,1,0,10,1,0.0,10,1,0,10,1,-10.67,-4.22
2026-06-29,039200,오스코텍,40.0,72,0.0,75,0,1,1,45.7,4,15,1,20.0,20,1,0,10,0,0,15,0,0,10,1,0,10,1,6.0,10,1,0,10,1,-14.23,-27.55
2026-06-29,006910,보성파워텍,40.0,73,0.0,85,0,0,0,39.1,4,15,1,20.0,20,1,10,10,1,0,15,0,0,10,1,0,10,1,0.0,10,1,0,10,1,-7.52,-12.75
2026-06-29,124500,아이티센글로벌,40.0,74,0.0,85,0,0,0,27.2,4,15,1,20.0,20,1,10,10,1,0,15,0,0,10,1,0,10,1,0.0,10,1,0,10,1,-11.27,-16.49
2026-06-29,044490,태웅,40.0,75,0.0,85,0,0,0,44.9,4,15,1,20.0,20,1,10,10,1,0,15,0,0,10,1,0,10,1,0.0,10,1,0,10,1,-12.52,-20.09
2026-06-29,010120,LS ELECTRIC,39.9,76,0.0,85,0,1,0,39.8,12,15,1,6.9,20,1,10,10,1,0,15,0,0,10,1,0,10,1,3.0,10,1,2,10,1,-8.04,-16.21
2026-06-29,047040,대우건설,39.6,77,0.0,85,0,0,0,41.8,8,15,1,13.7,20,1,10,10,1,0,15,0,0,10,1,0,10,1,0.0,10,1,2,10,1,-15.09,-20.09
2026-06-29,084370,유진테크,39.2,78,0.0,85,1,0,0,52.6,8,15,1,9.3,20,1,10,10,1,0,15,0,0,10,1,0,10,1,4.0,10,1,2,10,1,-11.35,-10.8
2026-06-29,373220,LG에너지솔루션,38.8,79,0.0,75,0,0,0,50.7,12,15,1,11.1,20,1,0,10,0,0,15,0,0,10,1,4,10,1,0.0,10,1,2,10,1,-17.1,-19.6
2026-06-29,019210,와이지-원,38.8,80,0.0,85,1,1,1,60.1,4,15,1,5.0,20,1,10,10,1,0,15,0,4,10,1,0,10,1,10.0,10,1,0,10,1,9.31,-4.3
2026-06-29,001260,남광토건,38.8,81,0.0,85,0,1,1,54.4,0,15,1,7.0,20,1,10,10,1,0,15,0,0,10,1,10,10,1,6.0,10,1,0,10,1,29.06,-2.71
2026-06-29,004310,현대약품,38.8,82,0.0,85,0,0,1,42.3,0,15,1,20.0,20,1,10,10,1,0,15,0,0,10,1,0,10,1,3.0,10,1,0,10,1,-22.78,-3.65
2026-06-29,123330,제닉,38.7,83,0.0,75,0,1,1,60.4,4,15,1,12.0,20,1,0,10,0,0,15,0,0,10,1,7,10,1,6.0,10,1,0,10,1,8.5,-3.24
2026-06-29,000720,현대건설,37.8,84,0.0,85,0,0,0,41.7,8,15,1,12.1,20,1,10,10,1,0,15,0,0,10,1,0,10,1,0.0,10,1,2,10,1,-5.68,-15.59
2026-06-29,178320,서진시스템,37.3,85,0.0,75,0,0,0,36.4,8,15,1,20.0,20,1,0,10,0,0,15,0,0,10,1,0,10,1,0.0,10,1,0,10,1,-13.35,-28.6
2026-06-29,073240,금호타이어,37.3,86,0.0,75,0,1,1,60.2,8,15,1,4.0,20,1,0,10,0,0,15,0,0,10,1,10,10,1,6.0,10,1,0,10,1,18.98,22.93
2026-06-29,457190,이수스페셜티케미컬,37.3,87,0.0,75,0,0,0,39.3,4,15,1,20.0,20,1,0,10,0,0,15,0,0,10,1,4,10,1,0.0,10,1,0,10,1,-11.2,-19.67
2026-06-29,026940,부국철강,37.3,88,0.0,85,0,1,0,53.7,4,15,1,14.7,20,1,10,10,1,0,15,0,0,10,1,0,10,1,3.0,10,1,0,10,1,-10.81,-17.58
2026-06-29,028260,삼성물산,37.2,89,0.0,85,1,0,1,52.6,12,15,1,4.6,20,1,8,10,1,0,15,0,0,10,1,0,10,1,7.0,10,1,0,10,1,-9.87,-24.84
2026-06-29,006800,미래에셋증권,37.1,90,0.0,85,0,0,0,32.9,8,15,1,9.5,20,1,10,10,1,0,15,0,0,10,1,0,10,1,0.0,10,1,4,10,1,-2.18,-11.02
2026-06-29,007660,이수페타시스,36.9,91,0.0,85,0,0,0,41.9,8,15,1,9.4,20,1,10,10,1,0,15,0,0,10,1,0,10,1,0.0,10,1,4,10,1,-10.67,-10.76
2026-06-29,066970,엘앤에프,36.7,92,0.0,75,0,0,0,40.2,8,15,1,17.5,20,1,0,10,0,0,15,0,0,10,1,0,10,1,0.0,10,1,2,10,1,-14.88,-22.33
2026-06-29,237690,에스티팜,36.7,93,0.0,85,0,1,1,56.0,4,15,1,9.2,20,1,5,10,1,0,15,0,0,10,1,7,10,1,6.0,10,1,0,10,1,-4.67,-5.11
2026-06-29,083650,비에이치아이,36.6,94,0.0,85,0,0,0,38.9,4,15,1,17.1,20,1,10,10,1,0,15,0,0,10,1,0,10,1,0.0,10,1,0,10,1,-10.95,-20.2
2026-06-29,047810,한국항공우주,36.5,95,0.0,85,0,1,0,49.8,8,15,1,8.0,20,1,10,10,1,0,15,0,0,10,1,0,10,1,3.0,10,1,2,10,1,6.52,-6.18
2026-06-29,004170,신세계,36.5,96,0.0,85,1,0,0,62.2,4,15,1,7.0,20,1,10,10,1,0,15,0,4,10,1,0,10,1,4.0,10,1,2,10,1,-6.72,-23.05
2026-06-29,141080,리가켐바이오,36.1,97,0.0,75,0,1,1,56.6,12,15,1,2.1,20,1,0,10,0,0,15,0,0,10,1,7,10,1,6.0,10,1,0,10,1,-16.39,-35.97
2026-06-29,097230,HJ중공업,36.0,98,0.0,75,0,1,0,51.4,4,15,1,20.0,20,1,0,10,0,0,15,0,0,10,1,0,10,1,3.0,10,1,0,10,1,-21.65,-31.54
2026-06-29,042700,한미반도체,35.9,99,0.0,85,0,0,0,41.2,12,15,1,6.5,20,1,10,10,1,0,15,0,0,10,1,0,10,1,0.0,10,1,2,10,1,-18.41,-19.57
2026-06-29,039030,이오테크닉스,35.9,100,0.0,85,0,0,0,46.3,8,15,1,12.5,20,1,10,10,1,0,15,0,0,10,1,0,10,1,0.0,10,1,0,10,1,-18.95,-21.8
2026-06-29,189300,인텔리안테크,35.8,101,0.0,85,0,0,0,29.9,4,15,1,16.4,20,1,10,10,1,0,15,0,0,10,1,0,10,1,0.0,10,1,0,10,1,-9.75,-16.6
2026-06-29,006400,삼성SDI,35.5,102,0.0,85,0,0,0,45.7,15,15,1,5.2,20,1,10,10,1,0,15,0,0,10,1,0,10,1,0.0,10,1,0,10,1,-13.09,-16.5
2026-06-29,403870,HPSP,35.5,103,0.0,85,0,0,0,48.5,12,15,1,6.2,20,1,8,10,1,0,15,0,0,10,1,0,10,1,0.0,10,1,4,10,1,-22.72,-21.79
2026-06-29,012450,한화에어로스페이스,35.5,104,0.0,85,0,0,0,37.3,12,15,1,8.2,20,1,10,10,1,0,15,0,0,10,1,0,10,1,0.0,10,1,0,10,1,10.0,-14.51
2026-06-29,099320,쎄트렉아이,35.3,105,0.0,85,0,0,0,33.3,0,15,1,20.0,20,1,10,10,1,0,15,0,0,10,1,0,10,1,0.0,10,1,0,10,1,-9.79,-18.24
2026-06-29,011930,신성이엔지,35.3,106,0.0,85,0,0,0,32.1,0,15,1,20.0,20,1,10,10,1,0,15,0,0,10,1,0,10,1,0.0,10,1,0,10,1,-9.74,-18.06
2026-06-29,348210,넥스틴,35.3,107,0.0,85,0,0,0,39.6,0,15,1,20.0,20,1,10,10,1,0,15,0,0,10,1,0,10,1,0.0,10,1,0,10,1,-16.89,-25.64
2026-06-29,005070,코스모신소재,35.3,108,0.0,85,0,0,0,40.7,0,15,1,20.0,20,1,10,10,1,0,15,0,0,10,1,0,10,1,0.0,10,1,0,10,1,-0.89,-3.94
2026-06-29,003530,한화투자증권,35.3,109,0.0,85,0,0,0,36.5,0,15,1,20.0,20,1,10,10,1,0,15,0,0,10,1,0,10,1,0.0,10,1,0,10,1,-5.74,-12.67
2026-06-29,456040,OCI,35.3,110,0.0,85,0,0,0,42.5,0,15,1,20.0,20,1,10,10,1,0,15,0,0,10,1,0,10,1,0.0,10,1,0,10,1,-5.35,-8.71
2026-06-29,080580,오킨스전자,35.3,111,0.0,85,0,0,0,39.6,0,15,1,20.0,20,1,10,10,1,0,15,0,0,10,1,0,10,1,0.0,10,1,0,10,1,-10.32,-13.9
2026-06-29,003160,디아이,35.3,112,0.0,85,0,0,0,43.4,0,15,1,20.0,20,1,10,10,1,0,15,0,0,10,1,0,10,1,0.0,10,1,0,10,1,-9.27,-17.16
2026-06-29,077360,덕산하이메탈,35.3,113,0.0,85,0,0,0,38.2,0,15,1,20.0,20,1,10,10,1,0,15,0,0,10,1,0,10,1,0.0,10,1,0,10,1,-22.23,-16.56
2026-06-29,089890,코세스,35.3,114,0.0,85,0,0,0,38.0,0,15,1,20.0,20,1,10,10,1,0,15,0,0,10,1,0,10,1,0.0,10,1,0,10,1,-10.25,-8.74
2026-06-29,285130,SK케미칼,35.3,115,0.0,85,0,0,0,42.6,0,15,1,20.0,20,1,10,10,1,0,15,0,0,10,1,0,10,1,0.0,10,1,0,10,1,5.79,-2.46
2026-06-29,003200,일신방직,35.2,116,0.0,85,0,1,1,50.6,0,15,1,5.9,20,1,8,10,1,0,15,0,0,10,1,10,10,1,6.0,10,1,0,10,1,4.66,-6.9
2026-06-29,483650,달바글로벌,34.9,117,0.0,85,0,1,1,60.0,4,15,1,7.7,20,1,10,10,1,0,15,0,0,10,1,0,10,1,6.0,10,1,2,10,1,-1.29,-15.06
2026-06-29,011070,LG이노텍,34.8,118,0.0,85,0,0,0,43.1,12,15,1,7.6,20,1,10,10,1,0,15,0,0,10,1,0,10,1,0.0,10,1,0,10,1,-11.04,-29.95
2026-06-29,089030,테크윙,34.7,119,0.0,75,0,0,0,44.3,4,15,1,20.0,20,1,0,10,0,0,15,0,0,10,1,0,10,1,0.0,10,1,2,10,1,-20.35,-6.1
2026-06-29,000990,DB하이텍,34.6,120,0.0,85,0,0,1,43.0,8,15,1,6.4,20,1,10,10,1,0,15,0,0,10,1,0,10,1,3.0,10,1,2,10,1,-22.14,-20.96
2026-06-29,002990,금호건설,34.6,121,5.0,85,0,1,1,83.8,4,15,1,10.7,20,1,1,10,1,0,15,0,10,10,1,0,10,1,6.0,10,1,2,10,1,62.6,57.61
2026-06-29,009540,HD한국조선해양,34.4,122,0.0,85,0,0,0,41.2,8,15,1,13.2,20,1,8,10,1,0,15,0,0,10,1,0,10,1,0.0,10,1,0,10,1,-0.83,-10.04
2026-06-29,329180,HD현대중공업,34.2,123,0.0,85,0,0,0,42.3,12,15,1,14.1,20,1,1,10,1,0,15,0,0,10,1,0,10,1,0.0,10,1,2,10,1,-6.76,-21.28
2026-06-29,052900,KX하이텍,34.2,124,0.0,85,0,0,0,48.5,0,15,1,19.1,20,1,10,10,1,0,15,0,0,10,1,0,10,1,0.0,10,1,0,10,1,-12.11,-14.46
2026-06-29,066570,LG전자,34.1,125,0.0,85,0,0,0,43.1,12,15,1,7.0,20,1,10,10,1,0,15,0,0,10,1,0,10,1,0.0,10,1,0,10,1,-3.86,-5.74
2026-06-29,096530,씨젠,34.1,126,0.0,85,0,0,0,57.8,4,15,1,20.0,20,1,1,10,1,0,15,0,4,10,1,0,10,1,0.0,10,1,0,10,1,-3.78,-9.2
2026-06-29,005440,현대지에프홀딩스,34.1,127,0.0,85,0,1,1,63.1,0,15,1,6.0,20,1,10,10,1,0,15,0,7,10,1,0,10,1,6.0,10,1,0,10,1,-2.43,-11.08
2026-06-29,039440,에스티아이,34.1,128,0.0,85,0,0,0,45.4,0,15,1,19.0,20,1,10,10,1,0,15,0,0,10,1,0,10,1,0.0,10,1,0,10,1,-5.64,-7.09
2026-06-29,204270,제이앤티씨,34.1,129,0.0,85,0,1,1,47.8,0,15,1,13.0,20,1,10,10,1,0,15,0,0,10,1,0,10,1,6.0,10,1,0,10,1,-14.64,-13.66
2026-06-29,003490,대한항공,33.3,130,0.0,75,1,1,0,55.6,8,15,1,4.0,20,1,0,10,0,0,15,0,4,10,1,0,10,1,7.0,10,1,2,10,1,2.82,-6.53
2026-06-29,023410,유진기업,33.3,131,0.0,75,0,1,1,60.3,4,15,1,4.0,20,1,0,10,0,0,15,0,4,10,1,7,10,1,6.0,10,1,0,10,1,-4.43,-11.46
2026-06-29,005490,POSCO홀딩스,33.2,132,0.0,85,0,0,0,38.7,8,15,1,8.2,20,1,10,10,1,0,15,0,0,10,1,0,10,1,0.0,10,1,2,10,1,-5.26,-8.86
2026-06-29,017670,SK텔레콤,33.2,133,0.0,85,0,0,0,39.5,8,15,1,8.2,20,1,10,10,1,0,15,0,0,10,1,0,10,1,0.0,10,1,2,10,1,-5.54,-6.98
2026-06-29,281820,케이씨텍,33.1,134,0.0,85,1,0,1,60.4,4,15,1,5.1,20,1,8,10,1,0,15,0,4,10,1,0,10,1,7.0,10,1,0,10,1,2.2,3.41
2026-06-29,005690,파미셀,32.9,135,0.0,85,0,0,0,44.2,0,15,1,20.0,20,1,8,10,1,0,15,0,0,10,1,0,10,1,0.0,10,1,0,10,1,-12.88,-15.53
2026-06-29,100840,SNT에너지,32.9,136,0.0,85,0,0,0,35.2,0,15,1,20.0,20,1,8,10,1,0,15,0,0,10,1,0,10,1,0.0,10,1,0,10,1,-12.03,-13.57
2026-06-29,037350,성도이엔지,32.8,137,0.0,85,0,1,1,53.6,0,15,1,9.9,20,1,8,10,1,0,15,0,0,10,1,4,10,1,6.0,10,1,0,10,1,-12.98,-18.21
2026-06-29,298040,효성중공업,32.6,138,0.0,85,0,0,0,43.0,8,15,1,9.7,20,1,10,10,1,0,15,0,0,10,1,0,10,1,0.0,10,1,0,10,1,-11.36,-18.23
2026-06-29,066980,한성크린텍,32.5,139,0.0,85,0,0,1,53.0,4,15,1,9.6,20,1,1,10,1,0,15,0,0,10,1,10,10,1,3.0,10,1,0,10,1,2.04,-5.75
2026-06-29,043650,국순당,32.4,140,0.0,85,0,1,1,59.6,0,15,1,3.5,20,1,10,10,1,0,15,0,4,10,1,4,10,1,6.0,10,1,0,10,1,-10.04,-11.61
2026-06-29,005380,현대차,32.1,141,0.0,85,0,0,0,34.1,15,15,1,4.3,20,1,8,10,1,0,15,0,0,10,1,0,10,1,0.0,10,1,0,10,1,-3.52,-14.59
2026-06-29,058470,리노공업,32.1,142,0.0,85,0,0,1,40.4,8,15,1,6.3,20,1,8,10,1,0,15,0,0,10,1,0,10,1,3.0,10,1,2,10,1,-15.71,-14.3
2026-06-29,031980,피에스케이홀딩스,32.1,143,0.0,85,1,1,0,54.6,4,15,1,6.3,20,1,10,10,1,0,15,0,0,10,1,0,10,1,7.0,10,1,0,10,1,-5.27,4.68
2026-06-29,322000,HD현대에너지솔루션,32.0,144,0.0,75,0,0,0,41.4,4,15,1,20.0,20,1,0,10,0,0,15,0,0,10,1,0,10,1,0.0,10,1,0,10,1,-12.74,-16.83
2026-06-29,139480,이마트,32.0,145,0.0,75,0,0,0,43.8,4,15,1,20.0,20,1,0,10,0,0,15,0,0,10,1,0,10,1,0.0,10,1,0,10,1,0.47,-4.74
2026-06-29,112040,위메이드,32.0,146,0.0,75,0,0,0,46.5,0,15,1,20.0,20,1,0,10,0,0,15,0,0,10,1,4,10,1,0.0,10,1,0,10,1,8.17,-1.62
2026-06-29,006260,LS,31.6,147,0.0,85,0,0,0,40.9,8,15,1,6.9,20,1,10,10,1,0,15,0,0,10,1,0,10,1,0.0,10,1,2,10,1,-4.88,-18.41
2026-06-29,277810,레인보우로보틱스,31.6,148,0.0,85,0,0,0,37.7,8,15,1,17.9,20,1,1,10,1,0,15,0,0,10,1,0,10,1,0.0,10,1,0,10,1,-10.95,-22.38
2026-06-29,198440,강동씨앤엘,31.6,149,0.0,75,1,1,1,57.9,4,15,1,5.7,20,1,0,10,0,0,15,0,0,10,1,4,10,1,10.0,10,1,0,10,1,-0.06,-16.43
2026-06-29,095340,ISC,31.4,150,0.0,85,0,1,0,42.8,8,15,1,7.7,20,1,8,10,1,0,15,0,0,10,1,0,10,1,3.0,10,1,0,10,1,-19.26,-19.31
2026-06-29,267260,HD현대일렉트릭,31.3,151,0.0,85,0,0,0,41.3,8,15,1,6.6,20,1,10,10,1,0,15,0,0,10,1,0,10,1,0.0,10,1,2,10,1,-4.06,-14.94
2026-06-29,091580,상신이디피,31.2,152,0.0,85,0,0,0,40.7,0,15,1,16.5,20,1,10,10,1,0,15,0,0,10,1,0,10,1,0.0,10,1,0,10,1,-11.87,-11.08
2026-06-29,001440,대한전선,31.1,153,0.0,85,0,0,0,38.2,8,15,1,6.4,20,1,10,10,1,0,15,0,0,10,1,0,10,1,0.0,10,1,2,10,1,-11.32,-18.72
2026-06-29,015760,한국전력,31.1,154,0.0,75,0,1,1,48.5,8,15,1,7.3,20,1,0,10,0,0,15,0,0,10,1,0,10,1,6.0,10,1,2,10,1,-0.13,-11.24
2026-06-29,048550,SM C&C,31.0,155,5.0,75,1,1,1,87.5,0,15,1,0.0,20,1,0,10,0,0,15,0,10,10,1,7,10,1,10.0,10,1,0,10,1,-13.27,-17.41
2026-06-29,000250,삼천당제약,30.8,156,0.0,75,0,1,0,36.0,4,15,1,16.1,20,1,0,10,0,0,15,0,0,10,1,0,10,1,3.0,10,1,0,10,1,-15.72,-24.53
2026-06-29,064290,인텍플러스,30.7,157,0.0,75,0,0,1,52.9,0,15,1,20.0,20,1,0,10,0,0,15,0,0,10,1,0,10,1,3.0,10,1,0,10,1,13.19,-1.95
2026-06-29,003000,부광약품,30.7,158,0.0,75,0,1,0,44.2,0,15,1,20.0,20,1,0,10,0,0,15,0,0,10,1,0,10,1,3.0,10,1,0,10,1,-8.25,-13.45
2026-06-29,207940,삼성바이오로직스,30.6,159,0.0,85,0,1,1,57.4,8,15,1,7.0,20,1,1,10,1,0,15,0,0,10,1,0,10,1,6.0,10,1,4,10,1,-1.8,-5.52
2026-06-29,018880,한온시스템,30.4,160,0.0,85,0,0,0,41.4,4,15,1,13.8,20,1,8,10,1,0,15,0,0,10,1,0,10,1,0.0,10,1,0,10,1,-4.65,-12.26
2026-06-29,232140,와이씨,30.4,161,0.0,85,0,0,0,36.9,0,15,1,15.8,20,1,10,10,1,0,15,0,0,10,1,0,10,1,0.0,10,1,0,10,1,-16.29,-24.28
2026-06-29,006120,SK디스커버리,30.4,162,0.0,85,0,1,1,58.9,0,15,1,9.8,20,1,10,10,1,0,15,0,0,10,1,0,10,1,6.0,10,1,0,10,1,-0.19,5.65
2026-06-29,298380,에이비엘바이오,30.3,163,0.0,75,0,1,1,50.9,8,15,1,1.7,20,1,0,10,0,0,15,0,0,10,1,7,10,1,6.0,10,1,0,10,1,-11.91,-30.21
2026-06-29,064350,현대로템,29.9,164,0.0,85,0,0,0,43.4,8,15,1,10.4,20,1,5,10,1,0,15,0,0,10,1,0,10,1,0.0,10,1,2,10,1,0.81,-10.55
2026-06-29,032350,롯데관광개발,29.7,165,0.0,75,0,0,0,32.3,4,15,1,18.3,20,1,0,10,0,0,15,0,0,10,1,0,10,1,0.0,10,1,0,10,1,8.19,-7.19
2026-06-29,016360,삼성증권,29.5,166,0.0,85,0,0,0,44.6,8,15,1,7.1,20,1,10,10,1,0,15,0,0,10,1,0,10,1,0.0,10,1,0,10,1,5.38,-7.11
2026-06-29,071050,한국금융지주,29.5,167,0.0,85,0,0,0,44.9,4,15,1,9.1,20,1,10,10,1,0,15,0,0,10,1,0,10,1,0.0,10,1,2,10,1,11.7,-0.69
2026-06-29,272210,한화시스템,29.5,168,0.0,85,0,0,0,34.0,4,15,1,11.1,20,1,10,10,1,0,15,0,0,10,1,0,10,1,0.0,10,1,0,10,1,-9.16,-19.23
2026-06-29,000500,가온전선,29.5,169,0.0,85,0,0,1,53.1,4,15,1,8.1,20,1,10,10,1,0,15,0,0,10,1,0,10,1,3.0,10,1,0,10,1,-24.78,-37.32
2026-06-29,452430,사피엔반도체,29.5,170,0.0,75,0,0,1,39.7,0,15,1,12.1,20,1,0,10,0,0,15,0,0,10,1,7,10,1,3.0,10,1,0,10,1,-8.93,-11.64
2026-06-29,122870,와이지엔터테인먼트,29.4,171,0.0,85,0,0,0,48.6,0,15,1,20.0,20,1,5,10,1,0,15,0,0,10,1,0,10,1,0.0,10,1,0,10,1,0.11,-8.27
2026-06-29,007810,코리아써키트,29.3,172,0.0,75,0,0,0,37.5,4,15,1,18.0,20,1,0,10,0,0,15,0,0,10,1,0,10,1,0.0,10,1,0,10,1,-21.35,-22.49
2026-06-29,012330,현대모비스,28.9,173,0.0,85,0,0,0,39.0,12,15,1,4.6,20,1,8,10,1,0,15,0,0,10,1,0,10,1,0.0,10,1,0,10,1,-1.39,-7.17
2026-06-29,100790,미래에셋벤처투자,28.9,174,0.0,85,0,0,0,30.2,4,15,1,10.6,20,1,10,10,1,0,15,0,0,10,1,0,10,1,0.0,10,1,0,10,1,-15.93,-26.61
2026-06-29,105560,KB금융,28.7,175,0.0,85,0,0,0,47.1,12,15,1,4.4,20,1,8,10,1,0,15,0,0,10,1,0,10,1,0.0,10,1,0,10,1,12.69,17.11
2026-06-29,079550,LIG디펜스앤에어로스페이스,28.6,176,0.0,85,0,0,0,42.3,8,15,1,6.3,20,1,10,10,1,0,15,0,0,10,1,0,10,1,0.0,10,1,0,10,1,7.25,-10.74
2026-06-29,004020,현대제철,28.5,177,0.0,85,0,0,0,36.7,4,15,1,10.2,20,1,10,10,1,0,15,0,0,10,1,0,10,1,0.0,10,1,0,10,1,-4.64,-9.79
2026-06-29,090460,비에이치,28.5,178,0.0,85,0,0,0,34.9,4,15,1,10.2,20,1,10,10,1,0,15,0,0,10,1,0,10,1,0.0,10,1,0,10,1,-9.67,-15.33
2026-06-29,214150,클래시스,28.4,179,0.0,85,0,1,1,56.0,4,15,1,6.1,20,1,8,10,1,0,15,0,0,10,1,0,10,1,6.0,10,1,0,10,1,-3.24,-7.7
2026-06-29,226950,올릭스,28.3,180,0.0,75,0,1,1,59.0,8,15,1,0.2,20,1,0,10,0,0,15,0,0,10,1,7,10,1,6.0,10,1,0,10,1,-19.44,-26.02
2026-06-29,051910,LG화학,28.1,181,0.0,85,0,0,0,43.8,8,15,1,5.9,20,1,8,10,1,0,15,0,0,10,1,0,10,1,0.0,10,1,2,10,1,-13.8,-17.21
2026-06-29,271560,오리온,28.1,182,0.0,85,0,1,0,58.0,4,15,1,4.9,20,1,8,10,1,0,15,0,4,10,1,0,10,1,3.0,10,1,0,10,1,1.16,-6.89
2026-06-29,052690,한전기술,28.0,183,0.0,85,0,0,0,40.2,4,15,1,9.8,20,1,10,10,1,0,15,0,0,10,1,0,10,1,0.0,10,1,0,10,1,-8.13,-15.0
2026-06-29,120110,코오롱인더,27.9,184,0.0,85,0,0,0,38.8,4,15,1,9.7,20,1,10,10,1,0,15,0,0,10,1,0,10,1,0.0,10,1,0,10,1,-3.27,-15.38
2026-06-29,267250,HD현대,27.8,185,0.0,85,0,0,0,32.6,4,15,1,9.6,20,1,10,10,1,0,15,0,0,10,1,0,10,1,0.0,10,1,0,10,1,3.69,-6.35
2026-06-29,376900,로킷헬스케어,27.7,186,0.0,75,0,1,0,45.4,4,15,1,9.8,20,1,0,10,0,0,15,0,0,10,1,4,10,1,3.0,10,1,0,10,1,-23.8,-7.66
2026-06-29,357780,솔브레인,27.6,187,0.0,85,0,0,1,43.5,4,15,1,6.5,20,1,10,10,1,0,15,0,0,10,1,0,10,1,3.0,10,1,0,10,1,-10.51,-11.09
2026-06-29,062040,산일전기,27.5,188,0.0,85,0,0,0,44.0,4,15,1,7.4,20,1,10,10,1,0,15,0,0,10,1,0,10,1,0.0,10,1,2,10,1,-12.29,-23.54
2026-06-29,121600,나노신소재,27.5,189,0.0,85,0,0,0,41.7,0,15,1,13.4,20,1,10,10,1,0,15,0,0,10,1,0,10,1,0.0,10,1,0,10,1,-11.37,-19.55
2026-06-29,482630,삼양엔씨켐,27.5,190,0.0,85,0,1,1,46.8,0,15,1,7.4,20,1,10,10,1,0,15,0,0,10,1,0,10,1,6.0,10,1,0,10,1,-18.94,-18.94
2026-06-29,100090,SK오션플랜트,27.4,191,0.0,85,0,1,0,44.5,4,15,1,6.3,20,1,8,10,1,0,15,0,0,10,1,0,10,1,3.0,10,1,2,10,1,-5.44,-16.38
2026-06-29,051900,LG생활건강,27.2,192,0.0,85,0,0,0,47.8,4,15,1,9.1,20,1,10,10,1,0,15,0,0,10,1,0,10,1,0.0,10,1,0,10,1,9.32,1.91
2026-06-29,086450,동국제약,27.2,193,0.0,85,0,1,1,47.4,4,15,1,5.1,20,1,8,10,1,0,15,0,0,10,1,0,10,1,6.0,10,1,0,10,1,2.64,1.43
2026-06-29,008930,한미사이언스,27.2,194,0.0,85,0,1,0,47.4,0,15,1,6.1,20,1,10,10,1,0,15,0,0,10,1,4,10,1,3.0,10,1,0,10,1,6.03,7.37
2026-06-29,071055,한국금융지주우,27.2,195,0.0,85,0,0,0,40.2,0,15,1,9.1,20,1,10,10,1,0,15,0,0,10,1,4,10,1,0.0,10,1,0,10,1,4.32,-0.33
2026-06-29,131290,티에스이,27.1,196,0.0,85,0,0,1,49.9,4,15,1,15.0,20,1,1,10,1,0,15,0,0,10,1,0,10,1,3.0,10,1,0,10,1,4.24,23.66
2026-06-29,195870,해성디에스,27.1,197,0.0,85,0,0,0,42.7,4,15,1,9.0,20,1,10,10,1,0,15,0,0,10,1,0,10,1,0.0,10,1,0,10,1,-19.85,-16.32
2026-06-29,316140,우리금융지주,26.9,198,0.0,85,0,0,0,41.6,8,15,1,4.9,20,1,10,10,1,0,15,0,0,10,1,0,10,1,0.0,10,1,0,10,1,8.42,5.5
2026-06-29,036200,유니셈,26.9,199,0.0,85,0,0,0,50.6,0,15,1,12.9,20,1,10,10,1,0,15,0,0,10,1,0,10,1,0.0,10,1,0,10,1,-18.78,-21.03
2026-06-29,052400,코나아이,26.9,200,0.0,85,0,0,0,39.7,0,15,1,12.9,20,1,10,10,1,0,15,0,0,10,1,0,10,1,0.0,10,1,0,10,1,2.51,-4.91
2026-06-30,240810,원익IPS,80.0,1,0.0,75,1,1,1,59.0,15,15,1,20.0,20,1,0,10,0,0,15,0,4,10,1,4,10,1,10.0,10,1,7,10,1,-38.91,-15.11
2026-06-30,089970,브이엠,73.3,2,0.0,75,1,1,1,67.1,8,15,1,20.0,20,1,0,10,0,0,15,0,10,10,1,0,10,1,10.0,10,1,7,10,1,-22.23,6.04
2026-06-30,034730,SK,70.7,3,0.0,75,1,1,1,68.3,12,15,1,20.0,20,1,0,10,0,0,15,0,7,10,1,0,10,1,10.0,10,1,4,10,1,-28.54,-26.98
2026-06-30,222800,심텍,70.7,4,0.0,75,1,1,0,64.9,12,15,1,20.0,20,1,0,10,0,0,15,0,10,10,1,0,10,1,7.0,10,1,4,10,1,-29.66,-18.22
2026-06-30,005935,삼성전자우,70.6,5,0.0,85,1,0,1,52.1,15,15,1,20.0,20,1,10,10,1,0,15,0,4,10,1,0,10,1,7.0,10,1,4,10,1,-11.84,-9.43
2026-06-30,005930,삼성전자,67.1,6,0.0,85,1,0,0,53.2,15,15,1,20.0,20,1,10,10,1,0,15,0,4,10,1,0,10,1,4.0,10,1,4,10,1,-16.92,-16.32
2026-06-30,000660,SK하이닉스,66.7,7,0.0,75,1,0,1,59.0,15,15,1,20.0,20,1,0,10,0,0,15,0,4,10,1,0,10,1,7.0,10,1,4,10,1,-21.66,-21.43
2026-06-30,214450,파마리서치,65.5,8,0.0,85,0,1,1,69.5,8,15,1,7.7,20,1,10,10,1,0,15,0,10,10,1,7,10,1,6.0,10,1,7,10,1,-9.92,-9.78
2026-06-30,319660,피에스케이,64.0,9,0.0,85,1,1,1,67.7,8,15,1,9.4,20,1,10,10,1,0,15,0,10,10,1,0,10,1,10.0,10,1,7,10,1,-22.79,4.28
2026-06-30,420770,기가비스,63.5,10,0.0,85,1,1,1,75.3,4,15,1,20.0,20,1,10,10,1,0,15,0,10,10,1,0,10,1,10.0,10,1,0,10,1,-24.3,-13.06
2026-06-30,002990,금호건설,61.7,11,5.0,85,0,1,1,88.9,15,15,1,10.7,20,1,1,10,1,0,15,0,10,10,1,10,10,1,6.0,10,1,4,10,1,25.11,19.57
2026-06-30,058730,다스코,60.7,12,0.0,85,0,1,0,62.7,8,15,1,15.6,20,1,10,10,1,0,15,0,4,10,1,7,10,1,3.0,10,1,4,10,1,23.66,24.14
2026-06-30,009150,삼성전기,60.0,13,0.0,85,1,0,1,65.0,15,15,1,8.0,20,1,10,10,1,0,15,0,4,10,1,0,10,1,7.0,10,1,7,10,1,-32.28,-35.3
2026-06-30,281820,케이씨텍,58.9,14,0.0,85,1,1,1,71.4,8,15,1,5.1,20,1,8,10,1,0,15,0,10,10,1,7,10,1,10.0,10,1,2,10,1,-27.8,-8.86
2026-06-30,041830,인바디,58.8,15,0.0,85,1,1,1,72.5,4,15,1,6.0,20,1,10,10,1,0,15,0,10,10,1,10,10,1,10.0,10,1,0,10,1,-6.23,-3.98
2026-06-30,402340,SK스퀘어,57.3,16,0.0,75,1,0,0,59.6,15,15,1,20.0,20,1,0,10,0,0,15,0,0,10,1,0,10,1,4.0,10,1,4,10,1,-25.16,-18.56
2026-06-30,290650,엘앤씨바이오,56.5,17,0.0,85,1,1,1,57.4,4,15,1,20.0,20,1,10,10,1,0,15,0,4,10,1,0,10,1,10.0,10,1,0,10,1,-16.26,-20.58
2026-06-30,093370,후성,56.0,18,0.0,75,1,1,1,61.4,8,15,1,20.0,20,1,0,10,0,0,15,0,0,10,1,0,10,1,10.0,10,1,4,10,1,-46.43,-36.41
2026-06-30,039030,이오테크닉스,54.7,19,0.0,85,0,0,1,49.0,12,15,1,12.5,20,1,10,10,1,0,15,0,0,10,1,7,10,1,3.0,10,1,2,10,1,-27.52,-19.12
2026-06-30,031980,피에스케이홀딩스,54.5,20,0.0,85,1,1,1,63.6,8,15,1,6.3,20,1,10,10,1,0,15,0,10,10,1,0,10,1,10.0,10,1,2,10,1,-27.38,-2.38
2026-06-30,004440,삼일씨엔에스,54.1,21,0.0,85,0,1,1,67.8,0,15,1,20.0,20,1,10,10,1,0,15,0,0,10,1,10,10,1,6.0,10,1,0,10,1,-8.72,-17.29
2026-06-30,095610,테스,54.0,22,0.0,85,1,1,1,69.4,8,15,1,7.9,20,1,3,10,1,0,15,0,10,10,1,0,10,1,10.0,10,1,7,10,1,-34.76,2.88
2026-06-30,080220,제주반도체,53.6,23,0.0,85,0,0,1,51.9,12,15,1,18.6,20,1,10,10,1,0,15,0,0,10,1,0,10,1,3.0,10,1,2,10,1,-27.43,-14.24
2026-06-30,066980,한성크린텍,52.5,24,0.0,85,1,1,1,65.7,4,15,1,9.6,20,1,1,10,1,0,15,0,10,10,1,10,10,1,10.0,10,1,0,10,1,-23.1,-25.07
2026-06-30,353200,대덕전자,51.8,25,0.0,85,0,0,0,53.4,12,15,1,20.0,20,1,10,10,1,0,15,0,0,10,1,0,10,1,0.0,10,1,2,10,1,-31.18,-6.77
2026-06-30,475430,키스트론,51.1,26,0.0,85,1,1,1,66.6,8,15,1,5.4,20,1,10,10,1,0,15,0,4,10,1,4,10,1,10.0,10,1,2,10,1,-35.44,-32.43
2026-06-30,011560,세보엠이씨,50.8,27,0.0,85,1,1,1,68.7,0,15,1,6.2,20,1,10,10,1,0,15,0,10,10,1,7,10,1,10.0,10,1,0,10,1,-16.21,-16.94
2026-06-30,064290,인텍플러스,50.7,28,0.0,75,1,0,1,61.7,4,15,1,20.0,20,1,0,10,0,0,15,0,7,10,1,0,10,1,7.0,10,1,0,10,1,-14.89,-10.11
2026-06-30,064850,에프앤가이드,50.1,29,0.0,85,0,1,1,62.7,4,15,1,11.6,20,1,10,10,1,0,15,0,4,10,1,7,10,1,6.0,10,1,0,10,1,-30.82,-23.28
2026-06-30,084370,유진테크,49.8,30,0.0,85,1,0,1,59.4,8,15,1,9.3,20,1,10,10,1,0,15,0,4,10,1,0,10,1,7.0,10,1,4,10,1,-27.19,-12.33
2026-06-30,086520,에코프로,49.6,31,0.0,85,0,1,0,43.3,12,15,1,13.2,20,1,8,10,1,0,15,0,0,10,1,4,10,1,3.0,10,1,2,10,1,-26.83,-18.95
2026-06-30,196170,알테오젠,49.3,32,0.0,75,0,1,0,51.5,8,15,1,20.0,20,1,0,10,0,0,15,0,4,10,1,0,10,1,3.0,10,1,2,10,1,-13.16,-20.08
2026-06-30,153890,져스텍,49.2,33,0.0,65,0,0,0,,8,15,1,20.0,20,1,0,10,0,0,15,0,4,10,1,0,10,1,0.0,10,0,0,10,1,-21.39,-47.84
2026-06-30,458870,씨어스,48.4,34,0.0,75,0,1,1,61.0,4,15,1,19.3,20,1,0,10,0,0,15,0,0,10,1,7,10,1,6.0,10,1,0,10,1,-13.89,-17.58
2026-06-30,009420,한올바이오파마,48.2,35,0.0,85,1,1,0,58.0,4,15,1,20.0,20,1,8,10,1,0,15,0,0,10,1,0,10,1,7.0,10,1,2,10,1,-5.93,-12.82
2026-06-30,000400,롯데손해보험,48.0,36,0.0,85,0,1,0,62.5,4,15,1,9.8,20,1,10,10,1,0,15,0,4,10,1,10,10,1,3.0,10,1,0,10,1,-7.03,20.18
2026-06-30,043260,성호전자,47.1,37,0.0,85,0,0,0,38.1,8,15,1,20.0,20,1,10,10,1,0,15,0,0,10,1,0,10,1,0.0,10,1,2,10,1,-36.96,-32.21
2026-06-30,005440,현대지에프홀딩스,47.1,38,0.0,85,0,1,1,67.2,4,15,1,6.0,20,1,10,10,1,0,15,0,10,10,1,4,10,1,6.0,10,1,0,10,1,-11.0,-13.65
2026-06-30,010960,삼호개발,47.1,39,0.0,85,0,1,1,47.6,0,15,1,20.0,20,1,10,10,1,0,15,0,0,10,1,4,10,1,6.0,10,1,0,10,1,36.81,13.96
2026-06-30,036930,주성엔지니어링,46.8,40,0.0,85,0,0,0,53.4,15,15,1,10.8,20,1,10,10,1,0,15,0,0,10,1,0,10,1,0.0,10,1,4,10,1,-20.4,4.23
2026-06-30,025560,미래산업,46.7,41,0.0,75,1,1,1,73.8,4,15,1,4.0,20,1,0,10,0,0,15,0,10,10,1,7,10,1,10.0,10,1,0,10,1,-30.76,-30.76
2026-06-30,001210,금호전기,45.8,42,5.0,75,0,1,1,85.3,8,15,1,4.1,20,1,0,10,0,0,15,0,10,10,1,10,10,1,6.0,10,1,0,10,1,10.9,-23.85
2026-06-30,013580,계룡건설,45.8,43,0.0,85,0,1,1,58.4,4,15,1,8.9,20,1,10,10,1,0,15,0,0,10,1,10,10,1,6.0,10,1,0,10,1,-11.5,-15.31
2026-06-30,247540,에코프로비엠,45.3,44,0.0,75,0,0,0,37.2,8,15,1,20.0,20,1,0,10,0,0,15,0,0,10,1,4,10,1,0.0,10,1,2,10,1,-20.98,-15.16
2026-06-30,475150,SK이터닉스,45.1,45,0.0,85,0,1,1,56.7,15,15,1,5.3,20,1,8,10,1,0,15,0,0,10,1,0,10,1,6.0,10,1,4,10,1,-20.31,3.09
2026-06-30,067310,하나마이크론,45.1,46,0.0,75,1,0,1,54.4,8,15,1,11.8,20,1,0,10,0,0,15,0,0,10,1,0,10,1,7.0,10,1,7,10,1,-31.49,-21.36
2026-06-30,006400,삼성SDI,44.7,47,0.0,85,0,0,0,42.6,12,15,1,16.0,20,1,10,10,1,0,15,0,0,10,1,0,10,1,0.0,10,1,0,10,1,-15.4,-6.78
2026-06-30,042660,한화오션,44.7,48,0.0,85,0,0,0,40.5,8,15,1,20.0,20,1,10,10,1,0,15,0,0,10,1,0,10,1,0.0,10,1,0,10,1,-18.25,-18.25
2026-06-30,001820,삼화콘덴서,44.6,49,0.0,85,1,0,1,58.4,12,15,1,6.9,20,1,10,10,1,0,15,0,0,10,1,0,10,1,7.0,10,1,2,10,1,-32.65,-35.96
2026-06-30,383310,에코프로에이치엔,44.0,50,0.0,85,0,1,1,54.7,4,15,1,13.4,20,1,10,10,1,0,15,0,4,10,1,0,10,1,6.0,10,1,0,10,1,-18.74,-15.12
2026-06-30,010950,S-Oil,43.5,51,0.0,85,0,0,1,49.1,4,15,1,20.0,20,1,10,10,1,0,15,0,0,10,1,0,10,1,3.0,10,1,0,10,1,23.68,31.95
2026-06-30,036570,NC,43.5,52,0.0,85,0,0,1,49.2,4,15,1,20.0,20,1,10,10,1,0,15,0,0,10,1,0,10,1,3.0,10,1,0,10,1,0.39,-12.04
2026-06-30,263750,펄어비스,43.5,53,0.0,85,0,1,0,32.1,4,15,1,20.0,20,1,10,10,1,0,15,0,0,10,1,0,10,1,3.0,10,1,0,10,1,0.41,-4.42
2026-06-30,278470,에이피알,43.1,54,0.0,85,0,0,0,49.2,8,15,1,14.6,20,1,10,10,1,0,15,0,0,10,1,0,10,1,0.0,10,1,4,10,1,0.0,0.0
2026-06-30,089030,테크윙,42.7,55,0.0,75,0,0,0,47.5,8,15,1,20.0,20,1,0,10,0,0,15,0,0,10,1,0,10,1,0.0,10,1,4,10,1,-29.2,-3.17
2026-06-30,122350,삼기,42.7,56,0.0,85,0,1,1,60.9,4,15,1,7.3,20,1,10,10,1,0,15,0,0,10,1,7,10,1,6.0,10,1,2,10,1,14.84,22.58
2026-06-30,352820,하이브,42.4,57,0.0,85,0,0,0,39.4,4,15,1,20.0,20,1,10,10,1,0,15,0,0,10,1,0,10,1,0.0,10,1,2,10,1,19.73,8.28
2026-06-30,010120,LS ELECTRIC,42.2,58,0.0,85,0,1,0,43.9,12,15,1,6.9,20,1,10,10,1,0,15,0,0,10,1,0,10,1,3.0,10,1,4,10,1,-22.9,-15.34
2026-06-30,032830,삼성생명,41.4,59,0.0,85,1,0,0,50.0,12,15,1,7.2,20,1,10,10,1,0,15,0,0,10,1,0,10,1,4.0,10,1,2,10,1,-13.72,-15.84
2026-06-30,097230,HJ중공업,41.3,60,0.0,75,0,1,0,43.1,4,15,1,20.0,20,1,0,10,0,0,15,0,0,10,1,4,10,1,3.0,10,1,0,10,1,-16.13,-21.49
2026-06-30,122640,예스티,41.3,61,0.0,75,1,0,1,55.9,4,15,1,20.0,20,1,0,10,0,0,15,0,0,10,1,0,10,1,7.0,10,1,0,10,1,-29.02,-9.77
2026-06-30,009155,삼성전기우,41.2,62,0.0,85,1,0,1,61.8,8,15,1,8.0,20,1,10,10,1,0,15,0,0,10,1,0,10,1,7.0,10,1,2,10,1,-32.2,-35.72
2026-06-30,373220,LG에너지솔루션,41.1,63,0.0,75,0,0,0,43.4,12,15,1,16.8,20,1,0,10,0,0,15,0,0,10,1,0,10,1,0.0,10,1,2,10,1,-12.85,-7.46
2026-06-30,270520,앱튼,40.9,64,0.0,75,0,1,1,73.5,4,15,1,0.7,20,1,0,10,0,0,15,0,10,10,1,10,10,1,6.0,10,1,0,10,1,12.01,34.87
2026-06-30,091590,남화토건,40.7,65,0.0,75,1,1,0,67.6,4,15,1,19.5,20,1,0,10,0,0,15,0,0,10,1,0,10,1,7.0,10,1,0,10,1,37.11,-7.96
2026-06-30,007660,이수페타시스,40.5,66,0.0,85,0,0,0,47.2,8,15,1,9.4,20,1,10,10,1,0,15,0,0,10,1,0,10,1,0.0,10,1,7,10,1,-23.92,-11.53
2026-06-30,068270,셀트리온,40.4,67,0.0,85,0,1,0,47.6,8,15,1,11.3,20,1,8,10,1,0,15,0,0,10,1,0,10,1,3.0,10,1,4,10,1,2.02,1.38
2026-06-30,121440,골프존홀딩스,40.3,68,5.0,75,0,1,1,80.7,4,15,1,4.0,20,1,0,10,0,0,15,0,10,10,1,10,10,1,6.0,10,1,0,10,1,0.3,0.45
2026-06-30,141080,리가켐바이오,40.0,69,0.0,75,0,1,1,50.6,8,15,1,16.0,20,1,0,10,0,0,15,0,0,10,1,0,10,1,6.0,10,1,0,10,1,-19.68,-25.95
2026-06-30,126640,화신정공,40.0,70,0.0,85,0,0,0,54.6,4,15,1,20.0,20,1,10,10,1,0,15,0,0,10,1,0,10,1,0.0,10,1,0,10,1,-19.1,-9.78
2026-06-30,004170,신세계,40.0,71,0.0,85,1,0,0,64.9,4,15,1,7.0,20,1,10,10,1,0,15,0,7,10,1,0,10,1,4.0,10,1,2,10,1,-17.22,-19.21
2026-06-30,267270,HD건설기계,40.0,72,0.0,85,0,0,0,39.6,4,15,1,20.0,20,1,10,10,1,0,15,0,0,10,1,0,10,1,0.0,10,1,0,10,1,0.4,3.77
2026-06-30,096770,SK이노베이션,40.0,73,0.0,85,0,0,0,38.4,4,15,1,20.0,20,1,10,10,1,0,15,0,0,10,1,0,10,1,0.0,10,1,0,10,1,5.16,23.29
2026-06-30,010060,OCI홀딩스,40.0,74,0.0,85,0,0,0,38.6,4,15,1,20.0,20,1,10,10,1,0,15,0,0,10,1,0,10,1,0.0,10,1,0,10,1,-15.85,-5.13
2026-06-30,098460,고영,40.0,75,0.0,85,0,0,0,46.5,4,15,1,20.0,20,1,10,10,1,0,15,0,0,10,1,0,10,1,0.0,10,1,0,10,1,-21.75,-11.11
2026-06-30,356860,티엘비,40.0,76,0.0,85,0,0,0,42.5,4,15,1,20.0,20,1,10,10,1,0,15,0,0,10,1,0,10,1,0.0,10,1,0,10,1,-22.96,6.32
2026-06-30,131970,두산테스나,40.0,77,0.0,85,0,0,0,39.2,4,15,1,20.0,20,1,10,10,1,0,15,0,0,10,1,0,10,1,0.0,10,1,0,10,1,-21.75,-16.85
2026-06-30,126340,비나텍,40.0,78,0.0,85,0,0,0,33.7,4,15,1,20.0,20,1,10,10,1,0,15,0,0,10,1,0,10,1,0.0,10,1,0,10,1,-14.48,-18.34
2026-06-30,004710,한솔테크닉스,40.0,79,0.0,85,0,0,0,47.5,4,15,1,20.0,20,1,10,10,1,0,15,0,0,10,1,0,10,1,0.0,10,1,0,10,1,-27.0,-8.17
2026-06-30,008770,호텔신라,40.0,80,0.0,85,0,0,0,37.8,4,15,1,20.0,20,1,10,10,1,0,15,0,0,10,1,0,10,1,0.0,10,1,0,10,1,9.23,0.11
2026-06-30,218410,RFHIC,40.0,81,0.0,85,0,0,0,35.0,4,15,1,20.0,20,1,10,10,1,0,15,0,0,10,1,0,10,1,0.0,10,1,0,10,1,-21.84,-18.99
2026-06-30,060260,뉴보텍,40.0,82,0.0,75,0,1,1,71.3,0,15,1,4.0,20,1,0,10,0,0,15,0,10,10,1,10,10,1,6.0,10,1,0,10,1,-9.38,-12.57
2026-06-30,047040,대우건설,39.6,83,0.0,85,0,0,0,40.0,8,15,1,13.7,20,1,10,10,1,0,15,0,0,10,1,0,10,1,0.0,10,1,2,10,1,-15.98,-13.8
2026-06-30,483650,달바글로벌,39.6,84,0.0,85,1,1,1,59.3,4,15,1,7.7,20,1,10,10,1,0,15,0,0,10,1,0,10,1,10.0,10,1,2,10,1,-6.05,-14.3
2026-06-30,099220,SDN,39.6,85,0.0,75,0,1,1,48.6,4,15,1,9.7,20,1,0,10,0,0,15,0,0,10,1,10,10,1,6.0,10,1,0,10,1,-22.22,-26.87
2026-06-30,029460,케이씨,39.4,86,0.0,85,0,1,1,59.4,0,15,1,7.5,20,1,10,10,1,0,15,0,0,10,1,10,10,1,6.0,10,1,0,10,1,-24.23,-12.89
2026-06-30,403870,HPSP,39.1,87,0.0,85,0,0,0,48.9,12,15,1,6.2,20,1,8,10,1,0,15,0,0,10,1,0,10,1,0.0,10,1,7,10,1,-29.17,-13.52
2026-06-30,003490,대한항공,39.1,88,0.0,75,1,1,0,52.4,4,15,1,12.3,20,1,0,10,0,0,15,0,4,10,1,0,10,1,7.0,10,1,2,10,1,2.18,-3.27
2026-06-30,003670,포스코퓨처엠,38.8,89,0.0,85,0,0,0,40.2,8,15,1,20.0,20,1,3,10,1,0,15,0,0,10,1,0,10,1,0.0,10,1,2,10,1,-17.6,-12.76
2026-06-30,019210,와이지-원,38.8,90,0.0,85,1,1,1,62.1,4,15,1,5.0,20,1,10,10,1,0,15,0,4,10,1,0,10,1,10.0,10,1,0,10,1,0.92,9.63
2026-06-30,004310,현대약품,38.8,91,0.0,85,0,0,1,38.4,0,15,1,20.0,20,1,10,10,1,0,15,0,0,10,1,0,10,1,3.0,10,1,0,10,1,-20.94,17.1
2026-06-30,000720,현대건설,37.8,92,0.0,85,0,0,0,41.1,8,15,1,12.1,20,1,10,10,1,0,15,0,0,10,1,0,10,1,0.0,10,1,2,10,1,-11.82,-11.21
2026-06-30,096530,씨젠,37.6,93,0.0,85,1,1,0,54.7,0,15,1,20.0,20,1,1,10,1,0,15,0,4,10,1,0,10,1,7.0,10,1,0,10,1,-4.88,-1.52
2026-06-30,028260,삼성물산,37.3,94,0.0,85,1,0,1,52.2,12,15,1,4.7,20,1,8,10,1,0,15,0,0,10,1,0,10,1,7.0,10,1,0,10,1,-15.69,-21.66
2026-06-30,010170,대한광통신,37.3,95,0.0,75,0,0,0,35.9,8,15,1,20.0,20,1,0,10,0,0,15,0,0,10,1,0,10,1,0.0,10,1,0,10,1,-21.67,-11.52
2026-06-30,178320,서진시스템,37.3,96,0.0,75,0,0,0,36.1,8,15,1,20.0,20,1,0,10,0,0,15,0,0,10,1,0,10,1,0.0,10,1,0,10,1,-16.95,-20.1
2026-06-30,011070,LG이노텍,37.2,97,0.0,85,0,0,0,47.9,12,15,1,7.6,20,1,10,10,1,0,15,0,0,10,1,0,10,1,0.0,10,1,2,10,1,-22.22,-29.87
2026-06-30,267250,HD현대,37.2,98,0.0,85,0,0,0,31.7,8,15,1,9.6,20,1,10,10,1,0,15,0,0,10,1,4,10,1,0.0,10,1,0,10,1,-2.91,0.5
2026-06-30,006800,미래에셋증권,37.1,99,0.0,85,0,0,0,32.2,8,15,1,9.5,20,1,10,10,1,0,15,0,0,10,1,0,10,1,0.0,10,1,4,10,1,-5.26,-2.34
2026-06-30,000990,DB하이텍,36.9,100,0.0,85,0,0,1,43.4,8,15,1,6.4,20,1,10,10,1,0,15,0,0,10,1,0,10,1,3.0,10,1,4,10,1,-22.47,-16.23
2026-06-30,071050,한국금융지주,36.6,101,0.0,85,0,0,0,46.4,8,15,1,9.1,20,1,10,10,1,0,15,0,0,10,1,0,10,1,0.0,10,1,4,10,1,5.66,6.33
2026-06-30,025320,시노펙스,36.6,102,0.0,85,0,1,1,67.4,4,15,1,6.1,20,1,1,10,1,0,15,0,4,10,1,10,10,1,6.0,10,1,0,10,1,-33.0,-32.84
2026-06-30,083650,비에이치아이,36.6,103,0.0,85,0,0,0,38.2,4,15,1,17.1,20,1,10,10,1,0,15,0,0,10,1,0,10,1,0.0,10,1,0,10,1,-17.49,-17.4
2026-06-30,066570,LG전자,36.5,104,0.0,85,0,0,0,45.1,12,15,1,7.0,20,1,10,10,1,0,15,0,0,10,1,0,10,1,0.0,10,1,2,10,1,-3.55,-4.43
2026-06-30,047810,한국항공우주,36.5,105,0.0,85,0,1,0,46.7,8,15,1,8.0,20,1,10,10,1,0,15,0,0,10,1,0,10,1,3.0,10,1,2,10,1,-3.01,0.75
2026-06-30,005690,파미셀,36.5,106,0.0,85,0,1,0,43.2,0,15,1,20.0,20,1,8,10,1,0,15,0,0,10,1,0,10,1,3.0,10,1,0,10,1,-14.2,-7.56
2026-06-30,042700,한미반도체,36.4,107,0.0,85,0,0,0,41.0,12,15,1,6.9,20,1,10,10,1,0,15,0,0,10,1,0,10,1,0.0,10,1,2,10,1,-22.34,5.07
2026-06-30,950250,테라뷰,36.4,108,0.0,55,0,1,1,32.3,4,15,1,0.0,20,0,0,10,0,0,15,0,0,10,1,10,10,1,6.0,10,1,0,10,1,-11.5,-8.91
2026-06-30,228340,동양파일,36.3,109,5.0,75,1,1,0,88.5,4,15,1,0.0,20,1,0,10,0,0,15,0,10,10,1,10,10,1,7.0,10,1,0,10,1,-15.83,-26.25
2026-06-30,042520,한스바이오메드,36.3,110,0.0,75,0,1,0,42.4,4,15,1,13.2,20,1,0,10,0,0,15,0,0,10,1,7,10,1,3.0,10,1,0,10,1,12.61,10.18
2026-06-30,003230,삼양식품,36.2,111,0.0,85,0,1,1,44.5,4,15,1,6.8,20,1,10,10,1,0,15,0,0,10,1,0,10,1,6.0,10,1,4,10,1,2.41,-4.2
2026-06-30,204270,제이앤티씨,36.2,112,0.0,85,0,1,1,48.5,0,15,1,14.8,20,1,10,10,1,0,15,0,0,10,1,0,10,1,6.0,10,1,0,10,1,-20.39,-11.74
2026-06-30,108490,로보티즈,36.0,113,0.0,75,0,0,1,43.3,4,15,1,20.0,20,1,0,10,0,0,15,0,0,10,1,0,10,1,3.0,10,1,0,10,1,-25.23,-14.42
2026-06-30,397030,에이프릴바이오,36.0,114,0.0,75,0,1,0,43.2,4,15,1,20.0,20,1,0,10,0,0,15,0,0,10,1,0,10,1,3.0,10,1,0,10,1,-34.9,-34.77
2026-06-30,394420,리센스메디컬,36.0,115,0.0,75,0,0,0,38.0,4,15,1,16.0,20,1,0,10,0,0,15,0,0,10,1,7,10,1,0.0,10,1,0,10,1,-13.19,-16.77
2026-06-30,112040,위메이드,36.0,116,0.0,75,0,1,0,57.7,0,15,1,20.0,20,1,0,10,0,0,15,0,0,10,1,4,10,1,3.0,10,1,0,10,1,-9.42,-11.8
2026-06-30,070300,엑스큐어,35.9,117,0.0,75,0,1,1,49.2,0,15,1,13.9,20,1,0,10,0,0,15,0,0,10,1,7,10,1,6.0,10,1,0,10,1,15.49,-1.31
2026-06-30,012450,한화에어로스페이스,35.5,118,0.0,85,0,0,0,34.9,12,15,1,8.2,20,1,10,10,1,0,15,0,0,10,1,0,10,1,0.0,10,1,0,10,1,4.62,-6.63
2026-06-30,000500,가온전선,35.4,119,0.0,85,0,0,0,40.7,8,15,1,8.1,20,1,10,10,1,0,15,0,0,10,1,4,10,1,0.0,10,1,0,10,1,-0.43,-5.57
2026-06-30,005070,코스모신소재,35.3,120,0.0,85,0,0,0,40.8,0,15,1,20.0,20,1,10,10,1,0,15,0,0,10,1,0,10,1,0.0,10,1,0,10,1,-9.04,0.64
2026-06-30,006910,보성파워텍,35.3,121,0.0,85,0,0,0,38.3,0,15,1,20.0,20,1,10,10,1,0,15,0,0,10,1,0,10,1,0.0,10,1,0,10,1,-14.27,-5.21
2026-06-30,425420,티에프이,35.3,122,0.0,85,0,0,0,35.4,0,15,1,20.0,20,1,10,10,1,0,15,0,0,10,1,0,10,1,0.0,10,1,0,10,1,-15.04,-1.48
2026-06-30,011930,신성이엔지,35.3,123,0.0,85,0,0,0,49.9,0,15,1,20.0,20,1,10,10,1,0,15,0,0,10,1,0,10,1,0.0,10,1,0,10,1,-15.79,-12.24
2026-06-30,124500,아이티센글로벌,35.3,124,0.0,85,0,0,0,27.9,0,15,1,20.0,20,1,10,10,1,0,15,0,0,10,1,0,10,1,0.0,10,1,0,10,1,-18.97,-10.54
2026-06-30,089890,코세스,35.3,125,0.0,85,0,0,0,42.7,0,15,1,20.0,20,1,10,10,1,0,15,0,0,10,1,0,10,1,0.0,10,1,0,10,1,-15.84,-15.52
2026-06-30,003530,한화투자증권,35.3,126,0.0,85,0,0,0,34.6,0,15,1,20.0,20,1,10,10,1,0,15,0,0,10,1,0,10,1,0.0,10,1,0,10,1,-8.0,-4.72
2026-06-30,099320,쎄트렉아이,35.3,127,0.0,85,0,0,0,33.5,0,15,1,20.0,20,1,10,10,1,0,15,0,0,10,1,0,10,1,0.0,10,1,0,10,1,-16.74,-10.53
2026-06-30,348210,넥스틴,35.3,128,0.0,85,0,0,0,40.2,0,15,1,20.0,20,1,10,10,1,0,15,0,0,10,1,0,10,1,0.0,10,1,0,10,1,-21.18,-17.93
2026-06-30,003160,디아이,35.3,129,0.0,85,0,0,0,44.8,0,15,1,20.0,20,1,10,10,1,0,15,0,0,10,1,0,10,1,0.0,10,1,0,10,1,-17.32,-12.06
2026-06-30,077360,덕산하이메탈,35.3,130,0.0,85,0,0,0,38.1,0,15,1,20.0,20,1,10,10,1,0,15,0,0,10,1,0,10,1,0.0,10,1,0,10,1,-28.29,-6.54
2026-06-30,044490,태웅,35.3,131,0.0,85,0,0,0,41.7,0,15,1,20.0,20,1,10,10,1,0,15,0,0,10,1,0,10,1,0.0,10,1,0,10,1,-14.52,-6.68
2026-06-30,092870,엑시콘,35.3,132,0.0,85,0,0,0,35.2,0,15,1,20.0,20,1,10,10,1,0,15,0,0,10,1,0,10,1,0.0,10,1,0,10,1,-25.25,-7.78
2026-06-30,187870,디바이스,35.3,133,0.0,85,0,0,0,39.0,0,15,1,20.0,20,1,10,10,1,0,15,0,0,10,1,0,10,1,0.0,10,1,0,10,1,-19.01,-7.76
2026-06-30,080580,오킨스전자,35.3,134,0.0,85,0,0,0,40.1,0,15,1,20.0,20,1,10,10,1,0,15,0,0,10,1,0,10,1,0.0,10,1,0,10,1,-18.01,-3.5
2026-06-30,259960,크래프톤,35.2,135,0.0,85,0,0,0,48.9,8,15,1,5.9,20,1,10,10,1,0,15,0,0,10,1,4,10,1,0.0,10,1,2,10,1,3.81,-2.54
2026-06-30,052400,코나아이,35.2,136,0.0,85,0,1,0,44.4,0,15,1,12.9,20,1,10,10,1,0,15,0,0,10,1,4,10,1,3.0,10,1,0,10,1,-8.32,-6.02
2026-06-30,298040,효성중공업,34.9,137,0.0,85,0,0,0,47.6,8,15,1,9.7,20,1,10,10,1,0,15,0,0,10,1,0,10,1,0.0,10,1,2,10,1,-21.79,-16.58
2026-06-30,161890,한국콜마,34.8,138,0.0,85,0,1,1,69.4,4,15,1,5.6,20,1,1,10,1,0,15,0,7,10,1,4,10,1,6.0,10,1,2,10,1,12.66,7.74
2026-06-30,357780,솔브레인,34.7,139,0.0,85,0,0,1,48.0,8,15,1,6.5,20,1,10,10,1,0,15,0,0,10,1,0,10,1,3.0,10,1,2,10,1,-20.66,-16.14
2026-06-30,009830,한화솔루션,34.7,140,0.0,75,0,0,0,42.1,4,15,1,20.0,20,1,0,10,0,0,15,0,0,10,1,0,10,1,0.0,10,1,2,10,1,-12.08,-9.28
2026-06-30,062040,산일전기,34.6,141,0.0,85,0,0,0,51.9,8,15,1,7.4,20,1,10,10,1,0,15,0,0,10,1,0,10,1,0.0,10,1,4,10,1,-25.28,-24.86
2026-06-30,009540,HD한국조선해양,34.4,142,0.0,85,0,0,0,38.6,8,15,1,13.2,20,1,8,10,1,0,15,0,0,10,1,0,10,1,0.0,10,1,0,10,1,-2.86,-4.29
2026-06-30,329180,HD현대중공업,34.2,143,0.0,85,0,0,0,42.5,12,15,1,14.1,20,1,1,10,1,0,15,0,0,10,1,0,10,1,0.0,10,1,2,10,1,-12.67,-20.44
2026-06-30,006260,LS,34.2,144,0.0,85,0,0,0,42.6,8,15,1,7.1,20,1,10,10,1,0,15,0,0,10,1,0,10,1,0.0,10,1,4,10,1,-15.6,-16.55
2026-06-30,272210,한화시스템,34.2,145,0.0,85,0,0,0,31.4,8,15,1,11.1,20,1,10,10,1,0,15,0,0,10,1,0,10,1,0.0,10,1,0,10,1,-11.1,-9.86
2026-06-30,039440,에스티아이,34.1,146,0.0,85,0,0,0,48.0,0,15,1,19.0,20,1,10,10,1,0,15,0,0,10,1,0,10,1,0.0,10,1,0,10,1,-17.43,-5.46
2026-06-30,267260,HD현대일렉트릭,33.6,147,0.0,85,0,0,0,44.8,8,15,1,6.6,20,1,10,10,1,0,15,0,0,10,1,0,10,1,0.0,10,1,4,10,1,-16.26,-15.33
2026-06-30,051910,LG화학,33.5,148,0.0,85,0,0,0,38.2,8,15,1,13.5,20,1,5,10,1,0,15,0,0,10,1,0,10,1,0.0,10,1,2,10,1,-8.93,-5.54
2026-06-30,105560,KB금융,33.4,149,0.0,85,0,0,0,52.4,12,15,1,4.4,20,1,8,10,1,0,15,0,4,10,1,0,10,1,0.0,10,1,0,10,1,7.55,14.21
2026-06-30,111710,남화산업,33.3,150,0.0,75,0,1,0,63.8,8,15,1,4.0,20,1,0,10,0,0,15,0,0,10,1,10,10,1,3.0,10,1,0,10,1,-20.46,-30.46
2026-06-30,017670,SK텔레콤,33.2,151,0.0,85,0,0,0,37.7,8,15,1,8.2,20,1,10,10,1,0,15,0,0,10,1,0,10,1,0.0,10,1,2,10,1,-4.98,-3.85
2026-06-30,005490,POSCO홀딩스,33.1,152,0.0,85,0,0,0,35.6,8,15,1,8.1,20,1,10,10,1,0,15,0,0,10,1,0,10,1,0.0,10,1,2,10,1,-4.1,-0.79
2026-06-30,065170,비엘팜텍,32.9,153,0.0,75,0,1,1,64.3,4,15,1,0.7,20,1,0,10,0,0,15,0,10,10,1,4,10,1,6.0,10,1,0,10,1,1.18,3.87
2026-06-30,100840,SNT에너지,32.9,154,0.0,85,0,0,0,34.1,0,15,1,20.0,20,1,8,10,1,0,15,0,0,10,1,0,10,1,0.0,10,1,0,10,1,-15.75,-8.32
2026-06-30,026940,부국철강,32.6,155,0.0,85,0,1,0,51.4,0,15,1,14.7,20,1,10,10,1,0,15,0,0,10,1,0,10,1,3.0,10,1,0,10,1,-5.98,-14.48
2026-06-30,005380,현대차,32.5,156,0.0,85,0,0,0,34.0,15,15,1,4.6,20,1,8,10,1,0,15,0,0,10,1,0,10,1,0.0,10,1,0,10,1,-6.57,-12.32
2026-06-30,322000,HD현대에너지솔루션,32.0,157,0.0,75,0,0,0,44.6,4,15,1,20.0,20,1,0,10,0,0,15,0,0,10,1,0,10,1,0.0,10,1,0,10,1,-24.12,-12.46
2026-06-30,033160,엠케이전자,32.0,158,0.0,75,0,0,0,37.0,4,15,1,20.0,20,1,0,10,0,0,15,0,0,10,1,0,10,1,0.0,10,1,0,10,1,-25.65,-4.75
2026-06-30,417840,저스템,32.0,159,0.0,75,0,0,0,51.3,4,15,1,20.0,20,1,0,10,0,0,15,0,0,10,1,0,10,1,0.0,10,1,0,10,1,-34.56,-11.76
2026-06-30,327260,RF머트리얼즈,32.0,160,0.0,75,0,0,0,33.7,4,15,1,20.0,20,1,0,10,0,0,15,0,0,10,1,0,10,1,0.0,10,1,0,10,1,-19.06,-1.13
2026-06-30,139480,이마트,32.0,161,0.0,75,0,0,0,41.6,4,15,1,20.0,20,1,0,10,0,0,15,0,0,10,1,0,10,1,0.0,10,1,0,10,1,-1.58,-3.64
2026-06-30,457190,이수스페셜티케미컬,32.0,162,0.0,75,0,0,0,38.2,4,15,1,20.0,20,1,0,10,0,0,15,0,0,10,1,0,10,1,0.0,10,1,0,10,1,-15.8,-14.83
2026-06-30,330860,네패스아크,32.0,163,0.0,75,0,0,0,42.7,4,15,1,20.0,20,1,0,10,0,0,15,0,0,10,1,0,10,1,0.0,10,1,0,10,1,-16.73,3.61
2026-06-30,036540,SFA반도체,32.0,164,0.0,75,0,0,0,37.9,4,15,1,20.0,20,1,0,10,0,0,15,0,0,10,1,0,10,1,0.0,10,1,0,10,1,-15.4,2.37
2026-06-30,053610,프로텍,31.9,165,0.0,85,0,0,0,50.9,0,15,1,17.1,20,1,10,10,1,0,15,0,0,10,1,0,10,1,0.0,10,1,0,10,1,-27.68,-15.38
2026-06-30,131290,티에스이,31.8,166,0.0,85,0,0,1,55.6,4,15,1,15.0,20,1,1,10,1,0,15,0,4,10,1,0,10,1,3.0,10,1,0,10,1,-6.13,16.36
2026-06-30,052710,아모텍,31.6,167,0.0,75,0,0,1,39.6,4,15,1,16.7,20,1,0,10,0,0,15,0,0,10,1,0,10,1,3.0,10,1,0,10,1,-20.84,-5.4
2026-06-30,100090,SK오션플랜트,31.6,168,0.0,85,0,1,1,43.7,4,15,1,6.9,20,1,8,10,1,0,15,0,0,10,1,0,10,1,6.0,10,1,2,10,1,-10.05,-11.83
2026-06-30,419050,삼기에너지솔루션즈,31.6,169,0.0,85,0,1,0,49.8,0,15,1,13.9,20,1,10,10,1,0,15,0,0,10,1,0,10,1,3.0,10,1,0,10,1,5.31,5.78
2026-06-30,103590,일진전기,31.5,170,0.0,85,0,0,0,41.6,4,15,1,8.8,20,1,10,10,1,0,15,0,0,10,1,4,10,1,0.0,10,1,0,10,1,-17.69,-16.51
2026-06-30,241790,티이엠씨씨엔에스,31.5,171,0.0,85,0,1,1,47.1,0,15,1,6.8,20,1,10,10,1,0,15,0,0,10,1,4,10,1,6.0,10,1,0,10,1,-24.79,-17.6
2026-06-30,066970,엘앤에프,31.3,172,0.0,75,0,0,0,37.7,4,15,1,17.5,20,1,0,10,0,0,15,0,0,10,1,0,10,1,0.0,10,1,2,10,1,-17.67,-14.71
2026-06-30,001440,대한전선,31.1,173,0.0,85,0,0,0,37.5,8,15,1,6.4,20,1,10,10,1,0,15,0,0,10,1,0,10,1,0.0,10,1,2,10,1,-16.81,-11.65
2026-06-30,189300,인텔리안테크,31.1,174,0.0,85,0,0,0,31.8,0,15,1,16.4,20,1,10,10,1,0,15,0,0,10,1,0,10,1,0.0,10,1,0,10,1,-15.96,-13.64
2026-06-30,060370,LS마린솔루션,31.1,175,0.0,85,0,0,0,42.9,0,15,1,16.4,20,1,10,10,1,0,15,0,0,10,1,0,10,1,0.0,10,1,0,10,1,-13.26,1.66
2026-06-30,000250,삼천당제약,30.8,176,0.0,75,0,1,0,34.5,4,15,1,16.1,20,1,0,10,0,0,15,0,0,10,1,0,10,1,3.0,10,1,0,10,1,-16.37,-15.22
2026-06-30,039200,오스코텍,30.7,177,0.0,75,0,1,0,40.8,0,15,1,20.0,20,1,0,10,0,0,15,0,0,10,1,0,10,1,3.0,10,1,0,10,1,-12.55,-15.72
2026-06-30,207940,삼성바이오로직스,30.6,178,0.0,85,0,1,1,51.7,8,15,1,7.0,20,1,1,10,1,0,15,0,0,10,1,0,10,1,6.0,10,1,4,10,1,-2.01,-0.58
2026-06-30,018880,한온시스템,30.4,179,0.0,85,0,0,0,41.0,4,15,1,13.8,20,1,8,10,1,0,15,0,0,10,1,0,10,1,0.0,10,1,0,10,1,-6.78,-7.82
2026-06-30,232140,와이씨,30.4,180,0.0,85,0,0,0,37.3,0,15,1,15.8,20,1,10,10,1,0,15,0,0,10,1,0,10,1,0.0,10,1,0,10,1,-22.74,-17.49
2026-06-30,064350,현대로템,29.9,181,0.0,85,0,0,0,39.0,8,15,1,10.4,20,1,5,10,1,0,15,0,0,10,1,0,10,1,0.0,10,1,2,10,1,-2.25,-3.06
2026-06-30,122870,와이지엔터테인먼트,29.4,182,0.0,85,0,0,0,43.6,0,15,1,20.0,20,1,5,10,1,0,15,0,0,10,1,0,10,1,0.0,10,1,0,10,1,0.84,-2.04
2026-06-30,006110,삼아알미늄,29.4,183,0.0,85,0,0,0,34.4,0,15,1,20.0,20,1,5,10,1,0,15,0,0,10,1,0,10,1,0.0,10,1,0,10,1,-18.92,-16.29
2026-06-30,007810,코리아써키트,29.3,184,0.0,75,0,0,0,42.8,4,15,1,18.0,20,1,0,10,0,0,15,0,0,10,1,0,10,1,0.0,10,1,0,10,1,-32.15,-18.95
2026-06-30,071970,HD현대마린엔진,29.3,185,0.0,85,0,0,0,38.0,4,15,1,10.9,20,1,10,10,1,0,15,0,0,10,1,0,10,1,0.0,10,1,0,10,1,-4.61,-0.51
2026-06-30,277810,레인보우로보틱스,29.2,186,0.0,75,0,0,0,38.3,4,15,1,17.9,20,1,0,10,0,0,15,0,0,10,1,0,10,1,0.0,10,1,0,10,1,-17.44,-17.15
2026-06-30,030200,KT,29.2,187,0.0,75,0,0,1,43.8,4,15,1,14.9,20,1,0,10,0,0,15,0,0,10,1,0,10,1,3.0,10,1,0,10,1,4.73,-1.7
2026-06-30,100790,미래에셋벤처투자,28.9,188,0.0,85,0,0,0,30.0,4,15,1,10.6,20,1,10,10,1,0,15,0,0,10,1,0,10,1,0.0,10,1,0,10,1,-22.21,-19.89
2026-06-30,139130,iM금융지주,28.8,189,0.0,85,0,0,0,46.2,4,15,1,10.5,20,1,10,10,1,0,15,0,0,10,1,0,10,1,0.0,10,1,0,10,1,7.61,7.85
2026-06-30,058470,리노공업,28.6,190,0.0,85,0,0,0,39.6,8,15,1,6.3,20,1,8,10,1,0,15,0,0,10,1,0,10,1,0.0,10,1,2,10,1,-17.62,-7.26
2026-06-30,079550,LIG디펜스앤에어로스페이스,28.6,191,0.0,85,0,0,0,40.2,8,15,1,6.3,20,1,10,10,1,0,15,0,0,10,1,0,10,1,0.0,10,1,0,10,1,-0.7,5.29
2026-06-30,018000,유니슨,28.4,192,0.0,75,0,1,1,61.8,4,15,1,1.3,20,1,0,10,0,0,15,0,0,10,1,10,10,1,6.0,10,1,0,10,1,-24.98,-19.79
2026-06-30,005940,NH투자증권,28.4,193,0.0,85,0,0,1,44.1,4,15,1,7.1,20,1,10,10,1,0,15,0,0,10,1,0,10,1,3.0,10,1,0,10,1,4.25,5.78
2026-06-30,004020,현대제철,28.4,194,0.0,85,0,0,0,35.0,4,15,1,10.1,20,1,10,10,1,0,15,0,0,10,1,0,10,1,0.0,10,1,0,10,1,-4.27,-5.34
2026-06-30,475040,스트라드비젼,28.3,195,0.0,65,0,0,0,,8,15,1,0.4,20,1,0,10,0,0,15,0,10,10,1,0,10,1,0.0,10,0,0,10,1,-38.06,-49.93
2026-06-30,271560,오리온,28.1,196,0.0,85,0,1,0,49.5,4,15,1,4.9,20,1,8,10,1,0,15,0,4,10,1,0,10,1,3.0,10,1,0,10,1,6.37,-3.64
2026-06-30,001120,LX인터내셔널,28.1,197,0.0,85,0,1,0,40.6,4,15,1,6.9,20,1,10,10,1,0,15,0,0,10,1,0,10,1,3.0,10,1,0,10,1,-0.27,-0.27
2026-06-30,389260,대명에너지,28.1,198,0.0,85,0,1,1,49.9,0,15,1,7.9,20,1,10,10,1,0,15,0,0,10,1,0,10,1,6.0,10,1,0,10,1,-23.06,-15.41
2026-06-30,052690,한전기술,28.0,199,0.0,85,0,0,0,39.1,4,15,1,9.8,20,1,10,10,1,0,15,0,0,10,1,0,10,1,0.0,10,1,0,10,1,-12.05,-11.96
2026-06-30,095340,ISC,27.9,200,0.0,85,0,0,0,41.6,8,15,1,7.7,20,1,8,10,1,0,15,0,0,10,1,0,10,1,0.0,10,1,0,10,1,-24.3,-12.67
2026-07-01,222800,심텍,84.0,1,0.0,75,1,1,1,67.8,12,15,1,20.0,20,1,0,10,0,0,15,0,10,10,1,4,10,1,10.0,10,1,7,10,1,-25.05,-31.72
2026-07-01,240810,원익IPS,80.0,2,0.0,75,1,1,0,57.8,15,15,1,20.0,20,1,0,10,0,0,15,0,4,10,1,7,10,1,7.0,10,1,7,10,1,-36.65,-15.04
2026-07-01,089970,브이엠,73.3,3,0.0,75,1,1,1,71.3,8,15,1,20.0,20,1,0,10,0,0,15,0,10,10,1,0,10,1,10.0,10,1,7,10,1,-27.65,-9.52
2026-07-01,010960,삼호개발,70.6,4,0.0,85,0,1,1,68.5,4,15,1,20.0,20,1,10,10,1,0,15,0,10,10,1,10,10,1,6.0,10,1,0,10,1,-6.26,-20.07
2026-07-01,036930,주성엔지니어링,68.6,5,0.0,85,0,0,1,62.3,15,15,1,12.3,20,1,10,10,1,0,15,0,4,10,1,7,10,1,3.0,10,1,7,10,1,-26.28,-22.36
2026-07-01,084370,유진테크,68.6,6,0.0,85,1,1,1,64.9,8,15,1,9.3,20,1,10,10,1,0,15,0,10,10,1,4,10,1,10.0,10,1,7,10,1,-28.81,-28.91
2026-07-01,281820,케이씨텍,67.9,7,0.0,85,1,1,1,72.2,8,15,1,11.7,20,1,10,10,1,0,15,0,10,10,1,4,10,1,10.0,10,1,4,10,1,-28.94,-14.21
2026-07-01,058730,다스코,67.8,8,0.0,85,0,1,1,63.7,8,15,1,15.6,20,1,10,10,1,0,15,0,4,10,1,7,10,1,6.0,10,1,7,10,1,14.81,4.51
2026-07-01,214450,파마리서치,65.5,9,0.0,85,0,1,1,70.3,8,15,1,7.7,20,1,10,10,1,0,15,0,10,10,1,7,10,1,6.0,10,1,7,10,1,-15.69,-8.19
2026-07-01,402340,SK스퀘어,65.3,10,0.0,75,1,0,1,61.6,15,15,1,20.0,20,1,0,10,0,0,15,0,0,10,1,0,10,1,7.0,10,1,7,10,1,-24.47,-31.02
2026-07-01,319660,피에스케이,64.0,11,0.0,85,1,1,1,71.2,8,15,1,9.4,20,1,10,10,1,0,15,0,10,10,1,0,10,1,10.0,10,1,7,10,1,-28.04,-7.61
2026-07-01,009150,삼성전기,63.5,12,0.0,85,1,0,1,65.6,15,15,1,8.0,20,1,10,10,1,0,15,0,7,10,1,0,10,1,7.0,10,1,7,10,1,-32.29,-42.09
2026-07-01,005930,삼성전자,62.4,13,0.0,85,1,0,0,48.5,15,15,1,20.0,20,1,10,10,1,0,15,0,0,10,1,0,10,1,4.0,10,1,4,10,1,-11.61,-18.92
2026-07-01,005935,삼성전자우,62.4,14,0.0,85,1,0,0,49.0,15,15,1,20.0,20,1,10,10,1,0,15,0,0,10,1,0,10,1,4.0,10,1,4,10,1,-9.24,-15.89
2026-07-01,000660,SK하이닉스,61.3,15,0.0,75,1,0,1,55.9,15,15,1,20.0,20,1,0,10,0,0,15,0,0,10,1,0,10,1,7.0,10,1,4,10,1,-14.61,-28.05
2026-07-01,034730,SK,61.3,16,0.0,75,1,1,1,58.6,12,15,1,20.0,20,1,0,10,0,0,15,0,0,10,1,0,10,1,10.0,10,1,4,10,1,-20.05,-23.98
2026-07-01,007660,이수페타시스,60.5,17,0.0,85,0,1,1,59.2,12,15,1,9.4,20,1,10,10,1,0,15,0,0,10,1,7,10,1,6.0,10,1,7,10,1,-30.93,-30.78
2026-07-01,420770,기가비스,60.0,18,0.0,85,1,1,1,73.0,4,15,1,20.0,20,1,10,10,1,0,15,0,7,10,1,0,10,1,10.0,10,1,0,10,1,-19.93,-13.95
2026-07-01,004440,삼일씨엔에스,58.8,19,0.0,85,0,1,1,76.4,4,15,1,20.0,20,1,10,10,1,0,15,0,0,10,1,10,10,1,6.0,10,1,0,10,1,-27.2,-32.4
2026-07-01,017510,세명전기,58.8,20,0.0,85,0,1,1,47.7,4,15,1,20.0,20,1,10,10,1,0,15,0,0,10,1,10,10,1,6.0,10,1,0,10,1,-21.39,-23.47
2026-07-01,093370,후성,58.7,21,0.0,75,1,0,0,52.8,12,15,1,20.0,20,1,0,10,0,0,15,0,0,10,1,4,10,1,4.0,10,1,4,10,1,-31.6,-32.47
2026-07-01,122640,예스티,58.7,22,0.0,75,1,1,0,61.7,8,15,1,20.0,20,1,0,10,0,0,15,0,7,10,1,0,10,1,7.0,10,1,2,10,1,-36.43,-26.75
2026-07-01,064290,인텍플러스,58.7,23,0.0,75,1,1,1,63.5,4,15,1,20.0,20,1,0,10,0,0,15,0,10,10,1,0,10,1,10.0,10,1,0,10,1,-20.41,-19.79
2026-07-01,010120,LS ELECTRIC,57.5,24,0.0,85,0,1,1,50.0,15,15,1,6.9,20,1,10,10,1,0,15,0,0,10,1,4,10,1,6.0,10,1,7,10,1,-28.12,-27.89
2026-07-01,475150,SK이터닉스,56.8,25,0.0,85,0,1,1,62.2,15,15,1,5.3,20,1,8,10,1,0,15,0,0,10,1,7,10,1,6.0,10,1,7,10,1,-28.45,-12.46
2026-07-01,290650,엘앤씨바이오,56.5,26,0.0,85,1,1,1,57.6,4,15,1,20.0,20,1,10,10,1,0,15,0,4,10,1,0,10,1,10.0,10,1,0,10,1,-23.04,-21.72
2026-07-01,041830,인바디,55.3,27,0.0,85,1,1,1,76.2,4,15,1,6.0,20,1,10,10,1,0,15,0,10,10,1,7,10,1,10.0,10,1,0,10,1,-10.48,-12.58
2026-07-01,039440,에스티아이,54.1,28,0.0,85,0,1,1,55.6,4,15,1,19.0,20,1,10,10,1,0,15,0,0,10,1,7,10,1,6.0,10,1,0,10,1,-24.05,-21.52
2026-07-01,095610,테스,54.0,29,0.0,85,1,1,1,70.5,8,15,1,7.9,20,1,3,10,1,0,15,0,10,10,1,0,10,1,10.0,10,1,7,10,1,-31.92,-8.78
2026-07-01,278470,에이피알,53.6,30,0.0,85,0,1,1,54.9,8,15,1,14.6,20,1,10,10,1,0,15,0,0,10,1,0,10,1,6.0,10,1,7,10,1,-10.42,-3.68
2026-07-01,062040,산일전기,53.4,31,0.0,85,0,1,1,59.6,8,15,1,7.4,20,1,10,10,1,0,15,0,0,10,1,7,10,1,6.0,10,1,7,10,1,-31.32,-34.99
2026-07-01,066980,한성크린텍,52.5,32,0.0,85,1,1,1,67.2,4,15,1,9.6,20,1,1,10,1,0,15,0,10,10,1,10,10,1,10.0,10,1,0,10,1,-18.06,-34.25
2026-07-01,347700,스피어,51.9,33,0.0,75,0,1,1,48.1,8,15,1,10.9,20,1,0,10,0,0,15,0,0,10,1,10,10,1,6.0,10,1,4,10,1,-33.73,-32.66
2026-07-01,089890,코세스,51.8,34,0.0,85,0,0,1,55.9,4,15,1,20.0,20,1,10,10,1,0,15,0,0,10,1,7,10,1,3.0,10,1,0,10,1,-24.86,-35.81
2026-07-01,039030,이오테크닉스,51.2,35,0.0,85,0,0,0,44.3,12,15,1,12.5,20,1,10,10,1,0,15,0,0,10,1,7,10,1,0.0,10,1,2,10,1,-21.26,-20.92
2026-07-01,011560,세보엠이씨,50.8,36,0.0,85,1,1,1,70.6,0,15,1,6.2,20,1,10,10,1,0,15,0,10,10,1,7,10,1,10.0,10,1,0,10,1,-18.78,-21.47
2026-07-01,089030,테크윙,50.7,37,0.0,75,0,0,1,53.9,8,15,1,20.0,20,1,0,10,0,0,15,0,0,10,1,0,10,1,3.0,10,1,7,10,1,-32.45,-15.75
2026-07-01,023410,유진기업,50.7,38,0.0,75,0,1,1,68.1,8,15,1,4.0,20,1,0,10,0,0,15,0,10,10,1,10,10,1,6.0,10,1,0,10,1,-24.47,-25.25
2026-07-01,004170,신세계,50.6,39,0.0,85,1,0,0,67.0,8,15,1,7.0,20,1,10,10,1,0,15,0,10,10,1,0,10,1,4.0,10,1,4,10,1,-21.91,-24.1
2026-07-01,067310,하나마이크론,50.4,40,0.0,75,1,0,1,56.5,8,15,1,11.8,20,1,0,10,0,0,15,0,4,10,1,0,10,1,7.0,10,1,7,10,1,-31.38,-30.31
2026-07-01,080220,제주반도체,50.1,41,0.0,85,0,0,0,51.6,12,15,1,18.6,20,1,10,10,1,0,15,0,0,10,1,0,10,1,0.0,10,1,2,10,1,-24.78,-20.72
2026-07-01,000990,DB하이텍,49.9,42,0.0,85,0,0,1,39.4,12,15,1,6.4,20,1,10,10,1,0,15,0,0,10,1,7,10,1,3.0,10,1,4,10,1,-12.39,-17.72
2026-07-01,002990,금호건설,49.9,43,5.0,85,1,1,1,92.3,8,15,1,10.7,20,1,1,10,1,0,15,0,10,10,1,0,10,1,10.0,10,1,7,10,1,19.05,-25.03
2026-07-01,031980,피에스케이홀딩스,49.8,44,0.0,85,1,1,1,65.5,4,15,1,6.3,20,1,10,10,1,0,15,0,10,10,1,0,10,1,10.0,10,1,2,10,1,-30.81,-13.87
2026-07-01,086520,에코프로,49.6,45,0.0,85,0,0,0,37.5,12,15,1,13.2,20,1,8,10,1,0,15,0,0,10,1,7,10,1,0.0,10,1,2,10,1,-14.62,-13.98
2026-07-01,353200,대덕전자,49.4,46,0.0,85,0,0,0,53.8,8,15,1,20.0,20,1,10,10,1,0,15,0,0,10,1,0,10,1,0.0,10,1,4,10,1,-27.46,-10.62
2026-07-01,043260,성호전자,49.4,47,0.0,85,0,0,0,39.8,8,15,1,20.0,20,1,10,10,1,0,15,0,0,10,1,0,10,1,0.0,10,1,4,10,1,-34.77,-41.73
2026-07-01,352820,하이브,49.4,48,0.0,85,0,0,0,45.9,8,15,1,20.0,20,1,10,10,1,0,15,0,0,10,1,0,10,1,0.0,10,1,4,10,1,5.88,2.21
2026-07-01,247540,에코프로비엠,49.3,49,0.0,75,0,0,0,34.4,8,15,1,20.0,20,1,0,10,0,0,15,0,0,10,1,7,10,1,0.0,10,1,2,10,1,-15.98,-15.3
2026-07-01,196170,알테오젠,49.3,50,0.0,75,0,1,0,50.6,8,15,1,20.0,20,1,0,10,0,0,15,0,4,10,1,0,10,1,3.0,10,1,2,10,1,-16.2,-22.77
2026-07-01,091590,남화토건,48.7,51,0.0,75,1,1,0,75.1,0,15,1,19.5,20,1,0,10,0,0,15,0,10,10,1,0,10,1,7.0,10,1,0,10,1,-7.89,-38.21
2026-07-01,009420,한올바이오파마,48.2,52,0.0,85,1,1,0,57.2,4,15,1,20.0,20,1,8,10,1,0,15,0,0,10,1,0,10,1,7.0,10,1,2,10,1,-9.74,-14.29
2026-07-01,006910,보성파워텍,48.2,53,0.0,85,0,1,0,45.1,4,15,1,20.0,20,1,10,10,1,0,15,0,0,10,1,4,10,1,3.0,10,1,0,10,1,-19.45,-18.7
2026-07-01,001260,남광토건,48.2,54,0.0,85,0,1,1,66.5,4,15,1,7.0,20,1,10,10,1,0,15,0,4,10,1,10,10,1,6.0,10,1,0,10,1,-4.06,-23.89
2026-07-01,001820,삼화콘덴서,48.1,55,0.0,85,1,0,0,59.7,12,15,1,6.9,20,1,10,10,1,0,15,0,0,10,1,4,10,1,4.0,10,1,4,10,1,-34.98,-44.05
2026-07-01,009830,한화솔루션,48.0,56,0.0,75,0,0,0,46.9,8,15,1,20.0,20,1,0,10,0,0,15,0,0,10,1,4,10,1,0.0,10,1,4,10,1,-14.68,-23.55
2026-07-01,322000,HD현대에너지솔루션,48.0,57,0.0,75,0,1,1,49.8,8,15,1,20.0,20,1,0,10,0,0,15,0,0,10,1,0,10,1,6.0,10,1,2,10,1,-29.24,-27.66
2026-07-01,042660,한화오션,47.1,58,0.0,85,0,0,0,42.7,8,15,1,20.0,20,1,10,10,1,0,15,0,0,10,1,0,10,1,0.0,10,1,2,10,1,-23.91,-16.07
2026-07-01,010060,OCI홀딩스,47.1,59,0.0,85,0,0,0,45.0,8,15,1,20.0,20,1,10,10,1,0,15,0,0,10,1,0,10,1,0.0,10,1,2,10,1,-23.67,-19.04
2026-07-01,098460,고영,47.1,60,0.0,85,0,0,0,50.6,8,15,1,20.0,20,1,10,10,1,0,15,0,0,10,1,0,10,1,0.0,10,1,2,10,1,-24.67,-21.55
2026-07-01,010950,S-Oil,47.1,61,0.0,85,0,1,1,52.0,4,15,1,20.0,20,1,10,10,1,0,15,0,0,10,1,0,10,1,6.0,10,1,0,10,1,21.81,32.21
2026-07-01,005440,현대지에프홀딩스,47.1,62,0.0,85,0,1,1,71.1,4,15,1,6.0,20,1,10,10,1,0,15,0,10,10,1,4,10,1,6.0,10,1,0,10,1,-22.05,-15.51
2026-07-01,111710,남화산업,46.7,63,0.0,75,1,1,0,72.7,4,15,1,4.0,20,1,0,10,0,0,15,0,10,10,1,10,10,1,7.0,10,1,0,10,1,-42.37,-51.13
2026-07-01,001440,대한전선,46.4,64,0.0,85,0,1,0,44.4,12,15,1,6.4,20,1,10,10,1,0,15,0,0,10,1,4,10,1,3.0,10,1,4,10,1,-24.46,-24.73
2026-07-01,005690,파미셀,45.9,65,0.0,85,0,1,0,47.5,4,15,1,20.0,20,1,8,10,1,0,15,0,0,10,1,4,10,1,3.0,10,1,0,10,1,-18.07,-18.52
2026-07-01,001210,금호전기,45.8,66,5.0,75,0,1,1,88.7,8,15,1,4.1,20,1,0,10,0,0,15,0,10,10,1,10,10,1,6.0,10,1,0,10,1,-5.26,-35.64
2026-07-01,013580,계룡건설,45.8,67,0.0,85,0,1,1,62.9,4,15,1,8.9,20,1,10,10,1,0,15,0,0,10,1,10,10,1,6.0,10,1,0,10,1,-18.07,-22.02
2026-07-01,047040,대우건설,45.6,68,0.0,85,0,0,1,42.0,8,15,1,13.8,20,1,10,10,1,0,15,0,0,10,1,0,10,1,3.0,10,1,4,10,1,-17.4,-21.99
2026-07-01,045100,한양이엔지,45.3,69,0.0,75,0,1,1,66.5,4,15,1,4.0,20,1,0,10,0,0,15,0,10,10,1,10,10,1,6.0,10,1,0,10,1,-24.87,-19.79
2026-07-01,475430,키스트론,45.2,70,0.0,85,1,1,1,67.7,4,15,1,5.4,20,1,10,10,1,0,15,0,7,10,1,0,10,1,10.0,10,1,2,10,1,-38.31,-38.6
2026-07-01,006400,삼성SDI,44.7,71,0.0,85,0,0,0,43.4,12,15,1,16.0,20,1,10,10,1,0,15,0,0,10,1,0,10,1,0.0,10,1,0,10,1,-18.23,-11.51
2026-07-01,037350,성도이엔지,44.6,72,0.0,85,0,1,1,63.0,4,15,1,9.9,20,1,8,10,1,0,15,0,0,10,1,10,10,1,6.0,10,1,0,10,1,-30.27,-25.0
2026-07-01,483650,달바글로벌,44.4,73,0.0,85,1,1,1,63.0,4,15,1,7.7,20,1,10,10,1,0,15,0,4,10,1,0,10,1,10.0,10,1,2,10,1,-17.23,-13.66
2026-07-01,006800,미래에셋증권,44.1,74,0.0,85,0,1,0,34.5,8,15,1,9.5,20,1,10,10,1,0,15,0,0,10,1,0,10,1,3.0,10,1,7,10,1,-7.79,-8.25
2026-07-01,068270,셀트리온,43.9,75,0.0,85,0,1,0,48.6,8,15,1,11.3,20,1,8,10,1,0,15,0,0,10,1,0,10,1,3.0,10,1,7,10,1,-0.8,0.74
2026-07-01,006360,GS건설,43.7,76,0.0,75,0,1,1,55.6,8,15,1,6.8,20,1,0,10,0,0,15,0,0,10,1,10,10,1,6.0,10,1,2,10,1,-2.82,-9.3
2026-07-01,003490,대한항공,43.7,77,0.0,75,1,0,0,53.4,8,15,1,12.8,20,1,0,10,0,0,15,0,4,10,1,0,10,1,4.0,10,1,4,10,1,-3.96,-4.68
2026-07-01,131290,티에스이,43.5,78,0.0,85,0,0,1,62.5,4,15,1,15.0,20,1,1,10,1,0,15,0,10,10,1,4,10,1,3.0,10,1,0,10,1,-18.84,2.36
2026-07-01,119850,지엔씨에너지,43.5,79,0.0,85,0,1,1,62.4,4,15,1,7.0,20,1,10,10,1,0,15,0,0,10,1,10,10,1,6.0,10,1,0,10,1,-5.21,21.9
2026-07-01,036570,NC,43.5,80,0.0,85,0,0,1,48.5,4,15,1,20.0,20,1,10,10,1,0,15,0,0,10,1,0,10,1,3.0,10,1,0,10,1,-2.35,-12.72
2026-07-01,003160,디아이,43.5,81,0.0,85,0,1,0,53.4,4,15,1,20.0,20,1,10,10,1,0,15,0,0,10,1,0,10,1,3.0,10,1,0,10,1,-25.78,-25.96
2026-07-01,011930,신성이엔지,43.5,82,0.0,85,0,0,1,54.5,4,15,1,20.0,20,1,10,10,1,0,15,0,0,10,1,0,10,1,3.0,10,1,0,10,1,-25.1,-24.76
2026-07-01,263750,펄어비스,43.5,83,0.0,85,0,1,0,39.4,4,15,1,20.0,20,1,10,10,1,0,15,0,0,10,1,0,10,1,3.0,10,1,0,10,1,-3.44,-9.54
2026-07-01,004710,한솔테크닉스,43.5,84,0.0,85,0,0,1,45.9,4,15,1,20.0,20,1,10,10,1,0,15,0,0,10,1,0,10,1,3.0,10,1,0,10,1,-23.57,-10.17
2026-07-01,322780,코퍼스코리아,43.5,85,0.0,85,0,0,1,61.8,0,15,1,4.0,20,1,10,10,1,0,15,0,10,10,1,10,10,1,3.0,10,1,0,10,1,-38.42,-17.83
2026-07-01,161890,한국콜마,43.1,86,0.0,85,1,1,1,75.6,4,15,1,5.6,20,1,1,10,1,0,15,0,10,10,1,4,10,1,10.0,10,1,2,10,1,-3.75,0.75
2026-07-01,006340,대원전선,42.7,87,0.0,75,0,1,1,60.5,12,15,1,4.0,20,1,0,10,0,0,15,0,0,10,1,10,10,1,6.0,10,1,0,10,1,-28.13,-8.73
2026-07-01,219130,타이거일렉,42.7,88,0.0,75,0,0,0,59.9,4,15,1,20.0,20,1,0,10,0,0,15,0,4,10,1,4,10,1,0.0,10,1,0,10,1,-7.4,7.4
2026-07-01,403870,HPSP,42.6,89,0.0,85,0,0,0,45.5,15,15,1,6.2,20,1,8,10,1,0,15,0,0,10,1,0,10,1,0.0,10,1,7,10,1,-21.71,-15.34
2026-07-01,298040,효성중공업,42.0,90,0.0,85,0,0,0,54.1,12,15,1,9.7,20,1,10,10,1,0,15,0,0,10,1,0,10,1,0.0,10,1,4,10,1,-25.5,-24.99
2026-07-01,000500,가온전선,41.3,91,0.0,85,0,0,0,48.7,8,15,1,8.1,20,1,10,10,1,0,15,0,0,10,1,7,10,1,0.0,10,1,2,10,1,-22.63,-34.54
2026-07-01,009155,삼성전기우,41.2,92,0.0,85,1,0,1,60.4,8,15,1,8.0,20,1,10,10,1,0,15,0,0,10,1,0,10,1,7.0,10,1,2,10,1,-31.46,-40.22
2026-07-01,028050,삼성E&A,41.1,93,0.0,85,0,1,0,55.1,12,15,1,4.9,20,1,8,10,1,0,15,0,0,10,1,7,10,1,3.0,10,1,0,10,1,-18.67,-20.99
2026-07-01,071970,HD현대마린엔진,41.1,94,0.0,85,0,1,0,51.5,4,15,1,10.9,20,1,10,10,1,0,15,0,0,10,1,7,10,1,3.0,10,1,0,10,1,-20.78,-16.28
2026-07-01,000720,현대건설,40.1,95,0.0,85,0,0,0,44.0,8,15,1,12.1,20,1,10,10,1,0,15,0,0,10,1,0,10,1,0.0,10,1,4,10,1,-16.89,-16.81
2026-07-01,083650,비에이치아이,40.1,96,0.0,85,0,1,0,45.0,4,15,1,17.1,20,1,10,10,1,0,15,0,0,10,1,0,10,1,3.0,10,1,0,10,1,-25.5,-29.39
2026-07-01,010170,대한광통신,40.0,97,0.0,75,0,0,0,38.5,8,15,1,20.0,20,1,0,10,0,0,15,0,0,10,1,0,10,1,0.0,10,1,2,10,1,-23.1,-25.63
2026-07-01,178320,서진시스템,40.0,98,0.0,75,0,0,0,41.9,8,15,1,20.0,20,1,0,10,0,0,15,0,0,10,1,0,10,1,0.0,10,1,2,10,1,-26.06,-30.32
2026-07-01,141080,리가켐바이오,40.0,99,0.0,75,0,1,1,50.8,8,15,1,16.0,20,1,0,10,0,0,15,0,0,10,1,0,10,1,6.0,10,1,0,10,1,-21.2,-30.87
2026-07-01,131970,두산테스나,40.0,100,0.0,85,0,0,0,37.8,4,15,1,20.0,20,1,10,10,1,0,15,0,0,10,1,0,10,1,0.0,10,1,0,10,1,-19.45,-22.82
2026-07-01,096770,SK이노베이션,40.0,101,0.0,85,0,0,0,42.0,4,15,1,20.0,20,1,10,10,1,0,15,0,0,10,1,0,10,1,0.0,10,1,0,10,1,1.02,23.88
2026-07-01,267270,HD건설기계,40.0,102,0.0,85,0,0,0,40.2,4,15,1,20.0,20,1,10,10,1,0,15,0,0,10,1,0,10,1,0.0,10,1,0,10,1,-3.5,3.74
2026-07-01,356860,티엘비,40.0,103,0.0,85,0,0,0,41.8,4,15,1,20.0,20,1,10,10,1,0,15,0,0,10,1,0,10,1,0.0,10,1,0,10,1,-15.5,-52.89
2026-07-01,126640,화신정공,40.0,104,0.0,85,0,0,0,51.2,4,15,1,20.0,20,1,10,10,1,0,15,0,0,10,1,0,10,1,0.0,10,1,0,10,1,-9.83,5.65
2026-07-01,077360,덕산하이메탈,40.0,105,0.0,85,0,0,0,47.0,4,15,1,20.0,20,1,10,10,1,0,15,0,0,10,1,0,10,1,0.0,10,1,0,10,1,-36.55,-25.86
2026-07-01,218410,RFHIC,40.0,106,0.0,85,0,0,0,36.7,4,15,1,20.0,20,1,10,10,1,0,15,0,0,10,1,0,10,1,0.0,10,1,0,10,1,-24.03,-28.29
2026-07-01,042940,상지건설,39.6,107,0.0,85,0,1,1,56.6,4,15,1,3.7,20,1,10,10,1,0,15,0,0,10,1,10,10,1,6.0,10,1,0,10,1,-22.42,-26.79
2026-07-01,357780,솔브레인,39.4,108,0.0,85,0,0,0,43.8,8,15,1,6.5,20,1,10,10,1,0,15,0,0,10,1,7,10,1,0.0,10,1,2,10,1,-12.85,-13.88
2026-07-01,458870,씨어스,39.1,109,0.0,75,0,1,1,62.0,4,15,1,19.3,20,1,0,10,0,0,15,0,0,10,1,0,10,1,6.0,10,1,0,10,1,-18.44,-24.59
2026-07-01,019210,와이지-원,38.8,110,0.0,85,1,1,1,59.4,4,15,1,5.0,20,1,10,10,1,0,15,0,4,10,1,0,10,1,10.0,10,1,0,10,1,4.96,9.22
2026-07-01,456040,OCI,38.8,111,0.0,85,0,1,0,46.9,0,15,1,20.0,20,1,10,10,1,0,15,0,0,10,1,0,10,1,3.0,10,1,0,10,1,-14.19,-10.29
2026-07-01,005070,코스모신소재,38.8,112,0.0,85,0,1,0,43.2,0,15,1,20.0,20,1,10,10,1,0,15,0,0,10,1,0,10,1,3.0,10,1,0,10,1,-7.05,-7.18
2026-07-01,044490,태웅,38.8,113,0.0,85,0,1,0,46.1,0,15,1,20.0,20,1,10,10,1,0,15,0,0,10,1,0,10,1,3.0,10,1,0,10,1,-19.51,-18.43
2026-07-01,099320,쎄트렉아이,38.8,114,0.0,85,0,1,0,36.2,0,15,1,20.0,20,1,10,10,1,0,15,0,0,10,1,0,10,1,3.0,10,1,0,10,1,-14.52,-16.24
2026-07-01,168360,펨트론,38.8,115,0.0,85,0,0,1,51.6,0,15,1,20.0,20,1,10,10,1,0,15,0,0,10,1,0,10,1,3.0,10,1,0,10,1,-31.84,-29.48
2026-07-01,025560,미래산업,38.7,116,0.0,75,1,1,0,70.9,4,15,1,4.0,20,1,0,10,0,0,15,0,7,10,1,7,10,1,7.0,10,1,0,10,1,-28.63,-28.63
2026-07-01,232140,와이씨,38.6,117,0.0,85,0,1,0,39.5,4,15,1,15.8,20,1,10,10,1,0,15,0,0,10,1,0,10,1,3.0,10,1,0,10,1,-25.61,-25.69
2026-07-01,336260,두산퓨얼셀,38.1,118,0.0,75,0,0,1,41.2,8,15,1,13.6,20,1,0,10,0,0,15,0,0,10,1,4,10,1,3.0,10,1,0,10,1,-27.98,-25.13
2026-07-01,058470,리노공업,38.0,119,0.0,85,0,0,0,37.3,12,15,1,6.3,20,1,8,10,1,0,15,0,0,10,1,4,10,1,0.0,10,1,2,10,1,-14.32,-11.51
2026-07-01,006260,LS,37.8,120,0.0,85,0,0,0,49.8,8,15,1,7.1,20,1,10,10,1,0,15,0,0,10,1,0,10,1,0.0,10,1,7,10,1,-21.43,-27.82
2026-07-01,389260,대명에너지,37.5,121,0.0,85,0,1,1,50.4,4,15,1,7.9,20,1,10,10,1,0,15,0,0,10,1,4,10,1,6.0,10,1,0,10,1,-23.4,-17.78
2026-07-01,204270,제이앤티씨,37.4,122,0.0,85,0,0,1,46.3,4,15,1,14.8,20,1,10,10,1,0,15,0,0,10,1,0,10,1,3.0,10,1,0,10,1,-12.34,-12.68
2026-07-01,089860,롯데렌탈,37.4,123,0.0,85,0,1,0,60.6,0,15,1,4.8,20,1,10,10,1,0,15,0,4,10,1,10,10,1,3.0,10,1,0,10,1,0.94,15.02
2026-07-01,028260,삼성물산,37.3,124,0.0,85,1,0,1,47.0,12,15,1,4.7,20,1,8,10,1,0,15,0,0,10,1,0,10,1,7.0,10,1,0,10,1,-12.79,-20.28
2026-07-01,033160,엠케이전자,37.3,125,0.0,75,0,0,0,36.2,4,15,1,20.0,20,1,0,10,0,0,15,0,0,10,1,4,10,1,0.0,10,1,0,10,1,-18.61,-12.79
2026-07-01,026940,부국철강,37.3,126,0.0,85,0,1,0,54.4,4,15,1,14.7,20,1,10,10,1,0,15,0,0,10,1,0,10,1,3.0,10,1,0,10,1,-15.98,-25.85
2026-07-01,011070,LG이노텍,37.2,127,0.0,85,0,0,0,43.6,12,15,1,7.6,20,1,10,10,1,0,15,0,0,10,1,0,10,1,0.0,10,1,2,10,1,-18.3,-26.35
2026-07-01,267260,HD현대일렉트릭,37.2,128,0.0,85,0,0,0,48.6,8,15,1,6.6,20,1,10,10,1,0,15,0,0,10,1,0,10,1,0.0,10,1,7,10,1,-19.47,-21.25
2026-07-01,005960,동부건설,36.9,129,0.0,75,0,1,1,59.4,0,15,1,11.7,20,1,0,10,0,0,15,0,0,10,1,10,10,1,6.0,10,1,0,10,1,-4.96,-8.98
2026-07-01,012450,한화에어로스페이스,36.7,130,0.0,85,0,1,0,46.8,8,15,1,8.2,20,1,10,10,1,0,15,0,0,10,1,0,10,1,3.0,10,1,2,10,1,-12.65,-13.57
2026-07-01,009540,HD한국조선해양,36.7,131,0.0,85,0,0,0,41.2,8,15,1,13.2,20,1,8,10,1,0,15,0,0,10,1,0,10,1,0.0,10,1,2,10,1,-8.65,-1.26
2026-07-01,066570,LG전자,36.5,132,0.0,85,0,0,0,42.7,12,15,1,7.0,20,1,10,10,1,0,15,0,0,10,1,0,10,1,0.0,10,1,2,10,1,-7.92,-7.4
2026-07-01,241710,코스메카코리아,36.5,133,0.0,85,0,1,1,62.8,4,15,1,6.0,20,1,8,10,1,0,15,0,0,10,1,7,10,1,6.0,10,1,0,10,1,6.08,5.21
2026-07-01,100840,SNT에너지,36.5,134,0.0,85,0,1,0,37.7,0,15,1,20.0,20,1,8,10,1,0,15,0,0,10,1,0,10,1,3.0,10,1,0,10,1,-18.24,-16.39
2026-07-01,042700,한미반도체,36.4,135,0.0,85,0,0,0,39.1,12,15,1,6.9,20,1,10,10,1,0,15,0,0,10,1,0,10,1,0.0,10,1,2,10,1,-12.58,-1.62
2026-07-01,095340,ISC,36.2,136,0.0,85,0,0,0,37.9,8,15,1,7.8,20,1,8,10,1,0,15,0,0,10,1,7,10,1,0.0,10,1,0,10,1,-16.93,-15.06
2026-07-01,003230,삼양식품,36.2,137,0.0,85,0,1,1,50.3,4,15,1,6.8,20,1,10,10,1,0,15,0,0,10,1,0,10,1,6.0,10,1,4,10,1,-5.08,-8.0
2026-07-01,108490,로보티즈,36.0,138,0.0,75,0,0,1,41.7,4,15,1,20.0,20,1,0,10,0,0,15,0,0,10,1,0,10,1,3.0,10,1,0,10,1,-18.89,-20.52
2026-07-01,153890,져스텍,36.0,139,0.0,75,0,0,1,44.9,4,15,1,20.0,20,1,0,10,0,0,15,0,0,10,1,0,10,1,3.0,10,1,0,10,1,-15.81,-48.18
2026-07-01,417840,저스템,36.0,140,0.0,75,0,0,1,52.7,4,15,1,20.0,20,1,0,10,0,0,15,0,0,10,1,0,10,1,3.0,10,1,0,10,1,-33.14,-20.92
2026-07-01,097230,HJ중공업,36.0,141,0.0,75,0,1,0,43.6,4,15,1,20.0,20,1,0,10,0,0,15,0,0,10,1,0,10,1,3.0,10,1,0,10,1,-17.83,-23.35
2026-07-01,397030,에이프릴바이오,36.0,142,0.0,75,0,1,0,41.1,4,15,1,20.0,20,1,0,10,0,0,15,0,0,10,1,0,10,1,3.0,10,1,0,10,1,-31.18,-34.8
2026-07-01,327260,RF머트리얼즈,36.0,143,0.0,75,0,1,0,39.6,4,15,1,20.0,20,1,0,10,0,0,15,0,0,10,1,0,10,1,3.0,10,1,0,10,1,-22.48,-20.14
2026-07-01,383310,에코프로에이치엔,35.8,144,0.0,85,0,1,0,50.7,4,15,1,13.4,20,1,10,10,1,0,15,0,0,10,1,0,10,1,3.0,10,1,0,10,1,-20.76,-14.99
2026-07-01,270520,앱튼,35.6,145,0.0,75,0,1,1,77.6,0,15,1,0.7,20,1,0,10,0,0,15,0,10,10,1,10,10,1,6.0,10,1,0,10,1,-4.38,22.71
2026-07-01,373220,LG에너지솔루션,35.5,146,0.0,75,0,0,0,41.1,8,15,1,16.6,20,1,0,10,0,0,15,0,0,10,1,0,10,1,0.0,10,1,2,10,1,-9.91,-4.02
2026-07-01,017670,SK텔레콤,35.5,147,0.0,85,0,0,0,37.9,8,15,1,8.2,20,1,10,10,1,0,15,0,0,10,1,0,10,1,0.0,10,1,4,10,1,-2.14,1.24
2026-07-01,071050,한국금융지주,35.4,148,0.0,85,0,0,1,49.6,4,15,1,9.1,20,1,10,10,1,0,15,0,0,10,1,0,10,1,3.0,10,1,4,10,1,-2.41,0.44
2026-07-01,008770,호텔신라,35.3,149,0.0,85,0,0,0,37.8,0,15,1,20.0,20,1,10,10,1,0,15,0,0,10,1,0,10,1,0.0,10,1,0,10,1,4.14,1.49
2026-07-01,080580,오킨스전자,35.3,150,0.0,85,0,0,0,45.1,0,15,1,20.0,20,1,10,10,1,0,15,0,0,10,1,0,10,1,0.0,10,1,0,10,1,-24.03,-18.1
2026-07-01,092870,엑시콘,35.3,151,0.0,85,0,0,0,41.2,0,15,1,20.0,20,1,10,10,1,0,15,0,0,10,1,0,10,1,0.0,10,1,0,10,1,-29.31,-23.75
2026-07-01,004310,현대약품,35.3,152,0.0,85,0,0,0,37.4,0,15,1,20.0,20,1,10,10,1,0,15,0,0,10,1,0,10,1,0.0,10,1,0,10,1,-17.95,35.71
2026-07-01,425420,티에프이,35.3,153,0.0,85,0,0,0,41.7,0,15,1,20.0,20,1,10,10,1,0,15,0,0,10,1,0,10,1,0.0,10,1,0,10,1,-18.05,-14.3
2026-07-01,124500,아이티센글로벌,35.3,154,0.0,85,0,0,0,27.2,0,15,1,20.0,20,1,10,10,1,0,15,0,0,10,1,0,10,1,0.0,10,1,0,10,1,-14.32,-12.82
2026-07-01,003530,한화투자증권,35.3,155,0.0,85,0,0,0,36.8,0,15,1,20.0,20,1,10,10,1,0,15,0,0,10,1,0,10,1,0.0,10,1,0,10,1,-12.16,-9.95
2026-07-01,462870,시프트업,35.3,156,0.0,75,1,1,1,60.7,0,15,1,6.5,20,1,0,10,0,0,15,0,10,10,1,0,10,1,10.0,10,1,0,10,1,0.0,-6.89
2026-07-01,348210,넥스틴,35.3,157,0.0,85,0,0,0,39.5,0,15,1,20.0,20,1,10,10,1,0,15,0,0,10,1,0,10,1,0.0,10,1,0,10,1,-20.8,-19.06
2026-07-01,103590,일진전기,35.1,158,0.0,85,0,1,0,48.9,4,15,1,8.8,20,1,10,10,1,0,15,0,0,10,1,4,10,1,3.0,10,1,0,10,1,-25.3,-28.66
2026-07-01,091580,상신이디피,34.7,159,0.0,85,0,1,0,46.0,0,15,1,16.5,20,1,10,10,1,0,15,0,0,10,1,0,10,1,3.0,10,1,0,10,1,-23.43,-15.77
2026-07-01,086390,유니테스트,34.6,160,0.0,85,0,0,0,41.6,0,15,1,15.4,20,1,10,10,1,0,15,0,0,10,1,4,10,1,0.0,10,1,0,10,1,-22.39,-18.83
2026-07-01,122350,삼기,34.5,161,0.0,85,0,1,1,54.8,0,15,1,7.3,20,1,10,10,1,0,15,0,0,10,1,4,10,1,6.0,10,1,2,10,1,18.88,37.97
2026-07-01,003670,포스코퓨처엠,34.1,162,0.0,85,0,0,0,38.6,4,15,1,20.0,20,1,3,10,1,0,15,0,0,10,1,0,10,1,0.0,10,1,2,10,1,-14.22,-13.28
2026-07-01,051910,LG화학,33.5,163,0.0,85,0,0,0,38.2,8,15,1,13.5,20,1,5,10,1,0,15,0,0,10,1,0,10,1,0.0,10,1,2,10,1,-10.18,-6.96
2026-07-01,030200,KT,33.2,164,0.0,75,0,1,1,47.4,4,15,1,14.9,20,1,0,10,0,0,15,0,0,10,1,0,10,1,6.0,10,1,0,10,1,8.01,-2.42
2026-07-01,005490,POSCO홀딩스,33.1,165,0.0,85,0,0,0,35.2,8,15,1,8.1,20,1,10,10,1,0,15,0,0,10,1,0,10,1,0.0,10,1,2,10,1,-5.71,-1.11
2026-07-01,259960,크래프톤,32.9,166,0.0,85,0,1,1,53.3,4,15,1,6.0,20,1,10,10,1,0,15,0,0,10,1,0,10,1,6.0,10,1,2,10,1,-2.65,-1.84
2026-07-01,052710,아모텍,32.9,167,0.0,75,0,0,0,50.3,4,15,1,16.7,20,1,0,10,0,0,15,0,0,10,1,4,10,1,0.0,10,1,0,10,1,-29.96,-31.53
2026-07-01,096530,씨젠,32.9,168,0.0,85,1,1,0,50.6,0,15,1,20.0,20,1,1,10,1,0,15,0,0,10,1,0,10,1,7.0,10,1,0,10,1,-5.05,-0.52
2026-07-01,122870,와이지엔터테인먼트,32.9,169,0.0,85,0,1,0,49.1,0,15,1,20.0,20,1,5,10,1,0,15,0,0,10,1,0,10,1,3.0,10,1,0,10,1,-6.7,-8.64
2026-07-01,081660,미스토홀딩스,32.6,170,0.0,85,1,1,1,59.4,4,15,1,5.7,20,1,1,10,1,0,15,0,7,10,1,0,10,1,10.0,10,1,0,10,1,21.58,8.93
2026-07-01,029460,케이씨,32.4,171,0.0,85,0,1,0,57.4,0,15,1,7.5,20,1,10,10,1,0,15,0,0,10,1,7,10,1,3.0,10,1,0,10,1,-20.26,-14.55
2026-07-01,064350,현대로템,32.2,172,0.0,85,0,0,0,46.8,8,15,1,10.4,20,1,5,10,1,0,15,0,0,10,1,0,10,1,0.0,10,1,4,10,1,-15.38,-16.23
2026-07-01,032830,삼성생명,32.0,173,0.0,85,0,0,0,47.4,8,15,1,7.2,20,1,10,10,1,0,15,0,0,10,1,0,10,1,0.0,10,1,2,10,1,-15.76,-14.47
2026-07-01,036540,SFA반도체,32.0,174,0.0,75,0,0,0,37.7,4,15,1,20.0,20,1,0,10,0,0,15,0,0,10,1,0,10,1,0.0,10,1,0,10,1,-15.37,-4.58
2026-07-01,330860,네패스아크,32.0,175,0.0,75,0,0,0,44.9,4,15,1,20.0,20,1,0,10,0,0,15,0,0,10,1,0,10,1,0.0,10,1,0,10,1,-10.18,-7.73
2026-07-01,457190,이수스페셜티케미컬,32.0,176,0.0,75,0,0,0,38.3,4,15,1,20.0,20,1,0,10,0,0,15,0,0,10,1,0,10,1,0.0,10,1,0,10,1,-16.08,-18.18
2026-07-01,329180,HD현대중공업,31.9,177,0.0,85,0,0,0,46.9,8,15,1,14.1,20,1,1,10,1,0,15,0,0,10,1,0,10,1,0.0,10,1,4,10,1,-17.56,-21.3
2026-07-01,450080,에코프로머티,31.9,178,0.0,85,0,0,0,33.2,4,15,1,18.1,20,1,1,10,1,0,15,0,0,10,1,4,10,1,0.0,10,1,0,10,1,-15.27,-12.89
2026-07-01,053610,프로텍,31.9,179,0.0,85,0,0,0,52.2,0,15,1,17.1,20,1,10,10,1,0,15,0,0,10,1,0,10,1,0.0,10,1,0,10,1,-28.05,-19.47
2026-07-01,047810,한국항공우주,31.8,180,0.0,85,0,1,0,53.0,4,15,1,8.0,20,1,10,10,1,0,15,0,0,10,1,0,10,1,3.0,10,1,2,10,1,-2.72,-3.24
2026-07-01,440110,파두,31.6,181,0.0,75,0,0,0,40.0,8,15,1,13.7,20,1,0,10,0,0,15,0,0,10,1,0,10,1,0.0,10,1,2,10,1,-13.08,-14.77
2026-07-01,100090,SK오션플랜트,31.6,182,0.0,85,0,1,1,47.2,4,15,1,6.9,20,1,8,10,1,0,15,0,0,10,1,0,10,1,6.0,10,1,2,10,1,-17.95,-17.71
2026-07-01,198440,강동씨앤엘,31.6,183,0.0,75,1,1,1,59.8,4,15,1,5.7,20,1,0,10,0,0,15,0,0,10,1,4,10,1,10.0,10,1,0,10,1,-12.26,-33.0
2026-07-01,060370,LS마린솔루션,31.6,184,0.0,85,0,1,0,49.5,0,15,1,13.9,20,1,10,10,1,0,15,0,0,10,1,0,10,1,3.0,10,1,0,10,1,-8.49,-9.0
2026-07-01,419050,삼기에너지솔루션즈,31.6,185,0.0,85,0,1,0,50.6,0,15,1,13.9,20,1,10,10,1,0,15,0,0,10,1,0,10,1,3.0,10,1,0,10,1,6.42,-2.21
2026-07-01,021240,코웨이,31.5,186,0.0,85,0,1,0,60.5,4,15,1,4.8,20,1,8,10,1,0,15,0,7,10,1,0,10,1,3.0,10,1,0,10,1,-10.53,1.79
2026-07-01,064760,티씨케이,31.4,187,0.0,85,0,1,1,56.3,4,15,1,6.7,20,1,10,10,1,0,15,0,0,10,1,0,10,1,6.0,10,1,0,10,1,-21.39,-25.22
2026-07-01,066970,엘앤에프,31.3,188,0.0,75,0,0,0,37.0,4,15,1,17.5,20,1,0,10,0,0,15,0,0,10,1,0,10,1,0.0,10,1,2,10,1,-16.82,-16.36
2026-07-01,189300,인텔리안테크,31.1,189,0.0,85,0,0,0,32.6,0,15,1,16.4,20,1,10,10,1,0,15,0,0,10,1,0,10,1,0.0,10,1,0,10,1,-14.67,-19.77
2026-07-01,121440,골프존홀딩스,31.0,190,5.0,75,0,1,1,80.7,0,15,1,4.0,20,1,0,10,0,0,15,0,10,10,1,7,10,1,6.0,10,1,0,10,1,0.15,0.45
2026-07-01,079550,LIG디펜스앤에어로스페이스,30.9,191,0.0,85,0,0,0,45.8,8,15,1,6.3,20,1,10,10,1,0,15,0,0,10,1,0,10,1,0.0,10,1,2,10,1,-9.87,-2.73
2026-07-01,000250,삼천당제약,30.8,192,0.0,75,0,1,0,33.5,4,15,1,16.1,20,1,0,10,0,0,15,0,0,10,1,0,10,1,3.0,10,1,0,10,1,-13.69,-17.63
2026-07-01,139480,이마트,30.7,193,0.0,75,0,1,0,41.7,0,15,1,20.0,20,1,0,10,0,0,15,0,0,10,1,0,10,1,3.0,10,1,0,10,1,-3.4,-3.28
2026-07-01,039200,오스코텍,30.7,194,0.0,75,0,1,0,42.3,0,15,1,20.0,20,1,0,10,0,0,15,0,0,10,1,0,10,1,3.0,10,1,0,10,1,-15.1,-17.96
2026-07-01,036200,유니셈,30.5,195,0.0,85,0,1,0,51.2,0,15,1,12.9,20,1,10,10,1,0,15,0,0,10,1,0,10,1,3.0,10,1,0,10,1,-22.57,-20.99
2026-07-01,052400,코나아이,30.5,196,0.0,85,0,1,0,44.2,0,15,1,12.9,20,1,10,10,1,0,15,0,0,10,1,0,10,1,3.0,10,1,0,10,1,-10.66,-9.56
2026-07-01,018880,한온시스템,30.4,197,0.0,85,0,0,0,40.4,4,15,1,13.8,20,1,8,10,1,0,15,0,0,10,1,0,10,1,0.0,10,1,0,10,1,-5.68,-7.79
2026-07-01,099220,SDN,30.3,198,0.0,75,0,1,1,42.3,0,15,1,9.7,20,1,0,10,0,0,15,0,0,10,1,7,10,1,6.0,10,1,0,10,1,-17.67,-22.36
2026-07-01,010130,고려아연,30.1,199,0.0,85,0,1,0,37.9,4,15,1,8.6,20,1,10,10,1,0,15,0,0,10,1,0,10,1,3.0,10,1,0,10,1,-8.4,-6.03
2026-07-01,036010,아비코전자,29.9,200,0.0,75,0,0,0,37.1,0,15,1,18.4,20,1,0,10,0,0,15,0,0,10,1,4,10,1,0.0,10,1,0,10,1,-23.64,-23.02
2026-07-02,010960,삼호개발,77.6,1,0.0,85,0,1,1,70.3,8,15,1,20.0,20,1,10,10,1,0,15,0,10,10,1,10,10,1,6.0,10,1,2,10,1,-1.95,-25.17
2026-07-02,091590,남화토건,67.3,2,0.0,75,1,1,0,77.0,4,15,1,19.5,20,1,0,10,0,0,15,0,10,10,1,10,10,1,7.0,10,1,0,10,1,-14.0,-44.69
2026-07-02,003490,대한항공,65.1,3,0.0,75,1,1,1,56.3,8,15,1,12.8,20,1,0,10,0,0,15,0,4,10,1,7,10,1,10.0,10,1,7,10,1,-6.3,-11.21
2026-07-02,036930,주성엔지니어링,63.9,4,0.0,85,0,1,1,58.1,15,15,1,12.3,20,1,10,10,1,0,15,0,4,10,1,0,10,1,6.0,10,1,7,10,1,-15.65,-26.2
2026-07-02,419050,삼기에너지솔루션즈,63.4,5,0.0,85,0,1,1,62.6,4,15,1,13.9,20,1,10,10,1,0,15,0,10,10,1,10,10,1,6.0,10,1,0,10,1,-13.27,-30.25
2026-07-02,002990,금호건설,63.2,6,0.0,85,1,1,1,72.4,15,15,1,10.7,20,1,1,10,1,0,15,0,0,10,1,10,10,1,10.0,10,1,7,10,1,43.39,-7.42
2026-07-02,402340,SK스퀘어,61.3,7,0.0,75,1,0,0,50.9,15,15,1,20.0,20,1,0,10,0,0,15,0,0,10,1,0,10,1,4.0,10,1,7,10,1,-7.61,-22.82
2026-07-02,352820,하이브,61.2,8,0.0,85,0,1,0,50.4,8,15,1,20.0,20,1,10,10,1,0,15,0,0,10,1,4,10,1,3.0,10,1,7,10,1,3.28,-4.92
2026-07-02,222800,심텍,60.0,9,0.0,75,1,1,1,50.8,8,15,1,20.0,20,1,0,10,0,0,15,0,0,10,1,0,10,1,10.0,10,1,7,10,1,-1.6,-20.21
2026-07-02,089970,브이엠,60.0,10,0.0,75,1,1,1,56.4,8,15,1,20.0,20,1,0,10,0,0,15,0,0,10,1,0,10,1,10.0,10,1,7,10,1,3.92,-6.53
2026-07-02,278470,에이피알,59.5,11,0.0,85,0,1,0,53.2,12,15,1,14.6,20,1,10,10,1,0,15,0,0,10,1,4,10,1,3.0,10,1,7,10,1,-6.72,-8.46
2026-07-02,042660,한화오션,58.8,12,0.0,85,0,0,0,43.8,12,15,1,20.0,20,1,10,10,1,0,15,0,0,10,1,4,10,1,0.0,10,1,4,10,1,-22.2,-20.38
2026-07-02,046940,우원개발,58.8,13,0.0,85,0,1,1,57.2,4,15,1,20.0,20,1,10,10,1,0,15,0,0,10,1,10,10,1,6.0,10,1,0,10,1,-4.6,-23.26
2026-07-02,214450,파마리서치,58.5,14,0.0,85,0,1,1,67.4,8,15,1,7.7,20,1,10,10,1,0,15,0,7,10,1,4,10,1,6.0,10,1,7,10,1,-11.37,-9.29
2026-07-02,005930,삼성전자,57.6,15,0.0,85,0,0,0,42.6,15,15,1,20.0,20,1,10,10,1,0,15,0,0,10,1,0,10,1,0.0,10,1,4,10,1,-0.35,-14.69
2026-07-02,005935,삼성전자우,57.6,16,0.0,85,0,0,0,43.1,15,15,1,20.0,20,1,10,10,1,0,15,0,0,10,1,0,10,1,0.0,10,1,4,10,1,2.97,-10.33
2026-07-02,043260,성호전자,57.6,17,0.0,85,0,0,0,31.4,8,15,1,20.0,20,1,10,10,1,0,15,0,0,10,1,7,10,1,0.0,10,1,4,10,1,1.14,-24.25
2026-07-02,000660,SK하이닉스,57.3,18,0.0,75,1,0,0,45.5,15,15,1,20.0,20,1,0,10,0,0,15,0,0,10,1,0,10,1,4.0,10,1,4,10,1,-0.32,-19.34
2026-07-02,240810,원익IPS,57.3,19,0.0,75,1,0,0,45.1,12,15,1,20.0,20,1,0,10,0,0,15,0,0,10,1,0,10,1,4.0,10,1,7,10,1,-5.02,-12.54
2026-07-02,420770,기가비스,56.5,20,0.0,85,1,1,1,62.8,4,15,1,20.0,20,1,10,10,1,0,15,0,4,10,1,0,10,1,10.0,10,1,0,10,1,-5.89,-18.19
2026-07-02,123420,위메이드플레이,55.3,21,0.0,85,0,1,0,54.9,4,15,1,20.0,20,1,10,10,1,0,15,0,0,10,1,10,10,1,3.0,10,1,0,10,1,-5.73,-14.68
2026-07-02,034730,SK,53.3,22,0.0,75,1,0,0,50.0,12,15,1,20.0,20,1,0,10,0,0,15,0,0,10,1,0,10,1,4.0,10,1,4,10,1,-3.81,-15.23
2026-07-02,290650,엘앤씨바이오,52.9,23,0.0,85,1,0,1,54.5,4,15,1,20.0,20,1,10,10,1,0,15,0,4,10,1,0,10,1,7.0,10,1,0,10,1,-17.1,-26.8
2026-07-02,013580,계룡건설,52.8,24,0.0,85,0,1,1,69.0,8,15,1,8.9,20,1,10,10,1,0,15,0,0,10,1,10,10,1,6.0,10,1,2,10,1,-17.05,-30.5
2026-07-02,161890,한국콜마,52.2,25,5.0,85,1,1,1,79.8,8,15,1,5.6,20,1,1,10,1,0,15,0,10,10,1,10,10,1,10.0,10,1,4,10,1,-6.33,-12.49
2026-07-02,319660,피에스케이,52.2,26,0.0,85,1,1,1,58.7,8,15,1,9.4,20,1,10,10,1,0,15,0,0,10,1,0,10,1,10.0,10,1,7,10,1,3.5,-6.67
2026-07-02,084370,유진테크,52.1,27,0.0,85,1,1,1,53.4,8,15,1,9.3,20,1,10,10,1,0,15,0,0,10,1,0,10,1,10.0,10,1,7,10,1,-5.48,-27.04
2026-07-02,012450,한화에어로스페이스,52.0,28,0.0,85,0,1,1,49.4,12,15,1,8.2,20,1,10,10,1,0,15,0,0,10,1,4,10,1,6.0,10,1,4,10,1,-13.35,-21.59
2026-07-02,009830,한화솔루션,52.0,29,0.0,75,0,1,0,44.7,8,15,1,20.0,20,1,0,10,0,0,15,0,0,10,1,4,10,1,3.0,10,1,4,10,1,-8.6,-23.35
2026-07-02,009150,삼성전기,51.8,30,0.0,85,1,0,0,52.8,15,15,1,8.0,20,1,10,10,1,0,15,0,0,10,1,0,10,1,4.0,10,1,7,10,1,-17.76,-33.8
2026-07-02,281820,케이씨텍,51.4,31,0.0,85,1,1,1,68.4,4,15,1,11.7,20,1,10,10,1,0,15,0,4,10,1,0,10,1,10.0,10,1,4,10,1,-13.88,-17.42
2026-07-02,089030,테크윙,50.7,32,0.0,75,0,0,1,41.5,8,15,1,20.0,20,1,0,10,0,0,15,0,0,10,1,0,10,1,3.0,10,1,7,10,1,-7.48,2.32
2026-07-02,058730,다스코,50.1,33,0.0,85,0,1,1,55.3,4,15,1,15.6,20,1,10,10,1,0,15,0,0,10,1,0,10,1,6.0,10,1,7,10,1,33.95,16.11
2026-07-02,353200,대덕전자,49.4,34,0.0,85,0,0,0,42.6,8,15,1,20.0,20,1,10,10,1,0,15,0,0,10,1,0,10,1,0.0,10,1,4,10,1,-7.71,-7.86
2026-07-02,196170,알테오젠,49.3,35,0.0,75,0,1,0,49.1,8,15,1,20.0,20,1,0,10,0,0,15,0,4,10,1,0,10,1,3.0,10,1,2,10,1,-7.82,-23.33
2026-07-02,112040,위메이드,49.3,36,0.0,75,0,1,0,61.0,4,15,1,20.0,20,1,0,10,0,0,15,0,0,10,1,10,10,1,3.0,10,1,0,10,1,-14.8,-29.95
2026-07-02,483650,달바글로벌,49.1,37,0.0,85,1,1,1,55.4,8,15,1,7.7,20,1,10,10,1,0,15,0,0,10,1,4,10,1,10.0,10,1,2,10,1,-12.82,-4.41
2026-07-02,007610,선도전기,48.7,38,0.0,75,0,1,1,55.7,8,15,1,10.5,20,1,0,10,0,0,15,0,0,10,1,10,10,1,6.0,10,1,2,10,1,-11.9,-30.95
2026-07-02,009420,한올바이오파마,48.2,39,0.0,85,1,1,0,58.0,4,15,1,20.0,20,1,8,10,1,0,15,0,0,10,1,0,10,1,7.0,10,1,2,10,1,-8.01,-21.07
2026-07-02,126340,비나텍,48.2,40,0.0,85,0,0,0,39.8,4,15,1,20.0,20,1,10,10,1,0,15,0,0,10,1,7,10,1,0.0,10,1,0,10,1,-16.51,-35.23
2026-07-02,093370,후성,48.0,41,0.0,75,1,0,0,47.5,8,15,1,20.0,20,1,0,10,0,0,15,0,0,10,1,0,10,1,4.0,10,1,4,10,1,-10.02,-32.68
2026-07-02,007660,이수페타시스,47.5,42,0.0,85,0,1,1,50.1,8,15,1,9.4,20,1,10,10,1,0,15,0,0,10,1,0,10,1,6.0,10,1,7,10,1,-13.36,-29.55
2026-07-02,068270,셀트리온,47.4,43,0.0,85,0,1,1,50.2,8,15,1,11.3,20,1,8,10,1,0,15,0,0,10,1,0,10,1,6.0,10,1,7,10,1,-0.79,-2.27
2026-07-02,010060,OCI홀딩스,47.1,44,0.0,85,0,0,0,41.3,8,15,1,20.0,20,1,10,10,1,0,15,0,0,10,1,0,10,1,0.0,10,1,2,10,1,-9.68,-8.81
2026-07-02,010950,S-Oil,47.1,45,0.0,85,0,1,1,51.4,4,15,1,20.0,20,1,10,10,1,0,15,0,0,10,1,0,10,1,6.0,10,1,0,10,1,20.97,34.34
2026-07-02,017510,세명전기,47.1,46,0.0,85,0,1,0,42.4,0,15,1,20.0,20,1,10,10,1,0,15,0,0,10,1,7,10,1,3.0,10,1,0,10,1,-7.64,-21.18
2026-07-02,006340,대원전선,46.7,47,0.0,75,0,1,1,53.5,15,15,1,4.0,20,1,0,10,0,0,15,0,0,10,1,10,10,1,6.0,10,1,0,10,1,-5.75,-8.76
2026-07-02,064290,인텍플러스,46.7,48,0.0,75,1,0,1,58.2,4,15,1,20.0,20,1,0,10,0,0,15,0,4,10,1,0,10,1,7.0,10,1,0,10,1,-1.75,-20.74
2026-07-02,010120,LS ELECTRIC,45.8,49,0.0,85,0,1,0,43.5,12,15,1,6.9,20,1,10,10,1,0,15,0,0,10,1,0,10,1,3.0,10,1,7,10,1,-14.38,-24.19
2026-07-02,003230,삼양식품,45.6,50,0.0,85,0,1,1,50.1,8,15,1,6.8,20,1,10,10,1,0,15,0,0,10,1,4,10,1,6.0,10,1,4,10,1,-1.73,-9.15
2026-07-02,047040,대우건설,45.6,51,0.0,85,0,0,1,39.6,8,15,1,13.8,20,1,10,10,1,0,15,0,0,10,1,0,10,1,3.0,10,1,4,10,1,-4.9,-20.76
2026-07-02,080220,제주반도체,45.4,52,0.0,85,0,0,0,44.3,8,15,1,18.6,20,1,10,10,1,0,15,0,0,10,1,0,10,1,0.0,10,1,2,10,1,-0.67,-13.04
2026-07-02,062040,산일전기,45.2,53,0.0,85,0,1,1,50.7,8,15,1,7.4,20,1,10,10,1,0,15,0,0,10,1,0,10,1,6.0,10,1,7,10,1,-20.55,-32.73
2026-07-02,475150,SK이터닉스,45.1,54,0.0,85,0,1,1,55.4,12,15,1,5.3,20,1,8,10,1,0,15,0,0,10,1,0,10,1,6.0,10,1,7,10,1,-18.69,6.07
2026-07-02,067310,하나마이크론,45.1,55,0.0,75,1,0,1,43.2,8,15,1,11.8,20,1,0,10,0,0,15,0,0,10,1,0,10,1,7.0,10,1,7,10,1,-6.47,-13.76
2026-07-02,006400,삼성SDI,44.7,56,0.0,85,0,0,0,40.7,12,15,1,16.0,20,1,10,10,1,0,15,0,0,10,1,0,10,1,0.0,10,1,0,10,1,-7.76,-14.77
2026-07-02,001260,남광토건,44.7,57,0.0,85,0,1,0,65.7,4,15,1,7.0,20,1,10,10,1,0,15,0,4,10,1,10,10,1,3.0,10,1,0,10,1,2.43,-27.17
2026-07-02,008770,호텔신라,44.7,58,0.0,85,0,0,0,45.5,4,15,1,20.0,20,1,10,10,1,0,15,0,0,10,1,4,10,1,0.0,10,1,0,10,1,0.2,-10.64
2026-07-02,010780,아이에스동서,43.9,59,0.0,85,0,1,1,48.2,0,15,1,14.3,20,1,10,10,1,0,15,0,0,10,1,7,10,1,6.0,10,1,0,10,1,-14.17,-25.17
2026-07-02,096770,SK이노베이션,43.5,60,0.0,85,0,1,0,38.7,4,15,1,20.0,20,1,10,10,1,0,15,0,0,10,1,0,10,1,3.0,10,1,0,10,1,9.35,24.23
2026-07-02,036570,NC,43.5,61,0.0,85,0,1,0,52.4,4,15,1,20.0,20,1,10,10,1,0,15,0,0,10,1,0,10,1,3.0,10,1,0,10,1,-6.23,-20.57
2026-07-02,004710,한솔테크닉스,43.5,62,0.0,85,0,0,1,42.8,4,15,1,20.0,20,1,10,10,1,0,15,0,0,10,1,0,10,1,3.0,10,1,0,10,1,-7.28,-9.61
2026-07-02,263750,펄어비스,43.5,63,0.0,85,0,1,0,39.0,4,15,1,20.0,20,1,10,10,1,0,15,0,0,10,1,0,10,1,3.0,10,1,0,10,1,-1.2,-12.53
2026-07-02,006910,보성파워텍,43.5,64,0.0,85,0,1,0,41.3,4,15,1,20.0,20,1,10,10,1,0,15,0,0,10,1,0,10,1,3.0,10,1,0,10,1,-5.11,-18.44
2026-07-02,090430,아모레퍼시픽,43.3,65,0.0,85,0,1,1,59.3,8,15,1,6.8,20,1,5,10,1,0,15,0,0,10,1,7,10,1,6.0,10,1,4,10,1,3.1,-1.76
2026-07-02,013120,동원개발,43.3,66,0.0,85,0,1,1,57.2,4,15,1,6.8,20,1,10,10,1,0,15,0,0,10,1,10,10,1,6.0,10,1,0,10,1,8.66,-12.16
2026-07-02,026910,광진실업,42.9,67,0.0,75,1,1,1,75.8,0,15,1,2.2,20,1,0,10,0,0,15,0,10,10,1,10,10,1,10.0,10,1,0,10,1,-30.62,-12.46
2026-07-02,322000,HD현대에너지솔루션,42.7,68,0.0,75,0,1,1,43.3,4,15,1,20.0,20,1,0,10,0,0,15,0,0,10,1,0,10,1,6.0,10,1,2,10,1,-14.99,-12.23
2026-07-02,123330,제닉,42.7,69,0.0,75,0,1,1,62.6,4,15,1,12.0,20,1,0,10,0,0,15,0,0,10,1,10,10,1,6.0,10,1,0,10,1,-1.52,0.38
2026-07-02,403870,HPSP,42.6,70,0.0,85,0,0,1,40.3,12,15,1,6.2,20,1,8,10,1,0,15,0,0,10,1,0,10,1,3.0,10,1,7,10,1,1.6,-9.61
2026-07-02,098460,고영,42.4,71,0.0,85,0,0,0,42.4,4,15,1,20.0,20,1,10,10,1,0,15,0,0,10,1,0,10,1,0.0,10,1,2,10,1,-2.87,-16.86
2026-07-02,095610,테스,42.2,72,0.0,85,1,1,1,55.4,8,15,1,7.9,20,1,3,10,1,0,15,0,0,10,1,0,10,1,10.0,10,1,7,10,1,-0.06,-3.94
2026-07-02,298040,효성중공업,42.0,73,0.0,85,0,0,0,47.6,12,15,1,9.7,20,1,10,10,1,0,15,0,0,10,1,0,10,1,0.0,10,1,4,10,1,-14.8,-26.02
2026-07-02,267260,HD현대일렉트릭,41.9,74,0.0,85,0,0,0,45.1,12,15,1,6.6,20,1,10,10,1,0,15,0,0,10,1,0,10,1,0.0,10,1,7,10,1,-12.18,-22.39
2026-07-02,111770,영원무역,41.6,75,0.0,85,0,1,0,58.3,4,15,1,7.4,20,1,10,10,1,0,15,0,4,10,1,7,10,1,3.0,10,1,0,10,1,4.69,3.85
2026-07-02,006260,LS,41.3,76,0.0,85,0,1,0,46.5,8,15,1,7.1,20,1,10,10,1,0,15,0,0,10,1,0,10,1,3.0,10,1,7,10,1,-13.65,-30.31
2026-07-02,241710,코스메카코리아,41.2,77,0.0,85,0,1,1,66.2,4,15,1,6.0,20,1,8,10,1,0,15,0,4,10,1,7,10,1,6.0,10,1,0,10,1,-1.54,-8.07
2026-07-02,005690,파미셀,41.2,78,0.0,85,0,1,0,42.0,4,15,1,20.0,20,1,8,10,1,0,15,0,0,10,1,0,10,1,3.0,10,1,0,10,1,-3.84,-15.43
2026-07-02,039440,에스티아이,41.2,79,0.0,85,0,1,1,46.9,0,15,1,19.0,20,1,10,10,1,0,15,0,0,10,1,0,10,1,6.0,10,1,0,10,1,-5.22,-16.01
2026-07-02,065170,비엘팜텍,40.9,80,0.0,75,0,1,1,68.1,4,15,1,0.7,20,1,0,10,0,0,15,0,10,10,1,10,10,1,6.0,10,1,0,10,1,3.11,-24.05
2026-07-02,006800,미래에셋증권,40.8,81,0.0,85,0,0,0,30.2,8,15,1,9.7,20,1,10,10,1,0,15,0,0,10,1,0,10,1,0.0,10,1,7,10,1,5.11,-7.72
2026-07-02,083650,비에이치아이,40.1,82,0.0,85,0,1,0,40.8,4,15,1,17.1,20,1,10,10,1,0,15,0,0,10,1,0,10,1,3.0,10,1,0,10,1,-12.41,-26.9
2026-07-02,066570,LG전자,40.0,83,0.0,85,0,0,0,42.5,15,15,1,7.0,20,1,10,10,1,0,15,0,0,10,1,0,10,1,0.0,10,1,2,10,1,-5.15,-13.05
2026-07-02,010170,대한광통신,40.0,84,0.0,75,0,0,0,33.6,8,15,1,20.0,20,1,0,10,0,0,15,0,0,10,1,0,10,1,0.0,10,1,2,10,1,5.35,-20.9
2026-07-02,247540,에코프로비엠,40.0,85,0.0,75,0,0,0,32.2,8,15,1,20.0,20,1,0,10,0,0,15,0,0,10,1,0,10,1,0.0,10,1,2,10,1,-3.11,-17.05
2026-07-02,126640,화신정공,40.0,86,0.0,85,0,0,0,51.2,4,15,1,20.0,20,1,10,10,1,0,15,0,0,10,1,0,10,1,0.0,10,1,0,10,1,-1.47,-12.53
2026-07-02,131970,두산테스나,40.0,87,0.0,85,0,0,0,33.6,4,15,1,20.0,20,1,10,10,1,0,15,0,0,10,1,0,10,1,0.0,10,1,0,10,1,-1.09,-20.2
2026-07-02,122640,예스티,40.0,88,0.0,75,1,0,0,51.5,4,15,1,20.0,20,1,0,10,0,0,15,0,0,10,1,0,10,1,4.0,10,1,2,10,1,-4.55,-21.97
2026-07-02,267270,HD건설기계,40.0,89,0.0,85,0,0,0,37.9,4,15,1,20.0,20,1,10,10,1,0,15,0,0,10,1,0,10,1,0.0,10,1,0,10,1,7.07,-0.49
2026-07-02,356860,티엘비,40.0,90,0.0,85,0,0,0,33.7,4,15,1,20.0,20,1,10,10,1,0,15,0,0,10,1,0,10,1,0.0,10,1,0,10,1,9.46,-51.46
2026-07-02,119850,지엔씨에너지,40.0,91,0.0,85,0,1,1,60.4,4,15,1,7.0,20,1,10,10,1,0,15,0,0,10,1,7,10,1,6.0,10,1,0,10,1,1.47,30.28
2026-07-02,218410,RFHIC,40.0,92,0.0,85,0,0,0,31.0,4,15,1,20.0,20,1,10,10,1,0,15,0,0,10,1,0,10,1,0.0,10,1,0,10,1,-7.3,-25.36
2026-07-02,041830,인바디,40.0,93,0.0,85,1,1,1,68.3,4,15,1,6.0,20,1,10,10,1,0,15,0,4,10,1,0,10,1,10.0,10,1,0,10,1,-10.41,-13.14
2026-07-02,003160,디아이,40.0,94,0.0,85,0,0,0,42.9,4,15,1,20.0,20,1,10,10,1,0,15,0,0,10,1,0,10,1,0.0,10,1,0,10,1,-9.47,-19.05
2026-07-02,078930,GS,39.9,95,0.0,85,0,1,1,58.7,4,15,1,5.9,20,1,10,10,1,0,15,0,4,10,1,4,10,1,6.0,10,1,0,10,1,4.29,8.19
2026-07-02,021240,코웨이,39.8,96,0.0,85,1,1,1,62.0,4,15,1,4.8,20,1,8,10,1,0,15,0,7,10,1,0,10,1,10.0,10,1,0,10,1,-6.45,-3.85
2026-07-02,006360,GS건설,39.7,97,0.0,75,0,1,1,54.4,8,15,1,6.8,20,1,0,10,0,0,15,0,0,10,1,7,10,1,6.0,10,1,2,10,1,7.42,-12.14
2026-07-02,042940,상지건설,39.6,98,0.0,85,0,1,1,58.6,4,15,1,3.7,20,1,10,10,1,0,15,0,0,10,1,10,10,1,6.0,10,1,0,10,1,-22.34,-30.76
2026-07-02,009540,HD한국조선해양,39.1,99,0.0,85,0,0,0,42.6,8,15,1,13.2,20,1,8,10,1,0,15,0,0,10,1,0,10,1,0.0,10,1,4,10,1,-6.07,-6.21
2026-07-02,458870,씨어스,39.1,100,0.0,75,0,1,1,58.0,4,15,1,19.3,20,1,0,10,0,0,15,0,0,10,1,0,10,1,6.0,10,1,0,10,1,-5.76,-24.87
2026-07-02,024840,KBI메탈,38.9,101,0.0,85,0,1,1,53.4,8,15,1,6.1,20,1,1,10,1,0,15,0,0,10,1,10,10,1,6.0,10,1,2,10,1,-0.6,-15.9
2026-07-02,004170,신세계,38.8,102,0.0,85,1,0,0,59.2,4,15,1,7.0,20,1,10,10,1,0,15,0,4,10,1,0,10,1,4.0,10,1,4,10,1,-14.07,-27.46
2026-07-02,019210,와이지-원,38.8,103,0.0,85,1,1,1,60.4,4,15,1,5.0,20,1,10,10,1,0,15,0,4,10,1,0,10,1,10.0,10,1,0,10,1,4.65,-0.93
2026-07-02,011930,신성이엔지,38.8,104,0.0,85,0,0,1,47.2,0,15,1,20.0,20,1,10,10,1,0,15,0,0,10,1,0,10,1,3.0,10,1,0,10,1,-4.57,-19.14
2026-07-02,005070,코스모신소재,38.8,105,0.0,85,0,1,0,40.2,0,15,1,20.0,20,1,10,10,1,0,15,0,0,10,1,0,10,1,3.0,10,1,0,10,1,3.13,-6.92
2026-07-02,456040,OCI,38.8,106,0.0,85,0,1,0,42.1,0,15,1,20.0,20,1,10,10,1,0,15,0,0,10,1,0,10,1,3.0,10,1,0,10,1,-3.87,-7.74
2026-07-02,099320,쎄트렉아이,38.8,107,0.0,85,0,1,0,31.8,0,15,1,20.0,20,1,10,10,1,0,15,0,0,10,1,0,10,1,3.0,10,1,0,10,1,6.02,-10.71
2026-07-02,044490,태웅,38.8,108,0.0,85,0,1,0,41.7,0,15,1,20.0,20,1,10,10,1,0,15,0,0,10,1,0,10,1,3.0,10,1,0,10,1,0.34,-17.38
2026-07-02,004310,현대약품,38.8,109,0.0,85,0,0,1,34.4,0,15,1,20.0,20,1,10,10,1,0,15,0,0,10,1,0,10,1,3.0,10,1,0,10,1,-4.96,21.01
2026-07-02,347700,스피어,38.5,110,0.0,75,0,1,1,43.7,8,15,1,10.9,20,1,0,10,0,0,15,0,0,10,1,0,10,1,6.0,10,1,4,10,1,-10.66,-26.52
2026-07-02,039030,이오테크닉스,38.2,111,0.0,85,0,0,0,39.3,8,15,1,12.5,20,1,10,10,1,0,15,0,0,10,1,0,10,1,0.0,10,1,2,10,1,-1.56,-17.56
2026-07-02,373220,LG에너지솔루션,38.1,112,0.0,75,0,0,0,42.5,8,15,1,16.6,20,1,0,10,0,0,15,0,0,10,1,0,10,1,0.0,10,1,4,10,1,-7.91,-10.31
2026-07-02,031980,피에스케이홀딩스,38.0,113,0.0,85,1,1,1,53.9,4,15,1,6.3,20,1,10,10,1,0,15,0,0,10,1,0,10,1,10.0,10,1,2,10,1,-3.2,-8.88
2026-07-02,000500,가온전선,37.8,114,0.0,85,0,0,0,46.7,8,15,1,8.1,20,1,10,10,1,0,15,0,0,10,1,4,10,1,0.0,10,1,2,10,1,-9.11,-37.82
2026-07-02,096530,씨젠,37.6,115,0.0,85,1,1,0,51.6,0,15,1,20.0,20,1,1,10,1,0,15,0,4,10,1,0,10,1,7.0,10,1,0,10,1,0.17,-8.12
2026-07-02,001440,대한전선,37.3,116,0.0,85,0,1,0,39.5,8,15,1,6.7,20,1,10,10,1,0,15,0,0,10,1,0,10,1,3.0,10,1,4,10,1,-10.24,-24.18
2026-07-02,017000,신원종합개발,37.3,117,0.0,75,0,1,1,71.7,4,15,1,4.0,20,1,0,10,0,0,15,0,4,10,1,10,10,1,6.0,10,1,0,10,1,-19.28,-31.03
2026-07-02,011070,LG이노텍,37.2,118,0.0,85,0,0,0,41.8,12,15,1,7.6,20,1,10,10,1,0,15,0,0,10,1,0,10,1,0.0,10,1,2,10,1,-15.1,-31.12
2026-07-02,066980,한성크린텍,37.2,119,0.0,85,1,1,1,56.9,4,15,1,9.6,20,1,1,10,1,0,15,0,0,10,1,7,10,1,10.0,10,1,0,10,1,-1.8,-29.93
2026-07-02,105560,KB금융,36.9,120,0.0,85,0,1,0,57.8,12,15,1,4.4,20,1,8,10,1,0,15,0,4,10,1,0,10,1,3.0,10,1,0,10,1,11.76,2.3
2026-07-02,475430,키스트론,36.9,121,0.0,85,1,1,1,54.0,4,15,1,5.4,20,1,10,10,1,0,15,0,0,10,1,0,10,1,10.0,10,1,2,10,1,-22.01,-31.66
2026-07-02,086520,에코프로,36.7,122,0.0,85,0,0,0,35.2,8,15,1,13.2,20,1,8,10,1,0,15,0,0,10,1,0,10,1,0.0,10,1,2,10,1,-1.27,-15.42
2026-07-02,047810,한국항공우주,36.5,123,0.0,85,0,1,0,53.0,8,15,1,8.0,20,1,10,10,1,0,15,0,0,10,1,0,10,1,3.0,10,1,2,10,1,-6.42,-6.68
2026-07-02,042700,한미반도체,36.4,124,0.0,85,0,0,0,34.5,12,15,1,6.9,20,1,10,10,1,0,15,0,0,10,1,0,10,1,0.0,10,1,2,10,1,1.14,1.14
2026-07-02,042520,한스바이오메드,36.3,125,0.0,75,0,1,0,44.6,4,15,1,13.2,20,1,0,10,0,0,15,0,0,10,1,7,10,1,3.0,10,1,0,10,1,8.66,-11.9
2026-07-02,081660,미스토홀딩스,36.1,126,0.0,85,1,1,1,66.7,4,15,1,5.7,20,1,1,10,1,0,15,0,10,10,1,0,10,1,10.0,10,1,0,10,1,-3.77,3.02
2026-07-02,108490,로보티즈,36.0,127,0.0,75,0,0,1,37.3,4,15,1,20.0,20,1,0,10,0,0,15,0,0,10,1,0,10,1,3.0,10,1,0,10,1,-3.96,-18.85
2026-07-02,397030,에이프릴바이오,36.0,128,0.0,75,0,1,0,37.4,4,15,1,20.0,20,1,0,10,0,0,15,0,0,10,1,0,10,1,3.0,10,1,0,10,1,-22.11,-31.53
2026-07-02,417840,저스템,36.0,129,0.0,75,0,0,1,43.0,4,15,1,20.0,20,1,0,10,0,0,15,0,0,10,1,0,10,1,3.0,10,1,0,10,1,0.79,-13.15
2026-07-02,153890,져스텍,36.0,130,0.0,75,0,0,1,44.0,4,15,1,20.0,20,1,0,10,0,0,15,0,0,10,1,0,10,1,3.0,10,1,0,10,1,0.33,-36.95
2026-07-02,139480,이마트,36.0,131,0.0,75,0,1,0,43.9,4,15,1,20.0,20,1,0,10,0,0,15,0,0,10,1,0,10,1,3.0,10,1,0,10,1,-2.04,-9.58
2026-07-02,327260,RF머트리얼즈,36.0,132,0.0,75,0,1,0,33.2,4,15,1,20.0,20,1,0,10,0,0,15,0,0,10,1,0,10,1,3.0,10,1,0,10,1,7.08,-10.05
2026-07-02,064350,현대로템,35.8,133,0.0,85,0,0,0,50.0,8,15,1,10.4,20,1,5,10,1,0,15,0,0,10,1,0,10,1,0.0,10,1,7,10,1,-9.37,-25.43
2026-07-02,017670,SK텔레콤,35.5,134,0.0,85,0,0,0,36.7,8,15,1,8.2,20,1,10,10,1,0,15,0,0,10,1,0,10,1,0.0,10,1,4,10,1,1.49,-3.09
2026-07-02,005490,POSCO홀딩스,35.4,135,0.0,85,0,0,0,36.2,8,15,1,8.1,20,1,10,10,1,0,15,0,0,10,1,0,10,1,0.0,10,1,4,10,1,-1.26,-4.72
2026-07-02,071050,한국금융지주,35.4,136,0.0,85,0,1,0,48.5,4,15,1,9.1,20,1,10,10,1,0,15,0,0,10,1,0,10,1,3.0,10,1,4,10,1,5.99,-3.99
2026-07-02,000720,현대건설,35.4,137,0.0,85,0,0,0,42.3,4,15,1,12.1,20,1,10,10,1,0,15,0,0,10,1,0,10,1,0.0,10,1,4,10,1,-6.94,-21.01
2026-07-02,077360,덕산하이메탈,35.3,138,0.0,85,0,0,0,39.4,0,15,1,20.0,20,1,10,10,1,0,15,0,0,10,1,0,10,1,0.0,10,1,0,10,1,-8.27,-16.83
2026-07-02,124500,아이티센글로벌,35.3,139,0.0,85,0,0,0,25.3,0,15,1,20.0,20,1,10,10,1,0,15,0,0,10,1,0,10,1,0.0,10,1,0,10,1,-1.16,-10.7
2026-07-02,089890,코세스,35.3,140,0.0,85,0,0,0,45.4,0,15,1,20.0,20,1,10,10,1,0,15,0,0,10,1,0,10,1,0.0,10,1,0,10,1,5.55,-27.42
2026-07-02,092870,엑시콘,35.3,141,0.0,85,0,0,0,34.9,0,15,1,20.0,20,1,10,10,1,0,15,0,0,10,1,0,10,1,0.0,10,1,0,10,1,-3.19,-17.21
2026-07-02,003530,한화투자증권,35.3,142,0.0,85,0,0,0,33.6,0,15,1,20.0,20,1,10,10,1,0,15,0,0,10,1,0,10,1,0.0,10,1,0,10,1,1.48,-9.53
2026-07-02,348210,넥스틴,35.3,143,0.0,85,0,0,0,33.4,0,15,1,20.0,20,1,10,10,1,0,15,0,0,10,1,0,10,1,0.0,10,1,0,10,1,-5.03,-16.26
2026-07-02,425420,티에프이,35.3,144,0.0,85,0,0,0,36.2,0,15,1,20.0,20,1,10,10,1,0,15,0,0,10,1,0,10,1,0.0,10,1,0,10,1,2.96,-9.79
2026-07-02,080580,오킨스전자,35.3,145,0.0,85,0,0,0,38.0,0,15,1,20.0,20,1,10,10,1,0,15,0,0,10,1,0,10,1,0.0,10,1,0,10,1,1.72,-8.54
2026-07-02,025980,아난티,35.3,146,0.0,85,0,0,0,32.0,0,15,1,20.0,20,1,10,10,1,0,15,0,0,10,1,0,10,1,0.0,10,1,0,10,1,-0.5,-6.89
2026-07-02,032350,롯데관광개발,35.1,147,0.0,75,0,0,0,39.4,4,15,1,18.3,20,1,0,10,0,0,15,0,0,10,1,4,10,1,0.0,10,1,0,10,1,-2.04,-27.74
2026-07-02,232140,와이씨,35.1,148,0.0,85,0,0,0,31.6,4,15,1,15.8,20,1,10,10,1,0,15,0,0,10,1,0,10,1,0.0,10,1,0,10,1,-6.67,-18.1
2026-07-02,141080,리가켐바이오,34.7,149,0.0,75,0,1,1,47.6,4,15,1,16.0,20,1,0,10,0,0,15,0,0,10,1,0,10,1,6.0,10,1,0,10,1,-15.82,-32.05
2026-07-02,178320,서진시스템,34.7,150,0.0,75,0,0,0,37.7,4,15,1,20.0,20,1,0,10,0,0,15,0,0,10,1,0,10,1,0.0,10,1,2,10,1,-8.59,-29.34
2026-07-02,039200,오스코텍,34.7,151,0.0,75,0,1,1,38.8,0,15,1,20.0,20,1,0,10,0,0,15,0,0,10,1,0,10,1,6.0,10,1,0,10,1,-11.29,-12.57
2026-07-02,122350,삼기,34.5,152,0.0,85,0,1,1,64.7,0,15,1,7.3,20,1,10,10,1,0,15,0,4,10,1,0,10,1,6.0,10,1,2,10,1,0.33,8.76
2026-07-02,094360,칩스앤미디어,34.3,153,0.0,75,0,1,1,53.2,4,15,1,5.7,20,1,0,10,0,0,15,0,0,10,1,10,10,1,6.0,10,1,0,10,1,-15.77,-31.4
2026-07-02,105630,한세실업,34.2,154,0.0,85,0,1,1,53.2,0,15,1,5.1,20,1,8,10,1,0,15,0,0,10,1,10,10,1,6.0,10,1,0,10,1,1.22,2.22
2026-07-02,207940,삼성바이오로직스,34.1,155,0.0,85,0,1,1,53.2,8,15,1,7.0,20,1,1,10,1,0,15,0,0,10,1,0,10,1,6.0,10,1,7,10,1,-0.78,-4.34
2026-07-02,003670,포스코퓨처엠,34.1,156,0.0,85,0,0,0,36.7,4,15,1,20.0,20,1,3,10,1,0,15,0,0,10,1,0,10,1,0.0,10,1,2,10,1,-7.21,-16.38
2026-07-02,001820,삼화콘덴서,34.0,157,0.0,85,0,0,0,47.4,8,15,1,6.9,20,1,10,10,1,0,15,0,0,10,1,0,10,1,0.0,10,1,4,10,1,-9.82,-34.53
2026-07-02,052400,코나아이,34.0,158,0.0,85,0,1,1,46.6,0,15,1,12.9,20,1,10,10,1,0,15,0,0,10,1,0,10,1,6.0,10,1,0,10,1,-3.23,-15.09
2026-07-02,064400,LG씨엔에스,33.9,159,0.0,85,0,0,1,43.2,12,15,1,4.8,20,1,5,10,1,0,15,0,0,10,1,4,10,1,3.0,10,1,0,10,1,-9.2,-21.07
2026-07-02,477850,마키나락스,33.9,160,0.0,75,0,1,1,47.0,8,15,1,1.4,20,1,0,10,0,0,15,0,0,10,1,10,10,1,6.0,10,1,0,10,1,38.97,-0.47
2026-07-02,103590,일진전기,33.9,161,0.0,85,0,1,1,44.9,4,15,1,8.8,20,1,10,10,1,0,15,0,0,10,1,0,10,1,6.0,10,1,0,10,1,-16.1,-27.25
2026-07-02,204270,제이앤티씨,33.9,162,0.0,85,0,0,0,41.1,4,15,1,14.8,20,1,10,10,1,0,15,0,0,10,1,0,10,1,0.0,10,1,0,10,1,12.79,-9.75
2026-07-02,015760,한국전력,33.7,163,0.0,75,0,1,1,49.2,8,15,1,7.3,20,1,0,10,0,0,15,0,0,10,1,0,10,1,6.0,10,1,4,10,1,-5.11,-13.5
2026-07-02,000990,DB하이텍,33.4,164,0.0,85,0,0,0,34.4,8,15,1,6.4,20,1,10,10,1,0,15,0,0,10,1,0,10,1,0.0,10,1,4,10,1,4.37,-12.67
2026-07-02,058470,리노공업,33.3,165,0.0,85,0,0,0,32.8,12,15,1,6.3,20,1,8,10,1,0,15,0,0,10,1,0,10,1,0.0,10,1,2,10,1,-1.73,-7.99
2026-07-02,030200,KT,33.2,166,0.0,75,0,1,1,49.9,4,15,1,14.9,20,1,0,10,0,0,15,0,0,10,1,0,10,1,6.0,10,1,0,10,1,-0.18,-1.47
2026-07-02,009155,삼성전기우,32.9,167,0.0,85,1,0,0,51.2,4,15,1,8.0,20,1,10,10,1,0,15,0,0,10,1,0,10,1,4.0,10,1,2,10,1,-17.52,-34.31
2026-07-02,122870,와이지엔터테인먼트,32.9,168,0.0,85,0,1,0,48.8,0,15,1,20.0,20,1,5,10,1,0,15,0,0,10,1,0,10,1,3.0,10,1,0,10,1,-3.76,-12.43
2026-07-02,004370,농심,32.8,169,0.0,85,0,1,0,51.7,4,15,1,4.9,20,1,8,10,1,0,15,0,4,10,1,4,10,1,3.0,10,1,0,10,1,-1.66,-3.59
2026-07-02,071970,HD현대마린엔진,32.8,170,0.0,85,0,1,0,45.8,4,15,1,10.9,20,1,10,10,1,0,15,0,0,10,1,0,10,1,3.0,10,1,0,10,1,-2.84,-16.56
2026-07-02,037350,성도이엔지,32.8,171,0.0,85,0,1,1,47.8,0,15,1,9.9,20,1,8,10,1,0,15,0,0,10,1,4,10,1,6.0,10,1,0,10,1,-7.43,-14.53
2026-07-02,005380,현대차,32.5,172,0.0,85,0,0,0,32.4,15,15,1,4.6,20,1,8,10,1,0,15,0,0,10,1,0,10,1,0.0,10,1,0,10,1,-5.08,-17.22
2026-07-02,257720,실리콘투,32.5,173,0.0,85,0,1,0,50.3,4,15,1,6.6,20,1,10,10,1,0,15,0,0,10,1,4,10,1,3.0,10,1,0,10,1,7.58,-1.43
2026-07-02,013360,일성건설,32.5,174,0.0,85,0,1,0,68.9,0,15,1,10.6,20,1,10,10,1,0,15,0,4,10,1,0,10,1,3.0,10,1,0,10,1,-14.96,-32.91
2026-07-02,139130,iM금융지주,32.4,175,0.0,85,0,1,0,51.7,4,15,1,10.5,20,1,10,10,1,0,15,0,0,10,1,0,10,1,3.0,10,1,0,10,1,3.18,3.47
2026-07-02,001210,금호전기,32.1,176,0.0,75,0,1,1,60.1,4,15,1,4.1,20,1,0,10,0,0,15,0,0,10,1,10,10,1,6.0,10,1,0,10,1,35.4,-9.05
2026-07-02,166090,하나머티리얼즈,32.1,177,0.0,85,0,0,0,40.9,4,15,1,9.3,20,1,10,10,1,0,15,0,0,10,1,4,10,1,0.0,10,1,0,10,1,0.36,-5.16
2026-07-02,032830,삼성생명,32.0,178,0.0,85,0,0,0,44.4,8,15,1,7.2,20,1,10,10,1,0,15,0,0,10,1,0,10,1,0.0,10,1,2,10,1,-8.1,-18.62
2026-07-02,023410,유진기업,32.0,179,0.0,75,0,1,1,53.1,4,15,1,4.0,20,1,0,10,0,0,15,0,0,10,1,10,10,1,6.0,10,1,0,10,1,-2.23,-14.44
2026-07-02,180640,한진칼,32.0,180,0.0,75,1,1,1,62.1,4,15,1,0.0,20,1,0,10,0,0,15,0,10,10,1,0,10,1,10.0,10,1,0,10,1,2.67,-19.28
2026-07-02,033160,엠케이전자,32.0,181,0.0,75,0,0,0,33.5,4,15,1,20.0,20,1,0,10,0,0,15,0,0,10,1,0,10,1,0.0,10,1,0,10,1,4.13,-7.1
2026-07-02,330860,네패스아크,32.0,182,0.0,75,0,0,0,37.4,4,15,1,20.0,20,1,0,10,0,0,15,0,0,10,1,0,10,1,0.0,10,1,0,10,1,24.41,3.29
2026-07-02,097230,HJ중공업,32.0,183,0.0,75,0,0,0,39.7,4,15,1,20.0,20,1,0,10,0,0,15,0,0,10,1,0,10,1,0.0,10,1,0,10,1,-6.98,-24.97
2026-07-02,036540,SFA반도체,32.0,184,0.0,75,0,0,0,32.0,4,15,1,20.0,20,1,0,10,0,0,15,0,0,10,1,0,10,1,0.0,10,1,0,10,1,4.29,9.36
2026-07-02,093380,풍강,32.0,185,0.0,75,0,1,1,60.7,0,15,1,4.0,20,1,0,10,0,0,15,0,4,10,1,10,10,1,6.0,10,1,0,10,1,-4.54,-0.95
2026-07-02,355150,코스텍시스,32.0,186,0.0,75,0,0,0,30.0,0,15,1,20.0,20,1,0,10,0,0,15,0,0,10,1,4,10,1,0.0,10,1,0,10,1,2.11,-20.89
2026-07-02,329180,HD현대중공업,31.9,187,0.0,85,0,0,0,43.0,8,15,1,14.1,20,1,1,10,1,0,15,0,0,10,1,0,10,1,0.0,10,1,4,10,1,-14.58,-23.98
2026-07-02,034230,파라다이스,31.9,188,0.0,85,0,1,1,52.1,4,15,1,5.1,20,1,8,10,1,0,15,0,4,10,1,0,10,1,6.0,10,1,0,10,1,-12.87,-32.62
2026-07-02,053610,프로텍,31.9,189,0.0,85,0,0,0,41.1,0,15,1,17.1,20,1,10,10,1,0,15,0,0,10,1,0,10,1,0.0,10,1,0,10,1,-5.02,-10.19
2026-07-02,131290,티에스이,31.8,190,0.0,85,1,0,1,54.0,4,15,1,15.0,20,1,1,10,1,0,15,0,0,10,1,0,10,1,7.0,10,1,0,10,1,9.55,5.08
2026-07-02,066970,엘앤에프,31.6,191,0.0,75,0,0,0,35.6,4,15,1,17.7,20,1,0,10,0,0,15,0,0,10,1,0,10,1,0.0,10,1,2,10,1,-5.81,-21.65
2026-07-02,271560,오리온,31.6,192,0.0,85,0,1,1,57.7,4,15,1,4.9,20,1,8,10,1,0,15,0,4,10,1,0,10,1,6.0,10,1,0,10,1,-1.37,-8.63
2026-07-02,100090,SK오션플랜트,31.6,193,0.0,85,0,1,1,45.4,4,15,1,6.9,20,1,8,10,1,0,15,0,0,10,1,0,10,1,6.0,10,1,2,10,1,-11.16,-16.81
2026-07-02,060370,LS마린솔루션,31.6,194,0.0,85,0,1,0,46.9,0,15,1,13.9,20,1,10,10,1,0,15,0,0,10,1,0,10,1,3.0,10,1,0,10,1,2.11,-7.39
2026-07-02,086790,하나금융지주,31.4,195,0.0,85,0,0,0,52.9,8,15,1,4.7,20,1,10,10,1,0,15,0,4,10,1,0,10,1,0.0,10,1,0,10,1,6.37,10.43
2026-07-02,064760,티씨케이,31.4,196,0.0,85,0,1,1,44.8,4,15,1,6.7,20,1,10,10,1,0,15,0,0,10,1,0,10,1,6.0,10,1,0,10,1,-7.57,-17.13
2026-07-02,052690,한전기술,31.3,197,0.0,85,0,1,0,40.5,4,15,1,9.6,20,1,10,10,1,0,15,0,0,10,1,0,10,1,3.0,10,1,0,10,1,-5.72,-19.74
2026-07-02,462870,시프트업,31.3,198,0.0,75,1,1,1,57.6,0,15,1,6.5,20,1,0,10,0,0,15,0,7,10,1,0,10,1,10.0,10,1,0,10,1,2.93,-7.61
2026-07-02,189300,인텔리안테크,31.1,199,0.0,85,0,0,0,30.1,0,15,1,16.4,20,1,10,10,1,0,15,0,0,10,1,0,10,1,0.0,10,1,0,10,1,-0.55,-20.44
2026-07-02,079550,LIG디펜스앤에어로스페이스,30.9,200,0.0,85,0,0,0,45.3,8,15,1,6.3,20,1,10,10,1,0,15,0,0,10,1,0,10,1,0.0,10,1,2,10,1,-1.71,-8.79
2026-07-06,091590,남화토건,79.3,1,0.0,75,1,1,1,73.4,8,15,1,19.5,20,1,0,10,0,0,15,0,10,10,1,10,10,1,10.0,10,1,2,10,1,-31.01,-49.2
2026-07-06,042660,한화오션,76.5,2,0.0,85,0,1,1,52.5,15,15,1,20.0,20,1,10,10,1,0,15,0,0,10,1,7,10,1,6.0,10,1,7,10,1,-32.13,-29.46
2026-07-06,010960,삼호개발,74.1,3,0.0,85,0,1,1,63.3,8,15,1,20.0,20,1,10,10,1,0,15,0,7,10,1,10,10,1,6.0,10,1,2,10,1,-10.97,-26.56
2026-07-06,005935,삼성전자우,69.4,4,0.0,85,0,0,1,52.4,15,15,1,20.0,20,1,10,10,1,0,15,0,4,10,1,0,10,1,3.0,10,1,7,10,1,-16.75,-14.82
2026-07-06,005930,삼성전자,64.7,5,0.0,85,0,0,1,50.0,15,15,1,20.0,20,1,10,10,1,0,15,0,0,10,1,0,10,1,3.0,10,1,7,10,1,-19.97,-18.55
2026-07-06,019210,와이지-원,62.4,6,0.0,85,1,1,1,71.9,8,15,1,5.0,20,1,10,10,1,0,15,0,10,10,1,10,10,1,10.0,10,1,0,10,1,-20.22,-22.66
2026-07-06,122350,삼기,61.5,7,0.0,85,0,1,1,65.8,8,15,1,7.3,20,1,10,10,1,0,15,0,7,10,1,10,10,1,6.0,10,1,4,10,1,-1.39,0.7
2026-07-06,402340,SK스퀘어,61.3,8,0.0,75,1,0,0,49.4,15,15,1,20.0,20,1,0,10,0,0,15,0,0,10,1,0,10,1,4.0,10,1,7,10,1,-22.34,-16.19
2026-07-06,222800,심텍,61.3,9,0.0,75,1,0,1,48.1,12,15,1,20.0,20,1,0,10,0,0,15,0,0,10,1,0,10,1,7.0,10,1,7,10,1,-8.78,-14.85
2026-07-06,002990,금호건설,59.6,10,0.0,85,1,1,1,68.0,12,15,1,10.7,20,1,1,10,1,0,15,0,0,10,1,10,10,1,10.0,10,1,7,10,1,13.12,-16.68
2026-07-06,046940,우원개발,58.8,11,0.0,85,0,1,1,63.6,4,15,1,20.0,20,1,10,10,1,0,15,0,0,10,1,10,10,1,6.0,10,1,0,10,1,-20.67,-30.88
2026-07-06,037070,파세코,56.9,12,0.0,85,0,1,1,71.0,8,15,1,10.4,20,1,8,10,1,0,15,0,4,10,1,10,10,1,6.0,10,1,2,10,1,-1.24,-31.12
2026-07-06,036930,주성엔지니어링,56.8,13,0.0,85,1,0,0,47.1,15,15,1,12.3,20,1,10,10,1,0,15,0,0,10,1,0,10,1,4.0,10,1,7,10,1,0.44,-6.88
2026-07-06,352820,하이브,56.5,14,0.0,85,0,1,0,51.4,8,15,1,20.0,20,1,10,10,1,0,15,0,0,10,1,0,10,1,3.0,10,1,7,10,1,-0.93,-7.72
2026-07-06,000660,SK하이닉스,56.0,15,0.0,75,0,0,0,49.5,15,15,1,20.0,20,1,0,10,0,0,15,0,0,10,1,0,10,1,0.0,10,1,7,10,1,-21.25,-21.64
2026-07-06,013360,일성건설,56.0,16,0.0,85,0,1,1,63.1,4,15,1,10.6,20,1,10,10,1,0,15,0,7,10,1,10,10,1,6.0,10,1,0,10,1,-27.77,-36.21
2026-07-06,009150,삼성전기,55.3,17,0.0,85,1,0,1,48.8,15,15,1,8.0,20,1,10,10,1,0,15,0,0,10,1,0,10,1,7.0,10,1,7,10,1,-29.49,-28.34
2026-07-06,001260,남광토건,55.3,18,0.0,85,0,1,1,68.9,4,15,1,7.0,20,1,10,10,1,0,15,0,10,10,1,10,10,1,6.0,10,1,0,10,1,-24.41,-37.46
2026-07-06,055550,신한지주,54.7,19,0.0,85,1,1,1,62.8,12,15,1,4.5,20,1,10,10,1,0,15,0,10,10,1,0,10,1,10.0,10,1,0,10,1,0.84,-2.79
2026-07-06,003490,대한항공,54.3,20,0.0,75,1,1,1,56.7,8,15,1,11.7,20,1,0,10,0,0,15,0,4,10,1,0,10,1,10.0,10,1,7,10,1,-10.09,-11.83
2026-07-06,010950,S-Oil,54.1,21,0.0,85,0,1,1,59.0,8,15,1,20.0,20,1,10,10,1,0,15,0,0,10,1,0,10,1,6.0,10,1,2,10,1,19.33,21.13
2026-07-06,034730,SK,53.3,22,0.0,75,1,0,0,48.3,12,15,1,20.0,20,1,0,10,0,0,15,0,0,10,1,0,10,1,4.0,10,1,4,10,1,-12.59,-10.64
2026-07-06,200710,에이디테크놀로지,53.3,23,0.0,75,0,1,1,41.9,4,15,1,20.0,20,1,0,10,0,0,15,0,0,10,1,10,10,1,6.0,10,1,0,10,1,-2.64,-10.23
2026-07-06,006800,미래에셋증권,52.6,24,0.0,85,0,1,1,40.9,12,15,1,9.7,20,1,10,10,1,0,15,0,0,10,1,0,10,1,6.0,10,1,7,10,1,-10.61,-16.76
2026-07-06,240810,원익IPS,52.0,25,0.0,75,0,0,0,42.9,12,15,1,20.0,20,1,0,10,0,0,15,0,0,10,1,0,10,1,0.0,10,1,7,10,1,0.24,-6.75
2026-07-06,013120,동원개발,51.5,26,0.0,85,0,1,0,73.3,8,15,1,6.8,20,1,10,10,1,0,15,0,4,10,1,10,10,1,3.0,10,1,2,10,1,-22.3,-30.82
2026-07-06,039830,오로라,50.9,27,0.0,85,1,1,1,69.8,0,15,1,6.3,20,1,10,10,1,0,15,0,10,10,1,7,10,1,10.0,10,1,0,10,1,-12.79,-12.97
2026-07-06,012450,한화에어로스페이스,50.8,28,0.0,85,0,1,1,53.2,12,15,1,8.2,20,1,10,10,1,0,15,0,0,10,1,0,10,1,6.0,10,1,7,10,1,-19.24,-22.43
2026-07-06,089970,브이엠,50.7,29,0.0,75,1,0,1,54.6,4,15,1,20.0,20,1,0,10,0,0,15,0,0,10,1,0,10,1,7.0,10,1,7,10,1,-0.92,-8.22
2026-07-06,064290,인텍플러스,50.7,30,0.0,75,1,1,1,58.9,4,15,1,20.0,20,1,0,10,0,0,15,0,4,10,1,0,10,1,10.0,10,1,0,10,1,-10.16,-24.87
2026-07-06,214450,파마리서치,50.2,31,0.0,85,1,1,1,49.0,8,15,1,7.7,20,1,10,10,1,0,15,0,0,10,1,0,10,1,10.0,10,1,7,10,1,5.25,8.76
2026-07-06,278470,에이피알,50.1,32,0.0,85,0,1,0,47.3,8,15,1,14.6,20,1,10,10,1,0,15,0,0,10,1,0,10,1,3.0,10,1,7,10,1,0.4,-3.57
2026-07-06,058730,다스코,50.1,33,0.0,85,0,1,1,52.3,4,15,1,15.6,20,1,10,10,1,0,15,0,0,10,1,0,10,1,6.0,10,1,7,10,1,34.99,23.23
2026-07-06,353200,대덕전자,49.4,34,0.0,85,0,0,0,39.7,8,15,1,20.0,20,1,10,10,1,0,15,0,0,10,1,0,10,1,0.0,10,1,4,10,1,-8.23,-2.82
2026-07-06,043260,성호전자,49.4,35,0.0,85,0,0,0,31.0,8,15,1,20.0,20,1,10,10,1,0,15,0,0,10,1,0,10,1,0.0,10,1,4,10,1,-10.82,-20.0
2026-07-06,105560,KB금융,48.7,36,0.0,85,1,1,1,62.2,12,15,1,4.4,20,1,8,10,1,0,15,0,7,10,1,0,10,1,10.0,10,1,0,10,1,8.95,1.81
2026-07-06,319660,피에스케이,48.7,37,0.0,85,1,0,1,54.0,8,15,1,9.4,20,1,10,10,1,0,15,0,0,10,1,0,10,1,7.0,10,1,7,10,1,8.08,-0.47
2026-07-06,009420,한올바이오파마,48.2,38,0.0,85,1,1,0,49.7,4,15,1,20.0,20,1,8,10,1,0,15,0,0,10,1,0,10,1,7.0,10,1,2,10,1,-1.25,-13.86
2026-07-06,068270,셀트리온,47.4,39,0.0,85,0,1,1,49.2,8,15,1,11.3,20,1,8,10,1,0,15,0,0,10,1,0,10,1,6.0,10,1,7,10,1,-0.45,-2.44
2026-07-06,071050,한국금융지주,47.2,40,0.0,85,0,1,1,58.0,8,15,1,9.1,20,1,10,10,1,0,15,0,0,10,1,0,10,1,6.0,10,1,7,10,1,-5.01,-12.22
2026-07-06,096770,SK이노베이션,47.1,41,0.0,85,0,1,1,41.9,4,15,1,20.0,20,1,10,10,1,0,15,0,0,10,1,0,10,1,6.0,10,1,0,10,1,14.2,20.52
2026-07-06,036570,NC,47.1,42,0.0,85,0,1,1,47.1,4,15,1,20.0,20,1,10,10,1,0,15,0,0,10,1,0,10,1,6.0,10,1,0,10,1,-4.75,-15.45
2026-07-06,099320,쎄트렉아이,47.1,43,0.0,85,0,1,1,38.0,4,15,1,20.0,20,1,10,10,1,0,15,0,0,10,1,0,10,1,6.0,10,1,0,10,1,-13.62,-17.83
2026-07-06,008770,호텔신라,47.1,44,0.0,85,0,1,1,47.2,4,15,1,20.0,20,1,10,10,1,0,15,0,0,10,1,0,10,1,6.0,10,1,0,10,1,-2.64,-10.57
2026-07-06,089030,테크윙,46.7,45,0.0,75,0,0,0,40.2,8,15,1,20.0,20,1,0,10,0,0,15,0,0,10,1,0,10,1,0.0,10,1,7,10,1,-4.88,1.52
2026-07-06,281820,케이씨텍,46.7,46,0.0,85,1,1,1,57.2,4,15,1,11.7,20,1,10,10,1,0,15,0,0,10,1,0,10,1,10.0,10,1,4,10,1,-8.91,1.52
2026-07-06,064350,현대로템,46.4,47,0.0,85,0,1,1,49.3,8,15,1,10.4,20,1,8,10,1,0,15,0,0,10,1,0,10,1,6.0,10,1,7,10,1,-13.13,-21.77
2026-07-06,009540,HD한국조선해양,46.1,48,0.0,85,0,0,1,43.8,8,15,1,13.2,20,1,8,10,1,0,15,0,0,10,1,0,10,1,3.0,10,1,7,10,1,-6.44,-7.4
2026-07-06,005490,POSCO홀딩스,46.0,49,0.0,85,0,1,1,37.8,8,15,1,8.1,20,1,10,10,1,0,15,0,0,10,1,0,10,1,6.0,10,1,7,10,1,-4.2,-5.75
2026-07-06,047040,대우건설,45.6,50,0.0,85,0,0,1,38.6,8,15,1,13.8,20,1,10,10,1,0,15,0,0,10,1,0,10,1,3.0,10,1,4,10,1,-11.45,-18.14
2026-07-06,080220,제주반도체,45.4,51,0.0,85,0,0,0,44.2,8,15,1,18.6,20,1,10,10,1,0,15,0,0,10,1,0,10,1,0.0,10,1,2,10,1,-13.44,-12.32
2026-07-06,084370,유진테크,45.1,52,0.0,85,1,0,0,47.7,8,15,1,9.3,20,1,10,10,1,0,15,0,0,10,1,0,10,1,4.0,10,1,7,10,1,-2.79,-20.13
2026-07-06,006400,삼성SDI,44.7,53,0.0,85,0,0,0,38.3,12,15,1,16.0,20,1,10,10,1,0,15,0,0,10,1,0,10,1,0.0,10,1,0,10,1,-2.55,-7.75
2026-07-06,290650,엘앤씨바이오,44.7,54,0.0,85,1,0,0,45.6,4,15,1,20.0,20,1,10,10,1,0,15,0,0,10,1,0,10,1,4.0,10,1,0,10,1,-11.13,-14.58
2026-07-06,420770,기가비스,44.7,55,0.0,85,1,0,0,50.0,4,15,1,20.0,20,1,10,10,1,0,15,0,0,10,1,0,10,1,4.0,10,1,0,10,1,6.93,-5.87
2026-07-06,419050,삼기에너지솔루션즈,44.6,56,0.0,85,0,1,0,54.8,4,15,1,13.9,20,1,10,10,1,0,15,0,0,10,1,7,10,1,3.0,10,1,0,10,1,-6.34,-19.26
2026-07-06,007660,이수페타시스,44.0,57,0.0,85,0,0,1,40.2,8,15,1,9.4,20,1,10,10,1,0,15,0,0,10,1,0,10,1,3.0,10,1,7,10,1,-1.68,-12.54
2026-07-06,010170,대한광통신,44.0,58,0.0,75,0,0,1,32.5,8,15,1,20.0,20,1,0,10,0,0,15,0,0,10,1,0,10,1,3.0,10,1,2,10,1,-3.71,-12.97
2026-07-06,153890,져스텍,44.0,59,0.0,75,0,0,1,47.6,8,15,1,20.0,20,1,0,10,0,0,15,0,0,10,1,0,10,1,3.0,10,1,2,10,1,-30.73,-44.34
2026-07-06,382900,범한퓨얼셀,44.0,60,0.0,75,0,1,1,52.0,0,15,1,20.0,20,1,0,10,0,0,15,0,0,10,1,7,10,1,6.0,10,1,0,10,1,-44.44,-46.0
2026-07-06,016360,삼성증권,43.8,61,0.0,85,0,1,1,55.1,8,15,1,7.2,20,1,10,10,1,0,15,0,0,10,1,4,10,1,6.0,10,1,2,10,1,-10.31,-15.0
2026-07-06,000720,현대건설,43.6,62,0.0,85,0,1,0,41.3,8,15,1,12.1,20,1,10,10,1,0,15,0,0,10,1,0,10,1,3.0,10,1,4,10,1,-11.74,-18.43
2026-07-06,073240,금호타이어,43.6,63,0.0,75,0,1,1,66.8,8,15,1,4.7,20,1,0,10,0,0,15,0,7,10,1,7,10,1,6.0,10,1,0,10,1,16.23,-0.97
2026-07-06,267270,HD건설기계,43.5,64,0.0,85,0,1,0,40.7,4,15,1,20.0,20,1,10,10,1,0,15,0,0,10,1,0,10,1,3.0,10,1,0,10,1,2.67,-1.21
2026-07-06,218410,RFHIC,43.5,65,0.0,85,0,0,1,33.4,4,15,1,20.0,20,1,10,10,1,0,15,0,0,10,1,0,10,1,3.0,10,1,0,10,1,-18.57,-24.78
2026-07-06,263750,펄어비스,43.5,66,0.0,85,0,1,0,36.6,4,15,1,20.0,20,1,10,10,1,0,15,0,0,10,1,0,10,1,3.0,10,1,0,10,1,-3.57,-8.38
2026-07-06,006910,보성파워텍,43.5,67,0.0,85,0,1,0,40.0,4,15,1,20.0,20,1,10,10,1,0,15,0,0,10,1,0,10,1,3.0,10,1,0,10,1,-8.52,-14.7
2026-07-06,089890,코세스,43.5,68,0.0,85,0,0,1,39.0,0,15,1,20.0,20,1,10,10,1,0,15,0,0,10,1,4,10,1,3.0,10,1,0,10,1,3.3,-21.1
2026-07-06,189300,인텔리안테크,42.8,69,0.0,85,0,1,1,30.3,4,15,1,16.4,20,1,10,10,1,0,15,0,0,10,1,0,10,1,6.0,10,1,0,10,1,-8.79,-18.82
2026-07-06,009830,한화솔루션,42.7,70,0.0,75,0,0,0,38.5,8,15,1,20.0,20,1,0,10,0,0,15,0,0,10,1,0,10,1,0.0,10,1,4,10,1,1.75,-15.42
2026-07-06,093370,후성,42.7,71,0.0,75,0,0,0,42.9,8,15,1,20.0,20,1,0,10,0,0,15,0,0,10,1,0,10,1,0.0,10,1,4,10,1,-6.94,-19.53
2026-07-06,322000,HD현대에너지솔루션,42.7,72,0.0,75,0,1,1,38.2,4,15,1,20.0,20,1,0,10,0,0,15,0,0,10,1,0,10,1,6.0,10,1,2,10,1,2.13,10.64
2026-07-06,403870,HPSP,42.6,73,0.0,85,0,0,1,42.0,12,15,1,6.2,20,1,8,10,1,0,15,0,0,10,1,0,10,1,3.0,10,1,7,10,1,-5.84,-12.13
2026-07-06,047810,한국항공우주,42.4,74,0.0,85,0,1,1,58.0,8,15,1,8.0,20,1,10,10,1,0,15,0,0,10,1,0,10,1,6.0,10,1,4,10,1,-10.92,-11.55
2026-07-06,010060,OCI홀딩스,42.4,75,0.0,85,0,0,0,38.1,4,15,1,20.0,20,1,10,10,1,0,15,0,0,10,1,0,10,1,0.0,10,1,2,10,1,2.92,-1.86
2026-07-06,098460,고영,42.4,76,0.0,85,0,0,0,40.5,4,15,1,20.0,20,1,10,10,1,0,15,0,0,10,1,0,10,1,0.0,10,1,2,10,1,-9.14,-10.02
2026-07-06,003530,한화투자증권,42.4,77,0.0,85,0,1,1,39.4,0,15,1,20.0,20,1,10,10,1,0,15,0,0,10,1,0,10,1,6.0,10,1,0,10,1,-9.03,-14.34
2026-07-06,373220,LG에너지솔루션,42.3,78,0.0,75,0,0,0,43.1,8,15,1,16.7,20,1,0,10,0,0,15,0,0,10,1,0,10,1,0.0,10,1,7,10,1,-7.33,-10.58
2026-07-06,010120,LS ELECTRIC,42.2,79,0.0,85,0,0,0,45.1,12,15,1,6.9,20,1,10,10,1,0,15,0,0,10,1,0,10,1,0.0,10,1,7,10,1,-15.56,-13.46
2026-07-06,000270,기아,41.9,80,0.0,85,0,1,1,56.2,15,15,1,4.6,20,1,10,10,1,0,15,0,0,10,1,0,10,1,6.0,10,1,0,10,1,-10.7,-10.02
2026-07-06,006260,LS,41.3,81,0.0,85,0,1,0,41.6,8,15,1,7.1,20,1,10,10,1,0,15,0,0,10,1,0,10,1,3.0,10,1,7,10,1,-14.02,-22.1
2026-07-06,112040,위메이드,41.3,82,0.0,75,0,1,0,53.1,4,15,1,20.0,20,1,0,10,0,0,15,0,0,10,1,4,10,1,3.0,10,1,0,10,1,-10.76,-22.27
2026-07-06,005690,파미셀,41.2,83,0.0,85,0,1,0,39.0,4,15,1,20.0,20,1,8,10,1,0,15,0,0,10,1,0,10,1,3.0,10,1,0,10,1,-4.6,-10.38
2026-07-06,096530,씨젠,41.2,84,0.0,85,1,1,1,51.8,0,15,1,20.0,20,1,1,10,1,0,15,0,4,10,1,0,10,1,10.0,10,1,0,10,1,-2.07,-6.37
2026-07-06,039440,에스티아이,41.2,85,0.0,85,0,1,1,44.6,0,15,1,19.0,20,1,10,10,1,0,15,0,0,10,1,0,10,1,6.0,10,1,0,10,1,-0.56,-12.95
2026-07-06,013580,계룡건설,41.1,86,0.0,85,0,1,1,55.3,4,15,1,8.9,20,1,10,10,1,0,15,0,0,10,1,4,10,1,6.0,10,1,2,10,1,-15.41,-21.0
2026-07-06,003200,일신방직,41.1,87,0.0,85,0,1,1,67.2,4,15,1,5.9,20,1,8,10,1,0,15,0,4,10,1,7,10,1,6.0,10,1,0,10,1,-19.84,-24.45
2026-07-06,139130,iM금융지주,40.6,88,0.0,85,0,1,1,61.0,4,15,1,10.5,20,1,10,10,1,0,15,0,4,10,1,0,10,1,6.0,10,1,0,10,1,-0.44,-0.87
2026-07-06,079550,LIG디펜스앤에어로스페이스,40.4,89,0.0,85,0,1,1,51.0,8,15,1,6.3,20,1,10,10,1,0,15,0,0,10,1,0,10,1,6.0,10,1,4,10,1,-11.04,-17.55
2026-07-06,475150,SK이터닉스,40.4,90,0.0,85,0,1,1,46.8,8,15,1,5.3,20,1,8,10,1,0,15,0,0,10,1,0,10,1,6.0,10,1,7,10,1,12.0,30.3
2026-07-06,083650,비에이치아이,40.1,91,0.0,85,0,1,0,37.9,4,15,1,17.1,20,1,10,10,1,0,15,0,0,10,1,0,10,1,3.0,10,1,0,10,1,-10.52,-21.72
2026-07-06,272210,한화시스템,40.0,92,0.0,85,0,0,1,42.2,8,15,1,11.0,20,1,10,10,1,0,15,0,0,10,1,0,10,1,3.0,10,1,2,10,1,-17.8,-25.09
2026-07-06,196170,알테오젠,40.0,93,0.0,75,0,0,0,44.0,8,15,1,20.0,20,1,0,10,0,0,15,0,0,10,1,0,10,1,0.0,10,1,2,10,1,-4.38,-17.52
2026-07-06,178320,서진시스템,40.0,94,0.0,75,0,0,0,33.6,8,15,1,20.0,20,1,0,10,0,0,15,0,0,10,1,0,10,1,0.0,10,1,2,10,1,-16.4,-22.9
2026-07-06,247540,에코프로비엠,40.0,95,0.0,75,0,0,0,31.0,8,15,1,20.0,20,1,0,10,0,0,15,0,0,10,1,0,10,1,0.0,10,1,2,10,1,-1.56,-12.98
2026-07-06,131970,두산테스나,40.0,96,0.0,85,0,0,0,37.7,4,15,1,20.0,20,1,10,10,1,0,15,0,0,10,1,0,10,1,0.0,10,1,0,10,1,-13.39,-23.31
2026-07-06,122640,예스티,40.0,97,0.0,75,1,0,0,47.3,4,15,1,20.0,20,1,0,10,0,0,15,0,0,10,1,0,10,1,4.0,10,1,2,10,1,0.83,-12.4
2026-07-06,077360,덕산하이메탈,40.0,98,0.0,85,0,0,0,36.9,4,15,1,20.0,20,1,10,10,1,0,15,0,0,10,1,0,10,1,0.0,10,1,0,10,1,-5.16,0.11
2026-07-06,004710,한솔테크닉스,40.0,99,0.0,85,0,0,0,41.5,4,15,1,20.0,20,1,10,10,1,0,15,0,0,10,1,0,10,1,0.0,10,1,0,10,1,-10.88,-2.96
2026-07-06,139480,이마트,40.0,100,0.0,75,0,1,1,47.2,4,15,1,20.0,20,1,0,10,0,0,15,0,0,10,1,0,10,1,6.0,10,1,0,10,1,-3.29,-6.11
2026-07-06,041830,인바디,40.0,101,0.0,85,1,1,1,64.0,4,15,1,6.0,20,1,10,10,1,0,15,0,4,10,1,0,10,1,10.0,10,1,0,10,1,-11.34,-8.25
2026-07-06,003540,대신증권,39.9,102,0.0,85,0,1,1,50.1,0,15,1,17.9,20,1,10,10,1,0,15,0,0,10,1,0,10,1,6.0,10,1,0,10,1,-11.02,-13.73
2026-07-06,021240,코웨이,39.8,103,0.0,85,1,1,1,59.2,4,15,1,4.8,20,1,8,10,1,0,15,0,7,10,1,0,10,1,10.0,10,1,0,10,1,-3.47,-1.58
2026-07-06,067310,하나마이크론,39.7,104,0.0,75,0,0,1,39.0,8,15,1,11.8,20,1,0,10,0,0,15,0,0,10,1,0,10,1,3.0,10,1,7,10,1,-2.05,-5.13
2026-07-06,483650,달바글로벌,39.6,105,0.0,85,1,1,1,51.2,4,15,1,7.7,20,1,10,10,1,0,15,0,0,10,1,0,10,1,10.0,10,1,2,10,1,-8.49,8.26
2026-07-06,477850,마키나락스,39.2,106,0.0,75,0,1,1,52.7,12,15,1,1.4,20,1,0,10,0,0,15,0,0,10,1,10,10,1,6.0,10,1,0,10,1,-19.08,-35.33
2026-07-06,458870,씨어스,39.1,107,0.0,75,0,1,1,49.8,4,15,1,19.3,20,1,0,10,0,0,15,0,0,10,1,0,10,1,6.0,10,1,0,10,1,-4.63,-19.1
2026-07-06,484870,엠앤씨솔루션,39.1,108,0.0,85,0,0,1,34.2,4,15,1,8.2,20,1,8,10,1,0,15,0,0,10,1,10,10,1,3.0,10,1,0,10,1,-28.23,-41.71
2026-07-06,004170,신세계,38.9,109,0.0,85,1,0,0,52.7,8,15,1,7.1,20,1,10,10,1,0,15,0,0,10,1,0,10,1,4.0,10,1,4,10,1,-14.35,-18.55
2026-07-06,005070,코스모신소재,38.8,110,0.0,85,0,1,0,43.8,0,15,1,20.0,20,1,10,10,1,0,15,0,0,10,1,0,10,1,3.0,10,1,0,10,1,-3.63,-12.25
2026-07-06,003160,디아이,38.8,111,0.0,85,0,0,1,42.0,0,15,1,20.0,20,1,10,10,1,0,15,0,0,10,1,0,10,1,3.0,10,1,0,10,1,-12.79,-17.44
2026-07-06,456040,OCI,38.8,112,0.0,85,0,1,0,41.4,0,15,1,20.0,20,1,10,10,1,0,15,0,0,10,1,0,10,1,3.0,10,1,0,10,1,0.55,-7.64
2026-07-06,441270,파인엠텍,38.8,113,0.0,85,0,1,0,41.8,0,15,1,20.0,20,1,10,10,1,0,15,0,0,10,1,0,10,1,3.0,10,1,0,10,1,-5.1,5.56
2026-07-06,042700,한미반도체,38.7,114,0.0,85,0,0,0,37.1,12,15,1,6.9,20,1,10,10,1,0,15,0,0,10,1,0,10,1,0.0,10,1,4,10,1,-9.27,-1.1
2026-07-06,095610,테스,38.7,115,0.0,85,1,0,1,49.3,8,15,1,7.9,20,1,3,10,1,0,15,0,0,10,1,0,10,1,7.0,10,1,7,10,1,16.21,3.3
2026-07-06,365660,레몬헬스케어,38.5,116,0.0,65,0,0,0,,15,15,1,0.0,20,1,0,10,0,0,15,0,10,10,1,0,10,1,0.0,10,0,0,10,1,-25.74,-32.45
2026-07-06,006360,GS건설,38.4,117,0.0,75,0,1,1,55.6,8,15,1,6.8,20,1,0,10,0,0,15,0,0,10,1,4,10,1,6.0,10,1,4,10,1,-3.76,-16.34
2026-07-06,031980,피에스케이홀딩스,38.0,118,0.0,85,1,1,1,48.4,4,15,1,6.3,20,1,10,10,1,0,15,0,0,10,1,0,10,1,10.0,10,1,2,10,1,10.14,6.13
2026-07-06,039490,키움증권,37.9,119,0.0,85,0,1,1,50.4,8,15,1,6.2,20,1,10,10,1,0,15,0,0,10,1,0,10,1,6.0,10,1,2,10,1,-9.26,-14.31
2026-07-06,015760,한국전력,37.7,120,0.0,75,0,1,1,52.5,8,15,1,7.3,20,1,0,10,0,0,15,0,0,10,1,0,10,1,6.0,10,1,7,10,1,-12.52,-13.92
2026-07-06,356860,티엘비,37.6,121,0.0,85,0,0,0,37.1,4,15,1,20.0,20,1,8,10,1,0,15,0,0,10,1,0,10,1,0.0,10,1,0,10,1,4.94,-52.68
2026-07-06,005880,대한해운,37.5,122,0.0,85,0,1,1,43.6,4,15,1,4.9,20,1,10,10,1,0,15,0,0,10,1,7,10,1,6.0,10,1,0,10,1,-1.67,-7.08
2026-07-06,001440,대한전선,37.4,123,0.0,85,0,1,0,37.3,8,15,1,6.8,20,1,10,10,1,0,15,0,0,10,1,0,10,1,3.0,10,1,4,10,1,-12.25,-17.67
2026-07-06,003230,삼양식품,37.4,124,0.0,85,0,1,0,43.1,8,15,1,6.8,20,1,10,10,1,0,15,0,0,10,1,0,10,1,3.0,10,1,4,10,1,1.09,1.73
2026-07-06,011070,LG이노텍,37.3,125,0.0,85,0,0,0,40.7,12,15,1,7.7,20,1,10,10,1,0,15,0,0,10,1,0,10,1,0.0,10,1,2,10,1,-22.69,-26.43
2026-07-06,298040,효성중공업,37.3,126,0.0,85,0,0,0,41.2,8,15,1,9.7,20,1,10,10,1,0,15,0,0,10,1,0,10,1,0.0,10,1,4,10,1,-14.47,-17.29
2026-07-06,002995,금호건설우,37.3,127,0.0,85,0,1,1,71.3,0,15,1,10.7,20,1,1,10,1,0,15,0,4,10,1,10,10,1,6.0,10,1,0,10,1,-25.28,-43.05
2026-07-06,267260,HD현대일렉트릭,37.2,128,0.0,85,0,0,0,41.9,8,15,1,6.6,20,1,10,10,1,0,15,0,0,10,1,0,10,1,0.0,10,1,7,10,1,-15.18,-16.25
2026-07-06,062040,산일전기,36.9,129,0.0,85,0,0,1,41.6,4,15,1,7.4,20,1,10,10,1,0,15,0,0,10,1,0,10,1,3.0,10,1,7,10,1,-17.97,-20.39
2026-07-06,086520,에코프로,36.7,130,0.0,85,0,0,0,34.6,8,15,1,13.2,20,1,8,10,1,0,15,0,0,10,1,0,10,1,0.0,10,1,2,10,1,-2.22,-12.05
2026-07-06,066570,LG전자,36.6,131,0.0,85,0,0,0,40.7,12,15,1,7.1,20,1,10,10,1,0,15,0,0,10,1,0,10,1,0.0,10,1,2,10,1,-0.05,-6.73
2026-07-06,037710,광주신세계,36.5,132,0.0,85,1,1,0,63.5,8,15,1,4.0,20,1,1,10,1,0,15,0,4,10,1,7,10,1,7.0,10,1,0,10,1,-13.17,-22.48
2026-07-06,009190,대양금속,36.5,133,0.0,75,0,0,1,59.2,0,15,1,14.4,20,1,0,10,0,0,15,0,0,10,1,10,10,1,3.0,10,1,0,10,1,-0.49,-15.26
2026-07-06,071970,HD현대마린엔진,36.4,134,0.0,85,0,1,1,45.9,4,15,1,10.9,20,1,10,10,1,0,15,0,0,10,1,0,10,1,6.0,10,1,0,10,1,-5.7,-7.91
2026-07-06,257720,실리콘투,36.0,135,0.0,85,0,1,1,56.7,4,15,1,6.6,20,1,10,10,1,0,15,0,0,10,1,4,10,1,6.0,10,1,0,10,1,2.82,-4.42
2026-07-06,108490,로보티즈,36.0,136,0.0,75,0,0,1,37.1,4,15,1,20.0,20,1,0,10,0,0,15,0,0,10,1,0,10,1,3.0,10,1,0,10,1,-8.65,-12.64
2026-07-06,097230,HJ중공업,36.0,137,0.0,75,0,0,1,40.0,4,15,1,20.0,20,1,0,10,0,0,15,0,0,10,1,0,10,1,3.0,10,1,0,10,1,-16.02,-23.84
2026-07-06,078930,GS,35.6,138,0.0,85,0,1,1,58.6,4,15,1,6.3,20,1,10,10,1,0,15,0,4,10,1,0,10,1,6.0,10,1,0,10,1,1.79,5.63
2026-07-06,066970,엘앤에프,35.6,139,0.0,75,0,1,0,33.9,4,15,1,17.7,20,1,0,10,0,0,15,0,0,10,1,0,10,1,3.0,10,1,2,10,1,-2.03,-19.92
2026-07-06,017670,SK텔레콤,35.5,140,0.0,85,0,0,0,34.8,8,15,1,8.2,20,1,10,10,1,0,15,0,0,10,1,0,10,1,0.0,10,1,4,10,1,-0.58,-1.28
2026-07-06,007610,선도전기,35.3,141,0.0,75,0,1,1,50.7,4,15,1,10.5,20,1,0,10,0,0,15,0,0,10,1,4,10,1,6.0,10,1,2,10,1,-12.12,-20.8
2026-07-06,004020,현대제철,35.3,142,0.0,85,0,1,1,36.5,4,15,1,10.0,20,1,10,10,1,0,15,0,0,10,1,0,10,1,6.0,10,1,0,10,1,-5.63,-10.92
2026-07-06,126340,비나텍,35.3,143,0.0,85,0,0,0,37.3,0,15,1,20.0,20,1,10,10,1,0,15,0,0,10,1,0,10,1,0.0,10,1,0,10,1,-11.1,-28.0
2026-07-06,126640,화신정공,35.3,144,0.0,85,0,0,0,49.9,0,15,1,20.0,20,1,10,10,1,0,15,0,0,10,1,0,10,1,0.0,10,1,0,10,1,-3.17,-10.39
2026-07-06,425420,티에프이,35.3,145,0.0,85,0,0,0,34.8,0,15,1,20.0,20,1,10,10,1,0,15,0,0,10,1,0,10,1,0.0,10,1,0,10,1,1.74,-4.69
2026-07-06,348210,넥스틴,35.3,146,0.0,85,0,0,0,36.3,0,15,1,20.0,20,1,10,10,1,0,15,0,0,10,1,0,10,1,0.0,10,1,0,10,1,-13.36,-19.75
2026-07-06,011930,신성이엔지,35.3,147,0.0,85,0,0,0,47.4,0,15,1,20.0,20,1,10,10,1,0,15,0,0,10,1,0,10,1,0.0,10,1,0,10,1,-8.84,-15.99
2026-07-06,005440,현대지에프홀딩스,35.3,148,0.0,85,1,1,1,54.9,0,15,1,6.0,20,1,10,10,1,0,15,0,4,10,1,0,10,1,10.0,10,1,0,10,1,-8.56,-14.51
2026-07-06,052690,한전기술,35.1,149,0.0,85,0,1,1,39.8,4,15,1,9.8,20,1,10,10,1,0,15,0,0,10,1,0,10,1,6.0,10,1,0,10,1,-8.7,-18.24
2026-07-06,086790,하나금융지주,34.9,150,0.0,85,0,1,0,56.7,8,15,1,4.7,20,1,10,10,1,0,15,0,4,10,1,0,10,1,3.0,10,1,0,10,1,6.25,6.25
2026-07-06,010140,삼성중공업,34.7,151,0.0,75,0,0,1,40.4,8,15,1,8.0,20,1,0,10,0,0,15,0,0,10,1,0,10,1,3.0,10,1,7,10,1,-6.96,-10.34
2026-07-06,141080,리가켐바이오,34.7,152,0.0,75,0,1,1,41.1,4,15,1,16.0,20,1,0,10,0,0,15,0,0,10,1,0,10,1,6.0,10,1,0,10,1,-11.35,-26.76
2026-07-06,138930,BNK금융지주,34.5,153,0.0,85,0,1,1,61.7,4,15,1,5.3,20,1,10,10,1,0,15,0,4,10,1,0,10,1,6.0,10,1,0,10,1,-2.42,-2.74
2026-07-06,032830,삼성생명,34.4,154,0.0,85,0,0,0,49.3,8,15,1,7.2,20,1,10,10,1,0,15,0,0,10,1,0,10,1,0.0,10,1,4,10,1,-17.15,-19.7
2026-07-06,051900,LG생활건강,34.4,155,0.0,85,0,1,1,55.4,4,15,1,9.2,20,1,10,10,1,0,15,0,0,10,1,0,10,1,6.0,10,1,0,10,1,0.4,-1.01
2026-07-06,207940,삼성바이오로직스,34.1,156,0.0,85,0,1,1,52.6,8,15,1,7.0,20,1,1,10,1,0,15,0,0,10,1,0,10,1,6.0,10,1,7,10,1,-0.36,-0.71
2026-07-06,003670,포스코퓨처엠,34.1,157,0.0,85,0,0,0,35.4,4,15,1,20.0,20,1,3,10,1,0,15,0,0,10,1,0,10,1,0.0,10,1,2,10,1,-5.52,-13.1
2026-07-06,001820,삼화콘덴서,34.0,158,0.0,85,0,0,0,44.4,8,15,1,6.9,20,1,10,10,1,0,15,0,0,10,1,0,10,1,0.0,10,1,4,10,1,-18.72,-24.22
2026-07-06,131290,티에스이,34.0,159,0.0,85,1,0,1,53.3,4,15,1,16.9,20,1,1,10,1,0,15,0,0,10,1,0,10,1,7.0,10,1,0,10,1,2.45,2.66
2026-07-06,161390,한국타이어앤테크놀로지,33.9,160,0.0,85,0,1,1,59.2,4,15,1,4.8,20,1,10,10,1,0,15,0,4,10,1,0,10,1,6.0,10,1,0,10,1,-1.13,0.57
2026-07-06,103590,일진전기,33.9,161,0.0,85,0,1,1,39.4,4,15,1,8.8,20,1,10,10,1,0,15,0,0,10,1,0,10,1,6.0,10,1,0,10,1,-14.92,-17.29
2026-07-06,026940,부국철강,33.8,162,0.0,85,1,0,0,51.3,0,15,1,14.7,20,1,10,10,1,0,15,0,0,10,1,0,10,1,4.0,10,1,0,10,1,-11.58,-23.59
2026-07-06,010130,고려아연,33.6,163,0.0,85,0,1,1,40.4,4,15,1,8.6,20,1,10,10,1,0,15,0,0,10,1,0,10,1,6.0,10,1,0,10,1,-7.91,-14.2
2026-07-06,039030,이오테크닉스,33.5,164,0.0,85,0,0,0,41.0,4,15,1,12.5,20,1,10,10,1,0,15,0,0,10,1,0,10,1,0.0,10,1,2,10,1,-9.56,-20.13
2026-07-06,212560,네오오토,33.5,165,0.0,85,0,1,1,59.8,0,15,1,4.5,20,1,8,10,1,0,15,0,0,10,1,10,10,1,6.0,10,1,0,10,1,-6.15,-5.88
2026-07-06,000990,DB하이텍,33.4,166,0.0,85,0,0,0,34.3,8,15,1,6.4,20,1,10,10,1,0,15,0,0,10,1,0,10,1,0.0,10,1,4,10,1,-1.95,-7.26
2026-07-06,011230,삼화전자,33.3,167,0.0,75,1,1,0,56.6,8,15,1,0.0,20,1,0,10,0,0,15,0,0,10,1,10,10,1,7.0,10,1,0,10,1,-7.66,-20.47
2026-07-06,347700,스피어,33.2,168,0.0,75,0,1,1,43.8,4,15,1,10.9,20,1,0,10,0,0,15,0,0,10,1,0,10,1,6.0,10,1,4,10,1,-18.82,-28.0
2026-07-06,030200,KT,33.2,169,0.0,75,0,1,1,50.8,4,15,1,14.9,20,1,0,10,0,0,15,0,0,10,1,0,10,1,6.0,10,1,0,10,1,-3.3,-3.3
2026-07-06,009155,삼성전기우,32.9,170,0.0,85,1,0,0,49.0,4,15,1,8.0,20,1,10,10,1,0,15,0,0,10,1,0,10,1,4.0,10,1,2,10,1,-28.79,-29.39
2026-07-06,122870,와이지엔터테인먼트,32.9,171,0.0,85,0,1,0,48.5,0,15,1,20.0,20,1,5,10,1,0,15,0,0,10,1,0,10,1,3.0,10,1,0,10,1,-4.13,-11.94
2026-07-06,000880,한화,32.7,172,0.0,85,0,1,1,46.6,4,15,1,7.8,20,1,10,10,1,0,15,0,0,10,1,0,10,1,6.0,10,1,0,10,1,-16.47,-21.54
2026-07-06,042940,상지건설,32.6,173,0.0,85,0,1,1,50.6,4,15,1,3.7,20,1,10,10,1,0,15,0,0,10,1,4,10,1,6.0,10,1,0,10,1,-17.37,-21.45
2026-07-06,001510,SK증권,32.6,174,0.0,85,0,1,1,38.5,4,15,1,9.7,20,1,8,10,1,0,15,0,0,10,1,0,10,1,6.0,10,1,0,10,1,-11.99,-17.41
2026-07-06,100790,미래에셋벤처투자,32.5,175,0.0,85,0,1,0,29.6,4,15,1,10.6,20,1,10,10,1,0,15,0,0,10,1,0,10,1,3.0,10,1,0,10,1,-11.6,-23.48
2026-07-06,161890,한국콜마,32.2,176,5.0,85,1,1,1,78.8,4,15,1,5.6,20,1,1,10,1,0,15,0,7,10,1,0,10,1,10.0,10,1,4,10,1,-0.43,-12.55
2026-07-06,111770,영원무역,32.2,177,0.0,85,0,1,1,58.6,0,15,1,7.4,20,1,10,10,1,0,15,0,4,10,1,0,10,1,6.0,10,1,0,10,1,0.95,3.58
2026-07-06,006660,삼성공조,32.0,178,0.0,75,0,1,1,48.4,4,15,1,4.0,20,1,0,10,0,0,15,0,0,10,1,10,10,1,6.0,10,1,0,10,1,-6.15,21.97
2026-07-06,025950,동신건설,32.0,179,0.0,75,0,1,1,63.6,4,15,1,0.0,20,1,0,10,0,0,15,0,4,10,1,10,10,1,6.0,10,1,0,10,1,-26.47,-36.21
2026-07-06,119850,지엔씨에너지,32.0,180,0.0,75,0,1,1,65.6,4,15,1,7.0,20,1,0,10,0,0,15,0,0,10,1,7,10,1,6.0,10,1,0,10,1,-9.78,20.57
2026-07-06,033160,엠케이전자,32.0,181,0.0,75,0,0,0,31.7,4,15,1,20.0,20,1,0,10,0,0,15,0,0,10,1,0,10,1,0.0,10,1,0,10,1,10.04,4.04
2026-07-06,330860,네패스아크,32.0,182,0.0,75,0,0,0,39.1,4,15,1,20.0,20,1,0,10,0,0,15,0,0,10,1,0,10,1,0.0,10,1,0,10,1,17.92,4.59
2026-07-06,417840,저스템,32.0,183,0.0,75,0,0,0,37.7,4,15,1,20.0,20,1,0,10,0,0,15,0,0,10,1,0,10,1,0.0,10,1,0,10,1,7.37,9.31
2026-07-06,397030,에이프릴바이오,32.0,184,0.0,75,0,0,0,33.1,4,15,1,20.0,20,1,0,10,0,0,15,0,0,10,1,0,10,1,0.0,10,1,0,10,1,-15.36,-23.2
2026-07-06,042110,에스씨디,32.0,185,0.0,75,0,1,1,49.7,4,15,1,4.0,20,1,0,10,0,0,15,0,0,10,1,10,10,1,6.0,10,1,0,10,1,4.61,-2.51
2026-07-06,017000,신원종합개발,32.0,186,0.0,75,0,1,1,55.7,4,15,1,4.0,20,1,0,10,0,0,15,0,0,10,1,10,10,1,6.0,10,1,0,10,1,-13.27,-18.18
2026-07-06,036540,SFA반도체,32.0,187,0.0,75,0,0,0,34.5,4,15,1,20.0,20,1,0,10,0,0,15,0,0,10,1,0,10,1,0.0,10,1,0,10,1,-2.29,5.73
2026-07-06,457190,이수스페셜티케미컬,32.0,188,0.0,75,0,0,0,34.1,4,15,1,20.0,20,1,0,10,0,0,15,0,0,10,1,0,10,1,0.0,10,1,0,10,1,-6.58,-16.08
2026-07-06,039200,오스코텍,32.0,189,0.0,75,0,0,0,35.7,4,15,1,20.0,20,1,0,10,0,0,15,0,0,10,1,0,10,1,0.0,10,1,0,10,1,-11.68,-9.73
2026-07-06,329180,HD현대중공업,31.9,190,0.0,85,0,0,0,42.5,8,15,1,14.1,20,1,1,10,1,0,15,0,0,10,1,0,10,1,0.0,10,1,4,10,1,-16.38,-22.56
2026-07-06,005940,NH투자증권,31.9,191,0.0,85,0,1,1,58.8,4,15,1,7.1,20,1,10,10,1,0,15,0,0,10,1,0,10,1,6.0,10,1,0,10,1,-5.89,-10.12
2026-07-06,053610,프로텍,31.9,192,0.0,85,0,0,0,40.2,0,15,1,17.1,20,1,10,10,1,0,15,0,0,10,1,0,10,1,0.0,10,1,0,10,1,-5.12,-7.32
2026-07-06,440110,파두,31.6,193,0.0,75,0,0,0,35.6,8,15,1,13.7,20,1,0,10,0,0,15,0,0,10,1,0,10,1,0.0,10,1,2,10,1,-2.75,6.89
2026-07-06,271560,오리온,31.6,194,0.0,85,0,1,1,54.7,4,15,1,4.9,20,1,8,10,1,0,15,0,4,10,1,0,10,1,6.0,10,1,0,10,1,-2.34,-6.5
2026-07-06,100090,SK오션플랜트,31.6,195,0.0,85,0,1,1,44.1,4,15,1,6.9,20,1,8,10,1,0,15,0,0,10,1,0,10,1,6.0,10,1,2,10,1,-11.44,-11.18
2026-07-06,018670,SK가스,31.6,196,0.0,85,0,1,1,54.1,0,15,1,6.9,20,1,10,10,1,0,15,0,0,10,1,4,10,1,6.0,10,1,0,10,1,-3.52,-0.22
2026-07-06,251970,펌텍코리아,31.6,197,0.0,85,0,1,1,65.3,0,15,1,4.9,20,1,8,10,1,0,15,0,4,10,1,4,10,1,6.0,10,1,0,10,1,-0.81,-8.56
2026-07-06,000810,삼성화재,31.4,198,0.0,85,0,0,0,59.3,8,15,1,4.7,20,1,10,10,1,0,15,0,4,10,1,0,10,1,0.0,10,1,0,10,1,-5.19,-8.31
2026-07-06,035720,카카오,31.3,199,0.0,75,0,1,1,40.7,4,15,1,6.5,20,1,0,10,0,0,15,0,0,10,1,0,10,1,6.0,10,1,7,10,1,-2.39,-0.84
2026-07-06,002700,신일전자,31.3,200,0.0,85,0,1,1,59.0,4,15,1,5.6,20,1,1,10,1,0,15,0,0,10,1,10,10,1,6.0,10,1,0,10,1,-6.93,-18.77
2026-07-07,352820,하이브,76.5,1,0.0,85,0,1,1,58.2,12,15,1,20.0,20,1,10,10,1,0,15,0,0,10,1,7,10,1,6.0,10,1,10,10,1,-11.21,-13.97
2026-07-07,042660,한화오션,72.9,2,0.0,85,0,0,1,37.9,15,15,1,20.0,20,1,10,10,1,0,15,0,0,10,1,7,10,1,3.0,10,1,7,10,1,-14.48,-6.57
2026-07-07,002990,금호건설,71.4,3,0.0,85,1,1,1,71.2,15,15,1,10.7,20,1,1,10,1,0,15,0,4,10,1,10,10,1,10.0,10,1,10,10,1,-3.07,-25.57
2026-07-07,010960,삼호개발,70.6,4,0.0,85,0,1,1,60.4,8,15,1,20.0,20,1,10,10,1,0,15,0,4,10,1,10,10,1,6.0,10,1,2,10,1,-13.96,-25.42
2026-07-07,010950,S-Oil,69.4,5,0.0,85,0,1,1,66.3,8,15,1,20.0,20,1,10,10,1,0,15,0,4,10,1,7,10,1,6.0,10,1,4,10,1,3.14,11.22
2026-07-07,013700,까뮤이앤씨,66.2,6,0.0,85,0,1,1,66.1,4,15,1,16.3,20,1,10,10,1,0,15,0,10,10,1,10,10,1,6.0,10,1,0,10,1,-7.12,-4.09
2026-07-07,010955,S-Oil우,65.9,7,0.0,85,0,1,1,71.2,0,15,1,20.0,20,1,10,10,1,0,15,0,10,10,1,10,10,1,6.0,10,1,0,10,1,1.09,5.29
2026-07-07,005935,삼성전자우,64.7,8,0.0,85,0,0,1,47.4,15,15,1,20.0,20,1,10,10,1,0,15,0,0,10,1,0,10,1,3.0,10,1,7,10,1,-8.58,-7.12
2026-07-07,058730,다스코,64.2,9,0.0,85,1,1,1,57.7,8,15,1,15.6,20,1,10,10,1,0,15,0,0,10,1,4,10,1,10.0,10,1,7,10,1,9.75,0.25
2026-07-07,214450,파마리서치,63.2,10,0.0,85,1,1,1,56.5,8,15,1,7.7,20,1,10,10,1,0,15,0,4,10,1,4,10,1,10.0,10,1,10,10,1,-6.46,-5.29
2026-07-07,003490,대한항공,62.0,11,0.0,75,1,1,1,58.5,8,15,1,11.5,20,1,0,10,0,0,15,0,7,10,1,0,10,1,10.0,10,1,10,10,1,-9.09,-14.58
2026-07-07,005930,삼성전자,61.2,12,0.0,85,0,0,0,45.4,15,15,1,20.0,20,1,10,10,1,0,15,0,0,10,1,0,10,1,0.0,10,1,7,10,1,-11.15,-11.99
2026-07-07,402340,SK스퀘어,60.0,13,0.0,75,0,0,1,44.3,15,15,1,20.0,20,1,0,10,0,0,15,0,0,10,1,0,10,1,3.0,10,1,7,10,1,-12.24,-9.29
2026-07-07,096770,SK이노베이션,58.8,14,0.0,85,0,1,1,50.0,8,15,1,20.0,20,1,10,10,1,0,15,0,0,10,1,4,10,1,6.0,10,1,2,10,1,1.06,14.07
2026-07-07,317400,자이에스앤디,58.8,15,0.0,85,0,1,1,75.1,0,15,1,20.0,20,1,10,10,1,0,15,0,4,10,1,10,10,1,6.0,10,1,0,10,1,-7.4,31.1
2026-07-07,036930,주성엔지니어링,56.8,16,0.0,85,1,0,0,45.8,15,15,1,12.3,20,1,10,10,1,0,15,0,0,10,1,0,10,1,4.0,10,1,7,10,1,9.68,-7.74
2026-07-07,000660,SK하이닉스,56.0,17,0.0,75,0,0,0,46.1,15,15,1,20.0,20,1,0,10,0,0,15,0,0,10,1,0,10,1,0.0,10,1,7,10,1,-13.08,-16.86
2026-07-07,089970,브이엠,56.0,18,0.0,75,1,0,1,48.7,8,15,1,20.0,20,1,0,10,0,0,15,0,0,10,1,0,10,1,7.0,10,1,7,10,1,31.54,-5.85
2026-07-07,278470,에이피알,54.8,19,0.0,85,0,1,0,55.0,12,15,1,14.6,20,1,10,10,1,0,15,0,0,10,1,0,10,1,3.0,10,1,7,10,1,-8.54,-12.8
2026-07-07,055550,신한지주,54.7,20,0.0,85,1,1,1,63.8,12,15,1,4.5,20,1,10,10,1,0,15,0,10,10,1,0,10,1,10.0,10,1,0,10,1,-1.93,-3.78
2026-07-07,122350,삼기,53.3,21,0.0,85,0,1,1,66.6,4,15,1,7.3,20,1,10,10,1,0,15,0,7,10,1,7,10,1,6.0,10,1,4,10,1,-2.0,-1.9
2026-07-07,200710,에이디테크놀로지,53.3,22,0.0,75,0,1,1,44.7,4,15,1,20.0,20,1,0,10,0,0,15,0,0,10,1,10,10,1,6.0,10,1,0,10,1,-5.89,-16.24
2026-07-07,003230,삼양식품,52.7,23,0.0,85,0,1,1,57.3,8,15,1,6.8,20,1,10,10,1,0,15,0,0,10,1,7,10,1,6.0,10,1,7,10,1,-12.27,-9.25
2026-07-07,105560,KB금융,52.2,24,0.0,85,1,1,1,64.0,12,15,1,4.4,20,1,8,10,1,0,15,0,10,10,1,0,10,1,10.0,10,1,0,10,1,3.93,1.1
2026-07-07,037070,파세코,52.2,25,0.0,85,0,1,1,59.3,8,15,1,10.4,20,1,8,10,1,0,15,0,0,10,1,10,10,1,6.0,10,1,2,10,1,-5.63,-25.48
2026-07-07,240810,원익IPS,52.0,26,0.0,75,0,0,0,39.4,12,15,1,20.0,20,1,0,10,0,0,15,0,0,10,1,0,10,1,0.0,10,1,7,10,1,12.78,-0.89
2026-07-07,222800,심텍,52.0,27,0.0,75,1,0,0,44.3,8,15,1,20.0,20,1,0,10,0,0,15,0,0,10,1,0,10,1,4.0,10,1,7,10,1,-0.37,-9.96
2026-07-07,008770,호텔신라,51.8,28,0.0,85,0,1,1,53.9,4,15,1,20.0,20,1,10,10,1,0,15,0,0,10,1,4,10,1,6.0,10,1,0,10,1,-12.92,-12.73
2026-07-07,046940,우원개발,51.8,29,0.0,85,0,1,1,55.6,4,15,1,20.0,20,1,10,10,1,0,15,0,0,10,1,4,10,1,6.0,10,1,0,10,1,-19.17,-24.87
2026-07-07,073240,금호타이어,51.4,30,0.0,85,0,1,1,68.3,12,15,1,4.7,20,1,1,10,1,0,15,0,10,10,1,10,10,1,6.0,10,1,0,10,1,3.32,-3.48
2026-07-07,068270,셀트리온,50.9,31,0.0,85,0,1,1,50.9,8,15,1,11.3,20,1,8,10,1,0,15,0,0,10,1,0,10,1,6.0,10,1,10,10,1,-3.03,-4.55
2026-07-07,353200,대덕전자,49.4,32,0.0,85,0,0,0,36.9,8,15,1,20.0,20,1,10,10,1,0,15,0,0,10,1,0,10,1,0.0,10,1,4,10,1,0.6,1.97
2026-07-07,013360,일성건설,48.9,33,0.0,85,0,1,0,58.8,4,15,1,10.6,20,1,10,10,1,0,15,0,4,10,1,10,10,1,3.0,10,1,0,10,1,-24.91,-29.11
2026-07-07,091590,남화토건,48.7,34,0.0,75,1,1,0,65.2,4,15,1,19.5,20,1,0,10,0,0,15,0,0,10,1,4,10,1,7.0,10,1,2,10,1,-26.14,-42.19
2026-07-07,009420,한올바이오파마,48.2,35,0.0,85,1,1,0,54.2,4,15,1,20.0,20,1,8,10,1,0,15,0,0,10,1,0,10,1,7.0,10,1,2,10,1,-16.03,-19.87
2026-07-07,034730,SK,48.0,36,0.0,75,0,0,0,44.4,12,15,1,20.0,20,1,0,10,0,0,15,0,0,10,1,0,10,1,0.0,10,1,4,10,1,-10.22,-0.32
2026-07-07,373220,LG에너지솔루션,48.0,37,0.0,75,0,0,0,38.9,12,15,1,17.0,20,1,0,10,0,0,15,0,0,10,1,0,10,1,0.0,10,1,7,10,1,-3.01,-3.31
2026-07-07,006800,미래에셋증권,48.0,38,0.0,85,0,1,1,37.8,8,15,1,9.8,20,1,10,10,1,0,15,0,0,10,1,0,10,1,6.0,10,1,7,10,1,-9.04,-11.74
2026-07-07,039830,오로라,47.4,39,0.0,85,1,1,1,69.8,0,15,1,6.3,20,1,10,10,1,0,15,0,10,10,1,4,10,1,10.0,10,1,0,10,1,-9.13,-14.98
2026-07-07,012450,한화에어로스페이스,47.3,40,0.0,85,0,1,0,49.4,12,15,1,8.2,20,1,10,10,1,0,15,0,0,10,1,0,10,1,3.0,10,1,7,10,1,-22.28,-20.59
2026-07-07,071050,한국금융지주,47.2,41,0.0,85,0,1,1,55.2,8,15,1,9.1,20,1,10,10,1,0,15,0,0,10,1,0,10,1,6.0,10,1,7,10,1,-11.09,-11.7
2026-07-07,267270,HD건설기계,47.1,42,0.0,85,0,1,1,43.1,4,15,1,20.0,20,1,10,10,1,0,15,0,0,10,1,0,10,1,6.0,10,1,0,10,1,-2.62,0.71
2026-07-07,036570,NC,47.1,43,0.0,85,0,1,1,48.1,4,15,1,20.0,20,1,10,10,1,0,15,0,0,10,1,0,10,1,6.0,10,1,0,10,1,-10.78,-14.51
2026-07-07,089030,테크윙,46.7,44,0.0,75,0,0,0,35.6,8,15,1,20.0,20,1,0,10,0,0,15,0,0,10,1,0,10,1,0.0,10,1,7,10,1,17.88,12.41
2026-07-07,281820,케이씨텍,46.7,45,0.0,85,1,1,1,53.2,4,15,1,11.7,20,1,10,10,1,0,15,0,0,10,1,0,10,1,10.0,10,1,4,10,1,1.18,-6.46
2026-07-07,047040,대우건설,45.8,46,0.0,85,0,0,1,35.6,8,15,1,13.9,20,1,10,10,1,0,15,0,0,10,1,0,10,1,3.0,10,1,4,10,1,-5.89,-9.22
2026-07-07,161390,한국타이어앤테크놀로지,45.6,47,0.0,85,1,1,1,63.9,4,15,1,4.8,20,1,10,10,1,0,15,0,10,10,1,0,10,1,10.0,10,1,0,10,1,-7.56,-2.29
2026-07-07,080220,제주반도체,45.4,48,0.0,85,0,0,0,40.7,8,15,1,18.6,20,1,10,10,1,0,15,0,0,10,1,0,10,1,0.0,10,1,2,10,1,-10.45,-8.87
2026-07-07,064290,인텍플러스,45.3,49,0.0,75,1,1,1,55.9,4,15,1,20.0,20,1,0,10,0,0,15,0,0,10,1,0,10,1,10.0,10,1,0,10,1,-13.38,-24.16
2026-07-07,319660,피에스케이,45.2,50,0.0,85,1,0,0,50.8,8,15,1,9.4,20,1,10,10,1,0,15,0,0,10,1,0,10,1,4.0,10,1,7,10,1,25.77,-3.15
2026-07-07,006400,삼성SDI,44.7,51,0.0,85,0,0,0,37.5,12,15,1,16.0,20,1,10,10,1,0,15,0,0,10,1,0,10,1,0.0,10,1,0,10,1,-3.93,-5.84
2026-07-07,043260,성호전자,44.7,52,0.0,85,0,0,0,29.5,4,15,1,20.0,20,1,10,10,1,0,15,0,0,10,1,0,10,1,0.0,10,1,4,10,1,-5.05,-7.16
2026-07-07,420770,기가비스,44.7,53,0.0,85,1,0,0,45.0,4,15,1,20.0,20,1,10,10,1,0,15,0,0,10,1,0,10,1,4.0,10,1,0,10,1,11.79,-6.57
2026-07-07,077360,덕산하이메탈,44.7,54,0.0,85,0,0,0,34.1,4,15,1,20.0,20,1,10,10,1,0,15,0,0,10,1,4,10,1,0.0,10,1,0,10,1,7.29,4.24
2026-07-07,007660,이수페타시스,44.0,55,0.0,85,0,0,1,38.8,8,15,1,9.4,20,1,10,10,1,0,15,0,0,10,1,0,10,1,3.0,10,1,7,10,1,-0.1,-6.53
2026-07-07,153890,져스텍,44.0,56,0.0,75,0,0,1,46.9,8,15,1,20.0,20,1,0,10,0,0,15,0,0,10,1,0,10,1,3.0,10,1,2,10,1,-36.77,-41.5
2026-07-07,078930,GS,43.9,57,0.0,85,0,1,1,60.7,4,15,1,6.3,20,1,10,10,1,0,15,0,7,10,1,4,10,1,6.0,10,1,0,10,1,-1.37,5.12
2026-07-07,000720,현대건설,43.6,58,0.0,85,0,1,0,38.5,8,15,1,12.1,20,1,10,10,1,0,15,0,0,10,1,0,10,1,3.0,10,1,4,10,1,-10.5,-9.95
2026-07-07,263750,펄어비스,43.5,59,0.0,85,0,1,0,41.2,4,15,1,20.0,20,1,10,10,1,0,15,0,0,10,1,0,10,1,3.0,10,1,0,10,1,-8.57,-11.51
2026-07-07,064350,현대로템,42.8,60,0.0,85,0,1,0,45.5,8,15,1,10.4,20,1,8,10,1,0,15,0,0,10,1,0,10,1,3.0,10,1,7,10,1,-11.27,-16.42
2026-07-07,196170,알테오젠,42.7,61,0.0,75,0,0,0,46.0,8,15,1,20.0,20,1,0,10,0,0,15,0,0,10,1,0,10,1,0.0,10,1,4,10,1,-17.19,-20.59
2026-07-07,009830,한화솔루션,42.7,62,0.0,75,0,0,0,38.5,8,15,1,20.0,20,1,0,10,0,0,15,0,0,10,1,0,10,1,0.0,10,1,4,10,1,-4.94,-13.54
2026-07-07,093370,후성,42.7,63,0.0,75,0,0,0,39.2,8,15,1,20.0,20,1,0,10,0,0,15,0,0,10,1,0,10,1,0.0,10,1,4,10,1,2.42,-4.66
2026-07-07,009540,HD한국조선해양,42.6,64,0.0,85,0,0,0,42.6,8,15,1,13.2,20,1,8,10,1,0,15,0,0,10,1,0,10,1,0.0,10,1,7,10,1,-9.29,-1.94
2026-07-07,009150,삼성전기,42.5,65,0.0,85,0,0,1,43.1,15,15,1,8.1,20,1,3,10,1,0,15,0,0,10,1,0,10,1,3.0,10,1,7,10,1,-23.54,-18.39
2026-07-07,066570,LG전자,42.5,66,0.0,85,0,0,0,42.1,15,15,1,7.1,20,1,10,10,1,0,15,0,0,10,1,0,10,1,0.0,10,1,4,10,1,-1.96,-3.38
2026-07-07,005490,POSCO홀딩스,42.5,67,0.0,85,0,1,0,36.3,8,15,1,8.1,20,1,10,10,1,0,15,0,0,10,1,0,10,1,3.0,10,1,7,10,1,-3.8,-3.96
2026-07-07,006360,GS건설,42.4,68,0.0,75,0,1,1,56.5,8,15,1,6.8,20,1,0,10,0,0,15,0,0,10,1,4,10,1,6.0,10,1,7,10,1,-9.39,-5.83
2026-07-07,010060,OCI홀딩스,42.4,69,0.0,85,0,0,0,38.0,4,15,1,20.0,20,1,10,10,1,0,15,0,0,10,1,0,10,1,0.0,10,1,2,10,1,-7.02,-3.99
2026-07-07,098460,고영,42.4,70,0.0,85,0,0,0,38.3,4,15,1,20.0,20,1,10,10,1,0,15,0,0,10,1,0,10,1,0.0,10,1,2,10,1,-6.83,-2.21
2026-07-07,020000,한섬,42.4,71,0.0,85,0,1,1,61.7,4,15,1,9.0,20,1,10,10,1,0,15,0,0,10,1,7,10,1,6.0,10,1,0,10,1,-10.51,-15.96
2026-07-07,099320,쎄트렉아이,42.4,72,0.0,85,0,1,1,33.9,0,15,1,20.0,20,1,10,10,1,0,15,0,0,10,1,0,10,1,6.0,10,1,0,10,1,-9.37,-3.58
2026-07-07,251970,펌텍코리아,42.2,73,0.0,85,0,1,1,70.3,0,15,1,4.9,20,1,8,10,1,0,15,0,10,10,1,7,10,1,6.0,10,1,0,10,1,-9.78,-17.53
2026-07-07,298040,효성중공업,42.0,74,0.0,85,0,0,0,37.6,12,15,1,9.7,20,1,10,10,1,0,15,0,0,10,1,0,10,1,0.0,10,1,4,10,1,-7.75,-7.68
2026-07-07,161890,한국콜마,41.9,75,0.0,85,1,1,1,76.3,8,15,1,5.6,20,1,1,10,1,0,15,0,7,10,1,0,10,1,10.0,10,1,4,10,1,-7.65,-14.6
2026-07-07,001260,남광토건,41.2,76,0.0,85,0,1,0,62.2,4,15,1,7.0,20,1,10,10,1,0,15,0,4,10,1,7,10,1,3.0,10,1,0,10,1,-24.61,-32.91
2026-07-07,096530,씨젠,41.2,77,0.0,85,1,1,1,52.8,0,15,1,20.0,20,1,1,10,1,0,15,0,4,10,1,0,10,1,10.0,10,1,0,10,1,-5.63,-8.19
2026-07-07,139130,iM금융지주,40.6,78,0.0,85,0,1,1,64.2,4,15,1,10.5,20,1,10,10,1,0,15,0,4,10,1,0,10,1,6.0,10,1,0,10,1,-2.89,-6.41
2026-07-07,083650,비에이치아이,40.1,79,0.0,85,0,1,0,36.3,4,15,1,17.1,20,1,10,10,1,0,15,0,0,10,1,0,10,1,3.0,10,1,0,10,1,-10.38,-13.41
2026-07-07,141080,리가켐바이오,40.0,80,0.0,75,0,1,1,45.6,8,15,1,16.0,20,1,0,10,0,0,15,0,0,10,1,0,10,1,6.0,10,1,0,10,1,-23.42,-31.06
2026-07-07,010170,대한광통신,40.0,81,0.0,75,0,0,0,31.8,8,15,1,20.0,20,1,0,10,0,0,15,0,0,10,1,0,10,1,0.0,10,1,2,10,1,0.82,-7.94
2026-07-07,247540,에코프로비엠,40.0,82,0.0,75,0,0,0,30.6,8,15,1,20.0,20,1,0,10,0,0,15,0,0,10,1,0,10,1,0.0,10,1,2,10,1,-6.32,-10.57
2026-07-07,131970,두산테스나,40.0,83,0.0,85,0,0,0,36.4,4,15,1,20.0,20,1,10,10,1,0,15,0,0,10,1,0,10,1,0.0,10,1,0,10,1,-14.83,-22.48
2026-07-07,218410,RFHIC,40.0,84,0.0,85,0,0,0,31.3,4,15,1,20.0,20,1,10,10,1,0,15,0,0,10,1,0,10,1,0.0,10,1,0,10,1,-18.49,-18.12
2026-07-07,290650,엘앤씨바이오,40.0,85,0.0,85,0,0,0,47.5,4,15,1,20.0,20,1,10,10,1,0,15,0,0,10,1,0,10,1,0.0,10,1,0,10,1,-13.88,-23.75
2026-07-07,126340,비나텍,40.0,86,0.0,85,0,0,0,40.0,4,15,1,20.0,20,1,10,10,1,0,15,0,0,10,1,0,10,1,0.0,10,1,0,10,1,-23.67,-24.03
2026-07-07,004710,한솔테크닉스,40.0,87,0.0,85,0,0,0,39.2,4,15,1,20.0,20,1,10,10,1,0,15,0,0,10,1,0,10,1,0.0,10,1,0,10,1,-4.68,2.62
2026-07-07,041830,인바디,40.0,88,0.0,85,1,1,1,60.1,4,15,1,6.0,20,1,10,10,1,0,15,0,4,10,1,0,10,1,10.0,10,1,0,10,1,-6.43,-11.25
2026-07-07,425420,티에프이,40.0,89,0.0,85,0,0,0,35.8,0,15,1,20.0,20,1,10,10,1,0,15,0,0,10,1,4,10,1,0.0,10,1,0,10,1,-4.23,-6.88
2026-07-07,382900,범한퓨얼셀,40.0,90,0.0,75,0,0,0,36.7,0,15,1,20.0,20,1,0,10,0,0,15,0,0,10,1,10,10,1,0.0,10,1,0,10,1,-23.43,-22.55
2026-07-07,021240,코웨이,39.8,91,0.0,85,1,1,0,62.4,4,15,1,4.8,20,1,8,10,1,0,15,0,10,10,1,0,10,1,7.0,10,1,0,10,1,-2.69,-5.17
2026-07-07,067310,하나마이크론,39.7,92,0.0,75,0,0,1,37.2,8,15,1,11.8,20,1,0,10,0,0,15,0,0,10,1,0,10,1,3.0,10,1,7,10,1,2.68,-4.7
2026-07-07,033780,KT&G,39.6,93,0.0,85,0,1,1,57.4,8,15,1,4.7,20,1,8,10,1,0,15,0,7,10,1,0,10,1,6.0,10,1,0,10,1,-6.76,-3.71
2026-07-07,483650,달바글로벌,39.6,94,0.0,85,1,1,1,56.0,4,15,1,7.7,20,1,10,10,1,0,15,0,0,10,1,0,10,1,10.0,10,1,2,10,1,-13.96,-3.48
2026-07-07,016360,삼성증권,39.1,95,0.0,85,0,1,1,50.2,8,15,1,7.2,20,1,10,10,1,0,15,0,0,10,1,0,10,1,6.0,10,1,2,10,1,-11.85,-12.11
2026-07-07,051900,LG생활건강,39.1,96,0.0,85,0,1,1,61.0,4,15,1,9.2,20,1,10,10,1,0,15,0,4,10,1,0,10,1,6.0,10,1,0,10,1,-6.78,-5.43
2026-07-07,047810,한국항공우주,38.8,97,0.0,85,0,1,0,56.7,8,15,1,8.0,20,1,10,10,1,0,15,0,0,10,1,0,10,1,3.0,10,1,4,10,1,-11.92,-6.8
2026-07-07,019210,와이지-원,38.8,98,0.0,85,1,1,1,58.6,4,15,1,5.0,20,1,10,10,1,0,15,0,0,10,1,4,10,1,10.0,10,1,0,10,1,-12.45,-13.54
2026-07-07,003160,디아이,38.8,99,0.0,85,0,0,1,40.3,0,15,1,20.0,20,1,10,10,1,0,15,0,0,10,1,0,10,1,3.0,10,1,0,10,1,-8.7,-15.96
2026-07-07,003530,한화투자증권,38.8,100,0.0,85,0,1,0,36.4,0,15,1,20.0,20,1,10,10,1,0,15,0,0,10,1,0,10,1,3.0,10,1,0,10,1,-7.35,-11.03
2026-07-07,005070,코스모신소재,38.8,101,0.0,85,0,1,0,42.0,0,15,1,20.0,20,1,10,10,1,0,15,0,0,10,1,0,10,1,3.0,10,1,0,10,1,-3.08,-8.34
2026-07-07,006910,보성파워텍,38.8,102,0.0,85,0,1,0,37.3,0,15,1,20.0,20,1,10,10,1,0,15,0,0,10,1,0,10,1,3.0,10,1,0,10,1,-5.66,-7.98
2026-07-07,011930,신성이엔지,38.8,103,0.0,85,0,0,1,46.4,0,15,1,20.0,20,1,10,10,1,0,15,0,0,10,1,0,10,1,3.0,10,1,0,10,1,-9.22,-13.3
2026-07-07,456040,OCI,38.8,104,0.0,85,0,1,0,40.6,0,15,1,20.0,20,1,10,10,1,0,15,0,0,10,1,0,10,1,3.0,10,1,0,10,1,-3.55,-7.43
2026-07-07,322000,HD현대에너지솔루션,38.7,105,0.0,75,0,0,1,37.6,4,15,1,20.0,20,1,0,10,0,0,15,0,0,10,1,0,10,1,3.0,10,1,2,10,1,-4.69,14.86
2026-07-07,123330,제닉,38.7,106,0.0,75,0,1,1,61.9,4,15,1,12.0,20,1,0,10,0,0,15,0,0,10,1,7,10,1,6.0,10,1,0,10,1,-10.82,-12.5
2026-07-07,090430,아모레퍼시픽,38.6,107,0.0,85,0,1,1,65.2,8,15,1,6.8,20,1,5,10,1,0,15,0,0,10,1,0,10,1,6.0,10,1,7,10,1,-5.14,-7.59
2026-07-07,013120,동원개발,38.6,108,0.0,85,0,1,0,62.9,4,15,1,6.8,20,1,10,10,1,0,15,0,0,10,1,7,10,1,3.0,10,1,2,10,1,-18.2,-25.27
2026-07-07,001790,대한제당,38.6,109,0.0,85,0,1,1,58.2,0,15,1,6.8,20,1,10,10,1,0,15,0,0,10,1,10,10,1,6.0,10,1,0,10,1,5.61,-2.13
2026-07-07,086790,하나금융지주,38.5,110,0.0,85,0,1,1,58.9,8,15,1,4.7,20,1,10,10,1,0,15,0,4,10,1,0,10,1,6.0,10,1,0,10,1,5.59,3.7
2026-07-07,000270,기아,38.4,111,0.0,85,0,1,1,50.9,12,15,1,4.6,20,1,10,10,1,0,15,0,0,10,1,0,10,1,6.0,10,1,0,10,1,-9.17,-4.49
2026-07-07,403870,HPSP,37.9,112,0.0,85,0,0,1,39.9,8,15,1,6.2,20,1,8,10,1,0,15,0,0,10,1,0,10,1,3.0,10,1,7,10,1,1.2,-6.51
2026-07-07,015760,한국전력,37.7,113,0.0,75,0,1,1,49.0,8,15,1,7.3,20,1,0,10,0,0,15,0,0,10,1,0,10,1,6.0,10,1,7,10,1,-11.13,-11.26
2026-07-07,241710,코스메카코리아,37.6,114,0.0,85,0,1,1,64.9,4,15,1,6.0,20,1,8,10,1,0,15,0,4,10,1,4,10,1,6.0,10,1,0,10,1,-2.73,-9.48
2026-07-07,356860,티엘비,37.6,115,0.0,85,0,0,0,35.2,4,15,1,20.0,20,1,8,10,1,0,15,0,0,10,1,0,10,1,0.0,10,1,0,10,1,7.23,-52.29
2026-07-07,005690,파미셀,37.6,116,0.0,85,0,0,0,36.8,4,15,1,20.0,20,1,8,10,1,0,15,0,0,10,1,0,10,1,0.0,10,1,0,10,1,-3.04,-6.78
2026-07-07,039440,에스티아이,37.6,117,0.0,85,0,0,1,43.4,0,15,1,19.0,20,1,10,10,1,0,15,0,0,10,1,0,10,1,3.0,10,1,0,10,1,-1.54,-12.91
2026-07-07,010120,LS ELECTRIC,37.5,118,0.0,85,0,0,0,42.2,8,15,1,6.9,20,1,10,10,1,0,15,0,0,10,1,0,10,1,0.0,10,1,7,10,1,-8.88,-7.48
2026-07-07,001210,금호전기,37.5,119,0.0,75,0,1,1,58.2,8,15,1,4.1,20,1,0,10,0,0,15,0,0,10,1,10,10,1,6.0,10,1,0,10,1,-10.78,-10.78
2026-07-07,011070,LG이노텍,37.4,120,0.0,85,0,0,0,38.3,12,15,1,7.8,20,1,10,10,1,0,15,0,0,10,1,0,10,1,0.0,10,1,2,10,1,-21.25,-20.52
2026-07-07,237880,클리오,37.4,121,0.0,85,0,1,1,59.6,0,15,1,5.8,20,1,10,10,1,0,15,0,0,10,1,10,10,1,6.0,10,1,0,10,1,-5.61,-12.64
2026-07-07,267260,HD현대일렉트릭,37.2,122,0.0,85,0,0,0,39.6,8,15,1,6.6,20,1,10,10,1,0,15,0,0,10,1,0,10,1,0.0,10,1,7,10,1,-11.35,-11.57
2026-07-07,079550,LIG디펜스앤에어로스페이스,36.8,123,0.0,85,0,1,0,49.1,8,15,1,6.3,20,1,10,10,1,0,15,0,0,10,1,0,10,1,3.0,10,1,4,10,1,-16.77,-16.52
2026-07-07,475150,SK이터닉스,36.8,124,0.0,85,0,0,1,46.8,8,15,1,5.3,20,1,8,10,1,0,15,0,0,10,1,0,10,1,3.0,10,1,7,10,1,13.75,44.52
2026-07-07,086520,에코프로,36.7,125,0.0,85,0,0,0,34.2,8,15,1,13.2,20,1,8,10,1,0,15,0,0,10,1,0,10,1,0.0,10,1,2,10,1,-6.28,-8.65
2026-07-07,035720,카카오,36.7,126,0.0,75,0,1,1,40.2,8,15,1,6.5,20,1,0,10,0,0,15,0,0,10,1,0,10,1,6.0,10,1,7,10,1,-4.38,0.28
2026-07-07,329180,HD현대중공업,36.6,127,0.0,85,0,0,0,37.9,12,15,1,14.1,20,1,1,10,1,0,15,0,0,10,1,0,10,1,0.0,10,1,4,10,1,-15.58,-15.85
2026-07-07,006260,LS,36.6,128,0.0,85,0,0,1,39.7,4,15,1,7.1,20,1,10,10,1,0,15,0,0,10,1,0,10,1,3.0,10,1,7,10,1,-14.22,-16.57
2026-07-07,272210,한화시스템,36.5,129,0.0,85,0,0,0,34.7,8,15,1,11.0,20,1,10,10,1,0,15,0,0,10,1,0,10,1,0.0,10,1,2,10,1,-11.08,-12.07
2026-07-07,419050,삼기에너지솔루션즈,36.4,130,0.0,85,0,1,0,52.2,4,15,1,13.9,20,1,10,10,1,0,15,0,0,10,1,0,10,1,3.0,10,1,0,10,1,-7.37,-16.41
2026-07-07,013580,계룡건설,36.4,131,0.0,85,0,1,1,49.7,4,15,1,8.9,20,1,10,10,1,0,15,0,0,10,1,0,10,1,6.0,10,1,2,10,1,-12.79,-13.44
2026-07-07,042520,한스바이오메드,36.3,132,0.0,75,0,1,0,51.1,4,15,1,13.2,20,1,0,10,0,0,15,0,0,10,1,7,10,1,3.0,10,1,0,10,1,-3.52,-19.37
2026-07-07,144960,뉴파워프라즈마,36.1,133,0.0,85,0,1,1,51.7,4,15,1,10.7,20,1,10,10,1,0,15,0,0,10,1,0,10,1,6.0,10,1,0,10,1,16.75,19.36
2026-07-07,257720,실리콘투,36.0,134,0.0,85,0,1,1,59.6,4,15,1,6.6,20,1,10,10,1,0,15,0,0,10,1,4,10,1,6.0,10,1,0,10,1,-5.19,-9.09
2026-07-07,108490,로보티즈,36.0,135,0.0,75,0,0,1,34.7,4,15,1,20.0,20,1,0,10,0,0,15,0,0,10,1,0,10,1,3.0,10,1,0,10,1,-7.78,3.54
2026-07-07,006730,서부T&D,35.9,136,0.0,85,0,1,1,53.9,4,15,1,6.5,20,1,10,10,1,0,15,0,0,10,1,4,10,1,6.0,10,1,0,10,1,-4.32,-13.68
2026-07-07,084370,유진테크,35.6,137,0.0,85,0,0,0,44.5,4,15,1,9.3,20,1,10,10,1,0,15,0,0,10,1,0,10,1,0.0,10,1,7,10,1,0.62,-19.03
2026-07-07,017670,SK텔레콤,35.5,138,0.0,85,0,0,0,33.2,8,15,1,8.2,20,1,10,10,1,0,15,0,0,10,1,0,10,1,0.0,10,1,4,10,1,-1.53,10.45
2026-07-07,462870,시프트업,35.3,139,0.0,75,1,1,1,64.0,0,15,1,6.5,20,1,0,10,0,0,15,0,10,10,1,0,10,1,10.0,10,1,0,10,1,-10.9,-17.24
2026-07-07,126640,화신정공,35.3,140,0.0,85,0,0,0,47.1,0,15,1,20.0,20,1,10,10,1,0,15,0,0,10,1,0,10,1,0.0,10,1,0,10,1,7.09,6.68
2026-07-07,089890,코세스,35.3,141,0.0,85,0,0,0,38.4,0,15,1,20.0,20,1,10,10,1,0,15,0,0,10,1,0,10,1,0.0,10,1,0,10,1,1.69,-9.74
2026-07-07,348210,넥스틴,35.3,142,0.0,85,0,0,0,33.6,0,15,1,20.0,20,1,10,10,1,0,15,0,0,10,1,0,10,1,0.0,10,1,0,10,1,-10.53,-16.28
2026-07-07,124500,아이티센글로벌,35.3,143,0.0,85,0,0,0,27.1,0,15,1,20.0,20,1,10,10,1,0,15,0,0,10,1,0,10,1,0.0,10,1,0,10,1,-5.88,-5.41
2026-07-07,347700,스피어,35.2,144,0.0,75,0,1,1,39.0,4,15,1,12.4,20,1,0,10,0,0,15,0,0,10,1,0,10,1,6.0,10,1,4,10,1,-2.44,-15.61
2026-07-07,005880,대한해운,35.2,145,0.0,85,0,1,1,45.0,4,15,1,4.9,20,1,8,10,1,0,15,0,0,10,1,7,10,1,6.0,10,1,0,10,1,-4.23,-6.71
2026-07-07,178320,서진시스템,34.7,146,0.0,75,0,0,0,32.7,4,15,1,20.0,20,1,0,10,0,0,15,0,0,10,1,0,10,1,0.0,10,1,2,10,1,-17.6,-20.77
2026-07-07,122640,예스티,34.7,147,0.0,75,0,0,0,44.0,4,15,1,20.0,20,1,0,10,0,0,15,0,0,10,1,0,10,1,0.0,10,1,2,10,1,15.4,-7.79
2026-07-07,491000,리브스메드,34.7,148,0.0,75,0,1,1,41.4,4,15,1,16.0,20,1,0,10,0,0,15,0,0,10,1,0,10,1,6.0,10,1,0,10,1,-0.41,-0.41
2026-07-07,139480,이마트,34.7,149,0.0,75,0,1,1,46.5,0,15,1,20.0,20,1,0,10,0,0,15,0,0,10,1,0,10,1,6.0,10,1,0,10,1,-5.19,-3.54
2026-07-07,003690,코리안리,34.7,150,0.0,85,1,1,1,57.4,0,15,1,5.5,20,1,10,10,1,0,15,0,4,10,1,0,10,1,10.0,10,1,0,10,1,0.36,-2.26
2026-07-07,189300,인텔리안테크,34.6,151,0.0,85,0,1,0,28.3,0,15,1,16.4,20,1,10,10,1,0,15,0,0,10,1,0,10,1,3.0,10,1,0,10,1,-7.59,-12.12
2026-07-07,031980,피에스케이홀딩스,34.5,152,0.0,85,1,0,1,48.7,4,15,1,6.3,20,1,10,10,1,0,15,0,0,10,1,0,10,1,7.0,10,1,2,10,1,10.5,-4.39
2026-07-07,138930,BNK금융지주,34.5,153,0.0,85,0,1,1,60.1,4,15,1,5.3,20,1,10,10,1,0,15,0,4,10,1,0,10,1,6.0,10,1,0,10,1,-2.44,-3.74
2026-07-07,032830,삼성생명,34.4,154,0.0,85,0,0,0,45.7,8,15,1,7.2,20,1,10,10,1,0,15,0,0,10,1,0,10,1,0.0,10,1,4,10,1,-15.47,-14.67
2026-07-07,004170,신세계,34.2,155,0.0,85,0,0,0,51.2,8,15,1,7.1,20,1,10,10,1,0,15,0,0,10,1,0,10,1,0.0,10,1,4,10,1,-17.5,-19.56
2026-07-07,207940,삼성바이오로직스,34.1,156,0.0,85,0,1,1,54.4,8,15,1,7.0,20,1,1,10,1,0,15,0,0,10,1,0,10,1,6.0,10,1,7,10,1,-3.8,-3.52
2026-07-07,316140,우리금융지주,34.1,157,0.0,85,0,1,1,57.3,8,15,1,5.0,20,1,10,10,1,0,15,0,0,10,1,0,10,1,6.0,10,1,0,10,1,-2.69,-2.85
2026-07-07,003670,포스코퓨처엠,34.1,158,0.0,85,0,0,0,35.1,4,15,1,20.0,20,1,3,10,1,0,15,0,0,10,1,0,10,1,0.0,10,1,2,10,1,-8.79,-10.81
2026-07-07,042700,한미반도체,34.0,159,0.0,85,0,0,0,34.3,8,15,1,6.9,20,1,10,10,1,0,15,0,0,10,1,0,10,1,0.0,10,1,4,10,1,-1.43,2.14
2026-07-07,001820,삼화콘덴서,34.0,160,0.0,85,0,0,0,43.0,8,15,1,6.9,20,1,10,10,1,0,15,0,0,10,1,0,10,1,0.0,10,1,4,10,1,-17.16,-19.85
2026-07-07,131290,티에스이,34.0,161,0.0,85,1,0,1,50.3,4,15,1,16.9,20,1,1,10,1,0,15,0,0,10,1,0,10,1,7.0,10,1,0,10,1,18.63,2.78
2026-07-07,092730,네오팜,34.0,162,0.0,85,0,1,1,67.2,0,15,1,4.9,20,1,8,10,1,0,15,0,0,10,1,10,10,1,6.0,10,1,0,10,1,-3.14,-5.67
2026-07-07,001440,대한전선,33.9,163,0.0,85,0,0,0,34.9,8,15,1,6.8,20,1,10,10,1,0,15,0,0,10,1,0,10,1,0.0,10,1,4,10,1,-8.35,-10.15
2026-07-07,365660,레몬헬스케어,33.8,164,0.0,65,0,0,0,,12,15,1,0.0,20,1,0,10,0,0,15,0,10,10,1,0,10,1,0.0,10,0,0,10,1,-41.9,-50.65
2026-07-07,002995,금호건설우,33.8,165,0.0,85,0,1,1,71.4,0,15,1,10.7,20,1,1,10,1,0,15,0,4,10,1,7,10,1,6.0,10,1,0,10,1,-23.88,-47.38
2026-07-07,458870,씨어스,33.7,166,0.0,75,0,1,1,51.4,0,15,1,19.3,20,1,0,10,0,0,15,0,0,10,1,0,10,1,6.0,10,1,0,10,1,-10.76,-23.51
2026-07-07,051910,LG화학,33.5,167,0.0,85,0,0,0,34.7,8,15,1,13.5,20,1,5,10,1,0,15,0,0,10,1,0,10,1,0.0,10,1,2,10,1,-3.95,-5.08
2026-07-07,039030,이오테크닉스,33.5,168,0.0,85,0,0,0,38.3,4,15,1,12.5,20,1,10,10,1,0,15,0,0,10,1,0,10,1,0.0,10,1,2,10,1,-3.51,-16.62
2026-07-07,000990,DB하이텍,33.4,169,0.0,85,0,0,0,34.1,8,15,1,6.4,20,1,10,10,1,0,15,0,0,10,1,0,10,1,0.0,10,1,4,10,1,1.52,-5.28
2026-07-07,062040,산일전기,33.4,170,0.0,85,0,0,0,38.4,4,15,1,7.4,20,1,10,10,1,0,15,0,0,10,1,0,10,1,0.0,10,1,7,10,1,-12.82,-13.81
2026-07-07,039490,키움증권,33.2,171,0.0,85,0,1,1,48.1,4,15,1,6.2,20,1,10,10,1,0,15,0,0,10,1,0,10,1,6.0,10,1,2,10,1,-10.98,-12.28
2026-07-07,277810,레인보우로보틱스,33.2,172,0.0,75,0,0,1,32.5,4,15,1,17.9,20,1,0,10,0,0,15,0,0,10,1,0,10,1,3.0,10,1,0,10,1,-12.84,4.13
2026-07-07,030200,KT,33.2,173,0.0,75,0,1,1,54.9,4,15,1,14.9,20,1,0,10,0,0,15,0,0,10,1,0,10,1,6.0,10,1,0,10,1,-7.03,-5.77
2026-07-07,259960,크래프톤,33.1,174,0.0,85,0,1,1,53.6,4,15,1,6.1,20,1,10,10,1,0,15,0,0,10,1,0,10,1,6.0,10,1,2,10,1,-6.12,-5.71
2026-07-07,122870,와이지엔터테인먼트,32.9,175,0.0,85,0,1,0,50.2,0,15,1,20.0,20,1,5,10,1,0,15,0,0,10,1,0,10,1,3.0,10,1,0,10,1,-8.37,-14.48
2026-07-07,071970,HD현대마린엔진,32.8,176,0.0,85,0,1,0,43.3,4,15,1,10.9,20,1,10,10,1,0,15,0,0,10,1,0,10,1,3.0,10,1,0,10,1,-8.58,6.6
2026-07-07,000880,한화,32.7,177,0.0,85,0,1,1,40.3,4,15,1,7.8,20,1,10,10,1,0,15,0,0,10,1,0,10,1,6.0,10,1,0,10,1,-13.16,-10.71
2026-07-07,260970,에스앤디,32.7,178,0.0,85,0,1,1,51.4,0,15,1,4.8,20,1,10,10,1,0,15,0,0,10,1,7,10,1,6.0,10,1,0,10,1,-5.46,-2.38
2026-07-07,100790,미래에셋벤처투자,32.5,179,0.0,85,0,1,0,29.1,4,15,1,10.6,20,1,10,10,1,0,15,0,0,10,1,0,10,1,3.0,10,1,0,10,1,-12.71,-18.82
2026-07-07,032350,롯데관광개발,32.4,180,0.0,75,0,1,1,48.1,0,15,1,18.3,20,1,0,10,0,0,15,0,0,10,1,0,10,1,6.0,10,1,0,10,1,-14.21,-30.79
2026-07-07,111770,영원무역,32.2,181,0.0,85,0,1,1,59.0,0,15,1,7.4,20,1,10,10,1,0,15,0,4,10,1,0,10,1,6.0,10,1,0,10,1,0.12,1.55
2026-07-07,399720,가온칩스,32.0,182,0.0,75,0,1,1,51.8,8,15,1,0.0,20,1,0,10,0,0,15,0,0,10,1,10,10,1,6.0,10,1,0,10,1,5.82,-11.95
2026-07-07,004830,덕성,32.0,183,0.0,75,0,1,1,50.9,4,15,1,4.0,20,1,0,10,0,0,15,0,0,10,1,10,10,1,6.0,10,1,0,10,1,-5.31,-9.08
2026-07-07,004980,성신양회,32.0,184,0.0,75,0,1,1,54.1,4,15,1,4.0,20,1,0,10,0,0,15,0,0,10,1,10,10,1,6.0,10,1,0,10,1,-6.15,-14.62
2026-07-07,097230,HJ중공업,32.0,185,0.0,75,0,0,0,35.6,4,15,1,20.0,20,1,0,10,0,0,15,0,0,10,1,0,10,1,0.0,10,1,0,10,1,-12.62,-15.69
2026-07-07,036540,SFA반도체,32.0,186,0.0,75,0,0,0,33.6,4,15,1,20.0,20,1,0,10,0,0,15,0,0,10,1,0,10,1,0.0,10,1,0,10,1,3.92,7.25
2026-07-07,039200,오스코텍,32.0,187,0.0,75,0,0,0,34.8,4,15,1,20.0,20,1,0,10,0,0,15,0,0,10,1,0,10,1,0.0,10,1,0,10,1,-15.54,-11.61
2026-07-07,005940,NH투자증권,31.9,188,0.0,85,0,1,1,53.6,4,15,1,7.1,20,1,10,10,1,0,15,0,0,10,1,0,10,1,6.0,10,1,0,10,1,-6.44,-8.79
2026-07-07,100090,SK오션플랜트,31.9,189,0.0,85,0,1,1,42.6,4,15,1,7.1,20,1,8,10,1,0,15,0,0,10,1,0,10,1,6.0,10,1,2,10,1,-11.57,-1.23
2026-07-07,271560,오리온,31.6,190,0.0,85,0,1,1,57.8,4,15,1,4.9,20,1,8,10,1,0,15,0,4,10,1,0,10,1,6.0,10,1,0,10,1,-7.96,-7.81
2026-07-07,004020,현대제철,31.6,191,0.0,85,0,1,0,34.7,4,15,1,9.9,20,1,10,10,1,0,15,0,0,10,1,0,10,1,3.0,10,1,0,10,1,-5.41,-7.03
2026-07-07,060370,LS마린솔루션,31.6,192,0.0,85,0,1,0,42.1,0,15,1,13.9,20,1,10,10,1,0,15,0,0,10,1,0,10,1,3.0,10,1,0,10,1,-0.19,9.49
2026-07-07,066970,엘앤에프,31.5,193,0.0,75,0,0,0,32.2,4,15,1,17.6,20,1,0,10,0,0,15,0,0,10,1,0,10,1,0.0,10,1,2,10,1,-8.74,-17.19
2026-07-07,004370,농심,31.5,194,0.0,85,0,1,1,52.9,4,15,1,4.8,20,1,8,10,1,0,15,0,4,10,1,0,10,1,6.0,10,1,0,10,1,-3.71,-3.57
2026-07-07,052690,한전기술,31.5,195,0.0,85,0,1,0,37.3,4,15,1,9.8,20,1,10,10,1,0,15,0,0,10,1,0,10,1,3.0,10,1,0,10,1,-7.47,-11.11
2026-07-07,000810,삼성화재,31.4,196,0.0,85,0,0,0,60.7,8,15,1,4.7,20,1,10,10,1,0,15,0,4,10,1,0,10,1,0.0,10,1,0,10,1,-7.92,-7.62
2026-07-07,120110,코오롱인더,31.4,197,0.0,85,0,1,0,38.6,4,15,1,9.7,20,1,10,10,1,0,15,0,0,10,1,0,10,1,3.0,10,1,0,10,1,-12.52,-12.86
2026-07-07,383220,F&F,31.4,198,0.0,85,1,1,1,60.2,0,15,1,4.7,20,1,8,10,1,0,15,0,4,10,1,0,10,1,10.0,10,1,0,10,1,-6.64,-10.63
2026-07-07,018260,삼성에스디에스,31.3,199,0.0,75,0,0,1,48.8,8,15,1,5.5,20,1,0,10,0,0,15,0,0,10,1,0,10,1,3.0,10,1,7,10,1,-5.85,-4.39
2026-07-07,267250,HD현대,31.3,200,0.0,85,0,1,0,39.1,4,15,1,9.6,20,1,10,10,1,0,15,0,0,10,1,0,10,1,3.0,10,1,0,10,1,-9.69,0.71
2026-07-08,058730,다스코,91.3,1,0.0,85,1,1,1,67.6,12,15,1,15.6,20,1,10,10,1,0,15,0,10,10,1,10,10,1,10.0,10,1,10,10,1,0.38,-19.81
2026-07-08,010950,S-Oil,72.9,2,0.0,85,0,1,1,68.8,8,15,1,20.0,20,1,10,10,1,0,15,0,7,10,1,4,10,1,6.0,10,1,7,10,1,6.69,13.83
2026-07-08,010960,삼호개발,69.4,3,0.0,85,0,1,1,63.8,4,15,1,20.0,20,1,10,10,1,0,15,0,10,10,1,7,10,1,6.0,10,1,2,10,1,-16.7,-28.36
2026-07-08,263800,데이타솔루션,65.9,4,0.0,85,0,1,1,71.5,0,15,1,20.0,20,1,10,10,1,0,15,0,10,10,1,10,10,1,6.0,10,1,0,10,1,-0.17,1.35
2026-07-08,352820,하이브,63.5,5,0.0,85,0,1,1,57.2,8,15,1,20.0,20,1,10,10,1,0,15,0,0,10,1,0,10,1,6.0,10,1,10,10,1,-9.57,-8.26
2026-07-08,005930,삼성전자,61.2,6,0.0,85,0,0,0,41.9,15,15,1,20.0,20,1,10,10,1,0,15,0,0,10,1,0,10,1,0.0,10,1,7,10,1,0.72,-2.7
2026-07-08,005935,삼성전자우,61.2,7,0.0,85,0,0,0,43.3,15,15,1,20.0,20,1,10,10,1,0,15,0,0,10,1,0,10,1,0.0,10,1,7,10,1,2.73,2.25
2026-07-08,042660,한화오션,61.2,8,0.0,85,0,0,1,34.8,12,15,1,20.0,20,1,10,10,1,0,15,0,0,10,1,0,10,1,3.0,10,1,7,10,1,0.0,9.63
2026-07-08,003490,대한항공,58.0,9,0.0,75,1,1,1,52.9,8,15,1,11.5,20,1,0,10,0,0,15,0,4,10,1,0,10,1,10.0,10,1,10,10,1,-5.33,-8.53
2026-07-08,091590,남화토건,58.0,10,0.0,75,1,1,1,67.6,4,15,1,19.5,20,1,0,10,0,0,15,0,4,10,1,4,10,1,10.0,10,1,2,10,1,-32.87,-46.46
2026-07-08,000660,SK하이닉스,56.0,11,0.0,75,0,0,0,43.2,15,15,1,20.0,20,1,0,10,0,0,15,0,0,10,1,0,10,1,0.0,10,1,7,10,1,0.29,-7.56
2026-07-08,402340,SK스퀘어,56.0,12,0.0,75,0,0,0,41.4,15,15,1,20.0,20,1,0,10,0,0,15,0,0,10,1,0,10,1,0.0,10,1,7,10,1,8.82,-3.86
2026-07-08,278470,에이피알,54.8,13,0.0,85,0,1,0,48.7,12,15,1,14.6,20,1,10,10,1,0,15,0,0,10,1,0,10,1,3.0,10,1,7,10,1,0.0,-4.02
2026-07-08,013700,까뮤이앤씨,54.5,14,0.0,85,0,1,1,56.6,0,15,1,16.3,20,1,10,10,1,0,15,0,4,10,1,10,10,1,6.0,10,1,0,10,1,7.0,6.09
2026-07-08,066570,LG전자,54.4,15,0.0,85,0,0,1,44.7,15,15,1,7.2,20,1,10,10,1,0,15,0,0,10,1,4,10,1,3.0,10,1,7,10,1,-0.92,-4.24
2026-07-08,105560,KB금융,52.2,16,0.0,85,1,1,1,61.0,15,15,1,4.4,20,1,8,10,1,0,15,0,7,10,1,0,10,1,10.0,10,1,0,10,1,6.2,3.1
2026-07-08,055550,신한지주,51.2,17,0.0,85,1,1,1,61.2,12,15,1,4.5,20,1,10,10,1,0,15,0,7,10,1,0,10,1,10.0,10,1,0,10,1,0.0,-3.26
2026-07-08,068270,셀트리온,50.9,18,0.0,85,0,1,1,49.9,8,15,1,11.3,20,1,8,10,1,0,15,0,0,10,1,0,10,1,6.0,10,1,10,10,1,-0.62,-2.6
2026-07-08,012450,한화에어로스페이스,50.8,19,0.0,85,0,1,1,42.0,12,15,1,8.2,20,1,10,10,1,0,15,0,0,10,1,0,10,1,6.0,10,1,7,10,1,-10.76,-7.97
2026-07-08,353200,대덕전자,49.4,20,0.0,85,0,0,0,33.1,8,15,1,20.0,20,1,10,10,1,0,15,0,0,10,1,0,10,1,0.0,10,1,4,10,1,35.48,16.56
2026-07-08,043260,성호전자,49.4,21,0.0,85,0,0,0,28.7,8,15,1,20.0,20,1,10,10,1,0,15,0,0,10,1,0,10,1,0.0,10,1,4,10,1,7.54,3.1
2026-07-08,096770,SK이노베이션,49.4,22,0.0,85,0,1,1,46.3,4,15,1,20.0,20,1,10,10,1,0,15,0,0,10,1,0,10,1,6.0,10,1,2,10,1,17.23,32.46
2026-07-08,200710,에이디테크놀로지,49.3,23,0.0,75,0,1,1,44.6,4,15,1,20.0,20,1,0,10,0,0,15,0,0,10,1,7,10,1,6.0,10,1,0,10,1,0.64,-11.48
2026-07-08,214450,파마리서치,49.1,24,0.0,85,1,1,1,52.3,4,15,1,7.7,20,1,10,10,1,0,15,0,0,10,1,0,10,1,10.0,10,1,10,10,1,0.15,10.09
2026-07-08,036930,주성엔지니어링,48.6,25,0.0,85,0,0,0,42.6,12,15,1,12.3,20,1,10,10,1,0,15,0,0,10,1,0,10,1,0.0,10,1,7,10,1,30.94,2.44
2026-07-08,189330,씨이랩,48.1,26,0.0,75,1,1,1,67.4,4,15,1,2.1,20,1,0,10,0,0,15,0,10,10,1,10,10,1,10.0,10,1,0,10,1,-28.05,-17.67
2026-07-08,034730,SK,48.0,27,0.0,75,0,0,0,41.7,12,15,1,20.0,20,1,0,10,0,0,15,0,0,10,1,0,10,1,0.0,10,1,4,10,1,2.18,9.9
2026-07-08,001790,대한제당,48.0,28,0.0,85,0,1,1,70.1,4,15,1,6.8,20,1,10,10,1,0,15,0,4,10,1,10,10,1,6.0,10,1,0,10,1,-6.88,-9.81
2026-07-08,009150,삼성전기,47.5,29,0.0,85,0,0,0,38.5,15,15,1,8.4,20,1,10,10,1,0,15,0,0,10,1,0,10,1,0.0,10,1,7,10,1,-4.46,-2.1
2026-07-08,071050,한국금융지주,47.2,30,0.0,85,0,1,1,50.4,8,15,1,9.1,20,1,10,10,1,0,15,0,0,10,1,0,10,1,6.0,10,1,7,10,1,0.64,-5.14
2026-07-08,267270,HD건설기계,47.1,31,0.0,85,0,1,1,42.4,4,15,1,20.0,20,1,10,10,1,0,15,0,0,10,1,0,10,1,6.0,10,1,0,10,1,3.35,11.97
2026-07-08,036570,NC,47.1,32,0.0,85,0,1,1,49.7,4,15,1,20.0,20,1,10,10,1,0,15,0,0,10,1,0,10,1,6.0,10,1,0,10,1,-12.38,-12.96
2026-07-08,008770,호텔신라,47.1,33,0.0,85,0,1,1,48.2,4,15,1,20.0,20,1,10,10,1,0,15,0,0,10,1,0,10,1,6.0,10,1,0,10,1,-8.35,-8.16
2026-07-08,004090,한국석유,46.8,34,0.0,85,0,1,1,33.2,4,15,1,9.8,20,1,10,10,1,0,15,0,0,10,1,10,10,1,6.0,10,1,0,10,1,5.95,9.89
2026-07-08,298040,효성중공업,46.7,35,0.0,85,0,0,0,34.3,12,15,1,9.7,20,1,10,10,1,0,15,0,0,10,1,4,10,1,0.0,10,1,4,10,1,6.66,6.58
2026-07-08,240810,원익IPS,46.7,36,0.0,75,0,0,0,36.6,8,15,1,20.0,20,1,0,10,0,0,15,0,0,10,1,0,10,1,0.0,10,1,7,10,1,38.95,10.32
2026-07-08,222800,심텍,46.7,37,0.0,75,0,0,0,42.9,8,15,1,20.0,20,1,0,10,0,0,15,0,0,10,1,0,10,1,0.0,10,1,7,10,1,16.25,-6.02
2026-07-08,089970,브이엠,46.7,38,0.0,75,0,0,0,47.5,8,15,1,20.0,20,1,0,10,0,0,15,0,0,10,1,0,10,1,0.0,10,1,7,10,1,36.35,-4.0
2026-07-08,122350,삼기,46.2,39,0.0,85,1,1,1,61.7,4,15,1,7.3,20,1,10,10,1,0,15,0,4,10,1,0,10,1,10.0,10,1,4,10,1,6.74,5.28
2026-07-08,010120,LS ELECTRIC,45.8,40,0.0,85,0,0,0,37.5,15,15,1,6.9,20,1,10,10,1,0,15,0,0,10,1,0,10,1,0.0,10,1,7,10,1,9.81,21.8
2026-07-08,080220,제주반도체,45.4,41,0.0,85,0,0,0,37.6,8,15,1,18.6,20,1,10,10,1,0,15,0,0,10,1,0,10,1,0.0,10,1,2,10,1,18.17,7.29
2026-07-08,006400,삼성SDI,44.7,42,0.0,85,0,0,0,33.6,12,15,1,16.0,20,1,10,10,1,0,15,0,0,10,1,0,10,1,0.0,10,1,0,10,1,10.19,13.35
2026-07-08,009420,한올바이오파마,44.7,43,0.0,85,1,0,0,52.7,4,15,1,20.0,20,1,8,10,1,0,15,0,0,10,1,0,10,1,4.0,10,1,2,10,1,-7.33,-15.42
2026-07-08,006800,미래에셋증권,44.6,44,0.0,85,0,1,0,35.0,8,15,1,9.9,20,1,10,10,1,0,15,0,0,10,1,0,10,1,3.0,10,1,7,10,1,3.09,-3.21
2026-07-08,007660,이수페타시스,44.0,45,0.0,85,0,0,1,34.6,8,15,1,9.4,20,1,10,10,1,0,15,0,0,10,1,0,10,1,3.0,10,1,7,10,1,16.29,6.38
2026-07-08,318060,그래피,44.0,46,0.0,75,0,1,1,46.2,0,15,1,20.0,20,1,0,10,0,0,15,0,0,10,1,7,10,1,6.0,10,1,0,10,1,7.46,-5.94
2026-07-08,263750,펄어비스,43.5,47,0.0,85,0,1,0,38.3,4,15,1,20.0,20,1,10,10,1,0,15,0,0,10,1,0,10,1,3.0,10,1,0,10,1,-4.81,-5.78
2026-07-08,090430,아모레퍼시픽,43.3,48,0.0,85,0,1,1,62.1,8,15,1,6.8,20,1,5,10,1,0,15,0,0,10,1,4,10,1,6.0,10,1,7,10,1,-2.82,-4.26
2026-07-08,073240,금호타이어,43.2,49,0.0,85,0,1,1,68.9,8,15,1,4.7,20,1,1,10,1,0,15,0,10,10,1,7,10,1,6.0,10,1,0,10,1,4.37,0.63
2026-07-08,281820,케이씨텍,43.2,50,0.0,85,1,0,1,47.3,4,15,1,11.7,20,1,10,10,1,0,15,0,0,10,1,0,10,1,7.0,10,1,4,10,1,26.23,3.61
2026-07-08,161890,한국콜마,43.1,51,0.0,85,1,1,1,70.4,8,15,1,5.6,20,1,1,10,1,0,15,0,4,10,1,4,10,1,10.0,10,1,4,10,1,-4.37,-8.65
2026-07-08,373220,LG에너지솔루션,42.8,52,0.0,75,0,0,0,36.3,8,15,1,17.1,20,1,0,10,0,0,15,0,0,10,1,0,10,1,0.0,10,1,7,10,1,6.18,10.3
2026-07-08,237880,클리오,42.8,53,0.0,85,0,1,1,65.9,4,15,1,6.4,20,1,10,10,1,0,15,0,0,10,1,10,10,1,6.0,10,1,0,10,1,-8.67,-15.0
2026-07-08,196170,알테오젠,42.7,54,0.0,75,0,0,0,40.5,8,15,1,20.0,20,1,0,10,0,0,15,0,0,10,1,0,10,1,0.0,10,1,4,10,1,-7.97,-2.23
2026-07-08,009830,한화솔루션,42.7,55,0.0,75,0,0,0,35.8,8,15,1,20.0,20,1,0,10,0,0,15,0,0,10,1,0,10,1,0.0,10,1,4,10,1,3.18,0.5
2026-07-08,009540,HD한국조선해양,42.6,56,0.0,85,0,0,0,37.3,8,15,1,13.2,20,1,8,10,1,0,15,0,0,10,1,0,10,1,0.0,10,1,7,10,1,-1.47,12.06
2026-07-08,008930,한미사이언스,42.5,57,0.0,85,0,1,1,61.4,4,15,1,6.1,20,1,10,10,1,0,15,0,0,10,1,10,10,1,6.0,10,1,0,10,1,-3.86,2.08
2026-07-08,005490,POSCO홀딩스,42.4,58,0.0,85,0,1,0,33.5,8,15,1,8.0,20,1,10,10,1,0,15,0,0,10,1,0,10,1,3.0,10,1,7,10,1,3.45,6.41
2026-07-08,098460,고영,42.4,59,0.0,85,0,0,0,35.0,4,15,1,20.0,20,1,10,10,1,0,15,0,0,10,1,0,10,1,0.0,10,1,2,10,1,13.6,10.2
2026-07-08,010060,OCI홀딩스,42.4,60,0.0,85,0,0,0,35.2,4,15,1,20.0,20,1,10,10,1,0,15,0,0,10,1,0,10,1,0.0,10,1,2,10,1,12.74,36.84
2026-07-08,046940,우원개발,42.4,61,0.0,85,0,1,1,48.3,0,15,1,20.0,20,1,10,10,1,0,15,0,0,10,1,0,10,1,6.0,10,1,0,10,1,-7.63,-12.23
2026-07-08,099320,쎄트렉아이,42.4,62,0.0,85,0,1,1,31.5,0,15,1,20.0,20,1,10,10,1,0,15,0,0,10,1,0,10,1,6.0,10,1,0,10,1,7.46,13.45
2026-07-08,047040,대우건설,42.2,63,0.0,85,0,0,0,33.4,8,15,1,13.9,20,1,10,10,1,0,15,0,0,10,1,0,10,1,0.0,10,1,4,10,1,2.59,3.22
2026-07-08,161390,한국타이어앤테크놀로지,42.1,64,0.0,85,1,1,1,61.4,4,15,1,4.8,20,1,10,10,1,0,15,0,7,10,1,0,10,1,10.0,10,1,0,10,1,-2.05,5.07
2026-07-08,267260,HD현대일렉트릭,41.9,65,0.0,85,0,0,0,34.0,12,15,1,6.6,20,1,10,10,1,0,15,0,0,10,1,0,10,1,0.0,10,1,7,10,1,1.11,6.76
2026-07-08,439090,마녀공장,41.3,66,0.0,75,0,1,1,64.3,4,15,1,4.0,20,1,0,10,0,0,15,0,7,10,1,10,10,1,6.0,10,1,0,10,1,-5.8,-7.16
2026-07-08,089030,테크윙,41.3,67,0.0,75,0,0,0,33.1,4,15,1,20.0,20,1,0,10,0,0,15,0,0,10,1,0,10,1,0.0,10,1,7,10,1,36.76,33.86
2026-07-08,003230,삼양식품,40.9,68,0.0,85,0,1,0,49.0,8,15,1,6.8,20,1,10,10,1,0,15,0,0,10,1,0,10,1,3.0,10,1,7,10,1,-6.46,-1.66
2026-07-08,002995,금호건설우,40.8,69,0.0,85,0,1,1,76.9,0,15,1,10.7,20,1,1,10,1,0,15,0,10,10,1,7,10,1,6.0,10,1,0,10,1,-43.4,-55.4
2026-07-08,319660,피에스케이,40.6,70,0.0,85,0,0,0,47.3,8,15,1,9.5,20,1,10,10,1,0,15,0,0,10,1,0,10,1,0.0,10,1,7,10,1,35.07,3.7
2026-07-08,139130,iM금융지주,40.6,71,0.0,85,0,1,1,56.5,4,15,1,10.5,20,1,10,10,1,0,15,0,4,10,1,0,10,1,6.0,10,1,0,10,1,0.22,-0.83
2026-07-08,000720,현대건설,40.1,72,0.0,85,0,0,0,34.5,8,15,1,12.1,20,1,10,10,1,0,15,0,0,10,1,0,10,1,0.0,10,1,4,10,1,0.7,8.14
2026-07-08,003550,LG,40.1,73,0.0,85,0,1,1,46.2,8,15,1,8.1,20,1,10,10,1,0,15,0,0,10,1,0,10,1,6.0,10,1,2,10,1,-0.1,-0.88
2026-07-08,010170,대한광통신,40.0,74,0.0,75,0,0,0,29.7,8,15,1,20.0,20,1,0,10,0,0,15,0,0,10,1,0,10,1,0.0,10,1,2,10,1,12.96,4.84
2026-07-08,247540,에코프로비엠,40.0,75,0.0,75,0,0,0,28.4,8,15,1,20.0,20,1,0,10,0,0,15,0,0,10,1,0,10,1,0.0,10,1,2,10,1,7.37,4.97
2026-07-08,178320,서진시스템,40.0,76,0.0,75,0,0,0,31.0,8,15,1,20.0,20,1,0,10,0,0,15,0,0,10,1,0,10,1,0.0,10,1,2,10,1,-3.78,-2.52
2026-07-08,131970,두산테스나,40.0,77,0.0,85,0,0,0,31.9,4,15,1,20.0,20,1,10,10,1,0,15,0,0,10,1,0,10,1,0.0,10,1,0,10,1,6.26,-8.46
2026-07-08,420770,기가비스,40.0,78,0.0,85,0,0,0,47.7,4,15,1,20.0,20,1,10,10,1,0,15,0,0,10,1,0,10,1,0.0,10,1,0,10,1,14.85,-10.58
2026-07-08,290650,엘앤씨바이오,40.0,79,0.0,85,0,0,0,43.5,4,15,1,20.0,20,1,10,10,1,0,15,0,0,10,1,0,10,1,0.0,10,1,0,10,1,-5.15,-16.64
2026-07-08,218410,RFHIC,40.0,80,0.0,85,0,0,0,27.5,4,15,1,20.0,20,1,10,10,1,0,15,0,0,10,1,0,10,1,0.0,10,1,0,10,1,3.64,-2.43
2026-07-08,126340,비나텍,40.0,81,0.0,85,0,0,0,36.2,4,15,1,20.0,20,1,10,10,1,0,15,0,0,10,1,0,10,1,0.0,10,1,0,10,1,-4.51,-2.68
2026-07-08,168360,펨트론,40.0,82,0.0,85,0,0,0,32.7,0,15,1,20.0,20,1,10,10,1,0,15,0,0,10,1,4,10,1,0.0,10,1,0,10,1,16.29,2.13
2026-07-08,347700,스피어,39.7,83,0.0,75,0,1,1,37.1,4,15,1,15.8,20,1,0,10,0,0,15,0,0,10,1,0,10,1,6.0,10,1,4,10,1,9.33,1.07
2026-07-08,033780,KT&G,39.6,84,0.0,85,0,1,1,58.2,8,15,1,4.7,20,1,8,10,1,0,15,0,7,10,1,0,10,1,6.0,10,1,0,10,1,-6.4,-2.55
2026-07-08,064350,현대로템,39.3,85,0.0,85,0,0,0,39.3,8,15,1,10.4,20,1,8,10,1,0,15,0,0,10,1,0,10,1,0.0,10,1,7,10,1,-0.83,-1.54
2026-07-08,477850,마키나락스,39.2,86,0.0,75,0,1,1,50.9,12,15,1,1.4,20,1,0,10,0,0,15,0,0,10,1,10,10,1,6.0,10,1,0,10,1,11.25,-13.47
2026-07-08,032830,삼성생명,39.1,87,0.0,85,0,0,0,40.6,12,15,1,7.2,20,1,10,10,1,0,15,0,0,10,1,0,10,1,0.0,10,1,4,10,1,-2.46,-4.77
2026-07-08,016360,삼성증권,39.1,88,0.0,85,0,1,1,47.0,8,15,1,7.2,20,1,10,10,1,0,15,0,0,10,1,0,10,1,6.0,10,1,2,10,1,-0.54,-6.09
2026-07-08,051900,LG생활건강,39.1,89,0.0,85,0,1,1,59.5,4,15,1,9.2,20,1,10,10,1,0,15,0,4,10,1,0,10,1,6.0,10,1,0,10,1,-7.03,-3.12
2026-07-08,458870,씨어스,39.1,90,0.0,75,0,1,1,48.0,4,15,1,19.3,20,1,0,10,0,0,15,0,0,10,1,0,10,1,6.0,10,1,0,10,1,-4.29,-16.12
2026-07-08,047810,한국항공우주,38.8,91,0.0,85,0,1,0,42.1,8,15,1,8.0,20,1,10,10,1,0,15,0,0,10,1,0,10,1,3.0,10,1,4,10,1,3.87,15.56
2026-07-08,001210,금호전기,38.8,92,0.0,75,0,1,1,65.7,8,15,1,4.1,20,1,0,10,0,0,15,0,4,10,1,7,10,1,6.0,10,1,0,10,1,-31.34,-31.34
2026-07-08,049480,오픈베이스,38.8,93,0.0,85,0,1,1,41.2,4,15,1,5.0,20,1,8,10,1,0,15,0,0,10,1,10,10,1,6.0,10,1,0,10,1,-0.58,-3.58
2026-07-08,003530,한화투자증권,38.8,94,0.0,85,0,1,0,32.6,0,15,1,20.0,20,1,10,10,1,0,15,0,0,10,1,0,10,1,3.0,10,1,0,10,1,3.57,-1.11
2026-07-08,006910,보성파워텍,38.8,95,0.0,85,0,1,0,33.1,0,15,1,20.0,20,1,10,10,1,0,15,0,0,10,1,0,10,1,3.0,10,1,0,10,1,10.56,11.52
2026-07-08,005070,코스모신소재,38.8,96,0.0,85,0,1,0,37.1,0,15,1,20.0,20,1,10,10,1,0,15,0,0,10,1,0,10,1,3.0,10,1,0,10,1,10.64,8.54
2026-07-08,011930,신성이엔지,38.8,97,0.0,85,0,1,0,30.1,0,15,1,20.0,20,1,10,10,1,0,15,0,0,10,1,0,10,1,3.0,10,1,0,10,1,4.22,0.87
2026-07-08,153890,져스텍,38.7,98,0.0,75,0,0,1,46.7,4,15,1,20.0,20,1,0,10,0,0,15,0,0,10,1,0,10,1,3.0,10,1,2,10,1,-33.64,-39.53
2026-07-08,123330,제닉,38.7,99,0.0,75,0,1,1,63.5,4,15,1,12.0,20,1,0,10,0,0,15,0,0,10,1,7,10,1,6.0,10,1,0,10,1,-12.59,-13.32
2026-07-08,086790,하나금융지주,38.5,100,0.0,85,0,1,1,52.6,8,15,1,4.7,20,1,10,10,1,0,15,0,4,10,1,0,10,1,6.0,10,1,0,10,1,11.86,6.7
2026-07-08,000270,기아,38.4,101,0.0,85,0,1,1,53.1,12,15,1,4.6,20,1,10,10,1,0,15,0,0,10,1,0,10,1,6.0,10,1,0,10,1,-7.53,-4.46
2026-07-08,062040,산일전기,38.1,102,0.0,85,0,0,0,34.9,8,15,1,7.4,20,1,10,10,1,0,15,0,0,10,1,0,10,1,0.0,10,1,7,10,1,0.56,3.03
2026-07-08,079550,LIG디펜스앤에어로스페이스,38.0,103,0.0,85,0,0,0,40.8,12,15,1,6.3,20,1,10,10,1,0,15,0,0,10,1,0,10,1,0.0,10,1,4,10,1,6.02,3.08
2026-07-08,006260,LS,37.8,104,0.0,85,0,0,0,34.9,8,15,1,7.1,20,1,10,10,1,0,15,0,0,10,1,0,10,1,0.0,10,1,7,10,1,-1.13,4.21
2026-07-08,034220,LG디스플레이,37.7,105,0.0,75,0,0,0,38.9,8,15,1,14.3,20,1,0,10,0,0,15,0,0,10,1,4,10,1,0.0,10,1,2,10,1,-4.63,-6.76
2026-07-08,015760,한국전력,37.7,106,0.0,75,0,1,1,44.1,8,15,1,7.3,20,1,0,10,0,0,15,0,0,10,1,0,10,1,6.0,10,1,7,10,1,-7.76,-3.13
2026-07-08,356860,티엘비,37.6,107,0.0,85,0,0,0,32.9,4,15,1,20.0,20,1,8,10,1,0,15,0,0,10,1,0,10,1,0.0,10,1,0,10,1,38.01,-47.63
2026-07-08,039440,에스티아이,37.6,108,0.0,85,0,0,1,38.7,0,15,1,19.0,20,1,10,10,1,0,15,0,0,10,1,0,10,1,3.0,10,1,0,10,1,14.5,1.07
2026-07-08,011070,LG이노텍,37.5,109,0.0,85,0,0,0,35.5,12,15,1,7.9,20,1,10,10,1,0,15,0,0,10,1,0,10,1,0.0,10,1,2,10,1,-9.83,-11.01
2026-07-08,093370,후성,37.3,110,0.0,75,0,0,0,37.5,4,15,1,20.0,20,1,0,10,0,0,15,0,0,10,1,0,10,1,0.0,10,1,4,10,1,18.72,5.12
2026-07-08,064290,인텍플러스,37.3,111,0.0,75,1,0,0,46.9,4,15,1,20.0,20,1,0,10,0,0,15,0,0,10,1,0,10,1,4.0,10,1,0,10,1,5.62,-10.38
2026-07-08,003680,한성기업,37.3,112,0.0,75,0,1,1,69.4,4,15,1,4.0,20,1,0,10,0,0,15,0,4,10,1,10,10,1,6.0,10,1,0,10,1,189.82,63.67
2026-07-08,013360,일성건설,37.2,113,0.0,85,0,1,0,57.0,4,15,1,10.6,20,1,10,10,1,0,15,0,0,10,1,4,10,1,3.0,10,1,0,10,1,-22.42,-23.44
2026-07-08,006360,GS건설,37.1,114,0.0,75,0,1,1,49.5,8,15,1,6.8,20,1,0,10,0,0,15,0,0,10,1,0,10,1,6.0,10,1,7,10,1,1.23,21.13
2026-07-08,111770,영원무역,36.9,115,0.0,85,0,1,1,60.9,4,15,1,7.4,20,1,10,10,1,0,15,0,4,10,1,0,10,1,6.0,10,1,0,10,1,-1.41,2.58
2026-07-08,475150,SK이터닉스,36.8,116,0.0,85,0,0,1,45.3,8,15,1,5.3,20,1,8,10,1,0,15,0,0,10,1,0,10,1,3.0,10,1,7,10,1,29.37,95.63
2026-07-08,086520,에코프로,36.7,117,0.0,85,0,0,0,31.7,8,15,1,13.2,20,1,8,10,1,0,15,0,0,10,1,0,10,1,0.0,10,1,2,10,1,10.77,8.08
2026-07-08,035720,카카오,36.7,118,0.0,75,0,1,1,37.6,8,15,1,6.5,20,1,0,10,0,0,15,0,0,10,1,0,10,1,6.0,10,1,7,10,1,0.72,7.22
2026-07-08,329180,HD현대중공업,36.6,119,0.0,85,0,0,0,33.5,12,15,1,14.1,20,1,1,10,1,0,15,0,0,10,1,0,10,1,0.0,10,1,4,10,1,-8.9,-3.68
2026-07-08,083650,비에이치아이,36.6,120,0.0,85,0,0,0,33.0,4,15,1,17.1,20,1,10,10,1,0,15,0,0,10,1,0,10,1,0.0,10,1,0,10,1,0.11,4.55
2026-07-08,272210,한화시스템,36.4,121,0.0,85,0,0,0,31.7,8,15,1,10.9,20,1,10,10,1,0,15,0,0,10,1,0,10,1,0.0,10,1,2,10,1,1.39,7.4
2026-07-08,081660,미스토홀딩스,36.1,122,0.0,85,1,1,1,67.5,4,15,1,5.7,20,1,1,10,1,0,15,0,10,10,1,0,10,1,10.0,10,1,0,10,1,-5.64,-5.22
2026-07-08,255220,SG,36.0,123,0.0,75,0,1,0,37.3,4,15,1,10.0,20,1,0,10,0,0,15,0,0,10,1,10,10,1,3.0,10,1,0,10,1,-7.12,-17.6
2026-07-08,139480,이마트,36.0,124,0.0,75,0,1,0,40.4,4,15,1,20.0,20,1,0,10,0,0,15,0,0,10,1,0,10,1,3.0,10,1,0,10,1,-2.1,2.84
2026-07-08,036630,세종텔레콤,36.0,125,0.0,85,0,1,1,54.8,4,15,1,0.6,20,1,10,10,1,0,15,0,0,10,1,10,10,1,6.0,10,1,0,10,1,-17.03,-26.45
2026-07-08,181710,NHN,36.0,126,0.0,75,0,1,0,51.6,4,15,1,20.0,20,1,0,10,0,0,15,0,0,10,1,0,10,1,3.0,10,1,0,10,1,-2.33,-0.52
2026-07-08,094170,동운아나텍,36.0,127,0.0,75,0,1,0,39.3,0,15,1,20.0,20,1,0,10,0,0,15,0,0,10,1,4,10,1,3.0,10,1,0,10,1,5.25,-3.28
2026-07-08,038110,에코플라스틱,35.9,128,0.0,85,0,1,1,34.5,0,15,1,4.5,20,1,10,10,1,0,15,0,0,10,1,10,10,1,6.0,10,1,0,10,1,-1.5,0.75
2026-07-08,037070,파세코,35.8,129,0.0,85,0,1,1,50.7,4,15,1,10.4,20,1,8,10,1,0,15,0,0,10,1,0,10,1,6.0,10,1,2,10,1,17.79,-13.09
2026-07-08,067310,하나마이크론,35.7,130,0.0,75,0,0,0,33.9,8,15,1,11.8,20,1,0,10,0,0,15,0,0,10,1,0,10,1,0.0,10,1,7,10,1,14.79,5.86
2026-07-08,078930,GS,35.6,131,0.0,85,0,1,1,58.3,4,15,1,6.3,20,1,10,10,1,0,15,0,4,10,1,0,10,1,6.0,10,1,0,10,1,4.07,19.08
2026-07-08,084370,유진테크,35.6,132,0.0,85,0,0,0,41.6,4,15,1,9.3,20,1,10,10,1,0,15,0,0,10,1,0,10,1,0.0,10,1,7,10,1,20.41,-9.47
2026-07-08,017670,SK텔레콤,35.5,133,0.0,85,0,0,0,31.8,8,15,1,8.2,20,1,10,10,1,0,15,0,0,10,1,0,10,1,0.0,10,1,4,10,1,1.19,18.45
2026-07-08,041830,인바디,35.3,134,0.0,85,1,1,1,57.0,4,15,1,6.0,20,1,10,10,1,0,15,0,0,10,1,0,10,1,10.0,10,1,0,10,1,2.4,-9.41
2026-07-08,089890,코세스,35.3,135,0.0,85,0,0,0,38.0,0,15,1,20.0,20,1,10,10,1,0,15,0,0,10,1,0,10,1,0.0,10,1,0,10,1,0.38,3.23
2026-07-08,077360,덕산하이메탈,35.3,136,0.0,85,0,0,0,32.3,0,15,1,20.0,20,1,10,10,1,0,15,0,0,10,1,0,10,1,0.0,10,1,0,10,1,30.33,16.45
2026-07-08,003160,디아이,35.3,137,0.0,85,0,0,0,36.6,0,15,1,20.0,20,1,10,10,1,0,15,0,0,10,1,0,10,1,0.0,10,1,0,10,1,6.35,-3.06
2026-07-08,126640,화신정공,35.3,138,0.0,85,0,0,0,46.4,0,15,1,20.0,20,1,10,10,1,0,15,0,0,10,1,0,10,1,0.0,10,1,0,10,1,11.53,13.89
2026-07-08,004710,한솔테크닉스,35.3,139,0.0,85,0,0,0,37.4,0,15,1,20.0,20,1,10,10,1,0,15,0,0,10,1,0,10,1,0.0,10,1,0,10,1,25.79,6.2
2026-07-08,425420,티에프이,35.3,140,0.0,85,0,0,0,32.1,0,15,1,20.0,20,1,10,10,1,0,15,0,0,10,1,0,10,1,0.0,10,1,0,10,1,15.97,4.5
2026-07-08,092870,엑시콘,35.3,141,0.0,85,0,0,0,29.6,0,15,1,20.0,20,1,10,10,1,0,15,0,0,10,1,0,10,1,0.0,10,1,0,10,1,23.38,5.95
2026-07-08,348210,넥스틴,35.3,142,0.0,85,0,0,0,31.9,0,15,1,20.0,20,1,10,10,1,0,15,0,0,10,1,0,10,1,0.0,10,1,0,10,1,4.11,-8.23
2026-07-08,124500,아이티센글로벌,35.3,143,0.0,85,0,0,0,25.1,0,15,1,20.0,20,1,10,10,1,0,15,0,0,10,1,0,10,1,0.0,10,1,0,10,1,10.4,19.84
2026-07-08,004310,현대약품,35.3,144,0.0,85,0,0,0,30.3,0,15,1,20.0,20,1,10,10,1,0,15,0,0,10,1,0,10,1,0.0,10,1,0,10,1,48.12,39.07
2026-07-08,251970,펌텍코리아,35.2,145,0.0,85,0,1,1,64.8,0,15,1,4.9,20,1,8,10,1,0,15,0,4,10,1,7,10,1,6.0,10,1,0,10,1,-6.04,-9.4
2026-07-08,322000,HD현대에너지솔루션,34.7,146,0.0,75,0,0,0,34.7,4,15,1,20.0,20,1,0,10,0,0,15,0,0,10,1,0,10,1,0.0,10,1,2,10,1,15.37,62.71
2026-07-08,122640,예스티,34.7,147,0.0,75,0,0,0,40.5,4,15,1,20.0,20,1,0,10,0,0,15,0,0,10,1,0,10,1,0.0,10,1,2,10,1,27.13,-0.2
2026-07-08,003690,코리안리,34.7,148,0.0,85,1,1,1,57.9,0,15,1,5.5,20,1,10,10,1,0,15,0,4,10,1,0,10,1,10.0,10,1,0,10,1,1.02,0.07
2026-07-08,462870,시프트업,34.7,149,0.0,75,1,1,1,62.8,0,15,1,9.0,20,1,0,10,0,0,15,0,7,10,1,0,10,1,10.0,10,1,0,10,1,-9.44,-14.03
2026-07-08,189300,인텔리안테크,34.6,150,0.0,85,0,1,0,26.9,0,15,1,16.4,20,1,10,10,1,0,15,0,0,10,1,0,10,1,3.0,10,1,0,10,1,2.76,-2.14
2026-07-08,403870,HPSP,34.5,151,0.0,85,0,0,0,37.5,8,15,1,6.3,20,1,8,10,1,0,15,0,0,10,1,0,10,1,0.0,10,1,7,10,1,22.09,3.66
2026-07-08,138930,BNK금융지주,34.5,152,0.0,85,0,1,1,53.8,4,15,1,5.3,20,1,10,10,1,0,15,0,4,10,1,0,10,1,6.0,10,1,0,10,1,1.62,-0.89
2026-07-08,004170,신세계,34.2,153,0.0,85,0,0,0,43.8,8,15,1,7.1,20,1,10,10,1,0,15,0,0,10,1,0,10,1,0.0,10,1,4,10,1,-2.4,-12.96
2026-07-08,316140,우리금융지주,34.1,154,0.0,85,0,1,1,51.2,8,15,1,5.0,20,1,10,10,1,0,15,0,0,10,1,0,10,1,6.0,10,1,0,10,1,1.95,0.65
2026-07-08,207940,삼성바이오로직스,34.1,155,0.0,85,0,1,1,47.8,8,15,1,7.0,20,1,1,10,1,0,15,0,0,10,1,0,10,1,6.0,10,1,7,10,1,1.47,1.17
2026-07-08,003670,포스코퓨처엠,34.1,156,0.0,85,0,0,0,31.0,4,15,1,20.0,20,1,3,10,1,0,15,0,0,10,1,0,10,1,0.0,10,1,2,10,1,5.87,5.18
2026-07-08,019210,와이지-원,34.1,157,0.0,85,1,1,1,55.9,4,15,1,5.0,20,1,10,10,1,0,15,0,0,10,1,0,10,1,10.0,10,1,0,10,1,8.64,-9.09
2026-07-08,042700,한미반도체,34.0,158,0.0,85,0,0,0,32.5,8,15,1,6.9,20,1,10,10,1,0,15,0,0,10,1,0,10,1,0.0,10,1,4,10,1,35.29,8.43
2026-07-08,001820,삼화콘덴서,34.0,159,0.0,85,0,0,0,41.0,8,15,1,6.9,20,1,10,10,1,0,15,0,0,10,1,0,10,1,0.0,10,1,4,10,1,-4.92,-11.31
2026-07-08,052400,코나아이,34.0,160,0.0,85,0,1,1,37.0,0,15,1,12.9,20,1,10,10,1,0,15,0,0,10,1,0,10,1,6.0,10,1,0,10,1,2.51,-1.19
2026-07-08,001440,대한전선,33.9,161,0.0,85,0,0,0,31.8,8,15,1,6.8,20,1,10,10,1,0,15,0,0,10,1,0,10,1,0.0,10,1,4,10,1,6.21,9.93
2026-07-08,060370,LS마린솔루션,33.6,162,0.0,85,0,1,0,36.0,0,15,1,15.6,20,1,10,10,1,0,15,0,0,10,1,0,10,1,3.0,10,1,0,10,1,17.2,31.63
2026-07-08,039030,이오테크닉스,33.5,163,0.0,85,0,0,0,35.7,4,15,1,12.5,20,1,10,10,1,0,15,0,0,10,1,0,10,1,0.0,10,1,2,10,1,11.59,-4.78
2026-07-08,000990,DB하이텍,33.4,164,0.0,85,0,0,0,34.1,8,15,1,6.4,20,1,10,10,1,0,15,0,0,10,1,0,10,1,0.0,10,1,4,10,1,8.05,-1.52
2026-07-08,051910,LG화학,33.4,165,0.0,85,0,0,0,32.5,8,15,1,13.4,20,1,5,10,1,0,15,0,0,10,1,0,10,1,0.0,10,1,2,10,1,3.73,6.47
2026-07-08,003280,흥아해운,33.3,166,0.0,75,0,1,0,29.6,8,15,1,4.0,20,1,0,10,0,0,15,0,0,10,1,10,10,1,3.0,10,1,0,10,1,12.73,26.4
2026-07-08,039490,키움증권,33.2,167,0.0,85,0,1,1,45.5,4,15,1,6.2,20,1,10,10,1,0,15,0,0,10,1,0,10,1,6.0,10,1,2,10,1,-1.05,-5.98
2026-07-08,030200,KT,33.2,168,0.0,75,0,1,1,54.2,4,15,1,14.9,20,1,0,10,0,0,15,0,0,10,1,0,10,1,6.0,10,1,0,10,1,-6.14,-4.87
2026-07-08,259960,크래프톤,33.1,169,0.0,85,0,1,1,53.6,4,15,1,6.1,20,1,10,10,1,0,15,0,0,10,1,0,10,1,6.0,10,1,2,10,1,-6.12,-3.06
2026-07-08,001260,남광토건,32.9,170,0.0,85,0,1,0,61.6,4,15,1,7.0,20,1,10,10,1,0,15,0,4,10,1,0,10,1,3.0,10,1,0,10,1,-24.91,-30.77
2026-07-08,005690,파미셀,32.9,171,0.0,85,0,0,0,35.2,0,15,1,20.0,20,1,8,10,1,0,15,0,0,10,1,0,10,1,0.0,10,1,0,10,1,7.73,0.54
2026-07-08,122870,와이지엔터테인먼트,32.9,172,0.0,85,0,1,0,45.1,0,15,1,20.0,20,1,5,10,1,0,15,0,0,10,1,0,10,1,3.0,10,1,0,10,1,-2.86,-3.45
2026-07-08,071970,HD현대마린엔진,32.8,173,0.0,85,0,1,0,39.0,4,15,1,10.9,20,1,10,10,1,0,15,0,0,10,1,0,10,1,3.0,10,1,0,10,1,4.29,21.11
2026-07-08,021240,코웨이,32.7,174,0.0,85,1,1,0,51.2,4,15,1,4.8,20,1,8,10,1,0,15,0,4,10,1,0,10,1,7.0,10,1,0,10,1,4.36,-1.09
2026-07-08,002960,한국쉘석유,32.7,175,0.0,85,0,1,1,61.7,0,15,1,4.8,20,1,10,10,1,0,15,0,0,10,1,7,10,1,6.0,10,1,0,10,1,-2.51,-2.51
2026-07-08,483650,달바글로벌,32.6,176,0.0,85,1,0,0,50.4,4,15,1,7.7,20,1,10,10,1,0,15,0,0,10,1,0,10,1,4.0,10,1,2,10,1,-8.78,10.34
2026-07-08,383220,F&F,32.6,177,0.0,85,1,1,0,54.6,4,15,1,4.7,20,1,8,10,1,0,15,0,4,10,1,0,10,1,7.0,10,1,0,10,1,-2.12,-4.74
2026-07-08,100790,미래에셋벤처투자,32.5,178,0.0,85,0,1,0,27.7,4,15,1,10.6,20,1,10,10,1,0,15,0,0,10,1,0,10,1,3.0,10,1,0,10,1,2.98,-4.24
2026-07-08,032350,롯데관광개발,32.4,179,0.0,75,0,1,1,43.5,0,15,1,18.3,20,1,0,10,0,0,15,0,0,10,1,0,10,1,6.0,10,1,0,10,1,-23.77,-25.39
2026-07-08,042520,한스바이오메드,32.3,180,0.0,75,0,1,0,50.8,4,15,1,13.2,20,1,0,10,0,0,15,0,0,10,1,4,10,1,3.0,10,1,0,10,1,-2.16,-17.88
2026-07-08,024060,흥구석유,32.0,181,0.0,75,0,1,1,46.1,8,15,1,0.0,20,1,0,10,0,0,15,0,0,10,1,10,10,1,6.0,10,1,0,10,1,20.5,32.85
2026-07-08,141080,리가켐바이오,32.0,182,0.0,75,0,0,0,39.3,8,15,1,16.0,20,1,0,10,0,0,15,0,0,10,1,0,10,1,0.0,10,1,0,10,1,-7.81,-15.53
2026-07-08,108490,로보티즈,32.0,183,0.0,75,0,0,0,31.8,4,15,1,20.0,20,1,0,10,0,0,15,0,0,10,1,0,10,1,0.0,10,1,0,10,1,14.45,11.37
2026-07-08,332570,PS일렉트로닉스,32.0,184,0.0,75,0,1,1,38.5,4,15,1,4.0,20,1,0,10,0,0,15,0,0,10,1,10,10,1,6.0,10,1,0,10,1,7.75,26.76
2026-07-08,180640,한진칼,32.0,185,0.0,75,1,1,1,64.0,4,15,1,0.0,20,1,0,10,0,0,15,0,10,10,1,0,10,1,10.0,10,1,0,10,1,-17.56,-22.92
2026-07-08,036540,SFA반도체,32.0,186,0.0,75,0,0,0,32.8,4,15,1,20.0,20,1,0,10,0,0,15,0,0,10,1,0,10,1,0.0,10,1,0,10,1,21.0,10.4
2026-07-08,033160,엠케이전자,32.0,187,0.0,75,0,0,0,30.0,4,15,1,20.0,20,1,0,10,0,0,15,0,0,10,1,0,10,1,0.0,10,1,0,10,1,28.11,16.04
2026-07-08,097230,HJ중공업,32.0,188,0.0,75,0,0,0,33.6,4,15,1,20.0,20,1,0,10,0,0,15,0,0,10,1,0,10,1,0.0,10,1,0,10,1,-6.39,-5.8
2026-07-08,457190,이수스페셜티케미컬,32.0,189,0.0,75,0,0,0,30.6,4,15,1,20.0,20,1,0,10,0,0,15,0,0,10,1,0,10,1,0.0,10,1,0,10,1,1.16,0.83
2026-07-08,397030,에이프릴바이오,32.0,190,0.0,75,0,0,0,29.3,4,15,1,20.0,20,1,0,10,0,0,15,0,0,10,1,0,10,1,0.0,10,1,0,10,1,0.19,0.57
2026-07-08,005940,NH투자증권,31.9,191,0.0,85,0,1,1,49.0,4,15,1,7.1,20,1,10,10,1,0,15,0,0,10,1,0,10,1,6.0,10,1,0,10,1,1.47,-2.12
2026-07-08,271560,오리온,31.6,192,0.0,85,0,1,1,58.6,4,15,1,4.9,20,1,8,10,1,0,15,0,4,10,1,0,10,1,6.0,10,1,0,10,1,-9.41,-7.84
2026-07-08,004020,현대제철,31.6,193,0.0,85,0,1,0,32.6,4,15,1,9.9,20,1,10,10,1,0,15,0,0,10,1,0,10,1,3.0,10,1,0,10,1,-1.12,4.65
2026-07-08,005880,대한해운,31.6,194,0.0,85,0,1,1,41.1,4,15,1,4.9,20,1,8,10,1,0,15,0,0,10,1,4,10,1,6.0,10,1,0,10,1,-0.42,0.26
2026-07-08,419050,삼기에너지솔루션즈,31.6,195,0.0,85,0,1,0,50.1,0,15,1,13.9,20,1,10,10,1,0,15,0,0,10,1,0,10,1,3.0,10,1,0,10,1,0.45,-12.34
2026-07-08,013580,계룡건설,31.6,196,0.0,85,0,1,1,44.0,0,15,1,8.9,20,1,10,10,1,0,15,0,0,10,1,0,10,1,6.0,10,1,2,10,1,-4.3,-2.55
2026-07-08,066970,엘앤에프,31.5,197,0.0,75,0,0,0,29.1,4,15,1,17.6,20,1,0,10,0,0,15,0,0,10,1,0,10,1,0.0,10,1,2,10,1,3.59,-2.94
2026-07-08,000810,삼성화재,31.4,198,0.0,85,0,0,0,57.8,8,15,1,4.7,20,1,10,10,1,0,15,0,4,10,1,0,10,1,0.0,10,1,0,10,1,-1.49,-4.92
2026-07-08,144960,뉴파워프라즈마,31.4,199,0.0,85,0,1,1,46.6,0,15,1,10.7,20,1,10,10,1,0,15,0,0,10,1,0,10,1,6.0,10,1,0,10,1,33.64,29.62
2026-07-08,267250,HD현대,31.3,200,0.0,85,0,1,0,32.9,4,15,1,9.6,20,1,10,10,1,0,15,0,0,10,1,0,10,1,3.0,10,1,0,10,1,3.51,19.51
2026-07-09,058730,다스코,76.0,1,0.0,85,1,1,1,64.4,8,15,1,15.6,20,1,10,10,1,0,15,0,4,10,1,7,10,1,10.0,10,1,10,10,1,-8.97,-25.91
2026-07-09,002990,금호건설,70.2,2,0.0,85,0,1,1,76.3,15,15,1,10.7,20,1,1,10,1,0,15,0,10,10,1,7,10,1,6.0,10,1,10,10,1,-37.03,-41.36
2026-07-09,010950,S-Oil,68.2,3,0.0,85,0,1,1,69.8,8,15,1,20.0,20,1,10,10,1,0,15,0,7,10,1,0,10,1,6.0,10,1,7,10,1,8.54,13.26
2026-07-09,263800,데이타솔루션,65.6,4,5.0,85,0,1,1,82.4,4,15,1,20.0,20,1,10,10,1,0,15,0,10,10,1,10,10,1,6.0,10,1,0,10,1,-29.92,-30.44
2026-07-09,352820,하이브,63.5,5,0.0,85,0,1,1,50.7,8,15,1,20.0,20,1,10,10,1,0,15,0,0,10,1,0,10,1,6.0,10,1,10,10,1,-3.47,-1.85
2026-07-09,042660,한화오션,62.4,6,0.0,85,0,0,0,33.6,12,15,1,20.0,20,1,10,10,1,0,15,0,0,10,1,4,10,1,0.0,10,1,7,10,1,10.31,11.83
2026-07-09,005930,삼성전자,61.2,7,0.0,85,0,0,0,42.1,15,15,1,20.0,20,1,10,10,1,0,15,0,0,10,1,0,10,1,0.0,10,1,7,10,1,-8.27,-10.25
2026-07-09,005935,삼성전자우,61.2,8,0.0,85,0,0,0,42.9,15,15,1,20.0,20,1,10,10,1,0,15,0,0,10,1,0,10,1,0.0,10,1,7,10,1,-7.33,-4.58
2026-07-09,222040,코스맥스엔비티,58.7,9,0.0,75,1,1,1,68.0,0,15,1,20.0,20,1,0,10,0,0,15,0,4,10,1,10,10,1,10.0,10,1,0,10,1,-1.26,-5.8
2026-07-09,105560,KB금융,57.1,10,0.0,85,1,1,1,61.4,15,15,1,4.5,20,1,8,10,1,0,15,0,7,10,1,4,10,1,10.0,10,1,0,10,1,5.66,0.06
2026-07-09,000660,SK하이닉스,56.0,11,0.0,75,0,0,0,46.4,15,15,1,20.0,20,1,0,10,0,0,15,0,0,10,1,0,10,1,0.0,10,1,7,10,1,-15.74,-19.53
2026-07-09,402340,SK스퀘어,56.0,12,0.0,75,0,0,0,44.0,15,15,1,20.0,20,1,0,10,0,0,15,0,0,10,1,0,10,1,0.0,10,1,7,10,1,-8.67,-16.43
2026-07-09,036930,주성엔지니어링,55.6,13,0.0,85,0,0,1,47.4,15,15,1,12.3,20,1,10,10,1,0,15,0,0,10,1,0,10,1,3.0,10,1,7,10,1,5.33,-20.96
2026-07-09,009150,삼성전기,55.1,14,0.0,85,0,0,1,39.1,15,15,1,8.8,20,1,10,10,1,0,15,0,0,10,1,0,10,1,3.0,10,1,10,10,1,-14.47,-11.19
2026-07-09,001210,금호전기,53.5,15,0.0,75,1,1,1,66.0,12,15,1,4.1,20,1,0,10,0,0,15,0,4,10,1,10,10,1,10.0,10,1,0,10,1,-32.07,-32.07
2026-07-09,189330,씨이랩,53.5,16,0.0,75,1,1,1,68.9,8,15,1,2.1,20,1,0,10,0,0,15,0,10,10,1,10,10,1,10.0,10,1,0,10,1,-32.6,-27.42
2026-07-09,200710,에이디테크놀로지,53.3,17,0.0,75,0,1,1,53.5,4,15,1,20.0,20,1,0,10,0,0,15,0,0,10,1,10,10,1,6.0,10,1,0,10,1,-17.07,-26.8
2026-07-09,353200,대덕전자,52.9,18,0.0,85,0,0,0,37.2,8,15,1,20.0,20,1,10,10,1,0,15,0,0,10,1,0,10,1,0.0,10,1,7,10,1,23.21,-2.23
2026-07-09,445090,에이직랜드,52.9,19,0.0,85,0,0,1,43.7,4,15,1,20.0,20,1,8,10,1,0,15,0,0,10,1,10,10,1,3.0,10,1,0,10,1,2.1,-12.24
2026-07-09,034730,SK,52.0,20,0.0,75,0,0,0,43.4,12,15,1,20.0,20,1,0,10,0,0,15,0,0,10,1,0,10,1,0.0,10,1,7,10,1,-4.92,3.28
2026-07-09,009830,한화솔루션,52.0,21,0.0,75,0,0,0,38.8,8,15,1,20.0,20,1,0,10,0,0,15,0,0,10,1,4,10,1,0.0,10,1,7,10,1,-10.39,-2.6
2026-07-09,068270,셀트리온,50.9,22,0.0,85,0,1,1,47.1,8,15,1,11.3,20,1,8,10,1,0,15,0,0,10,1,0,10,1,6.0,10,1,10,10,1,1.56,2.6
2026-07-09,012450,한화에어로스페이스,50.8,23,0.0,85,0,1,1,35.7,12,15,1,8.2,20,1,10,10,1,0,15,0,0,10,1,0,10,1,6.0,10,1,7,10,1,-1.05,2.73
2026-07-09,222800,심텍,50.7,24,0.0,75,0,0,1,48.9,8,15,1,20.0,20,1,0,10,0,0,15,0,0,10,1,0,10,1,3.0,10,1,7,10,1,-8.91,-24.94
2026-07-09,047810,한국항공우주,50.5,25,0.0,85,0,1,1,48.5,8,15,1,7.9,20,1,10,10,1,0,15,0,0,10,1,4,10,1,6.0,10,1,7,10,1,-0.53,5.4
2026-07-09,278470,에이피알,50.1,26,0.0,85,0,1,0,44.3,8,15,1,14.6,20,1,10,10,1,0,15,0,0,10,1,0,10,1,3.0,10,1,7,10,1,7.52,-3.15
2026-07-09,003670,포스코퓨처엠,49.4,27,0.0,85,0,0,0,32.0,8,15,1,20.0,20,1,3,10,1,0,15,0,0,10,1,7,10,1,0.0,10,1,4,10,1,1.1,-3.01
2026-07-09,096770,SK이노베이션,49.4,28,0.0,85,0,1,1,45.6,4,15,1,20.0,20,1,10,10,1,0,15,0,0,10,1,0,10,1,6.0,10,1,2,10,1,22.63,31.41
2026-07-09,010960,삼호개발,49.4,29,0.0,85,0,1,1,54.6,4,15,1,20.0,20,1,10,10,1,0,15,0,0,10,1,0,10,1,6.0,10,1,2,10,1,-14.74,-22.04
2026-07-09,047040,대우건설,49.3,30,0.0,85,0,0,1,34.5,8,15,1,13.9,20,1,10,10,1,0,15,0,0,10,1,0,10,1,3.0,10,1,7,10,1,-5.55,-4.61
2026-07-09,003490,대한항공,48.7,31,0.0,75,1,0,1,46.2,8,15,1,11.5,20,1,0,10,0,0,15,0,0,10,1,0,10,1,7.0,10,1,10,10,1,-0.75,-4.68
2026-07-09,030200,KT,47.9,32,0.0,75,0,1,1,63.2,4,15,1,14.9,20,1,0,10,0,0,15,0,4,10,1,7,10,1,6.0,10,1,0,10,1,-9.66,-6.72
2026-07-09,080220,제주반도체,47.8,33,0.0,85,0,0,0,39.3,8,15,1,18.6,20,1,10,10,1,0,15,0,0,10,1,0,10,1,0.0,10,1,4,10,1,5.41,-9.52
2026-07-09,055550,신한지주,47.6,34,0.0,85,1,1,1,56.9,12,15,1,4.5,20,1,10,10,1,0,15,0,4,10,1,0,10,1,10.0,10,1,0,10,1,2.76,-0.57
2026-07-09,007660,이수페타시스,47.5,35,0.0,85,0,0,1,37.5,8,15,1,9.4,20,1,10,10,1,0,15,0,0,10,1,0,10,1,3.0,10,1,10,10,1,0.22,-5.23
2026-07-09,091590,남화토건,47.3,36,0.0,75,1,1,1,59.8,4,15,1,19.5,20,1,0,10,0,0,15,0,0,10,1,0,10,1,10.0,10,1,2,10,1,-32.92,-45.32
2026-07-09,071050,한국금융지주,47.2,37,0.0,85,0,1,1,45.8,8,15,1,9.1,20,1,10,10,1,0,15,0,0,10,1,0,10,1,6.0,10,1,7,10,1,2.92,-4.27
2026-07-09,267270,HD건설기계,47.1,38,0.0,85,0,1,1,39.6,4,15,1,20.0,20,1,10,10,1,0,15,0,0,10,1,0,10,1,6.0,10,1,0,10,1,7.51,9.49
2026-07-09,036570,NC,47.1,39,0.0,85,0,1,1,45.7,4,15,1,20.0,20,1,10,10,1,0,15,0,0,10,1,0,10,1,6.0,10,1,0,10,1,-10.62,-8.62
2026-07-09,008770,호텔신라,47.1,40,0.0,85,0,1,1,43.9,4,15,1,20.0,20,1,10,10,1,0,15,0,0,10,1,0,10,1,6.0,10,1,0,10,1,-2.55,-3.98
2026-07-09,263750,펄어비스,47.1,41,0.0,85,0,1,1,38.5,4,15,1,20.0,20,1,10,10,1,0,15,0,0,10,1,0,10,1,6.0,10,1,0,10,1,-6.31,-9.74
2026-07-09,004090,한국석유,46.8,42,0.0,85,0,1,1,40.8,4,15,1,9.8,20,1,10,10,1,0,15,0,0,10,1,10,10,1,6.0,10,1,0,10,1,0.0,7.12
2026-07-09,066570,LG전자,46.7,43,0.0,85,0,0,0,39.6,15,15,1,7.7,20,1,10,10,1,0,15,0,0,10,1,0,10,1,0.0,10,1,7,10,1,0.56,-4.94
2026-07-09,240810,원익IPS,46.7,44,0.0,75,0,0,0,37.7,8,15,1,20.0,20,1,0,10,0,0,15,0,0,10,1,0,10,1,0.0,10,1,7,10,1,34.13,-4.19
2026-07-09,010170,대한광통신,46.7,45,0.0,75,0,0,1,31.0,8,15,1,20.0,20,1,0,10,0,0,15,0,0,10,1,0,10,1,3.0,10,1,4,10,1,-3.29,-6.85
2026-07-09,093370,후성,46.7,46,0.0,75,0,0,0,41.2,8,15,1,20.0,20,1,0,10,0,0,15,0,0,10,1,0,10,1,0.0,10,1,7,10,1,-1.27,-13.6
2026-07-09,089030,테크윙,46.7,47,0.0,75,0,0,0,35.4,8,15,1,20.0,20,1,0,10,0,0,15,0,0,10,1,0,10,1,0.0,10,1,7,10,1,24.71,14.2
2026-07-09,098460,고영,45.9,48,0.0,85,0,0,1,36.1,4,15,1,20.0,20,1,10,10,1,0,15,0,0,10,1,0,10,1,3.0,10,1,2,10,1,4.14,1.78
2026-07-09,298040,효성중공업,45.5,49,0.0,85,0,0,0,36.6,12,15,1,9.7,20,1,10,10,1,0,15,0,0,10,1,0,10,1,0.0,10,1,7,10,1,0.69,-3.21
2026-07-09,214450,파마리서치,45.5,50,0.0,85,1,0,1,47.3,4,15,1,7.7,20,1,10,10,1,0,15,0,0,10,1,0,10,1,7.0,10,1,10,10,1,8.9,15.53
2026-07-09,006800,미래에셋증권,44.8,51,0.0,85,0,1,0,34.8,8,15,1,10.1,20,1,10,10,1,0,15,0,0,10,1,0,10,1,3.0,10,1,7,10,1,-0.5,-8.32
2026-07-09,006400,삼성SDI,44.7,52,0.0,85,0,0,0,32.6,12,15,1,16.0,20,1,10,10,1,0,15,0,0,10,1,0,10,1,0.0,10,1,0,10,1,8.22,6.6
2026-07-09,043260,성호전자,44.7,53,0.0,85,0,0,0,31.2,4,15,1,20.0,20,1,10,10,1,0,15,0,0,10,1,0,10,1,0.0,10,1,4,10,1,-10.67,-12.58
2026-07-09,009420,한올바이오파마,44.7,54,0.0,85,1,0,0,48.9,4,15,1,20.0,20,1,8,10,1,0,15,0,0,10,1,0,10,1,4.0,10,1,2,10,1,-5.04,-16.19
2026-07-09,319660,피에스케이,44.1,55,0.0,85,0,0,0,47.6,8,15,1,9.5,20,1,10,10,1,0,15,0,0,10,1,0,10,1,0.0,10,1,10,10,1,28.38,-5.45
2026-07-09,032830,삼성생명,43.8,56,0.0,85,0,0,0,37.5,12,15,1,7.2,20,1,10,10,1,0,15,0,0,10,1,4,10,1,0.0,10,1,4,10,1,1.53,-2.45
2026-07-09,373220,LG에너지솔루션,43.2,57,0.0,75,0,0,0,36.1,8,15,1,17.4,20,1,0,10,0,0,15,0,0,10,1,0,10,1,0.0,10,1,7,10,1,6.54,5.1
2026-07-09,281820,케이씨텍,43.2,58,0.0,85,1,0,1,47.5,4,15,1,11.7,20,1,10,10,1,0,15,0,0,10,1,0,10,1,7.0,10,1,4,10,1,20.72,-10.06
2026-07-09,196170,알테오젠,42.7,59,0.0,75,0,0,0,37.8,8,15,1,20.0,20,1,0,10,0,0,15,0,0,10,1,0,10,1,0.0,10,1,4,10,1,-7.83,0.17
2026-07-09,009540,HD한국조선해양,42.6,60,0.0,85,0,0,0,34.6,8,15,1,13.2,20,1,8,10,1,0,15,0,0,10,1,0,10,1,0.0,10,1,7,10,1,8.09,13.59
2026-07-09,008930,한미사이언스,42.5,61,0.0,85,0,1,1,55.7,4,15,1,6.1,20,1,10,10,1,0,15,0,0,10,1,10,10,1,6.0,10,1,0,10,1,0.77,6.63
2026-07-09,052900,KX하이텍,42.5,62,0.0,85,0,0,1,43.0,0,15,1,19.1,20,1,10,10,1,0,15,0,0,10,1,4,10,1,3.0,10,1,0,10,1,-2.3,-14.75
2026-07-09,010060,OCI홀딩스,42.4,63,0.0,85,0,0,0,36.2,4,15,1,20.0,20,1,10,10,1,0,15,0,0,10,1,0,10,1,0.0,10,1,2,10,1,6.06,36.46
2026-07-09,005070,코스모신소재,42.4,64,0.0,85,0,1,1,41.4,0,15,1,20.0,20,1,10,10,1,0,15,0,0,10,1,0,10,1,6.0,10,1,0,10,1,-0.13,-7.06
2026-07-09,046940,우원개발,42.4,65,0.0,85,0,1,1,49.5,0,15,1,20.0,20,1,10,10,1,0,15,0,0,10,1,0,10,1,6.0,10,1,0,10,1,-11.74,-17.82
2026-07-09,099320,쎄트렉아이,42.4,66,0.0,85,0,1,1,34.9,0,15,1,20.0,20,1,10,10,1,0,15,0,0,10,1,0,10,1,6.0,10,1,0,10,1,-2.01,-1.01
2026-07-09,042700,한미반도체,42.2,67,0.0,85,0,0,0,37.9,12,15,1,6.9,20,1,10,10,1,0,15,0,0,10,1,0,10,1,0.0,10,1,7,10,1,12.53,-7.19
2026-07-09,010120,LS ELECTRIC,42.2,68,0.0,85,0,0,0,39.4,12,15,1,6.9,20,1,10,10,1,0,15,0,0,10,1,0,10,1,0.0,10,1,7,10,1,0.32,6.65
2026-07-09,267260,HD현대일렉트릭,41.9,69,0.0,85,0,0,0,34.1,12,15,1,6.6,20,1,10,10,1,0,15,0,0,10,1,0,10,1,0.0,10,1,7,10,1,-2.21,-0.61
2026-07-09,060370,LS마린솔루션,41.9,70,0.0,85,0,1,1,46.4,4,15,1,15.6,20,1,10,10,1,0,15,0,0,10,1,0,10,1,6.0,10,1,0,10,1,-0.56,13.73
2026-07-09,006260,LS,41.3,71,0.0,85,0,0,1,36.3,8,15,1,7.1,20,1,10,10,1,0,15,0,0,10,1,0,10,1,3.0,10,1,7,10,1,-8.13,-2.07
2026-07-09,089970,브이엠,41.3,72,0.0,75,0,0,0,48.5,4,15,1,20.0,20,1,0,10,0,0,15,0,0,10,1,0,10,1,0.0,10,1,7,10,1,25.06,-15.36
2026-07-09,081660,미스토홀딩스,40.8,73,0.0,85,1,1,1,74.8,4,15,1,5.7,20,1,1,10,1,0,15,0,10,10,1,4,10,1,10.0,10,1,0,10,1,-10.4,-15.17
2026-07-09,144960,뉴파워프라즈마,40.8,74,0.0,85,1,1,1,50.7,4,15,1,10.7,20,1,10,10,1,0,15,0,0,10,1,0,10,1,10.0,10,1,0,10,1,13.06,19.23
2026-07-09,139130,iM금융지주,40.6,75,0.0,85,0,1,1,48.8,4,15,1,10.5,20,1,10,10,1,0,15,0,0,10,1,4,10,1,6.0,10,1,0,10,1,6.35,5.43
2026-07-09,078930,GS,40.4,76,0.0,85,0,1,1,53.7,4,15,1,6.3,20,1,10,10,1,0,15,0,4,10,1,4,10,1,6.0,10,1,0,10,1,9.52,26.06
2026-07-09,003680,한성기업,40.3,77,5.0,75,0,1,1,86.1,4,15,1,4.0,20,1,0,10,0,0,15,0,10,10,1,10,10,1,6.0,10,1,0,10,1,123.04,16.28
2026-07-09,000720,현대건설,40.1,78,0.0,85,0,0,0,33.7,8,15,1,12.1,20,1,10,10,1,0,15,0,0,10,1,0,10,1,0.0,10,1,4,10,1,0.1,7.38
2026-07-09,003550,LG,40.1,79,0.0,85,0,1,1,45.1,8,15,1,8.1,20,1,10,10,1,0,15,0,0,10,1,0,10,1,6.0,10,1,2,10,1,-2.47,-3.36
2026-07-09,247540,에코프로비엠,40.0,80,0.0,75,0,0,0,28.2,8,15,1,20.0,20,1,0,10,0,0,15,0,0,10,1,0,10,1,0.0,10,1,2,10,1,0.81,-2.87
2026-07-09,131970,두산테스나,40.0,81,0.0,85,0,0,0,31.8,4,15,1,20.0,20,1,10,10,1,0,15,0,0,10,1,0,10,1,0.0,10,1,0,10,1,-4.19,-15.77
2026-07-09,420770,기가비스,40.0,82,0.0,85,0,0,0,50.5,4,15,1,20.0,20,1,10,10,1,0,15,0,0,10,1,0,10,1,0.0,10,1,0,10,1,7.46,-25.28
2026-07-09,290650,엘앤씨바이오,40.0,83,0.0,85,0,0,0,38.8,4,15,1,20.0,20,1,10,10,1,0,15,0,0,10,1,0,10,1,0.0,10,1,0,10,1,1.72,-19.48
2026-07-09,218410,RFHIC,40.0,84,0.0,85,0,0,0,27.2,4,15,1,20.0,20,1,10,10,1,0,15,0,0,10,1,0,10,1,0.0,10,1,0,10,1,-5.61,-8.06
2026-07-09,126340,비나텍,40.0,85,0.0,85,0,0,0,35.3,4,15,1,20.0,20,1,10,10,1,0,15,0,0,10,1,0,10,1,0.0,10,1,0,10,1,-9.94,-9.06
2026-07-09,004710,한솔테크닉스,40.0,86,0.0,85,0,0,0,37.4,4,15,1,20.0,20,1,10,10,1,0,15,0,0,10,1,0,10,1,0.0,10,1,0,10,1,17.53,-10.88
2026-07-09,347700,스피어,39.7,87,0.0,75,0,1,1,36.9,4,15,1,15.8,20,1,0,10,0,0,15,0,0,10,1,0,10,1,6.0,10,1,4,10,1,1.61,-8.07
2026-07-09,064350,현대로템,39.3,88,0.0,85,0,0,0,36.8,8,15,1,10.4,20,1,8,10,1,0,15,0,0,10,1,0,10,1,0.0,10,1,7,10,1,-1.0,-1.37
2026-07-09,016360,삼성증권,39.2,89,0.0,85,0,1,1,43.3,8,15,1,7.3,20,1,10,10,1,0,15,0,0,10,1,0,10,1,6.0,10,1,2,10,1,1.03,-5.91
2026-07-09,086520,에코프로,39.1,90,0.0,85,0,0,0,32.9,8,15,1,13.2,20,1,8,10,1,0,15,0,0,10,1,0,10,1,0.0,10,1,4,10,1,0.76,-1.64
2026-07-09,017670,SK텔레콤,39.1,91,0.0,85,0,0,0,38.5,8,15,1,8.2,20,1,10,10,1,0,15,0,0,10,1,0,10,1,0.0,10,1,7,10,1,3.46,15.34
2026-07-09,458870,씨어스,39.1,92,0.0,75,0,1,1,45.2,4,15,1,19.3,20,1,0,10,0,0,15,0,0,10,1,0,10,1,6.0,10,1,0,10,1,-7.54,-15.85
2026-07-09,049480,오픈베이스,38.8,93,0.0,85,0,1,1,55.3,4,15,1,5.0,20,1,8,10,1,0,15,0,0,10,1,10,10,1,6.0,10,1,0,10,1,-15.58,-16.51
2026-07-09,011930,신성이엔지,38.8,94,0.0,85,0,1,0,29.4,0,15,1,20.0,20,1,10,10,1,0,15,0,0,10,1,0,10,1,3.0,10,1,0,10,1,0.45,2.35
2026-07-09,003160,디아이,38.8,95,0.0,85,0,0,1,36.9,0,15,1,20.0,20,1,10,10,1,0,15,0,0,10,1,0,10,1,3.0,10,1,0,10,1,-0.23,-7.98
2026-07-09,005490,POSCO홀딩스,38.7,96,0.0,85,0,0,0,32.1,8,15,1,7.9,20,1,10,10,1,0,15,0,0,10,1,0,10,1,0.0,10,1,7,10,1,4.88,5.39
2026-07-09,122640,예스티,38.7,97,0.0,75,0,0,1,40.9,4,15,1,20.0,20,1,0,10,0,0,15,0,0,10,1,0,10,1,3.0,10,1,2,10,1,15.23,-12.83
2026-07-09,322000,HD현대에너지솔루션,38.7,98,0.0,75,0,0,1,36.1,4,15,1,20.0,20,1,0,10,0,0,15,0,0,10,1,0,10,1,3.0,10,1,2,10,1,2.23,52.27
2026-07-09,153890,져스텍,38.7,99,0.0,75,0,0,1,46.0,4,15,1,20.0,20,1,0,10,0,0,15,0,0,10,1,0,10,1,3.0,10,1,2,10,1,-38.45,-46.44
2026-07-09,052400,코나아이,38.7,100,0.0,85,0,1,0,34.8,0,15,1,12.9,20,1,10,10,1,0,15,0,0,10,1,7,10,1,3.0,10,1,0,10,1,1.23,-1.48
2026-07-09,161390,한국타이어앤테크놀로지,38.6,101,0.0,85,1,1,1,56.9,4,15,1,4.8,20,1,10,10,1,0,15,0,4,10,1,0,10,1,10.0,10,1,0,10,1,4.1,-0.28
2026-07-09,086790,하나금융지주,38.5,102,0.0,85,0,1,1,52.9,8,15,1,4.7,20,1,10,10,1,0,15,0,4,10,1,0,10,1,6.0,10,1,0,10,1,11.58,7.99
2026-07-09,161890,한국콜마,38.5,103,0.0,85,1,1,1,55.9,8,15,1,5.7,20,1,1,10,1,0,15,0,0,10,1,4,10,1,10.0,10,1,4,10,1,4.67,-2.53
2026-07-09,000270,기아,38.4,104,0.0,85,0,1,1,44.9,12,15,1,4.6,20,1,10,10,1,0,15,0,0,10,1,0,10,1,6.0,10,1,0,10,1,3.38,-9.88
2026-07-09,117580,대성에너지,38.2,105,0.0,85,0,1,1,48.3,0,15,1,6.5,20,1,10,10,1,0,15,0,0,10,1,10,10,1,6.0,10,1,0,10,1,0.0,4.71
2026-07-09,069080,웹젠,38.2,106,0.0,85,1,1,1,60.6,0,15,1,5.5,20,1,10,10,1,0,15,0,7,10,1,0,10,1,10.0,10,1,0,10,1,-8.58,-4.7
2026-07-09,189300,인텔리안테크,38.1,107,0.0,85,0,1,1,28.8,0,15,1,16.4,20,1,10,10,1,0,15,0,0,10,1,0,10,1,6.0,10,1,0,10,1,-5.98,-8.97
2026-07-09,237880,클리오,38.1,108,0.0,85,0,1,1,55.9,0,15,1,6.4,20,1,10,10,1,0,15,0,0,10,1,10,10,1,6.0,10,1,0,10,1,-3.76,-10.84
2026-07-09,403870,HPSP,38.0,109,0.0,85,0,0,0,38.9,8,15,1,6.3,20,1,8,10,1,0,15,0,0,10,1,0,10,1,0.0,10,1,10,10,1,8.14,-9.29
2026-07-09,011070,LG이노텍,37.6,110,0.0,85,0,0,0,34.4,12,15,1,8.0,20,1,10,10,1,0,15,0,0,10,1,0,10,1,0.0,10,1,2,10,1,-9.85,-15.65
2026-07-09,356860,티엘비,37.6,111,0.0,85,0,0,0,38.5,4,15,1,20.0,20,1,8,10,1,0,15,0,0,10,1,0,10,1,0.0,10,1,0,10,1,-44.25,-57.93
2026-07-09,024060,흥구석유,37.3,112,0.0,75,0,1,1,49.3,12,15,1,0.0,20,1,0,10,0,0,15,0,0,10,1,10,10,1,6.0,10,1,0,10,1,11.41,30.98
2026-07-09,064290,인텍플러스,37.3,113,0.0,75,1,0,0,45.2,4,15,1,20.0,20,1,0,10,0,0,15,0,0,10,1,0,10,1,4.0,10,1,0,10,1,0.78,-20.98
2026-07-09,006360,GS건설,37.1,114,0.0,75,0,1,1,51.8,8,15,1,6.8,20,1,0,10,0,0,15,0,0,10,1,0,10,1,6.0,10,1,7,10,1,-6.67,3.42
2026-07-09,000990,DB하이텍,36.9,115,0.0,85,0,0,0,37.3,8,15,1,6.4,20,1,10,10,1,0,15,0,0,10,1,0,10,1,0.0,10,1,7,10,1,-6.08,-14.31
2026-07-09,111770,영원무역,36.9,116,0.0,85,0,1,1,55.1,4,15,1,7.4,20,1,10,10,1,0,15,0,4,10,1,0,10,1,6.0,10,1,0,10,1,5.46,6.43
2026-07-09,475150,SK이터닉스,36.8,117,0.0,85,0,0,1,46.7,8,15,1,5.3,20,1,8,10,1,0,15,0,0,10,1,0,10,1,3.0,10,1,7,10,1,22.35,90.35
2026-07-09,122350,삼기,36.8,118,0.0,85,1,1,1,56.8,0,15,1,7.3,20,1,10,10,1,0,15,0,0,10,1,0,10,1,10.0,10,1,4,10,1,16.06,0.0
2026-07-09,035720,카카오,36.7,119,0.0,75,0,1,1,34.6,8,15,1,6.5,20,1,0,10,0,0,15,0,0,10,1,0,10,1,6.0,10,1,7,10,1,6.69,7.58
2026-07-09,329180,HD현대중공업,36.6,120,0.0,85,0,0,0,32.5,12,15,1,14.1,20,1,1,10,1,0,15,0,0,10,1,0,10,1,0.0,10,1,4,10,1,-4.54,-4.24
2026-07-09,083650,비에이치아이,36.6,121,0.0,85,0,0,0,33.0,4,15,1,17.1,20,1,10,10,1,0,15,0,0,10,1,0,10,1,0.0,10,1,0,10,1,-5.22,-0.44
2026-07-09,272210,한화시스템,36.4,122,0.0,85,0,0,0,31.6,8,15,1,10.9,20,1,10,10,1,0,15,0,0,10,1,0,10,1,0.0,10,1,2,10,1,1.24,5.41
2026-07-09,003230,삼양식품,36.2,123,0.0,85,0,1,0,45.0,4,15,1,6.8,20,1,10,10,1,0,15,0,0,10,1,0,10,1,3.0,10,1,7,10,1,-3.08,4.35
2026-07-09,033780,KT&G,36.1,124,0.0,85,0,1,1,49.6,8,15,1,4.7,20,1,8,10,1,0,15,0,4,10,1,0,10,1,6.0,10,1,0,10,1,1.98,3.51
2026-07-09,108490,로보티즈,36.0,125,0.0,75,0,0,1,35.2,4,15,1,20.0,20,1,0,10,0,0,15,0,0,10,1,0,10,1,3.0,10,1,0,10,1,-2.01,-6.18
2026-07-09,139480,이마트,36.0,126,0.0,75,0,1,0,38.3,4,15,1,20.0,20,1,0,10,0,0,15,0,0,10,1,0,10,1,3.0,10,1,0,10,1,0.13,3.39
2026-07-09,036630,세종텔레콤,36.0,127,0.0,85,0,1,1,57.7,4,15,1,0.6,20,1,10,10,1,0,15,0,0,10,1,10,10,1,6.0,10,1,0,10,1,-24.57,-23.92
2026-07-09,006730,서부T&D,35.9,128,0.0,85,0,1,1,46.9,4,15,1,6.5,20,1,10,10,1,0,15,0,0,10,1,4,10,1,6.0,10,1,0,10,1,-3.88,-2.52
2026-07-09,037070,파세코,35.8,129,0.0,85,0,1,1,50.6,4,15,1,10.4,20,1,8,10,1,0,15,0,0,10,1,0,10,1,6.0,10,1,2,10,1,18.44,0.44
2026-07-09,253450,스튜디오드래곤,35.8,130,0.0,85,0,1,1,40.2,0,15,1,7.4,20,1,10,10,1,0,15,0,0,10,1,7,10,1,6.0,10,1,0,10,1,-6.64,-5.95
2026-07-09,084370,유진테크,35.6,131,0.0,85,0,0,0,45.8,4,15,1,9.3,20,1,10,10,1,0,15,0,0,10,1,0,10,1,0.0,10,1,7,10,1,-0.14,-25.71
2026-07-09,006910,보성파워텍,35.3,132,0.0,85,0,0,0,35.3,0,15,1,20.0,20,1,10,10,1,0,15,0,0,10,1,0,10,1,0.0,10,1,0,10,1,0.93,1.25
2026-07-09,077360,덕산하이메탈,35.3,133,0.0,85,0,0,0,33.3,0,15,1,20.0,20,1,10,10,1,0,15,0,0,10,1,0,10,1,0.0,10,1,0,10,1,16.86,7.3
2026-07-09,003530,한화투자증권,35.3,134,0.0,85,0,0,0,31.4,0,15,1,20.0,20,1,10,10,1,0,15,0,0,10,1,0,10,1,0.0,10,1,0,10,1,2.52,-2.29
2026-07-09,089890,코세스,35.3,135,0.0,85,0,0,0,41.3,0,15,1,20.0,20,1,10,10,1,0,15,0,0,10,1,0,10,1,0.0,10,1,0,10,1,-14.57,-10.43
2026-07-09,126640,화신정공,35.3,136,0.0,85,0,0,0,47.3,0,15,1,20.0,20,1,10,10,1,0,15,0,0,10,1,0,10,1,0.0,10,1,0,10,1,17.17,8.72
2026-07-09,425420,티에프이,35.3,137,0.0,85,0,0,0,35.2,0,15,1,20.0,20,1,10,10,1,0,15,0,0,10,1,0,10,1,0.0,10,1,0,10,1,4.57,-6.93
2026-07-09,348210,넥스틴,35.3,138,0.0,85,0,0,0,31.4,0,15,1,20.0,20,1,10,10,1,0,15,0,0,10,1,0,10,1,0.0,10,1,0,10,1,2.2,-14.49
2026-07-09,456040,OCI,35.3,139,0.0,85,0,0,0,38.9,0,15,1,20.0,20,1,10,10,1,0,15,0,0,10,1,0,10,1,0.0,10,1,0,10,1,4.54,-10.71
2026-07-09,477850,마키나락스,35.2,140,0.0,75,0,1,1,53.6,12,15,1,1.4,20,1,0,10,0,0,15,0,0,10,1,7,10,1,6.0,10,1,0,10,1,-11.64,-18.21
2026-07-09,001790,대한제당,35.1,141,0.0,85,0,1,1,63.4,0,15,1,6.8,20,1,10,10,1,0,15,0,0,10,1,7,10,1,6.0,10,1,0,10,1,-1.97,-6.8
2026-07-09,178320,서진시스템,34.7,142,0.0,75,0,0,0,29.5,4,15,1,20.0,20,1,0,10,0,0,15,0,0,10,1,0,10,1,0.0,10,1,2,10,1,-5.76,-6.47
2026-07-09,372320,큐로셀,34.7,143,0.0,75,0,1,0,37.8,0,15,1,16.0,20,1,0,10,0,0,15,0,0,10,1,7,10,1,3.0,10,1,0,10,1,-13.71,-13.89
2026-07-09,003690,코리안리,34.7,144,0.0,85,1,1,1,52.4,0,15,1,5.5,20,1,10,10,1,0,15,0,4,10,1,0,10,1,10.0,10,1,0,10,1,2.17,4.34
2026-07-09,051900,LG생활건강,34.6,145,0.0,85,0,1,1,49.3,4,15,1,9.4,20,1,10,10,1,0,15,0,0,10,1,0,10,1,6.0,10,1,0,10,1,2.28,3.11
2026-07-09,214330,금호에이치티,34.5,146,0.0,55,0,0,0,,8,15,1,4.0,20,1,0,10,0,0,15,0,7,10,1,0,10,0,0.0,10,0,0,10,1,-37.85,-43.45
2026-07-09,440110,파두,34.3,147,0.0,75,0,0,0,38.6,8,15,1,13.7,20,1,0,10,0,0,15,0,0,10,1,0,10,1,0.0,10,1,4,10,1,-1.95,-10.17
2026-07-09,004170,신세계,34.2,148,0.0,85,0,0,0,41.6,8,15,1,7.1,20,1,10,10,1,0,15,0,0,10,1,0,10,1,0.0,10,1,4,10,1,-2.81,-16.83
2026-07-09,316140,우리금융지주,34.1,149,0.0,85,0,1,1,47.2,8,15,1,5.0,20,1,10,10,1,0,15,0,0,10,1,0,10,1,6.0,10,1,0,10,1,4.83,2.66
2026-07-09,207940,삼성바이오로직스,34.1,150,0.0,85,0,1,1,44.1,8,15,1,7.0,20,1,1,10,1,0,15,0,0,10,1,0,10,1,6.0,10,1,7,10,1,5.36,14.57
2026-07-09,019210,와이지-원,34.1,151,0.0,85,1,1,1,56.3,4,15,1,5.0,20,1,10,10,1,0,15,0,0,10,1,0,10,1,10.0,10,1,0,10,1,4.05,-17.16
2026-07-09,096530,씨젠,34.1,152,0.0,85,1,0,0,43.8,4,15,1,20.0,20,1,1,10,1,0,15,0,0,10,1,0,10,1,4.0,10,1,0,10,1,4.77,0.55
2026-07-09,001820,삼화콘덴서,34.0,153,0.0,85,0,0,0,40.8,8,15,1,6.9,20,1,10,10,1,0,15,0,0,10,1,0,10,1,0.0,10,1,4,10,1,-13.95,-20.18
2026-07-09,095610,테스,34.0,154,0.0,85,0,0,0,45.4,8,15,1,7.9,20,1,3,10,1,0,15,0,0,10,1,0,10,1,0.0,10,1,10,10,1,34.0,-6.14
2026-07-09,251970,펌텍코리아,34.0,155,0.0,85,0,1,1,67.8,0,15,1,4.9,20,1,8,10,1,0,15,0,10,10,1,0,10,1,6.0,10,1,0,10,1,-10.17,-5.78
2026-07-09,001440,대한전선,33.9,156,0.0,85,0,0,0,31.4,8,15,1,6.8,20,1,10,10,1,0,15,0,0,10,1,0,10,1,0.0,10,1,4,10,1,-0.36,1.08
2026-07-09,090430,아모레퍼시픽,33.9,157,0.0,85,0,1,1,52.6,4,15,1,6.8,20,1,5,10,1,0,15,0,0,10,1,0,10,1,6.0,10,1,7,10,1,6.96,1.46
2026-07-09,002995,금호건설우,33.8,158,0.0,85,0,1,1,70.1,0,15,1,10.7,20,1,1,10,1,0,15,0,4,10,1,7,10,1,6.0,10,1,0,10,1,-49.34,-57.77
2026-07-09,015760,한국전력,33.7,159,0.0,75,0,0,1,39.6,8,15,1,7.3,20,1,0,10,0,0,15,0,0,10,1,0,10,1,3.0,10,1,7,10,1,-3.27,0.57
2026-07-09,004000,롯데정밀화학,33.6,160,0.0,85,0,1,0,37.7,0,15,1,8.6,20,1,10,10,1,0,15,0,0,10,1,7,10,1,3.0,10,1,0,10,1,6.29,9.66
2026-07-09,039030,이오테크닉스,33.5,161,0.0,85,0,0,0,35.2,4,15,1,12.5,20,1,10,10,1,0,15,0,0,10,1,0,10,1,0.0,10,1,2,10,1,0.44,-12.85
2026-07-09,039490,키움증권,33.4,162,0.0,85,0,1,1,41.3,4,15,1,6.4,20,1,10,10,1,0,15,0,0,10,1,0,10,1,6.0,10,1,2,10,1,2.22,-5.24
2026-07-09,062040,산일전기,33.4,163,0.0,85,0,0,0,35.3,4,15,1,7.4,20,1,10,10,1,0,15,0,0,10,1,0,10,1,0.0,10,1,7,10,1,-5.35,-4.9
2026-07-09,079550,LIG디펜스앤에어로스페이스,33.3,164,0.0,85,0,0,0,39.1,8,15,1,6.3,20,1,10,10,1,0,15,0,0,10,1,0,10,1,0.0,10,1,4,10,1,7.93,9.8
2026-07-09,051910,LG화학,33.3,165,0.0,85,0,0,0,31.9,8,15,1,13.3,20,1,5,10,1,0,15,0,0,10,1,0,10,1,0.0,10,1,2,10,1,3.58,2.98
2026-07-09,003280,흥아해운,33.3,166,0.0,75,0,1,0,31.8,8,15,1,4.0,20,1,0,10,0,0,15,0,0,10,1,10,10,1,3.0,10,1,0,10,1,9.19,16.35
2026-07-09,439090,마녀공장,33.3,167,0.0,75,0,1,1,55.8,4,15,1,4.0,20,1,0,10,0,0,15,0,4,10,1,7,10,1,6.0,10,1,0,10,1,7.19,-6.7
2026-07-09,277810,레인보우로보틱스,33.2,168,0.0,75,0,0,1,30.1,4,15,1,17.9,20,1,0,10,0,0,15,0,0,10,1,0,10,1,3.0,10,1,0,10,1,-7.89,-2.9
2026-07-09,259960,크래프톤,33.1,169,0.0,85,0,1,1,49.8,4,15,1,6.1,20,1,10,10,1,0,15,0,0,10,1,0,10,1,6.0,10,1,2,10,1,0.84,1.68
2026-07-09,122870,와이지엔터테인먼트,32.9,170,0.0,85,0,1,0,43.1,0,15,1,20.0,20,1,5,10,1,0,15,0,0,10,1,0,10,1,3.0,10,1,0,10,1,-2.07,-3.05
2026-07-09,005690,파미셀,32.9,171,0.0,85,0,0,0,35.5,0,15,1,20.0,20,1,8,10,1,0,15,0,0,10,1,0,10,1,0.0,10,1,0,10,1,-0.54,-5.02
2026-07-09,071970,HD현대마린엔진,32.8,172,0.0,85,0,1,0,37.7,4,15,1,10.9,20,1,10,10,1,0,15,0,0,10,1,0,10,1,3.0,10,1,0,10,1,5.69,24.04
2026-07-09,073240,금호타이어,32.6,173,0.0,85,0,1,1,61.5,8,15,1,4.7,20,1,1,10,1,0,15,0,4,10,1,4,10,1,6.0,10,1,0,10,1,-2.5,2.17
2026-07-09,483650,달바글로벌,32.6,174,0.0,85,1,0,0,43.7,4,15,1,7.7,20,1,10,10,1,0,15,0,0,10,1,0,10,1,4.0,10,1,2,10,1,4.3,20.31
2026-07-09,383310,에코프로에이치엔,32.6,175,0.0,85,0,0,0,35.0,4,15,1,13.7,20,1,10,10,1,0,15,0,0,10,1,0,10,1,0.0,10,1,0,10,1,7.28,5.61
2026-07-09,383220,F&F,32.6,176,0.0,85,1,1,0,51.5,4,15,1,4.7,20,1,8,10,1,0,15,0,4,10,1,0,10,1,7.0,10,1,0,10,1,0.64,-3.06
2026-07-09,034220,LG디스플레이,32.4,177,0.0,75,0,0,0,35.2,8,15,1,14.3,20,1,0,10,0,0,15,0,0,10,1,0,10,1,0.0,10,1,2,10,1,-2.53,-8.24
2026-07-09,032350,롯데관광개발,32.4,178,0.0,75,0,1,1,37.8,0,15,1,18.3,20,1,0,10,0,0,15,0,0,10,1,0,10,1,6.0,10,1,0,10,1,-20.5,-20.08
2026-07-09,011170,롯데케미칼,32.1,179,0.0,75,0,0,1,34.6,4,15,1,17.1,20,1,0,10,0,0,15,0,0,10,1,0,10,1,3.0,10,1,0,10,1,-0.49,-0.33
2026-07-09,141080,리가켐바이오,32.0,180,0.0,75,0,0,0,38.5,8,15,1,16.0,20,1,0,10,0,0,15,0,0,10,1,0,10,1,0.0,10,1,0,10,1,-12.27,-18.7
2026-07-09,399720,가온칩스,32.0,181,0.0,75,0,1,1,57.5,8,15,1,0.0,20,1,0,10,0,0,15,0,0,10,1,10,10,1,6.0,10,1,0,10,1,-10.52,-28.06
2026-07-09,417840,저스템,32.0,182,0.0,75,0,0,0,37.1,4,15,1,20.0,20,1,0,10,0,0,15,0,0,10,1,0,10,1,0.0,10,1,0,10,1,18.28,-2.44
2026-07-09,457190,이수스페셜티케미컬,32.0,183,0.0,75,0,0,0,30.6,4,15,1,20.0,20,1,0,10,0,0,15,0,0,10,1,0,10,1,0.0,10,1,0,10,1,-2.5,-4.33
2026-07-09,036540,SFA반도체,32.0,184,0.0,75,0,0,0,32.8,4,15,1,20.0,20,1,0,10,0,0,15,0,0,10,1,0,10,1,0.0,10,1,0,10,1,12.74,2.31
2026-07-09,005940,NH투자증권,31.9,185,0.0,85,0,1,1,44.3,4,15,1,7.1,20,1,10,10,1,0,15,0,0,10,1,0,10,1,6.0,10,1,0,10,1,5.98,-0.68
2026-07-09,004020,현대제철,31.6,186,0.0,85,0,1,0,30.7,4,15,1,9.9,20,1,10,10,1,0,15,0,0,10,1,0,10,1,3.0,10,1,0,10,1,2.12,6.73
2026-07-09,271560,오리온,31.6,187,0.0,85,0,1,1,51.6,4,15,1,4.9,20,1,8,10,1,0,15,0,4,10,1,0,10,1,6.0,10,1,0,10,1,-5.24,-3.69
2026-07-09,419050,삼기에너지솔루션즈,31.6,188,0.0,85,0,1,0,51.5,0,15,1,13.9,20,1,10,10,1,0,15,0,0,10,1,0,10,1,3.0,10,1,0,10,1,-8.1,-20.73
2026-07-09,013580,계룡건설,31.6,189,0.0,85,0,1,1,42.6,0,15,1,8.9,20,1,10,10,1,0,15,0,0,10,1,0,10,1,6.0,10,1,2,10,1,-4.82,-3.23
2026-07-09,066970,엘앤에프,31.5,190,0.0,75,0,0,0,29.1,4,15,1,17.6,20,1,0,10,0,0,15,0,0,10,1,0,10,1,0.0,10,1,2,10,1,0.55,-10.49
2026-07-09,052690,한전기술,31.5,191,0.0,85,0,0,1,35.1,4,15,1,9.8,20,1,10,10,1,0,15,0,0,10,1,0,10,1,3.0,10,1,0,10,1,-3.34,3.34
2026-07-09,000810,삼성화재,31.4,192,0.0,85,1,0,0,47.1,8,15,1,4.7,20,1,10,10,1,0,15,0,0,10,1,0,10,1,4.0,10,1,0,10,1,12.7,3.54
2026-07-09,018260,삼성에스디에스,31.3,193,0.0,75,0,0,1,43.0,8,15,1,5.5,20,1,0,10,0,0,15,0,0,10,1,0,10,1,3.0,10,1,7,10,1,5.84,11.26
2026-07-09,257720,실리콘투,31.3,194,0.0,85,0,1,1,49.7,4,15,1,6.6,20,1,10,10,1,0,15,0,0,10,1,0,10,1,6.0,10,1,0,10,1,1.41,-0.84
2026-07-09,041830,인바디,31.1,195,0.0,85,1,1,1,58.7,0,15,1,6.4,20,1,10,10,1,0,15,0,0,10,1,0,10,1,10.0,10,1,0,10,1,-2.34,-14.41
2026-07-09,058470,리노공업,30.9,196,0.0,85,0,0,0,31.8,8,15,1,6.3,20,1,8,10,1,0,15,0,0,10,1,0,10,1,0.0,10,1,4,10,1,3.29,-2.0
2026-07-09,375500,DL이앤씨,30.9,197,0.0,85,0,1,1,41.1,4,15,1,6.3,20,1,10,10,1,0,15,0,0,10,1,0,10,1,6.0,10,1,0,10,1,-2.75,2.1
2026-07-09,000250,삼천당제약,30.8,198,0.0,75,0,1,0,31.3,4,15,1,16.1,20,1,0,10,0,0,15,0,0,10,1,0,10,1,3.0,10,1,0,10,1,-4.56,-22.86
2026-07-09,010140,삼성중공업,30.7,199,0.0,75,0,0,0,32.1,8,15,1,8.0,20,1,0,10,0,0,15,0,0,10,1,0,10,1,0.0,10,1,7,10,1,6.44,9.31
2026-07-09,330860,네패스아크,30.7,200,0.0,75,0,0,1,44.0,0,15,1,20.0,20,1,0,10,0,0,15,0,0,10,1,0,10,1,3.0,10,1,0,10,1,2.73,-18.65
2026-07-10,010170,대한광통신,73.3,1,0.0,75,0,0,1,40.9,15,15,1,20.0,20,1,0,10,0,0,15,0,0,10,1,10,10,1,3.0,10,1,7,10,1,-24.92,-22.7
2026-07-10,353200,대덕전자,69.4,2,0.0,85,0,0,1,42.4,12,15,1,20.0,20,1,10,10,1,0,15,0,0,10,1,7,10,1,3.0,10,1,7,10,1,-0.17,-9.51
2026-07-10,005930,삼성전자,68.2,3,0.0,85,0,0,1,43.9,15,15,1,20.0,20,1,10,10,1,0,15,0,0,10,1,0,10,1,3.0,10,1,10,10,1,-14.39,-10.88
2026-07-10,058730,다스코,67.8,4,0.0,85,1,1,1,64.9,8,15,1,15.6,20,1,10,10,1,0,15,0,4,10,1,0,10,1,10.0,10,1,10,10,1,-13.32,-29.42
2026-07-10,000850,화천기공,67.1,5,0.0,85,0,1,1,63.3,4,15,1,20.0,20,1,10,10,1,0,15,0,10,10,1,7,10,1,6.0,10,1,0,10,1,-22.5,-23.57
2026-07-10,002990,금호건설,66.7,6,0.0,85,0,1,1,74.2,15,15,1,10.7,20,1,1,10,1,0,15,0,7,10,1,7,10,1,6.0,10,1,10,10,1,-35.43,-43.82
2026-07-10,263800,데이타솔루션,64.7,7,0.0,85,0,1,0,75.1,8,15,1,20.0,20,1,10,10,1,0,15,0,4,10,1,10,10,1,3.0,10,1,0,10,1,-23.29,-22.88
2026-07-10,402340,SK스퀘어,64.0,8,0.0,75,0,0,1,47.6,15,15,1,20.0,20,1,0,10,0,0,15,0,0,10,1,0,10,1,3.0,10,1,10,10,1,-16.47,-22.21
2026-07-10,010950,S-Oil,63.5,9,0.0,85,0,1,1,68.1,4,15,1,20.0,20,1,10,10,1,0,15,0,7,10,1,0,10,1,6.0,10,1,7,10,1,11.05,3.26
2026-07-10,005935,삼성전자우,61.2,10,0.0,85,0,0,0,46.7,15,15,1,20.0,20,1,10,10,1,0,15,0,0,10,1,0,10,1,0.0,10,1,7,10,1,-12.92,-7.46
2026-07-10,240810,원익IPS,60.0,11,0.0,75,0,0,0,46.2,15,15,1,20.0,20,1,0,10,0,0,15,0,0,10,1,0,10,1,0.0,10,1,10,10,1,-7.92,-15.2
2026-07-10,089970,브이엠,60.0,12,0.0,75,0,0,1,57.6,8,15,1,20.0,20,1,0,10,0,0,15,0,0,10,1,4,10,1,3.0,10,1,10,10,1,-10.06,-27.56
2026-07-10,036930,주성엔지니어링,59.2,13,0.0,85,0,0,1,50.7,15,15,1,12.3,20,1,10,10,1,0,15,0,0,10,1,0,10,1,3.0,10,1,10,10,1,-12.51,-21.89
2026-07-10,352820,하이브,58.8,14,0.0,85,0,1,1,52.6,4,15,1,20.0,20,1,10,10,1,0,15,0,0,10,1,0,10,1,6.0,10,1,10,10,1,-7.94,2.04
2026-07-10,010960,삼호개발,58.8,15,0.0,85,1,1,1,58.6,4,15,1,20.0,20,1,10,10,1,0,15,0,4,10,1,0,10,1,10.0,10,1,2,10,1,-23.69,-28.47
2026-07-10,105560,KB금융,58.2,16,0.0,85,1,1,1,70.5,15,15,1,4.5,20,1,10,10,1,0,15,0,10,10,1,0,10,1,10.0,10,1,0,10,1,-8.46,-6.4
2026-07-10,319660,피에스케이,57.1,17,0.0,85,0,0,1,59.3,12,15,1,9.5,20,1,10,10,1,0,15,0,0,10,1,4,10,1,3.0,10,1,10,10,1,-9.82,-22.91
2026-07-10,000660,SK하이닉스,56.0,18,0.0,75,0,0,0,46.2,15,15,1,20.0,20,1,0,10,0,0,15,0,0,10,1,0,10,1,0.0,10,1,7,10,1,-19.08,-16.7
2026-07-10,080220,제주반도체,56.0,19,0.0,85,0,0,0,47.0,12,15,1,18.6,20,1,10,10,1,0,15,0,0,10,1,0,10,1,0.0,10,1,7,10,1,-12.46,-16.95
2026-07-10,092870,엑시콘,55.3,20,0.0,85,0,0,1,39.1,4,15,1,20.0,20,1,10,10,1,0,15,0,0,10,1,10,10,1,3.0,10,1,0,10,1,-14.48,-18.23
2026-07-10,009150,삼성전기,55.1,21,0.0,85,0,0,1,42.9,15,15,1,8.8,20,1,10,10,1,0,15,0,0,10,1,0,10,1,3.0,10,1,10,10,1,-19.51,-16.35
2026-07-10,055550,신한지주,54.7,22,0.0,85,1,1,1,62.1,12,15,1,4.5,20,1,10,10,1,0,15,0,10,10,1,0,10,1,10.0,10,1,0,10,1,-6.78,-3.85
2026-07-10,222800,심텍,54.7,23,0.0,75,0,0,1,51.0,8,15,1,20.0,20,1,0,10,0,0,15,0,0,10,1,0,10,1,3.0,10,1,10,10,1,-18.91,-24.78
2026-07-10,089030,테크윙,54.7,24,0.0,75,0,0,1,41.9,8,15,1,20.0,20,1,0,10,0,0,15,0,0,10,1,0,10,1,3.0,10,1,10,10,1,10.59,1.48
2026-07-10,122350,삼기,54.5,25,0.0,85,1,1,1,60.9,4,15,1,7.3,20,1,10,10,1,0,15,0,4,10,1,7,10,1,10.0,10,1,4,10,1,8.4,-10.44
2026-07-10,453450,그리드위즈,53.3,26,0.0,75,0,1,1,45.0,4,15,1,20.0,20,1,0,10,0,0,15,0,0,10,1,10,10,1,6.0,10,1,0,10,1,-0.64,-5.61
2026-07-10,042660,한화오션,52.9,27,0.0,85,0,0,0,35.5,8,15,1,20.0,20,1,10,10,1,0,15,0,0,10,1,0,10,1,0.0,10,1,7,10,1,2.34,9.23
2026-07-10,445090,에이직랜드,52.9,28,0.0,85,0,0,1,51.3,4,15,1,20.0,20,1,8,10,1,0,15,0,0,10,1,10,10,1,3.0,10,1,0,10,1,-19.6,-20.52
2026-07-10,071200,인피니트헬스케어,52.4,29,0.0,85,0,1,1,72.9,0,15,1,8.5,20,1,10,10,1,0,15,0,10,10,1,10,10,1,6.0,10,1,0,10,1,-2.82,-6.09
2026-07-10,007660,이수페타시스,52.2,30,0.0,85,0,0,1,45.3,12,15,1,9.4,20,1,10,10,1,0,15,0,0,10,1,0,10,1,3.0,10,1,10,10,1,-18.69,-17.34
2026-07-10,034730,SK,52.0,31,0.0,75,0,0,0,48.9,12,15,1,20.0,20,1,0,10,0,0,15,0,0,10,1,0,10,1,0.0,10,1,7,10,1,-11.87,-5.18
2026-07-10,196170,알테오젠,52.0,32,0.0,75,0,0,0,45.0,12,15,1,20.0,20,1,0,10,0,0,15,0,0,10,1,0,10,1,0.0,10,1,7,10,1,-16.82,-3.7
2026-07-10,006400,삼성SDI,51.8,33,0.0,85,0,0,0,39.8,12,15,1,20.0,20,1,10,10,1,0,15,0,0,10,1,0,10,1,0.0,10,1,2,10,1,-7.6,-0.69
2026-07-10,003160,디아이,51.8,34,0.0,85,0,0,1,39.3,4,15,1,20.0,20,1,10,10,1,0,15,0,0,10,1,7,10,1,3.0,10,1,0,10,1,-10.59,-4.77
2026-07-10,073240,금호타이어,51.3,35,0.0,85,0,1,1,74.7,12,15,1,4.6,20,1,1,10,1,0,15,0,10,10,1,10,10,1,6.0,10,1,0,10,1,-21.79,-21.03
2026-07-10,068270,셀트리온,50.9,36,0.0,85,0,1,1,48.8,8,15,1,11.3,20,1,8,10,1,0,15,0,0,10,1,0,10,1,6.0,10,1,10,10,1,-1.48,2.0
2026-07-10,052900,KX하이텍,50.6,37,0.0,85,0,1,1,48.4,0,15,1,20.0,20,1,10,10,1,0,15,0,0,10,1,7,10,1,6.0,10,1,0,10,1,-16.12,-22.18
2026-07-10,278470,에이피알,50.1,38,0.0,85,0,0,0,46.9,8,15,1,14.6,20,1,10,10,1,0,15,0,0,10,1,0,10,1,0.0,10,1,10,10,1,-1.87,-5.47
2026-07-10,043260,성호전자,49.4,39,0.0,85,0,0,0,35.5,8,15,1,20.0,20,1,10,10,1,0,15,0,0,10,1,0,10,1,0.0,10,1,4,10,1,-25.1,-20.95
2026-07-10,096770,SK이노베이션,49.4,40,0.0,85,0,1,1,50.0,4,15,1,20.0,20,1,10,10,1,0,15,0,0,10,1,0,10,1,6.0,10,1,2,10,1,13.61,13.41
2026-07-10,047040,대우건설,49.3,41,0.0,85,0,0,1,40.7,8,15,1,13.9,20,1,10,10,1,0,15,0,0,10,1,0,10,1,3.0,10,1,7,10,1,-16.68,-13.01
2026-07-10,131290,티에스이,49.3,42,0.0,85,0,0,1,58.9,8,15,1,16.9,20,1,1,10,1,0,15,0,7,10,1,4,10,1,3.0,10,1,2,10,1,-4.08,-22.45
2026-07-10,200710,에이디테크놀로지,49.3,43,0.0,75,0,1,1,53.2,4,15,1,20.0,20,1,0,10,0,0,15,0,0,10,1,7,10,1,6.0,10,1,0,10,1,-23.84,-17.49
2026-07-10,006800,미래에셋증권,48.5,44,0.0,85,0,1,0,39.1,8,15,1,10.2,20,1,10,10,1,0,15,0,0,10,1,0,10,1,3.0,10,1,10,10,1,-12.2,-12.2
2026-07-10,218410,RFHIC,48.2,45,0.0,85,0,0,0,32.1,4,15,1,20.0,20,1,10,10,1,0,15,0,0,10,1,7,10,1,0.0,10,1,0,10,1,-19.48,-12.76
2026-07-10,032830,삼성생명,47.3,46,0.0,85,0,0,0,41.0,12,15,1,7.2,20,1,10,10,1,0,15,0,0,10,1,4,10,1,0.0,10,1,7,10,1,-11.45,-8.52
2026-07-10,012450,한화에어로스페이스,47.3,47,0.0,85,0,0,1,37.3,12,15,1,8.2,20,1,10,10,1,0,15,0,0,10,1,0,10,1,3.0,10,1,7,10,1,-9.51,-7.03
2026-07-10,091590,남화토건,47.3,48,0.0,75,1,1,1,60.0,4,15,1,19.5,20,1,0,10,0,0,15,0,0,10,1,0,10,1,10.0,10,1,2,10,1,-35.69,-44.56
2026-07-10,061090,세나테크놀로지,47.1,49,0.0,85,0,1,1,65.2,4,15,1,10.0,20,1,10,10,1,0,15,0,0,10,1,10,10,1,6.0,10,1,0,10,1,-8.23,-6.04
2026-07-10,263750,펄어비스,47.1,50,0.0,85,0,1,1,41.5,4,15,1,20.0,20,1,10,10,1,0,15,0,0,10,1,0,10,1,6.0,10,1,0,10,1,-11.47,-4.86
2026-07-10,008770,호텔신라,47.1,51,0.0,85,0,1,1,46.9,4,15,1,20.0,20,1,10,10,1,0,15,0,0,10,1,0,10,1,6.0,10,1,0,10,1,-10.81,-5.56
2026-07-10,044490,태웅,47.1,52,0.0,85,0,1,1,45.6,4,15,1,20.0,20,1,10,10,1,0,15,0,0,10,1,0,10,1,6.0,10,1,0,10,1,-17.66,-11.54
2026-07-10,267270,HD건설기계,46.9,53,0.0,85,0,1,1,48.1,4,15,1,19.9,20,1,10,10,1,0,15,0,0,10,1,0,10,1,6.0,10,1,0,10,1,-7.06,3.3
2026-07-10,086790,하나금융지주,46.7,54,0.0,85,1,1,1,59.3,8,15,1,4.7,20,1,10,10,1,0,15,0,7,10,1,0,10,1,10.0,10,1,0,10,1,3.81,1.63
2026-07-10,093370,후성,46.7,55,0.0,75,0,0,0,46.8,8,15,1,20.0,20,1,0,10,0,0,15,0,0,10,1,0,10,1,0.0,10,1,7,10,1,-25.18,-27.44
2026-07-10,009830,한화솔루션,46.7,56,0.0,75,0,0,0,41.8,8,15,1,20.0,20,1,0,10,0,0,15,0,0,10,1,0,10,1,0.0,10,1,7,10,1,-16.14,-17.87
2026-07-10,006360,GS건설,46.4,57,0.0,75,0,1,1,57.6,8,15,1,6.8,20,1,0,10,0,0,15,0,0,10,1,4,10,1,6.0,10,1,10,10,1,-18.21,-8.63
2026-07-10,098460,고영,45.9,58,0.0,85,0,0,1,45.2,4,15,1,20.0,20,1,10,10,1,0,15,0,0,10,1,0,10,1,3.0,10,1,2,10,1,-14.41,-3.99
2026-07-10,047810,한국항공우주,45.8,59,0.0,85,0,1,1,44.7,8,15,1,7.9,20,1,10,10,1,0,15,0,0,10,1,0,10,1,6.0,10,1,7,10,1,-0.28,1.32
2026-07-10,214450,파마리서치,45.5,60,0.0,85,1,0,1,50.3,4,15,1,7.7,20,1,10,10,1,0,15,0,0,10,1,0,10,1,7.0,10,1,10,10,1,2.35,15.81
2026-07-10,417840,저스템,45.3,61,0.0,75,0,0,1,48.1,4,15,1,20.0,20,1,0,10,0,0,15,0,0,10,1,7,10,1,3.0,10,1,0,10,1,-13.84,-19.18
2026-07-10,327260,RF머트리얼즈,45.3,62,0.0,75,0,1,0,41.8,4,15,1,20.0,20,1,0,10,0,0,15,0,0,10,1,7,10,1,3.0,10,1,0,10,1,-16.0,-54.6
2026-07-10,072950,빛샘전자,44.8,63,0.0,85,0,1,1,42.1,4,15,1,8.1,20,1,10,10,1,0,15,0,0,10,1,10,10,1,6.0,10,1,0,10,1,-14.75,-13.75
2026-07-10,009420,한올바이오파마,44.7,64,0.0,85,1,0,0,51.1,4,15,1,20.0,20,1,8,10,1,0,15,0,0,10,1,0,10,1,4.0,10,1,2,10,1,-14.2,-17.25
2026-07-10,144960,뉴파워프라즈마,44.4,65,0.0,85,0,1,1,58.8,4,15,1,10.7,20,1,10,10,1,0,15,0,0,10,1,7,10,1,6.0,10,1,0,10,1,-2.51,10.04
2026-07-10,036570,NC,43.5,66,0.0,85,0,1,0,45.2,4,15,1,20.0,20,1,10,10,1,0,15,0,0,10,1,0,10,1,3.0,10,1,0,10,1,-15.29,-6.44
2026-07-10,089890,코세스,43.5,67,0.0,85,0,1,0,52.2,4,15,1,20.0,20,1,10,10,1,0,15,0,0,10,1,0,10,1,3.0,10,1,0,10,1,-31.23,-30.48
2026-07-10,066570,LG전자,43.3,68,0.0,85,0,0,0,41.4,12,15,1,7.8,20,1,10,10,1,0,15,0,0,10,1,0,10,1,0.0,10,1,7,10,1,-8.33,-5.54
2026-07-10,003490,대한항공,43.3,69,0.0,75,0,0,1,46.3,8,15,1,11.5,20,1,0,10,0,0,15,0,0,10,1,0,10,1,3.0,10,1,10,10,1,-5.23,-1.12
2026-07-10,007610,선도전기,43.3,70,0.0,75,0,1,1,51.8,4,15,1,10.5,20,1,0,10,0,0,15,0,0,10,1,10,10,1,6.0,10,1,2,10,1,-21.62,-25.23
2026-07-10,373220,LG에너지솔루션,42.9,71,0.0,75,0,0,0,39.8,8,15,1,17.2,20,1,0,10,0,0,15,0,0,10,1,0,10,1,0.0,10,1,7,10,1,-2.61,2.15
2026-07-10,403870,HPSP,42.7,72,0.0,85,0,0,0,44.7,12,15,1,6.3,20,1,8,10,1,0,15,0,0,10,1,0,10,1,0.0,10,1,10,10,1,-11.04,-15.54
2026-07-10,247540,에코프로비엠,42.7,73,0.0,75,0,0,0,35.5,8,15,1,20.0,20,1,0,10,0,0,15,0,0,10,1,0,10,1,0.0,10,1,4,10,1,-14.39,-9.13
2026-07-10,086520,에코프로,42.6,74,0.0,85,0,0,0,38.4,8,15,1,13.2,20,1,8,10,1,0,15,0,0,10,1,0,10,1,0.0,10,1,7,10,1,-14.34,-6.06
2026-07-10,009540,HD한국조선해양,42.6,75,0.0,85,0,0,0,39.7,8,15,1,13.2,20,1,8,10,1,0,15,0,0,10,1,0,10,1,0.0,10,1,7,10,1,-0.15,11.16
2026-07-10,071050,한국금융지주,42.5,76,0.0,85,0,1,1,52.6,4,15,1,9.1,20,1,10,10,1,0,15,0,0,10,1,0,10,1,6.0,10,1,7,10,1,-9.41,-11.09
2026-07-10,010060,OCI홀딩스,42.4,77,0.0,85,0,0,0,40.9,4,15,1,20.0,20,1,10,10,1,0,15,0,0,10,1,0,10,1,0.0,10,1,2,10,1,0.96,4.15
2026-07-10,099320,쎄트렉아이,42.4,78,0.0,85,0,1,1,41.8,0,15,1,20.0,20,1,10,10,1,0,15,0,0,10,1,0,10,1,6.0,10,1,0,10,1,-15.78,-14.64
2026-07-10,046940,우원개발,42.4,79,0.0,85,0,1,1,51.3,0,15,1,20.0,20,1,10,10,1,0,15,0,0,10,1,0,10,1,6.0,10,1,0,10,1,-19.56,-20.39
2026-07-10,115440,우리넷,42.4,80,0.0,85,0,1,1,39.0,0,15,1,20.0,20,1,10,10,1,0,15,0,0,10,1,0,10,1,6.0,10,1,0,10,1,-15.03,-13.34
2026-07-10,043590,웰킵스하이텍,42.3,81,5.0,85,0,1,1,82.1,0,15,1,4.2,20,1,10,10,1,0,15,0,10,10,1,10,10,1,6.0,10,1,0,10,1,-15.46,-19.93
2026-07-10,042700,한미반도체,42.2,82,0.0,85,0,0,0,39.9,12,15,1,6.9,20,1,10,10,1,0,15,0,0,10,1,0,10,1,0.0,10,1,7,10,1,0.0,-7.88
2026-07-10,095610,테스,42.2,83,0.0,85,0,0,1,55.3,8,15,1,7.9,20,1,3,10,1,0,15,0,0,10,1,4,10,1,3.0,10,1,10,10,1,-3.88,-20.03
2026-07-10,005490,POSCO홀딩스,42.2,84,0.0,85,0,1,0,39.7,8,15,1,7.9,20,1,10,10,1,0,15,0,0,10,1,0,10,1,3.0,10,1,7,10,1,-3.51,0.8
2026-07-10,060370,LS마린솔루션,41.9,85,0.0,85,0,1,1,51.6,4,15,1,15.6,20,1,10,10,1,0,15,0,0,10,1,0,10,1,6.0,10,1,0,10,1,-9.31,3.45
2026-07-10,016360,삼성증권,41.6,86,0.0,85,0,1,1,47.9,8,15,1,7.4,20,1,10,10,1,0,15,0,0,10,1,0,10,1,6.0,10,1,4,10,1,-9.2,-9.46
2026-07-10,010120,LS ELECTRIC,41.1,87,0.0,85,0,0,0,43.5,8,15,1,6.9,20,1,10,10,1,0,15,0,0,10,1,0,10,1,0.0,10,1,10,10,1,-11.46,-1.23
2026-07-10,298040,효성중공업,40.8,88,0.0,85,0,0,0,40.9,8,15,1,9.7,20,1,10,10,1,0,15,0,0,10,1,0,10,1,0.0,10,1,7,10,1,-13.17,-10.23
2026-07-10,267260,HD현대일렉트릭,40.7,89,0.0,85,0,0,0,38.3,8,15,1,6.6,20,1,10,10,1,0,15,0,0,10,1,0,10,1,0.0,10,1,10,10,1,-11.63,-6.35
2026-07-10,039030,이오테크닉스,40.6,90,0.0,85,0,0,0,41.5,8,15,1,12.5,20,1,10,10,1,0,15,0,0,10,1,0,10,1,0.0,10,1,4,10,1,-16.25,-18.36
2026-07-10,475150,SK이터닉스,40.4,91,0.0,85,0,0,1,47.1,8,15,1,5.3,20,1,8,10,1,0,15,0,0,10,1,0,10,1,3.0,10,1,10,10,1,30.46,33.26
2026-07-10,003680,한성기업,40.3,92,5.0,75,0,1,1,92.1,4,15,1,4.0,20,1,0,10,0,0,15,0,10,10,1,10,10,1,6.0,10,1,0,10,1,20.21,-16.67
2026-07-10,001210,금호전기,40.1,93,0.0,75,1,1,1,66.3,8,15,1,4.1,20,1,0,10,0,0,15,0,4,10,1,4,10,1,10.0,10,1,0,10,1,-32.83,-32.83
2026-07-10,000720,현대건설,40.1,94,0.0,85,0,0,0,40.5,8,15,1,12.1,20,1,10,10,1,0,15,0,0,10,1,0,10,1,0.0,10,1,4,10,1,-15.11,-3.36
2026-07-10,011070,LG이노텍,40.0,95,0.0,85,0,0,0,34.5,12,15,1,8.0,20,1,10,10,1,0,15,0,0,10,1,0,10,1,0.0,10,1,4,10,1,-18.87,-17.25
2026-07-10,178320,서진시스템,40.0,96,0.0,75,0,0,0,38.7,8,15,1,20.0,20,1,0,10,0,0,15,0,0,10,1,0,10,1,0.0,10,1,2,10,1,-22.7,-15.95
2026-07-10,131970,두산테스나,40.0,97,0.0,85,0,0,0,38.4,4,15,1,20.0,20,1,10,10,1,0,15,0,0,10,1,0,10,1,0.0,10,1,0,10,1,-19.32,-18.92
2026-07-10,420770,기가비스,40.0,98,0.0,85,0,0,0,56.1,4,15,1,20.0,20,1,10,10,1,0,15,0,0,10,1,0,10,1,0.0,10,1,0,10,1,-13.07,-29.73
2026-07-10,290650,엘앤씨바이오,40.0,99,0.0,85,0,0,0,42.0,4,15,1,20.0,20,1,10,10,1,0,15,0,0,10,1,0,10,1,0.0,10,1,0,10,1,-11.69,-20.08
2026-07-10,004710,한솔테크닉스,40.0,100,0.0,85,0,0,0,42.3,4,15,1,20.0,20,1,10,10,1,0,15,0,0,10,1,0,10,1,0.0,10,1,0,10,1,-2.51,-18.65
2026-07-10,126640,화신정공,40.0,101,0.0,85,0,0,0,51.3,4,15,1,20.0,20,1,10,10,1,0,15,0,0,10,1,0,10,1,0.0,10,1,0,10,1,-11.22,4.86
2026-07-10,077360,덕산하이메탈,40.0,102,0.0,85,0,0,0,41.7,4,15,1,20.0,20,1,10,10,1,0,15,0,0,10,1,0,10,1,0.0,10,1,0,10,1,-9.33,-6.81
2026-07-10,126340,비나텍,40.0,103,0.0,85,0,0,0,37.1,4,15,1,20.0,20,1,10,10,1,0,15,0,0,10,1,0,10,1,0.0,10,1,0,10,1,-22.42,-15.6
2026-07-10,219130,타이거일렉,40.0,104,0.0,75,0,1,1,58.3,0,15,1,20.0,20,1,0,10,0,0,15,0,4,10,1,0,10,1,6.0,10,1,0,10,1,9.96,-7.47
2026-07-10,067310,하나마이크론,39.7,105,0.0,75,0,0,0,44.0,8,15,1,11.8,20,1,0,10,0,0,15,0,0,10,1,0,10,1,0.0,10,1,10,10,1,-7.8,-11.45
2026-07-10,347700,스피어,39.7,106,0.0,75,0,1,1,42.6,4,15,1,15.8,20,1,0,10,0,0,15,0,0,10,1,0,10,1,6.0,10,1,4,10,1,-17.75,-22.2
2026-07-10,064350,현대로템,39.3,107,0.0,85,0,0,0,45.3,8,15,1,10.4,20,1,8,10,1,0,15,0,0,10,1,0,10,1,0.0,10,1,7,10,1,-17.72,-25.94
2026-07-10,078930,GS,39.2,108,0.0,85,0,1,1,59.0,4,15,1,6.3,20,1,10,10,1,0,15,0,7,10,1,0,10,1,6.0,10,1,0,10,1,3.74,14.21
2026-07-10,017670,SK텔레콤,39.1,109,0.0,85,0,0,0,42.7,8,15,1,8.2,20,1,10,10,1,0,15,0,0,10,1,0,10,1,0.0,10,1,7,10,1,-4.51,10.37
2026-07-10,008930,한미사이언스,38.9,110,0.0,85,0,1,1,58.9,4,15,1,6.1,20,1,10,10,1,0,15,0,0,10,1,7,10,1,6.0,10,1,0,10,1,-2.69,6.29
2026-07-10,003530,한화투자증권,38.8,111,0.0,85,0,1,0,41.0,0,15,1,20.0,20,1,10,10,1,0,15,0,0,10,1,0,10,1,3.0,10,1,0,10,1,-10.86,-10.02
2026-07-10,006910,보성파워텍,38.8,112,0.0,85,0,1,0,42.5,0,15,1,20.0,20,1,10,10,1,0,15,0,0,10,1,0,10,1,3.0,10,1,0,10,1,-14.04,-8.37
2026-07-10,080580,오킨스전자,38.8,113,0.0,85,0,0,1,43.1,0,15,1,20.0,20,1,10,10,1,0,15,0,0,10,1,0,10,1,3.0,10,1,0,10,1,-10.08,-17.35
2026-07-10,005070,코스모신소재,38.8,114,0.0,85,0,1,0,45.7,0,15,1,20.0,20,1,10,10,1,0,15,0,0,10,1,0,10,1,3.0,10,1,0,10,1,-9.75,-11.14
2026-07-10,011930,신성이엔지,38.8,115,0.0,85,0,1,0,36.0,0,15,1,20.0,20,1,10,10,1,0,15,0,0,10,1,0,10,1,3.0,10,1,0,10,1,-15.27,-11.87
2026-07-10,272210,한화시스템,38.7,116,0.0,85,0,0,0,39.4,8,15,1,10.9,20,1,10,10,1,0,15,0,0,10,1,0,10,1,0.0,10,1,4,10,1,-14.78,-12.13
2026-07-10,122640,예스티,38.7,117,0.0,75,0,0,1,50.7,4,15,1,20.0,20,1,0,10,0,0,15,0,0,10,1,0,10,1,3.0,10,1,2,10,1,-18.25,-30.16
2026-07-10,161390,한국타이어앤테크놀로지,38.7,118,0.0,85,1,1,1,58.1,4,15,1,4.9,20,1,10,10,1,0,15,0,4,10,1,0,10,1,10.0,10,1,0,10,1,-1.96,-2.38
2026-07-10,281820,케이씨텍,38.5,119,0.0,85,0,0,1,55.6,4,15,1,11.7,20,1,10,10,1,0,15,0,0,10,1,0,10,1,3.0,10,1,4,10,1,-4.11,-21.46
2026-07-10,012630,HDC,38.5,120,0.0,85,0,1,1,43.6,0,15,1,8.7,20,1,8,10,1,0,15,0,0,10,1,10,10,1,6.0,10,1,0,10,1,-0.99,6.4
2026-07-10,440110,파두,38.3,121,0.0,75,0,0,0,43.0,8,15,1,13.7,20,1,0,10,0,0,15,0,0,10,1,0,10,1,0.0,10,1,7,10,1,-6.77,-15.49
2026-07-10,189300,인텔리안테크,38.1,122,0.0,85,0,1,1,35.8,0,15,1,16.4,20,1,10,10,1,0,15,0,0,10,1,0,10,1,6.0,10,1,0,10,1,-20.0,-15.17
2026-07-10,207940,삼성바이오로직스,37.6,123,0.0,85,0,1,1,51.6,8,15,1,7.0,20,1,1,10,1,0,15,0,0,10,1,0,10,1,6.0,10,1,10,10,1,-3.58,10.75
2026-07-10,356860,티엘비,37.6,124,0.0,85,0,0,0,44.4,4,15,1,20.0,20,1,8,10,1,0,15,0,0,10,1,0,10,1,0.0,10,1,0,10,1,-55.65,-61.3
2026-07-10,001820,삼화콘덴서,37.5,125,0.0,85,0,0,0,45.0,8,15,1,6.9,20,1,10,10,1,0,15,0,0,10,1,0,10,1,0.0,10,1,7,10,1,-27.4,-25.14
2026-07-10,001440,대한전선,37.4,126,0.0,85,0,0,0,38.3,8,15,1,6.8,20,1,10,10,1,0,15,0,0,10,1,0,10,1,0.0,10,1,7,10,1,-15.54,-5.79
2026-07-10,000990,DB하이텍,36.9,127,0.0,85,0,0,0,40.6,8,15,1,6.4,20,1,10,10,1,0,15,0,0,10,1,0,10,1,0.0,10,1,7,10,1,-16.32,-19.03
2026-07-10,079550,LIG디펜스앤에어로스페이스,36.8,128,0.0,85,0,0,0,45.7,8,15,1,6.3,20,1,10,10,1,0,15,0,0,10,1,0,10,1,0.0,10,1,7,10,1,-7.21,-7.08
2026-07-10,035720,카카오,36.7,129,0.0,75,0,1,1,43.0,8,15,1,6.5,20,1,0,10,0,0,15,0,0,10,1,0,10,1,6.0,10,1,7,10,1,-0.85,4.81
2026-07-10,051910,LG화학,36.7,130,0.0,85,0,0,0,37.5,8,15,1,13.2,20,1,8,10,1,0,15,0,0,10,1,0,10,1,0.0,10,1,2,10,1,-4.17,-1.52
2026-07-10,083650,비에이치아이,36.6,131,0.0,85,0,0,0,37.9,4,15,1,17.1,20,1,10,10,1,0,15,0,0,10,1,0,10,1,0.0,10,1,0,10,1,-16.55,-8.17
2026-07-10,037710,광주신세계,36.5,132,0.0,85,1,1,0,59.2,8,15,1,4.0,20,1,1,10,1,0,15,0,4,10,1,7,10,1,7.0,10,1,0,10,1,-21.29,-25.9
2026-07-10,003670,포스코퓨처엠,36.5,133,0.0,85,0,0,0,35.8,4,15,1,20.0,20,1,3,10,1,0,15,0,0,10,1,0,10,1,0.0,10,1,4,10,1,-9.88,-5.4
2026-07-10,100840,SNT에너지,36.5,134,0.0,85,0,1,0,36.3,0,15,1,20.0,20,1,8,10,1,0,15,0,0,10,1,0,10,1,3.0,10,1,0,10,1,-9.35,0.0
2026-07-10,419050,삼기에너지솔루션즈,36.4,135,0.0,85,0,1,0,54.3,4,15,1,13.9,20,1,10,10,1,0,15,0,0,10,1,0,10,1,3.0,10,1,0,10,1,-19.57,-25.03
2026-07-10,003230,삼양식품,36.2,136,0.0,85,0,1,0,48.8,4,15,1,6.8,20,1,10,10,1,0,15,0,0,10,1,0,10,1,3.0,10,1,7,10,1,-7.55,7.11
2026-07-10,189330,씨이랩,36.1,137,0.0,75,1,1,1,63.1,4,15,1,2.1,20,1,0,10,0,0,15,0,4,10,1,7,10,1,10.0,10,1,0,10,1,-27.88,-19.46
2026-07-10,330860,네패스아크,36.0,138,0.0,75,0,0,1,50.9,4,15,1,20.0,20,1,0,10,0,0,15,0,0,10,1,0,10,1,3.0,10,1,0,10,1,-16.98,-29.56
2026-07-10,139480,이마트,36.0,139,0.0,75,0,1,0,43.0,4,15,1,20.0,20,1,0,10,0,0,15,0,0,10,1,0,10,1,3.0,10,1,0,10,1,-7.7,1.1
2026-07-10,002880,디와이에이,36.0,140,0.0,75,0,1,1,62.0,0,15,1,4.0,20,1,0,10,0,0,15,0,10,10,1,7,10,1,6.0,10,1,0,10,1,-25.87,-27.47
2026-07-10,139130,iM금융지주,35.9,141,0.0,85,0,1,1,53.5,0,15,1,10.5,20,1,10,10,1,0,15,0,4,10,1,0,10,1,6.0,10,1,0,10,1,0.28,1.34
2026-07-10,111770,영원무역,35.8,142,0.0,85,0,1,1,61.1,0,15,1,7.4,20,1,10,10,1,0,15,0,7,10,1,0,10,1,6.0,10,1,0,10,1,-0.8,-0.23
2026-07-10,084370,유진테크,35.6,143,0.0,85,0,0,0,51.6,4,15,1,9.3,20,1,10,10,1,0,15,0,0,10,1,0,10,1,0.0,10,1,7,10,1,-22.81,-32.23
2026-07-10,003550,LG,35.4,144,0.0,85,0,1,1,45.1,4,15,1,8.1,20,1,10,10,1,0,15,0,0,10,1,0,10,1,6.0,10,1,2,10,1,-6.22,-3.55
2026-07-10,348210,넥스틴,35.3,145,0.0,85,0,0,0,35.4,0,15,1,20.0,20,1,10,10,1,0,15,0,0,10,1,0,10,1,0.0,10,1,0,10,1,-11.82,-15.27
2026-07-10,232140,와이씨,35.1,146,0.0,85,0,0,0,34.1,4,15,1,15.8,20,1,10,10,1,0,15,0,0,10,1,0,10,1,0.0,10,1,0,10,1,-12.24,-11.78
2026-07-10,005360,모나미,35.0,147,5.0,75,0,1,1,85.3,4,15,1,0.0,20,1,0,10,0,0,15,0,10,10,1,10,10,1,6.0,10,1,0,10,1,73.89,-19.91
2026-07-10,491000,리브스메드,34.7,148,0.0,75,0,1,1,52.2,4,15,1,16.0,20,1,0,10,0,0,15,0,0,10,1,0,10,1,6.0,10,1,0,10,1,-15.15,-10.89
2026-07-10,322000,HD현대에너지솔루션,34.7,149,0.0,75,0,0,0,39.7,4,15,1,20.0,20,1,0,10,0,0,15,0,0,10,1,0,10,1,0.0,10,1,2,10,1,3.25,18.25
2026-07-10,171090,선익시스템,34.7,150,0.0,75,0,1,1,37.1,0,15,1,20.0,20,1,0,10,0,0,15,0,0,10,1,0,10,1,6.0,10,1,0,10,1,-7.85,16.06
2026-07-10,354320,알멕,34.7,151,0.0,75,0,1,1,34.9,0,15,1,20.0,20,1,0,10,0,0,15,0,0,10,1,0,10,1,6.0,10,1,0,10,1,-17.66,-16.53
2026-07-10,003690,코리안리,34.7,152,0.0,85,1,1,1,58.0,0,15,1,5.5,20,1,10,10,1,0,15,0,4,10,1,0,10,1,10.0,10,1,0,10,1,-2.45,0.72
2026-07-10,051900,LG생활건강,34.6,153,0.0,85,0,1,1,51.7,4,15,1,9.4,20,1,10,10,1,0,15,0,0,10,1,0,10,1,6.0,10,1,0,10,1,0.0,4.49
2026-07-10,058470,리노공업,34.5,154,0.0,85,0,0,0,37.3,8,15,1,6.3,20,1,8,10,1,0,15,0,0,10,1,0,10,1,0.0,10,1,7,10,1,-6.37,-5.42
2026-07-10,001800,오리온홀딩스,34.5,155,0.0,85,1,1,1,57.7,0,15,1,5.3,20,1,10,10,1,0,15,0,4,10,1,0,10,1,10.0,10,1,0,10,1,-5.41,-3.17
2026-07-10,138930,BNK금융지주,34.4,156,0.0,85,0,1,1,52.7,4,15,1,5.2,20,1,10,10,1,0,15,0,4,10,1,0,10,1,6.0,10,1,0,10,1,-0.84,1.51
2026-07-10,316140,우리금융지주,34.1,157,0.0,85,0,1,1,55.1,8,15,1,5.0,20,1,10,10,1,0,15,0,0,10,1,0,10,1,6.0,10,1,0,10,1,-2.86,5.25
2026-07-10,019210,와이지-원,34.1,158,0.0,85,1,1,1,57.0,4,15,1,5.0,20,1,10,10,1,0,15,0,0,10,1,0,10,1,10.0,10,1,0,10,1,-5.33,-10.22
2026-07-10,090430,아모레퍼시픽,33.9,159,0.0,85,0,1,1,58.5,4,15,1,6.8,20,1,5,10,1,0,15,0,0,10,1,0,10,1,6.0,10,1,7,10,1,-4.71,0.32
2026-07-10,204270,제이앤티씨,33.9,160,0.0,85,0,0,0,50.2,4,15,1,14.8,20,1,10,10,1,0,15,0,0,10,1,0,10,1,0.0,10,1,0,10,1,-19.99,-21.56
2026-07-10,000270,기아,33.8,161,0.0,85,0,1,1,46.9,8,15,1,4.7,20,1,10,10,1,0,15,0,0,10,1,0,10,1,6.0,10,1,0,10,1,-5.08,-11.59
2026-07-10,161890,한국콜마,33.8,162,0.0,85,1,1,1,59.6,4,15,1,5.7,20,1,1,10,1,0,15,0,4,10,1,0,10,1,10.0,10,1,4,10,1,-6.57,-3.76
2026-07-10,039490,키움증권,33.5,163,0.0,85,0,1,1,46.6,4,15,1,6.5,20,1,10,10,1,0,15,0,0,10,1,0,10,1,6.0,10,1,2,10,1,-8.63,-10.71
2026-07-10,062040,산일전기,33.4,164,0.0,85,0,0,0,39.2,4,15,1,7.4,20,1,10,10,1,0,15,0,0,10,1,0,10,1,0.0,10,1,7,10,1,-15.34,-12.0
2026-07-10,017900,광전자,33.3,165,0.0,75,0,1,1,42.5,8,15,1,4.0,20,1,0,10,0,0,15,0,0,10,1,7,10,1,6.0,10,1,0,10,1,-18.21,-15.37
2026-07-10,030200,KT,33.2,166,0.0,75,0,1,1,48.0,4,15,1,14.9,20,1,0,10,0,0,15,0,0,10,1,0,10,1,6.0,10,1,0,10,1,-1.29,0.37
2026-07-10,259960,크래프톤,33.2,167,0.0,85,0,1,1,49.6,4,15,1,6.2,20,1,10,10,1,0,15,0,0,10,1,0,10,1,6.0,10,1,2,10,1,-6.51,4.2
2026-07-10,000500,가온전선,33.1,168,0.0,85,0,0,0,45.2,8,15,1,8.1,20,1,10,10,1,0,15,0,0,10,1,0,10,1,0.0,10,1,2,10,1,-31.59,-28.25
2026-07-10,006260,LS,33.1,169,0.0,85,0,0,0,40.3,4,15,1,7.1,20,1,10,10,1,0,15,0,0,10,1,0,10,1,0.0,10,1,7,10,1,-19.3,-7.29
2026-07-10,005690,파미셀,32.9,170,0.0,85,0,0,0,42.5,0,15,1,20.0,20,1,8,10,1,0,15,0,0,10,1,0,10,1,0.0,10,1,0,10,1,-12.05,-11.06
2026-07-10,006110,삼아알미늄,32.9,171,0.0,85,0,1,0,35.6,0,15,1,20.0,20,1,5,10,1,0,15,0,0,10,1,0,10,1,3.0,10,1,0,10,1,-15.11,-13.37
2026-07-10,122870,와이지엔터테인먼트,32.9,172,0.0,85,0,1,0,46.2,0,15,1,20.0,20,1,5,10,1,0,15,0,0,10,1,0,10,1,3.0,10,1,0,10,1,-9.0,-1.54
2026-07-10,071970,HD현대마린엔진,32.8,173,0.0,85,0,1,0,46.8,4,15,1,10.9,20,1,10,10,1,0,15,0,0,10,1,0,10,1,3.0,10,1,0,10,1,-14.12,6.49
2026-07-10,033780,KT&G,32.6,174,0.0,85,0,1,0,46.8,8,15,1,4.7,20,1,8,10,1,0,15,0,4,10,1,0,10,1,3.0,10,1,0,10,1,3.4,5.24
2026-07-10,383310,에코프로에이치엔,32.6,175,0.0,85,0,0,0,47.7,4,15,1,13.7,20,1,10,10,1,0,15,0,0,10,1,0,10,1,0.0,10,1,0,10,1,-10.71,-11.25
2026-07-10,001510,SK증권,32.6,176,0.0,85,0,1,1,39.4,4,15,1,9.7,20,1,8,10,1,0,15,0,0,10,1,0,10,1,6.0,10,1,0,10,1,-13.21,-12.4
2026-07-10,100790,미래에셋벤처투자,32.5,177,0.0,85,0,1,0,31.5,4,15,1,10.6,20,1,10,10,1,0,15,0,0,10,1,0,10,1,3.0,10,1,0,10,1,-20.0,-18.92
2026-07-10,032350,롯데관광개발,32.4,178,0.0,75,0,1,1,40.8,0,15,1,18.3,20,1,0,10,0,0,15,0,0,10,1,0,10,1,6.0,10,1,0,10,1,-26.24,-19.8
2026-07-10,141080,리가켐바이오,32.0,179,0.0,75,0,0,0,39.9,8,15,1,16.0,20,1,0,10,0,0,15,0,0,10,1,0,10,1,0.0,10,1,0,10,1,-19.29,-18.87
2026-07-10,399720,가온칩스,32.0,180,0.0,75,0,1,1,58.8,8,15,1,0.0,20,1,0,10,0,0,15,0,0,10,1,10,10,1,6.0,10,1,0,10,1,-24.56,-11.01
2026-07-10,108490,로보티즈,32.0,181,0.0,75,0,0,0,39.7,4,15,1,20.0,20,1,0,10,0,0,15,0,0,10,1,0,10,1,0.0,10,1,0,10,1,-15.5,-7.8
2026-07-10,064290,인텍플러스,32.0,182,0.0,75,0,0,0,53.6,4,15,1,20.0,20,1,0,10,0,0,15,0,0,10,1,0,10,1,0.0,10,1,0,10,1,-19.33,-30.67
2026-07-10,033160,엠케이전자,32.0,183,0.0,75,0,0,0,39.8,4,15,1,20.0,20,1,0,10,0,0,15,0,0,10,1,0,10,1,0.0,10,1,0,10,1,-10.79,-10.67
2026-07-10,036540,SFA반도체,32.0,184,0.0,75,0,0,0,38.8,4,15,1,20.0,20,1,0,10,0,0,15,0,0,10,1,0,10,1,0.0,10,1,0,10,1,4.86,-1.31
2026-07-10,329180,HD현대중공업,31.9,185,0.0,85,0,0,0,32.2,8,15,1,14.1,20,1,1,10,1,0,15,0,0,10,1,0,10,1,0.0,10,1,4,10,1,-11.01,-3.47
2026-07-10,066970,엘앤에프,31.9,186,0.0,75,0,0,0,37.6,4,15,1,17.9,20,1,0,10,0,0,15,0,0,10,1,0,10,1,0.0,10,1,2,10,1,-16.82,-18.91
2026-07-10,005940,NH투자증권,31.9,187,0.0,85,0,1,1,52.4,4,15,1,7.1,20,1,10,10,1,0,15,0,0,10,1,0,10,1,6.0,10,1,0,10,1,-6.65,-7.44
2026-07-10,388790,라이콤,31.9,188,0.0,75,0,0,0,46.1,4,15,1,9.9,20,1,0,10,0,0,15,0,0,10,1,10,10,1,0.0,10,1,0,10,1,-20.68,-23.87
2026-07-10,230240,에치에프알,31.8,189,0.0,85,0,1,0,38.7,0,15,1,16.0,20,1,8,10,1,0,15,0,0,10,1,0,10,1,3.0,10,1,0,10,1,-13.78,-9.06
2026-07-10,271560,오리온,31.6,190,0.0,85,0,1,1,53.6,4,15,1,4.9,20,1,8,10,1,0,15,0,4,10,1,0,10,1,6.0,10,1,0,10,1,-7.37,-5.18
2026-07-10,003200,일신방직,31.6,191,0.0,85,0,1,1,54.1,0,15,1,5.9,20,1,8,10,1,0,15,0,0,10,1,7,10,1,6.0,10,1,0,10,1,-15.79,-11.32
2026-07-10,013580,계룡건설,31.6,192,0.0,85,0,1,1,49.4,0,15,1,8.9,20,1,10,10,1,0,15,0,0,10,1,0,10,1,6.0,10,1,2,10,1,-16.21,-10.51
2026-07-10,000810,삼성화재,31.5,193,0.0,85,1,0,0,52.1,8,15,1,4.8,20,1,10,10,1,0,15,0,0,10,1,0,10,1,4.0,10,1,0,10,1,-7.1,-0.46
2026-07-10,052690,한전기술,31.5,194,0.0,85,0,1,0,40.4,4,15,1,9.8,20,1,10,10,1,0,15,0,0,10,1,0,10,1,3.0,10,1,0,10,1,-14.87,-4.99
2026-07-10,018260,삼성에스디에스,31.3,195,0.0,75,0,0,1,47.8,8,15,1,5.5,20,1,0,10,0,0,15,0,0,10,1,0,10,1,3.0,10,1,7,10,1,-6.91,8.97
2026-07-10,257720,실리콘투,31.3,196,0.0,85,0,1,1,55.5,4,15,1,6.6,20,1,10,10,1,0,15,0,0,10,1,0,10,1,6.0,10,1,0,10,1,-8.38,2.13
2026-07-10,267250,HD현대,31.3,197,0.0,85,0,1,0,38.4,4,15,1,9.6,20,1,10,10,1,0,15,0,0,10,1,0,10,1,3.0,10,1,0,10,1,-0.95,5.51
2026-07-10,215790,이노인스트루먼트,31.3,198,0.0,75,0,1,1,36.6,4,15,1,3.5,20,1,0,10,0,0,15,0,0,10,1,10,10,1,6.0,10,1,0,10,1,-21.94,-11.93
2026-07-10,036630,세종텔레콤,31.3,199,0.0,85,0,1,1,56.5,0,15,1,0.6,20,1,10,10,1,0,15,0,0,10,1,10,10,1,6.0,10,1,0,10,1,-27.73,-20.09
2026-07-10,034020,두산에너빌리티,31.2,200,0.0,85,0,0,0,37.4,12,15,1,6.5,20,1,1,10,1,0,15,0,0,10,1,0,10,1,0.0,10,1,7,10,1,-17.03,-9.22
2026-07-13,010950,S-Oil,80.0,1,0.0,85,0,1,1,72.3,8,15,1,20.0,20,1,10,10,1,0,15,0,10,10,1,4,10,1,6.0,10,1,10,10,1,1.51,-7.17
2026-07-13,096770,SK이노베이션,72.9,2,0.0,85,0,1,1,56.9,12,15,1,20.0,20,1,10,10,1,0,15,0,0,10,1,10,10,1,6.0,10,1,4,10,1,5.54,2.27
2026-07-13,010955,S-Oil우,63.5,3,0.0,85,1,1,1,74.4,0,15,1,20.0,20,1,10,10,1,0,15,0,10,10,1,4,10,1,10.0,10,1,0,10,1,0.59,-7.26
2026-07-13,058730,다스코,63.1,4,0.0,85,1,1,1,61.1,4,15,1,15.6,20,1,10,10,1,0,15,0,4,10,1,0,10,1,10.0,10,1,10,10,1,-8.71,-32.21
2026-07-13,105560,KB금융,62.9,5,0.0,85,1,1,1,71.5,15,15,1,4.5,20,1,10,10,1,0,15,0,10,10,1,4,10,1,10.0,10,1,0,10,1,-6.55,-11.28
2026-07-13,353200,대덕전자,62.4,6,0.0,85,0,0,0,39.7,12,15,1,20.0,20,1,10,10,1,0,15,0,0,10,1,4,10,1,0.0,10,1,7,10,1,5.89,-19.77
2026-07-13,387690,레메디,62.0,7,0.0,65,0,0,0,,15,15,1,15.3,20,1,0,10,0,0,15,0,10,10,1,0,10,1,0.0,10,0,0,10,1,-45.32,-66.59
2026-07-13,240810,원익IPS,61.3,8,0.0,75,0,0,0,46.1,15,15,1,20.0,20,1,0,10,0,0,15,0,0,10,1,4,10,1,0.0,10,1,7,10,1,-6.97,-28.29
2026-07-13,005930,삼성전자,61.2,9,0.0,85,0,0,0,38.1,15,15,1,20.0,20,1,10,10,1,0,15,0,0,10,1,0,10,1,0.0,10,1,7,10,1,1.77,-13.56
2026-07-13,005935,삼성전자우,61.2,10,0.0,85,0,0,0,40.9,15,15,1,20.0,20,1,10,10,1,0,15,0,0,10,1,0,10,1,0.0,10,1,7,10,1,2.32,-10.57
2026-07-13,086790,하나금융지주,59.6,11,0.0,85,1,1,1,63.0,12,15,1,4.7,20,1,10,10,1,0,15,0,10,10,1,4,10,1,10.0,10,1,0,10,1,0.0,-7.24
2026-07-13,006400,삼성SDI,58.8,12,0.0,85,0,0,0,41.2,12,15,1,20.0,20,1,10,10,1,0,15,0,0,10,1,4,10,1,0.0,10,1,4,10,1,-5.34,-13.18
2026-07-13,352820,하이브,58.8,13,0.0,85,0,1,1,49.1,4,15,1,20.0,20,1,10,10,1,0,15,0,0,10,1,0,10,1,6.0,10,1,10,10,1,-6.85,-11.36
2026-07-13,222040,코스맥스엔비티,58.7,14,0.0,75,1,1,1,72.8,0,15,1,20.0,20,1,0,10,0,0,15,0,7,10,1,7,10,1,10.0,10,1,0,10,1,-3.76,-13.15
2026-07-13,042660,한화오션,57.6,15,0.0,85,0,0,0,34.5,12,15,1,20.0,20,1,10,10,1,0,15,0,0,10,1,0,10,1,0.0,10,1,7,10,1,3.93,2.79
2026-07-13,263800,데이타솔루션,56.5,16,0.0,85,1,1,0,59.3,4,15,1,20.0,20,1,10,10,1,0,15,0,0,10,1,7,10,1,7.0,10,1,0,10,1,-1.47,-16.8
2026-07-13,000660,SK하이닉스,56.0,17,0.0,75,0,0,0,38.6,15,15,1,20.0,20,1,0,10,0,0,15,0,0,10,1,0,10,1,0.0,10,1,7,10,1,-0.49,-15.99
2026-07-13,402340,SK스퀘어,56.0,18,0.0,75,0,0,0,39.4,15,15,1,20.0,20,1,0,10,0,0,15,0,0,10,1,0,10,1,0.0,10,1,7,10,1,7.92,-20.33
2026-07-13,080220,제주반도체,56.0,19,0.0,85,0,0,0,41.2,12,15,1,18.6,20,1,10,10,1,0,15,0,0,10,1,0,10,1,0.0,10,1,7,10,1,1.29,-19.28
2026-07-13,036930,주성엔지니어링,55.6,20,0.0,85,0,0,0,48.4,15,15,1,12.3,20,1,10,10,1,0,15,0,0,10,1,0,10,1,0.0,10,1,10,10,1,-7.29,-29.42
2026-07-13,009830,한화솔루션,54.7,21,0.0,75,0,0,1,42.1,8,15,1,20.0,20,1,0,10,0,0,15,0,0,10,1,0,10,1,3.0,10,1,10,10,1,-16.87,-25.16
2026-07-13,037070,파세코,54.6,22,0.0,85,0,1,1,63.3,8,15,1,10.4,20,1,8,10,1,0,15,0,0,10,1,10,10,1,6.0,10,1,4,10,1,-30.25,-23.29
2026-07-13,066570,LG전자,53.9,23,0.0,85,0,0,1,42.7,15,15,1,7.8,20,1,10,10,1,0,15,0,0,10,1,0,10,1,3.0,10,1,10,10,1,-6.68,-15.14
2026-07-13,319660,피에스케이,53.5,24,0.0,85,0,0,0,57.4,12,15,1,9.5,20,1,10,10,1,0,15,0,0,10,1,4,10,1,0.0,10,1,10,10,1,-7.91,-32.02
2026-07-13,453450,그리드위즈,53.3,25,0.0,75,0,1,1,45.2,4,15,1,20.0,20,1,0,10,0,0,15,0,0,10,1,10,10,1,6.0,10,1,0,10,1,-1.63,-14.91
2026-07-13,010060,OCI홀딩스,52.9,26,0.0,85,0,1,0,42.5,8,15,1,20.0,20,1,10,10,1,0,15,0,0,10,1,0,10,1,3.0,10,1,4,10,1,-4.65,-9.78
2026-07-13,089890,코세스,51.8,27,0.0,85,0,1,0,44.1,4,15,1,20.0,20,1,10,10,1,0,15,0,0,10,1,7,10,1,3.0,10,1,0,10,1,-23.62,-32.75
2026-07-13,009150,삼성전기,51.5,28,0.0,85,0,0,0,35.2,15,15,1,8.8,20,1,10,10,1,0,15,0,0,10,1,0,10,1,0.0,10,1,10,10,1,1.63,-13.58
2026-07-13,214450,파마리서치,51.4,29,0.0,85,1,0,0,53.3,8,15,1,7.7,20,1,10,10,1,0,15,0,4,10,1,0,10,1,4.0,10,1,10,10,1,3.33,13.62
2026-07-13,055550,신한지주,51.2,30,0.0,85,1,1,1,60.9,12,15,1,4.5,20,1,10,10,1,0,15,0,7,10,1,0,10,1,10.0,10,1,0,10,1,-3.59,-7.09
2026-07-13,003680,한성기업,51.0,31,5.0,75,1,1,1,93.4,8,15,1,4.0,20,1,0,10,0,0,15,0,10,10,1,10,10,1,10.0,10,1,0,10,1,-7.53,-29.89
2026-07-13,068270,셀트리온,50.9,32,0.0,85,0,1,1,48.7,8,15,1,11.3,20,1,8,10,1,0,15,0,0,10,1,0,10,1,6.0,10,1,10,10,1,-2.0,1.31
2026-07-13,010170,대한광통신,50.7,33,0.0,75,0,0,1,36.1,8,15,1,20.0,20,1,0,10,0,0,15,0,0,10,1,0,10,1,3.0,10,1,7,10,1,-9.62,-22.55
2026-07-13,278470,에이피알,50.1,34,0.0,85,0,0,0,47.9,8,15,1,14.6,20,1,10,10,1,0,15,0,0,10,1,0,10,1,0.0,10,1,10,10,1,-3.95,-12.24
2026-07-13,047040,대우건설,49.4,35,0.0,85,0,0,1,36.3,8,15,1,14.0,20,1,10,10,1,0,15,0,0,10,1,0,10,1,3.0,10,1,7,10,1,-7.56,-16.11
2026-07-13,010960,삼호개발,49.4,36,0.0,85,1,1,1,51.7,0,15,1,20.0,20,1,10,10,1,0,15,0,0,10,1,0,10,1,10.0,10,1,2,10,1,-17.51,-21.92
2026-07-13,092870,엑시콘,48.2,37,0.0,85,0,0,1,36.2,4,15,1,20.0,20,1,10,10,1,0,15,0,0,10,1,4,10,1,3.0,10,1,0,10,1,-5.38,-22.13
2026-07-13,008770,호텔신라,47.1,38,0.0,85,0,1,1,45.7,4,15,1,20.0,20,1,10,10,1,0,15,0,0,10,1,0,10,1,6.0,10,1,0,10,1,-8.14,-6.73
2026-07-13,263750,펄어비스,47.1,39,0.0,85,0,1,1,35.6,4,15,1,20.0,20,1,10,10,1,0,15,0,0,10,1,0,10,1,6.0,10,1,0,10,1,-4.99,-4.7
2026-07-13,095610,테스,46.9,40,0.0,85,0,0,1,57.5,12,15,1,7.9,20,1,3,10,1,0,15,0,0,10,1,4,10,1,3.0,10,1,10,10,1,-11.11,-34.5
2026-07-13,373220,LG에너지솔루션,46.9,41,0.0,75,0,0,0,40.6,8,15,1,17.2,20,1,0,10,0,0,15,0,0,10,1,0,10,1,0.0,10,1,10,10,1,-3.5,-4.41
2026-07-13,000400,롯데손해보험,46.8,42,0.0,85,0,1,1,63.5,0,15,1,9.8,20,1,10,10,1,0,15,0,7,10,1,7,10,1,6.0,10,1,0,10,1,-4.18,-9.89
2026-07-13,002990,금호건설,46.7,43,0.0,85,0,1,1,63.3,12,15,1,10.7,20,1,1,10,1,0,15,0,0,10,1,0,10,1,6.0,10,1,10,10,1,-26.34,-42.09
2026-07-13,034730,SK,46.7,44,0.0,75,0,0,0,42.0,8,15,1,20.0,20,1,0,10,0,0,15,0,0,10,1,0,10,1,0.0,10,1,7,10,1,2.23,-7.2
2026-07-13,089970,브이엠,46.7,45,0.0,75,0,0,0,53.3,8,15,1,20.0,20,1,0,10,0,0,15,0,0,10,1,0,10,1,0.0,10,1,7,10,1,-7.37,-34.75
2026-07-13,222800,심텍,46.7,46,0.0,75,0,0,0,45.1,8,15,1,20.0,20,1,0,10,0,0,15,0,0,10,1,0,10,1,0.0,10,1,7,10,1,-6.66,-30.16
2026-07-13,089030,테크윙,46.7,47,0.0,75,0,0,0,41.8,8,15,1,20.0,20,1,0,10,0,0,15,0,0,10,1,0,10,1,0.0,10,1,7,10,1,6.73,-11.17
2026-07-13,122350,삼기,46.2,48,0.0,85,1,1,1,61.6,4,15,1,7.3,20,1,10,10,1,0,15,0,4,10,1,0,10,1,10.0,10,1,4,10,1,2.12,-18.7
2026-07-13,009540,HD한국조선해양,46.1,49,0.0,85,0,0,0,40.1,8,15,1,13.2,20,1,8,10,1,0,15,0,0,10,1,0,10,1,0.0,10,1,10,10,1,-1.02,3.66
2026-07-13,010120,LS ELECTRIC,45.8,50,0.0,85,0,0,0,39.6,12,15,1,6.9,20,1,10,10,1,0,15,0,0,10,1,0,10,1,0.0,10,1,10,10,1,2.49,-4.88
2026-07-13,047810,한국항공우주,45.8,51,0.0,85,0,1,1,44.2,8,15,1,7.9,20,1,10,10,1,0,15,0,0,10,1,0,10,1,6.0,10,1,7,10,1,-0.7,-0.35
2026-07-13,161890,한국콜마,45.5,52,0.0,85,1,1,1,66.8,8,15,1,5.7,20,1,1,10,1,0,15,0,7,10,1,0,10,1,10.0,10,1,7,10,1,-12.18,-14.59
2026-07-13,200710,에이디테크놀로지,45.3,53,0.0,75,0,1,1,42.0,4,15,1,20.0,20,1,0,10,0,0,15,0,0,10,1,4,10,1,6.0,10,1,0,10,1,-7.8,-9.83
2026-07-13,219130,타이거일렉,45.3,54,0.0,75,1,1,1,58.5,0,15,1,20.0,20,1,0,10,0,0,15,0,4,10,1,0,10,1,10.0,10,1,0,10,1,4.69,-16.28
2026-07-13,475150,SK이터닉스,45.1,55,0.0,85,0,0,1,52.7,12,15,1,5.3,20,1,8,10,1,0,15,0,0,10,1,0,10,1,3.0,10,1,10,10,1,16.34,1.35
2026-07-13,006800,미래에셋증권,45.1,56,0.0,85,0,1,0,36.1,8,15,1,10.3,20,1,10,10,1,0,15,0,0,10,1,0,10,1,3.0,10,1,7,10,1,-6.87,-17.37
2026-07-13,078930,GS,45.1,57,0.0,85,0,1,1,58.0,8,15,1,6.3,20,1,10,10,1,0,15,0,4,10,1,4,10,1,6.0,10,1,0,10,1,3.77,10.06
2026-07-13,043260,성호전자,44.7,58,0.0,85,0,0,0,32.2,4,15,1,20.0,20,1,10,10,1,0,15,0,0,10,1,0,10,1,0.0,10,1,4,10,1,-10.29,-20.74
2026-07-13,009420,한올바이오파마,44.7,59,0.0,85,1,0,0,48.3,4,15,1,20.0,20,1,8,10,1,0,15,0,0,10,1,0,10,1,4.0,10,1,2,10,1,-12.77,-18.12
2026-07-13,100840,SNT에너지,44.7,60,0.0,85,0,1,1,38.1,0,15,1,20.0,20,1,8,10,1,0,15,0,0,10,1,4,10,1,6.0,10,1,0,10,1,-11.07,-10.13
2026-07-13,007660,이수페타시스,44.0,61,0.0,85,0,0,0,43.3,8,15,1,9.4,20,1,10,10,1,0,15,0,0,10,1,0,10,1,0.0,10,1,10,10,1,-11.04,-28.31
2026-07-13,322000,HD현대에너지솔루션,44.0,62,0.0,75,0,0,1,42.9,4,15,1,20.0,20,1,0,10,0,0,15,0,0,10,1,4,10,1,3.0,10,1,2,10,1,8.33,-6.92
2026-07-13,267270,HD건설기계,43.5,63,0.0,85,0,1,0,45.7,4,15,1,20.0,20,1,10,10,1,0,15,0,0,10,1,0,10,1,3.0,10,1,0,10,1,-3.78,-3.31
2026-07-13,241710,코스메카코리아,43.5,64,0.0,85,0,1,1,64.6,4,15,1,6.0,20,1,10,10,1,0,15,0,7,10,1,4,10,1,6.0,10,1,0,10,1,-8.68,-6.2
2026-07-13,003490,대한항공,43.3,65,0.0,75,0,0,1,42.4,8,15,1,11.5,20,1,0,10,0,0,15,0,0,10,1,0,10,1,3.0,10,1,10,10,1,-1.93,-2.32
2026-07-13,004090,한국석유,43.3,66,0.0,85,0,1,1,47.5,4,15,1,9.8,20,1,10,10,1,0,15,0,0,10,1,7,10,1,6.0,10,1,0,10,1,-2.35,-10.79
2026-07-13,403870,HPSP,42.7,67,0.0,85,0,0,0,42.6,12,15,1,6.3,20,1,8,10,1,0,15,0,0,10,1,0,10,1,0.0,10,1,10,10,1,-6.68,-21.96
2026-07-13,196170,알테오젠,42.7,68,0.0,75,0,0,0,43.2,8,15,1,20.0,20,1,0,10,0,0,15,0,0,10,1,0,10,1,0.0,10,1,4,10,1,-13.74,-6.32
2026-07-13,247540,에코프로비엠,42.7,69,0.0,75,0,0,0,34.8,8,15,1,20.0,20,1,0,10,0,0,15,0,0,10,1,0,10,1,0.0,10,1,4,10,1,-11.6,-15.03
2026-07-13,138360,앤로보틱스,42.7,70,0.0,75,0,1,1,45.3,4,15,1,12.0,20,1,0,10,0,0,15,0,0,10,1,10,10,1,6.0,10,1,0,10,1,-11.54,-14.81
2026-07-13,012450,한화에어로스페이스,42.6,71,0.0,85,0,0,1,35.3,8,15,1,8.2,20,1,10,10,1,0,15,0,0,10,1,0,10,1,3.0,10,1,7,10,1,-3.95,-6.52
2026-07-13,086520,에코프로,42.6,72,0.0,85,0,0,0,37.2,8,15,1,13.2,20,1,8,10,1,0,15,0,0,10,1,0,10,1,0.0,10,1,7,10,1,-10.05,-13.04
2026-07-13,098460,고영,42.4,73,0.0,85,0,0,0,40.0,4,15,1,20.0,20,1,10,10,1,0,15,0,0,10,1,0,10,1,0.0,10,1,2,10,1,-0.97,-6.19
2026-07-13,006110,삼아알미늄,42.4,74,0.0,85,0,1,0,38.4,4,15,1,20.0,20,1,5,10,1,0,15,0,0,10,1,4,10,1,3.0,10,1,0,10,1,-21.34,-23.14
2026-07-13,005070,코스모신소재,42.4,75,0.0,85,0,1,1,44.0,0,15,1,20.0,20,1,10,10,1,0,15,0,0,10,1,0,10,1,6.0,10,1,0,10,1,-8.95,-18.81
2026-07-13,000850,화천기공,42.4,76,0.0,85,0,1,1,49.8,0,15,1,20.0,20,1,10,10,1,0,15,0,0,10,1,0,10,1,6.0,10,1,0,10,1,-7.13,-11.98
2026-07-13,099320,쎄트렉아이,42.4,77,0.0,85,0,1,1,36.8,0,15,1,20.0,20,1,10,10,1,0,15,0,0,10,1,0,10,1,6.0,10,1,0,10,1,-4.87,-12.05
2026-07-13,089860,롯데렌탈,42.1,78,0.0,85,0,1,1,66.3,0,15,1,4.8,20,1,8,10,1,0,15,0,10,10,1,7,10,1,6.0,10,1,0,10,1,7.31,13.89
2026-07-13,005490,POSCO홀딩스,42.0,79,0.0,85,0,1,0,38.2,8,15,1,7.7,20,1,10,10,1,0,15,0,0,10,1,0,10,1,3.0,10,1,7,10,1,-1.62,-2.92
2026-07-13,031980,피에스케이홀딩스,41.5,80,0.0,85,0,0,1,54.0,8,15,1,6.3,20,1,10,10,1,0,15,0,0,10,1,4,10,1,3.0,10,1,4,10,1,-3.64,-32.76
2026-07-13,093370,후성,41.3,81,0.0,75,0,0,0,43.6,4,15,1,20.0,20,1,0,10,0,0,15,0,0,10,1,0,10,1,0.0,10,1,7,10,1,-13.53,-34.36
2026-07-13,003670,포스코퓨처엠,41.2,82,0.0,85,0,0,0,35.5,8,15,1,20.0,20,1,3,10,1,0,15,0,0,10,1,0,10,1,0.0,10,1,4,10,1,-8.03,-11.81
2026-07-13,356860,티엘비,41.2,83,0.0,85,0,1,0,43.8,4,15,1,20.0,20,1,8,10,1,0,15,0,0,10,1,0,10,1,3.0,10,1,0,10,1,-54.91,-67.63
2026-07-13,006360,GS건설,41.1,84,0.0,75,0,1,1,51.1,8,15,1,6.8,20,1,0,10,0,0,15,0,0,10,1,0,10,1,6.0,10,1,10,10,1,-13.07,-13.41
2026-07-13,003540,대신증권,41.1,85,0.0,85,0,1,0,39.9,0,15,1,17.9,20,1,10,10,1,0,15,0,0,10,1,4,10,1,3.0,10,1,0,10,1,-3.05,-7.05
2026-07-13,298040,효성중공업,40.8,86,0.0,85,0,0,0,36.7,8,15,1,9.7,20,1,10,10,1,0,15,0,0,10,1,0,10,1,0.0,10,1,7,10,1,-3.3,-12.83
2026-07-13,144960,뉴파워프라즈마,40.8,87,0.0,85,0,1,1,56.8,4,15,1,10.7,20,1,10,10,1,0,15,0,0,10,1,4,10,1,6.0,10,1,0,10,1,7.41,-10.31
2026-07-13,139130,iM금융지주,40.6,88,0.0,85,0,1,1,56.5,4,15,1,10.5,20,1,10,10,1,0,15,0,4,10,1,0,10,1,6.0,10,1,0,10,1,-0.44,-8.07
2026-07-13,071050,한국금융지주,40.1,89,0.0,85,0,1,0,51.8,8,15,1,9.1,20,1,10,10,1,0,15,0,0,10,1,0,10,1,3.0,10,1,4,10,1,-7.59,-18.27
2026-07-13,011070,LG이노텍,40.0,90,0.0,85,0,0,0,30.3,12,15,1,8.0,20,1,10,10,1,0,15,0,0,10,1,0,10,1,0.0,10,1,4,10,1,-4.84,-22.24
2026-07-13,178320,서진시스템,40.0,91,0.0,75,0,0,0,32.1,8,15,1,20.0,20,1,0,10,0,0,15,0,0,10,1,0,10,1,0.0,10,1,2,10,1,-7.77,-15.8
2026-07-13,420770,기가비스,40.0,92,0.0,85,0,0,0,54.9,4,15,1,20.0,20,1,10,10,1,0,15,0,0,10,1,0,10,1,0.0,10,1,0,10,1,-11.98,-38.27
2026-07-13,131970,두산테스나,40.0,93,0.0,85,0,0,0,35.5,4,15,1,20.0,20,1,10,10,1,0,15,0,0,10,1,0,10,1,0.0,10,1,0,10,1,-11.46,-28.22
2026-07-13,036570,NC,40.0,94,0.0,85,0,0,0,41.8,4,15,1,20.0,20,1,10,10,1,0,15,0,0,10,1,0,10,1,0.0,10,1,0,10,1,-11.23,-6.44
2026-07-13,218410,RFHIC,40.0,95,0.0,85,0,0,0,28.8,4,15,1,20.0,20,1,10,10,1,0,15,0,0,10,1,0,10,1,0.0,10,1,0,10,1,-7.64,-15.16
2026-07-13,126340,비나텍,40.0,96,0.0,85,0,0,0,36.2,4,15,1,20.0,20,1,10,10,1,0,15,0,0,10,1,0,10,1,0.0,10,1,0,10,1,-19.01,-25.11
2026-07-13,290650,엘앤씨바이오,40.0,97,0.0,85,0,0,0,39.5,4,15,1,20.0,20,1,10,10,1,0,15,0,0,10,1,0,10,1,0.0,10,1,0,10,1,-3.88,-24.32
2026-07-13,139480,이마트,40.0,98,0.0,75,0,1,1,44.2,4,15,1,20.0,20,1,0,10,0,0,15,0,0,10,1,0,10,1,6.0,10,1,0,10,1,-2.92,-3.65
2026-07-13,445090,에이직랜드,40.0,99,0.0,85,0,1,1,43.9,0,15,1,20.0,20,1,8,10,1,0,15,0,0,10,1,0,10,1,6.0,10,1,0,10,1,-0.96,-15.65
2026-07-13,347700,스피어,39.7,100,0.0,75,0,1,1,40.2,4,15,1,15.8,20,1,0,10,0,0,15,0,0,10,1,0,10,1,6.0,10,1,4,10,1,-11.31,-25.54
2026-07-13,064350,현대로템,39.3,101,0.0,85,0,0,0,42.4,8,15,1,10.4,20,1,8,10,1,0,15,0,0,10,1,0,10,1,0.0,10,1,7,10,1,-9.94,-27.88
2026-07-13,189300,인텔리안테크,39.3,102,0.0,85,0,1,0,31.6,4,15,1,16.4,20,1,10,10,1,0,15,0,0,10,1,0,10,1,3.0,10,1,0,10,1,-10.99,-15.66
2026-07-13,456040,OCI,38.8,103,0.0,85,0,1,0,45.5,0,15,1,20.0,20,1,10,10,1,0,15,0,0,10,1,0,10,1,3.0,10,1,0,10,1,-8.14,-27.36
2026-07-13,003160,디아이,38.8,104,0.0,85,0,0,1,36.7,0,15,1,20.0,20,1,10,10,1,0,15,0,0,10,1,0,10,1,3.0,10,1,0,10,1,-5.34,-12.98
2026-07-13,006910,보성파워텍,38.8,105,0.0,85,0,1,0,39.6,0,15,1,20.0,20,1,10,10,1,0,15,0,0,10,1,0,10,1,3.0,10,1,0,10,1,-6.76,-13.06
2026-07-13,003530,한화투자증권,38.8,106,0.0,85,0,1,0,37.5,0,15,1,20.0,20,1,10,10,1,0,15,0,0,10,1,0,10,1,3.0,10,1,0,10,1,-5.84,-13.34
2026-07-13,011930,신성이엔지,38.8,107,0.0,85,0,1,0,33.6,0,15,1,20.0,20,1,10,10,1,0,15,0,0,10,1,0,10,1,3.0,10,1,0,10,1,-7.84,-15.63
2026-07-13,161390,한국타이어앤테크놀로지,38.7,108,0.0,85,1,1,1,54.4,4,15,1,4.9,20,1,10,10,1,0,15,0,4,10,1,0,10,1,10.0,10,1,0,10,1,1.72,-4.3
2026-07-13,122640,예스티,38.7,109,0.0,75,0,0,1,49.3,4,15,1,20.0,20,1,0,10,0,0,15,0,0,10,1,0,10,1,3.0,10,1,2,10,1,-13.11,-36.69
2026-07-13,017890,한국알콜,38.7,110,0.0,85,0,1,1,65.4,0,15,1,4.9,20,1,5,10,1,0,15,0,7,10,1,10,10,1,6.0,10,1,0,10,1,-6.2,-6.55
2026-07-13,002700,신일전자,38.4,111,0.0,85,0,1,1,52.3,8,15,1,5.6,20,1,1,10,1,0,15,0,0,10,1,10,10,1,6.0,10,1,2,10,1,-12.72,-11.46
2026-07-13,016360,삼성증권,38.1,112,0.0,85,0,0,1,45.6,8,15,1,7.4,20,1,10,10,1,0,15,0,0,10,1,0,10,1,3.0,10,1,4,10,1,-5.24,-14.52
2026-07-13,091590,남화토건,38.0,113,0.0,75,1,0,1,51.5,0,15,1,19.5,20,1,0,10,0,0,15,0,0,10,1,0,10,1,7.0,10,1,2,10,1,-26.37,-39.82
2026-07-13,207940,삼성바이오로직스,37.6,114,0.0,85,0,1,1,51.9,8,15,1,7.0,20,1,1,10,1,0,15,0,0,10,1,0,10,1,6.0,10,1,10,10,1,-0.36,10.64
2026-07-13,039440,에스티아이,37.6,115,0.0,85,0,0,1,46.7,0,15,1,19.0,20,1,10,10,1,0,15,0,0,10,1,0,10,1,3.0,10,1,0,10,1,-12.45,-21.32
2026-07-13,042700,한미반도체,37.5,116,0.0,85,0,0,0,36.6,8,15,1,6.9,20,1,10,10,1,0,15,0,0,10,1,0,10,1,0.0,10,1,7,10,1,9.0,-12.65
2026-07-13,131290,티에스이,37.5,117,0.0,85,0,0,0,53.7,4,15,1,16.9,20,1,1,10,1,0,15,0,4,10,1,4,10,1,0.0,10,1,2,10,1,0.2,-29.58
2026-07-13,001440,대한전선,37.4,118,0.0,85,0,0,0,34.7,8,15,1,6.8,20,1,10,10,1,0,15,0,0,10,1,0,10,1,0.0,10,1,7,10,1,-6.18,-11.13
2026-07-13,024060,흥구석유,37.3,119,0.0,75,0,1,1,57.8,12,15,1,0.0,20,1,0,10,0,0,15,0,0,10,1,10,10,1,6.0,10,1,0,10,1,6.79,-14.18
2026-07-13,003280,흥아해운,37.3,120,0.0,75,0,1,1,43.8,8,15,1,4.0,20,1,0,10,0,0,15,0,0,10,1,10,10,1,6.0,10,1,0,10,1,7.04,-9.33
2026-07-13,036540,SFA반도체,37.3,121,0.0,75,0,0,0,36.7,4,15,1,20.0,20,1,0,10,0,0,15,0,0,10,1,4,10,1,0.0,10,1,0,10,1,8.2,-11.72
2026-07-13,267260,HD현대일렉트릭,37.2,122,0.0,85,0,0,0,34.3,8,15,1,6.6,20,1,10,10,1,0,15,0,0,10,1,0,10,1,0.0,10,1,7,10,1,-1.27,-10.53
2026-07-13,079550,LIG디펜스앤에어로스페이스,36.8,123,0.0,85,0,0,0,43.6,8,15,1,6.3,20,1,10,10,1,0,15,0,0,10,1,0,10,1,0.0,10,1,7,10,1,-7.31,-3.86
2026-07-13,051910,LG화학,36.7,124,0.0,85,0,0,0,36.5,8,15,1,13.2,20,1,8,10,1,0,15,0,0,10,1,0,10,1,0.0,10,1,2,10,1,-3.84,-7.68
2026-07-13,035720,카카오,36.7,125,0.0,75,0,1,1,40.7,8,15,1,6.5,20,1,0,10,0,0,15,0,0,10,1,0,10,1,6.0,10,1,7,10,1,1.58,2.59
2026-07-13,083650,비에이치아이,36.6,126,0.0,85,0,0,0,36.2,4,15,1,17.1,20,1,10,10,1,0,15,0,0,10,1,0,10,1,0.0,10,1,0,10,1,-12.51,-14.02
2026-07-13,419050,삼기에너지솔루션즈,36.4,127,0.0,85,0,1,0,51.2,4,15,1,13.9,20,1,10,10,1,0,15,0,0,10,1,0,10,1,3.0,10,1,0,10,1,-13.79,-26.65
2026-07-13,042520,한스바이오메드,36.3,128,0.0,75,0,1,1,51.0,4,15,1,13.2,20,1,0,10,0,0,15,0,0,10,1,4,10,1,6.0,10,1,0,10,1,-16.96,-27.21
2026-07-13,330860,네패스아크,36.0,129,0.0,75,0,0,1,49.3,4,15,1,20.0,20,1,0,10,0,0,15,0,0,10,1,0,10,1,3.0,10,1,0,10,1,-11.3,-38.7
2026-07-13,327260,RF머트리얼즈,36.0,130,0.0,75,0,1,0,39.7,4,15,1,20.0,20,1,0,10,0,0,15,0,0,10,1,0,10,1,3.0,10,1,0,10,1,-4.04,-57.74
2026-07-13,039030,이오테크닉스,35.9,131,0.0,85,0,0,0,39.4,4,15,1,12.5,20,1,10,10,1,0,15,0,0,10,1,0,10,1,0.0,10,1,4,10,1,-11.68,-24.9
2026-07-13,066970,엘앤에프,35.9,132,0.0,75,0,1,0,38.4,4,15,1,17.9,20,1,0,10,0,0,15,0,0,10,1,0,10,1,3.0,10,1,2,10,1,-18.26,-29.32
2026-07-13,067310,하나마이크론,35.7,133,0.0,75,0,0,0,42.1,8,15,1,11.8,20,1,0,10,0,0,15,0,0,10,1,0,10,1,0.0,10,1,7,10,1,-3.14,-21.34
2026-07-13,084370,유진테크,35.6,134,0.0,85,0,0,0,47.9,4,15,1,9.3,20,1,10,10,1,0,15,0,0,10,1,0,10,1,0.0,10,1,7,10,1,-17.83,-34.62
2026-07-13,017670,SK텔레콤,35.5,135,0.0,85,0,0,0,38.1,8,15,1,8.2,20,1,10,10,1,0,15,0,0,10,1,0,10,1,0.0,10,1,4,10,1,-0.7,-4.08
2026-07-13,005830,DB손해보험,35.5,136,0.0,75,0,1,1,62.6,8,15,1,4.6,20,1,0,10,0,0,15,0,4,10,1,4,10,1,6.0,10,1,0,10,1,1.63,-0.06
2026-07-13,003550,LG,35.4,137,0.0,85,0,1,1,42.9,4,15,1,8.1,20,1,10,10,1,0,15,0,0,10,1,0,10,1,6.0,10,1,2,10,1,-2.01,-6.24
2026-07-13,000720,현대건설,35.4,138,0.0,85,0,0,0,37.6,4,15,1,12.1,20,1,10,10,1,0,15,0,0,10,1,0,10,1,0.0,10,1,4,10,1,-7.59,-7.09
2026-07-13,004710,한솔테크닉스,35.3,139,0.0,85,0,0,0,39.5,0,15,1,20.0,20,1,10,10,1,0,15,0,0,10,1,0,10,1,0.0,10,1,0,10,1,8.89,-24.76
2026-07-13,077360,덕산하이메탈,35.3,140,0.0,85,0,0,0,40.0,0,15,1,20.0,20,1,10,10,1,0,15,0,0,10,1,0,10,1,0.0,10,1,0,10,1,5.55,-13.65
2026-07-13,126640,화신정공,35.3,141,0.0,85,0,0,0,49.1,0,15,1,20.0,20,1,10,10,1,0,15,0,0,10,1,0,10,1,0.0,10,1,0,10,1,-7.46,-1.05
2026-07-13,348210,넥스틴,35.3,142,0.0,85,0,0,0,32.6,0,15,1,20.0,20,1,10,10,1,0,15,0,0,10,1,0,10,1,0.0,10,1,0,10,1,-7.38,-23.32
2026-07-13,061090,세나테크놀로지,35.3,143,0.0,85,0,1,1,59.0,0,15,1,10.0,20,1,10,10,1,0,15,0,0,10,1,4,10,1,6.0,10,1,0,10,1,-0.94,-7.95
2026-07-13,232140,와이씨,35.1,144,0.0,85,0,0,0,31.4,4,15,1,15.8,20,1,10,10,1,0,15,0,0,10,1,0,10,1,0.0,10,1,0,10,1,-4.46,-18.85
2026-07-13,281820,케이씨텍,34.9,145,0.0,85,0,0,0,51.1,4,15,1,11.7,20,1,10,10,1,0,15,0,0,10,1,0,10,1,0.0,10,1,4,10,1,11.44,-27.56
2026-07-13,024890,대원화성,34.8,146,0.0,75,0,1,1,55.4,0,15,1,10.1,20,1,0,10,0,0,15,0,0,10,1,10,10,1,6.0,10,1,0,10,1,-12.15,-15.96
2026-07-13,491000,리브스메드,34.7,147,0.0,75,0,1,1,49.3,4,15,1,16.0,20,1,0,10,0,0,15,0,0,10,1,0,10,1,6.0,10,1,0,10,1,-11.52,-14.5
2026-07-13,003690,코리안리,34.7,148,0.0,85,1,1,1,58.8,0,15,1,5.5,20,1,10,10,1,0,15,0,4,10,1,0,10,1,10.0,10,1,0,10,1,-3.95,-2.37
2026-07-13,051900,LG생활건강,34.6,149,0.0,85,0,1,1,53.8,4,15,1,9.4,20,1,10,10,1,0,15,0,0,10,1,0,10,1,6.0,10,1,0,10,1,-1.41,2.82
2026-07-13,032830,삼성생명,34.4,150,0.0,85,0,0,0,38.6,8,15,1,7.2,20,1,10,10,1,0,15,0,0,10,1,0,10,1,0.0,10,1,4,10,1,-3.07,-12.58
2026-07-13,138930,BNK금융지주,34.4,151,0.0,85,0,1,1,55.1,4,15,1,5.2,20,1,10,10,1,0,15,0,4,10,1,0,10,1,6.0,10,1,0,10,1,-0.33,-4.9
2026-07-13,316140,우리금융지주,34.1,152,0.0,85,0,1,1,53.4,8,15,1,5.0,20,1,10,10,1,0,15,0,0,10,1,0,10,1,6.0,10,1,0,10,1,-2.24,1.76
2026-07-13,272210,한화시스템,34.0,153,0.0,85,0,0,0,36.2,4,15,1,10.9,20,1,10,10,1,0,15,0,0,10,1,0,10,1,0.0,10,1,4,10,1,-8.87,-7.97
2026-07-13,090430,아모레퍼시픽,33.9,154,0.0,85,0,1,1,56.8,4,15,1,6.8,20,1,5,10,1,0,15,0,0,10,1,0,10,1,6.0,10,1,7,10,1,-1.56,-2.3
2026-07-13,170920,엘티씨,33.9,155,0.0,75,0,0,1,54.8,4,15,1,10.4,20,1,0,10,0,0,15,0,4,10,1,4,10,1,3.0,10,1,0,10,1,5.35,-36.52
2026-07-13,101490,에스앤에스텍,33.9,156,0.0,85,0,1,0,34.7,4,15,1,7.8,20,1,10,10,1,0,15,0,0,10,1,4,10,1,3.0,10,1,0,10,1,-14.42,-16.22
2026-07-13,204270,제이앤티씨,33.9,157,0.0,85,0,0,0,47.7,4,15,1,14.8,20,1,10,10,1,0,15,0,0,10,1,0,10,1,0.0,10,1,0,10,1,-20.8,-26.2
2026-07-13,000270,기아,33.8,158,0.0,85,0,1,1,44.2,8,15,1,4.7,20,1,10,10,1,0,15,0,0,10,1,0,10,1,6.0,10,1,0,10,1,0.77,-15.12
2026-07-13,060370,LS마린솔루션,33.6,159,0.0,85,0,1,0,46.4,0,15,1,15.6,20,1,10,10,1,0,15,0,0,10,1,0,10,1,3.0,10,1,0,10,1,2.8,2.99
2026-07-13,039490,키움증권,33.5,160,0.0,85,0,1,1,44.1,4,15,1,6.5,20,1,10,10,1,0,15,0,0,10,1,0,10,1,6.0,10,1,2,10,1,-5.56,-15.92
2026-07-13,180640,한진칼,33.3,161,0.0,75,1,1,1,56.6,4,15,1,0.0,20,1,0,10,0,0,15,0,4,10,1,7,10,1,10.0,10,1,0,10,1,-21.88,-17.17
2026-07-13,030200,KT,33.2,162,0.0,75,0,1,1,43.5,4,15,1,14.9,20,1,0,10,0,0,15,0,0,10,1,0,10,1,6.0,10,1,0,10,1,0.0,2.28
2026-07-13,006260,LS,33.1,163,0.0,85,0,0,0,36.1,4,15,1,7.1,20,1,10,10,1,0,15,0,0,10,1,0,10,1,0.0,10,1,7,10,1,-9.39,-11.7
2026-07-13,005690,파미셀,32.9,164,0.0,85,0,0,0,39.2,0,15,1,20.0,20,1,8,10,1,0,15,0,0,10,1,0,10,1,0.0,10,1,0,10,1,-6.05,-14.3
2026-07-13,122870,와이지엔터테인먼트,32.9,165,0.0,85,0,1,0,45.1,0,15,1,20.0,20,1,5,10,1,0,15,0,0,10,1,0,10,1,3.0,10,1,0,10,1,-8.14,-5.99
2026-07-13,071970,HD현대마린엔진,32.8,166,0.0,85,0,1,0,44.9,4,15,1,10.9,20,1,10,10,1,0,15,0,0,10,1,0,10,1,3.0,10,1,0,10,1,-2.35,-8.22
2026-07-13,456010,아이씨티케이,32.8,167,0.0,75,0,0,0,38.1,4,15,1,16.6,20,1,0,10,0,0,15,0,0,10,1,4,10,1,0.0,10,1,0,10,1,-8.63,-17.95
2026-07-13,095340,ISC,32.7,168,0.0,85,0,0,0,39.9,8,15,1,7.8,20,1,8,10,1,0,15,0,0,10,1,0,10,1,0.0,10,1,4,10,1,-9.32,-21.17
2026-07-13,003230,삼양식품,32.7,169,0.0,85,0,1,0,46.0,4,15,1,6.8,20,1,10,10,1,0,15,0,0,10,1,0,10,1,3.0,10,1,4,10,1,0.63,6.58
2026-07-13,021240,코웨이,32.7,170,0.0,85,1,0,1,51.3,4,15,1,4.8,20,1,8,10,1,0,15,0,4,10,1,0,10,1,7.0,10,1,0,10,1,1.96,-0.55
2026-07-13,073240,금호타이어,32.5,171,0.0,85,1,1,1,66.0,8,15,1,4.6,20,1,1,10,1,0,15,0,4,10,1,0,10,1,10.0,10,1,0,10,1,-14.8,-17.32
2026-07-13,032350,롯데관광개발,32.4,172,0.0,75,0,1,1,38.2,0,15,1,18.3,20,1,0,10,0,0,15,0,0,10,1,0,10,1,6.0,10,1,0,10,1,-23.69,-21.62
2026-07-13,195870,해성디에스,32.2,173,0.0,85,0,0,0,42.0,4,15,1,9.4,20,1,10,10,1,0,15,0,0,10,1,4,10,1,0.0,10,1,0,10,1,-10.26,-21.2
2026-07-13,111770,영원무역,32.2,174,0.0,85,0,1,1,56.7,0,15,1,7.4,20,1,10,10,1,0,15,0,4,10,1,0,10,1,6.0,10,1,0,10,1,2.6,2.13
2026-07-13,448900,한국피아이엠,32.1,175,0.0,85,0,1,0,34.8,0,15,1,14.3,20,1,10,10,1,0,15,0,0,10,1,0,10,1,3.0,10,1,0,10,1,-10.34,7.21
2026-07-13,141080,리가켐바이오,32.0,176,0.0,75,0,0,0,36.9,8,15,1,16.0,20,1,0,10,0,0,15,0,0,10,1,0,10,1,0.0,10,1,0,10,1,-17.39,-20.04
2026-07-13,006660,삼성공조,32.0,177,0.0,75,0,1,1,46.7,4,15,1,4.0,20,1,0,10,0,0,15,0,0,10,1,10,10,1,6.0,10,1,0,10,1,29.96,9.92
2026-07-13,108490,로보티즈,32.0,178,0.0,75,0,0,0,37.2,4,15,1,20.0,20,1,0,10,0,0,15,0,0,10,1,0,10,1,0.0,10,1,0,10,1,-4.37,-12.33
2026-07-13,042110,에스씨디,32.0,179,0.0,75,0,1,1,57.5,4,15,1,4.0,20,1,0,10,0,0,15,0,0,10,1,10,10,1,6.0,10,1,0,10,1,-6.81,-8.81
2026-07-13,033160,엠케이전자,32.0,180,0.0,75,0,0,0,39.4,4,15,1,20.0,20,1,0,10,0,0,15,0,0,10,1,0,10,1,0.0,10,1,0,10,1,-5.45,-18.84
2026-07-13,005950,이수화학,32.0,181,0.0,75,0,1,1,54.7,4,15,1,10.0,20,1,0,10,0,0,15,0,0,10,1,4,10,1,6.0,10,1,0,10,1,-8.83,-11.36
2026-07-13,064290,인텍플러스,32.0,182,0.0,75,0,0,0,51.4,4,15,1,20.0,20,1,0,10,0,0,15,0,0,10,1,0,10,1,0.0,10,1,0,10,1,-16.38,-37.49
2026-07-13,417840,저스템,32.0,183,0.0,75,0,0,0,44.3,4,15,1,20.0,20,1,0,10,0,0,15,0,0,10,1,0,10,1,0.0,10,1,0,10,1,1.8,-26.95
2026-07-13,097230,HJ중공업,32.0,184,0.0,75,0,0,0,33.5,4,15,1,20.0,20,1,0,10,0,0,15,0,0,10,1,0,10,1,0.0,10,1,0,10,1,-9.32,-9.01
2026-07-13,006890,태경케미컬,32.0,185,0.0,75,0,1,1,55.2,4,15,1,4.0,20,1,0,10,0,0,15,0,0,10,1,10,10,1,6.0,10,1,0,10,1,-13.88,-15.47
2026-07-13,329180,HD현대중공업,31.9,186,0.0,85,0,0,0,30.3,8,15,1,14.1,20,1,1,10,1,0,15,0,0,10,1,0,10,1,0.0,10,1,4,10,1,-7.38,-7.49
2026-07-13,230240,에치에프알,31.8,187,0.0,85,0,1,0,36.8,0,15,1,16.0,20,1,8,10,1,0,15,0,0,10,1,0,10,1,3.0,10,1,0,10,1,-10.2,-17.14
2026-07-13,271560,오리온,31.6,188,0.0,85,0,1,1,48.7,4,15,1,4.9,20,1,8,10,1,0,15,0,4,10,1,0,10,1,6.0,10,1,0,10,1,-4.26,-2.84
2026-07-13,005880,대한해운,31.6,189,0.0,85,0,1,1,42.8,4,15,1,4.9,20,1,8,10,1,0,15,0,0,10,1,4,10,1,6.0,10,1,0,10,1,-5.51,-9.05
2026-07-13,052690,한전기술,31.5,190,0.0,85,0,1,0,37.8,4,15,1,9.8,20,1,10,10,1,0,15,0,0,10,1,0,10,1,3.0,10,1,0,10,1,-10.45,-9.02
2026-07-13,033780,KT&G,31.4,191,0.0,85,0,1,1,47.6,4,15,1,4.7,20,1,8,10,1,0,15,0,4,10,1,0,10,1,6.0,10,1,0,10,1,2.24,4.25
2026-07-13,257720,실리콘투,31.3,192,0.0,85,0,1,1,57.3,4,15,1,6.6,20,1,10,10,1,0,15,0,0,10,1,0,10,1,6.0,10,1,0,10,1,-7.04,-4.82
2026-07-13,267250,HD현대,31.3,193,0.0,85,0,1,0,37.7,4,15,1,9.6,20,1,10,10,1,0,15,0,0,10,1,0,10,1,3.0,10,1,0,10,1,0.0,-1.72
2026-07-13,034020,두산에너빌리티,31.2,194,0.0,85,0,0,0,33.5,12,15,1,6.5,20,1,1,10,1,0,15,0,0,10,1,0,10,1,0.0,10,1,7,10,1,-8.74,-11.61
2026-07-13,006730,서부T&D,31.2,195,0.0,85,0,1,1,52.1,4,15,1,6.5,20,1,10,10,1,0,15,0,0,10,1,0,10,1,6.0,10,1,0,10,1,-12.86,-12.67
2026-07-13,058470,리노공업,30.9,196,0.0,85,0,0,0,36.1,8,15,1,6.3,20,1,8,10,1,0,15,0,0,10,1,0,10,1,0.0,10,1,4,10,1,-3.18,-14.8
2026-07-13,004020,현대제철,30.9,197,0.0,85,0,1,0,34.8,4,15,1,9.3,20,1,10,10,1,0,15,0,0,10,1,0,10,1,3.0,10,1,0,10,1,-5.6,-3.73
2026-07-13,375500,DL이앤씨,30.9,198,0.0,85,0,1,1,39.6,4,15,1,6.3,20,1,10,10,1,0,15,0,0,10,1,0,10,1,6.0,10,1,0,10,1,-2.16,-4.64
2026-07-13,011780,금호석유화학,30.9,199,0.0,85,0,1,1,46.4,4,15,1,6.3,20,1,10,10,1,0,15,0,0,10,1,0,10,1,6.0,10,1,0,10,1,0.51,-1.7
2026-07-13,000250,삼천당제약,30.8,200,0.0,75,0,1,0,30.6,4,15,1,16.1,20,1,0,10,0,0,15,0,0,10,1,0,10,1,3.0,10,1,0,10,1,-9.25,-24.55
2026-07-14,005930,삼성전자,68.2,1,0.0,85,0,0,1,40.4,15,15,1,20.0,20,1,10,10,1,0,15,0,0,10,1,0,10,1,3.0,10,1,10,10,1,-0.95,-20.72
2026-07-14,010950,S-Oil,68.2,2,0.0,85,0,1,1,62.6,8,15,1,20.0,20,1,10,10,1,0,15,0,4,10,1,0,10,1,6.0,10,1,10,10,1,7.84,-3.81
2026-07-14,089030,테크윙,65.3,3,0.0,75,0,0,0,48.1,12,15,1,20.0,20,1,0,10,0,0,15,0,0,10,1,7,10,1,0.0,10,1,10,10,1,-4.64,-29.0
2026-07-14,095610,테스,62.4,4,0.0,85,0,1,1,64.3,12,15,1,8.0,20,1,3,10,1,0,15,0,10,10,1,4,10,1,6.0,10,1,10,10,1,-28.05,-47.45
2026-07-14,000660,SK하이닉스,61.3,5,0.0,75,0,0,0,40.7,15,15,1,20.0,20,1,0,10,0,0,15,0,0,10,1,4,10,1,0.0,10,1,7,10,1,-4.34,-26.76
2026-07-14,196170,알테오젠,61.3,6,0.0,75,0,0,0,36.0,15,15,1,20.0,20,1,0,10,0,0,15,0,0,10,1,7,10,1,0.0,10,1,4,10,1,-4.11,1.07
2026-07-14,005935,삼성전자우,61.2,7,0.0,85,0,0,0,43.2,15,15,1,20.0,20,1,10,10,1,0,15,0,0,10,1,0,10,1,0.0,10,1,7,10,1,1.59,-15.81
2026-07-14,096770,SK이노베이션,61.2,8,0.0,85,0,1,1,51.2,8,15,1,20.0,20,1,10,10,1,0,15,0,0,10,1,4,10,1,6.0,10,1,4,10,1,12.87,4.39
2026-07-14,402340,SK스퀘어,60.0,9,0.0,75,0,0,0,40.7,15,15,1,20.0,20,1,0,10,0,0,15,0,0,10,1,0,10,1,0.0,10,1,10,10,1,3.36,-28.57
2026-07-14,263800,데이타솔루션,60.0,10,0.0,85,1,1,0,54.3,4,15,1,20.0,20,1,10,10,1,0,15,0,0,10,1,10,10,1,7.0,10,1,0,10,1,3.87,-20.51
2026-07-14,131290,티에스이,59.9,11,0.0,85,1,1,0,59.1,8,15,1,16.9,20,1,1,10,1,0,15,0,10,10,1,4,10,1,7.0,10,1,4,10,1,-13.36,-43.14
2026-07-14,086790,하나금융지주,59.6,12,0.0,85,1,1,1,64.2,12,15,1,4.7,20,1,10,10,1,0,15,0,10,10,1,4,10,1,10.0,10,1,0,10,1,-1.79,-10.15
2026-07-14,000400,롯데손해보험,58.6,13,0.0,85,0,1,1,66.1,4,15,1,9.8,20,1,10,10,1,0,15,0,10,10,1,10,10,1,6.0,10,1,0,10,1,-1.7,-17.91
2026-07-14,319660,피에스케이,58.2,14,0.0,85,0,0,0,62.2,12,15,1,9.5,20,1,10,10,1,0,15,0,4,10,1,4,10,1,0.0,10,1,10,10,1,-23.0,-43.54
2026-07-14,089970,브이엠,57.3,15,0.0,75,0,0,0,61.3,8,15,1,20.0,20,1,0,10,0,0,15,0,4,10,1,4,10,1,0.0,10,1,7,10,1,-28.42,-50.22
2026-07-14,353200,대덕전자,56.5,16,0.0,85,0,0,0,41.7,8,15,1,20.0,20,1,10,10,1,0,15,0,0,10,1,0,10,1,0.0,10,1,10,10,1,1.36,-31.09
2026-07-14,036930,주성엔지니어링,55.6,17,0.0,85,0,0,0,51.0,15,15,1,12.3,20,1,10,10,1,0,15,0,0,10,1,0,10,1,0.0,10,1,10,10,1,-15.89,-39.72
2026-07-14,352820,하이브,55.3,18,0.0,85,0,1,1,45.9,4,15,1,20.0,20,1,10,10,1,0,15,0,0,10,1,0,10,1,6.0,10,1,7,10,1,-3.11,-17.33
2026-07-14,058730,다스코,54.8,19,0.0,85,1,1,1,56.2,4,15,1,15.6,20,1,10,10,1,0,15,0,0,10,1,0,10,1,10.0,10,1,7,10,1,-8.66,-32.23
2026-07-14,006400,삼성SDI,54.1,20,0.0,85,0,0,0,39.5,12,15,1,20.0,20,1,10,10,1,0,15,0,0,10,1,0,10,1,0.0,10,1,4,10,1,-1.99,-14.85
2026-07-14,042660,한화오션,52.9,21,0.0,85,0,0,0,33.4,8,15,1,20.0,20,1,10,10,1,0,15,0,0,10,1,0,10,1,0.0,10,1,7,10,1,9.24,-2.86
2026-07-14,240810,원익IPS,52.0,22,0.0,75,0,0,0,47.1,12,15,1,20.0,20,1,0,10,0,0,15,0,0,10,1,0,10,1,0.0,10,1,7,10,1,-12.12,-34.54
2026-07-14,034730,SK,52.0,23,0.0,75,0,0,0,40.3,12,15,1,20.0,20,1,0,10,0,0,15,0,0,10,1,0,10,1,0.0,10,1,7,10,1,11.03,-12.99
2026-07-14,080220,제주반도체,51.3,24,0.0,85,0,0,0,39.6,8,15,1,18.6,20,1,10,10,1,0,15,0,0,10,1,0,10,1,0.0,10,1,7,10,1,1.76,-25.24
2026-07-14,105560,KB금융,51.2,25,0.0,85,1,1,1,63.3,15,15,1,4.5,20,1,10,10,1,0,15,0,4,10,1,0,10,1,10.0,10,1,0,10,1,-2.72,-11.06
2026-07-14,037070,파세코,51.1,26,0.0,85,0,1,0,52.8,8,15,1,10.4,20,1,8,10,1,0,15,0,0,10,1,10,10,1,3.0,10,1,4,10,1,-21.03,-20.62
2026-07-14,003680,한성기업,51.0,27,5.0,75,1,1,1,95.3,8,15,1,4.0,20,1,0,10,0,0,15,0,10,10,1,10,10,1,10.0,10,1,0,10,1,-25.43,-46.46
2026-07-14,009540,HD한국조선해양,50.8,28,0.0,85,0,0,0,36.4,8,15,1,13.2,20,1,8,10,1,0,15,0,0,10,1,4,10,1,0.0,10,1,10,10,1,8.1,2.45
2026-07-14,010170,대한광통신,50.7,29,0.0,75,0,0,1,37.4,8,15,1,20.0,20,1,0,10,0,0,15,0,0,10,1,0,10,1,3.0,10,1,7,10,1,-8.69,-32.58
2026-07-14,066570,LG전자,50.4,30,0.0,85,0,0,1,42.6,12,15,1,7.8,20,1,10,10,1,0,15,0,0,10,1,0,10,1,3.0,10,1,10,10,1,-1.46,-18.82
2026-07-14,017180,명문제약,50.4,31,0.0,75,0,1,1,37.7,4,15,1,17.8,20,1,0,10,0,0,15,0,0,10,1,10,10,1,6.0,10,1,0,10,1,0.0,-13.2
2026-07-14,010960,삼호개발,49.4,32,0.0,85,1,1,1,48.1,0,15,1,20.0,20,1,10,10,1,0,15,0,0,10,1,0,10,1,10.0,10,1,2,10,1,-13.31,-20.94
2026-07-14,010060,OCI홀딩스,48.2,33,0.0,85,0,1,0,37.7,4,15,1,20.0,20,1,10,10,1,0,15,0,0,10,1,0,10,1,3.0,10,1,4,10,1,3.26,-7.55
2026-07-14,009150,삼성전기,48.0,34,0.0,85,0,0,0,34.6,15,15,1,8.8,20,1,10,10,1,0,15,0,0,10,1,0,10,1,0.0,10,1,7,10,1,6.75,-18.33
2026-07-14,008770,호텔신라,47.1,35,0.0,85,0,1,1,40.8,4,15,1,20.0,20,1,10,10,1,0,15,0,0,10,1,0,10,1,6.0,10,1,0,10,1,0.21,-7.63
2026-07-14,004090,한국석유,46.8,36,0.0,85,0,1,1,50.7,4,15,1,9.8,20,1,10,10,1,0,15,0,0,10,1,10,10,1,6.0,10,1,0,10,1,1.29,-15.38
2026-07-14,009830,한화솔루션,46.7,37,0.0,75,0,0,0,37.6,8,15,1,20.0,20,1,0,10,0,0,15,0,0,10,1,0,10,1,0.0,10,1,7,10,1,-9.05,-23.45
2026-07-14,222800,심텍,46.7,38,0.0,75,0,0,0,45.1,8,15,1,20.0,20,1,0,10,0,0,15,0,0,10,1,0,10,1,0.0,10,1,7,10,1,-9.63,-36.48
2026-07-14,278470,에이피알,46.6,39,0.0,85,0,0,0,46.7,8,15,1,14.6,20,1,10,10,1,0,15,0,0,10,1,0,10,1,0.0,10,1,7,10,1,-4.67,-13.33
2026-07-14,055550,신한지주,46.5,40,0.0,85,1,1,1,57.0,8,15,1,4.5,20,1,10,10,1,0,15,0,7,10,1,0,10,1,10.0,10,1,0,10,1,-1.88,-7.7
2026-07-14,047040,대우건설,45.9,41,0.0,85,0,0,0,36.0,8,15,1,14.0,20,1,10,10,1,0,15,0,0,10,1,0,10,1,0.0,10,1,7,10,1,-3.54,-24.07
2026-07-14,006110,삼아알미늄,45.9,42,0.0,85,0,1,0,33.6,4,15,1,20.0,20,1,5,10,1,0,15,0,0,10,1,7,10,1,3.0,10,1,0,10,1,-6.07,-20.0
2026-07-14,010120,LS ELECTRIC,45.8,43,0.0,85,0,0,0,40.8,12,15,1,6.9,20,1,10,10,1,0,15,0,0,10,1,0,10,1,0.0,10,1,10,10,1,1.55,-12.73
2026-07-14,267260,HD현대일렉트릭,45.4,44,0.0,85,0,0,0,35.3,12,15,1,6.6,20,1,10,10,1,0,15,0,0,10,1,0,10,1,0.0,10,1,10,10,1,-0.25,-26.47
2026-07-14,475150,SK이터닉스,45.3,45,0.0,85,0,0,1,53.5,12,15,1,5.5,20,1,8,10,1,0,15,0,0,10,1,0,10,1,3.0,10,1,10,10,1,27.05,-10.96
2026-07-14,219130,타이거일렉,45.3,46,0.0,75,1,1,1,60.7,0,15,1,20.0,20,1,0,10,0,0,15,0,4,10,1,0,10,1,10.0,10,1,0,10,1,0.66,-23.67
2026-07-14,006800,미래에셋증권,45.1,47,0.0,85,0,1,0,34.3,8,15,1,10.3,20,1,10,10,1,0,15,0,0,10,1,0,10,1,3.0,10,1,7,10,1,-2.97,-20.77
2026-07-14,071050,한국금융지주,44.8,48,0.0,85,0,1,0,43.9,8,15,1,9.1,20,1,10,10,1,0,15,0,0,10,1,4,10,1,3.0,10,1,4,10,1,-0.69,-15.24
2026-07-14,043260,성호전자,44.7,49,0.0,85,0,0,0,31.7,4,15,1,20.0,20,1,10,10,1,0,15,0,0,10,1,0,10,1,0.0,10,1,4,10,1,-2.23,-28.88
2026-07-14,298040,효성중공업,44.4,50,0.0,85,0,0,0,37.1,8,15,1,9.7,20,1,10,10,1,0,15,0,0,10,1,0,10,1,0.0,10,1,10,10,1,0.07,-25.07
2026-07-14,144960,뉴파워프라즈마,44.4,51,0.0,85,0,1,1,59.8,4,15,1,10.7,20,1,10,10,1,0,15,0,0,10,1,7,10,1,6.0,10,1,0,10,1,2.24,-19.84
2026-07-14,453450,그리드위즈,44.0,52,0.0,75,0,1,1,47.7,0,15,1,20.0,20,1,0,10,0,0,15,0,0,10,1,7,10,1,6.0,10,1,0,10,1,-3.15,-23.99
2026-07-14,068270,셀트리온,43.9,53,0.0,85,0,1,0,46.4,8,15,1,11.3,20,1,8,10,1,0,15,0,0,10,1,0,10,1,3.0,10,1,7,10,1,-1.56,4.17
2026-07-14,012450,한화에어로스페이스,43.8,54,0.0,85,0,0,0,31.4,12,15,1,8.2,20,1,10,10,1,0,15,0,0,10,1,0,10,1,0.0,10,1,7,10,1,2.18,-7.11
2026-07-14,005860,한일사료,43.8,55,0.0,85,0,1,1,55.6,4,15,1,7.2,20,1,10,10,1,0,15,0,0,10,1,10,10,1,6.0,10,1,0,10,1,4.07,-18.41
2026-07-14,267270,HD건설기계,43.5,56,0.0,85,0,1,0,42.8,4,15,1,20.0,20,1,10,10,1,0,15,0,0,10,1,0,10,1,3.0,10,1,0,10,1,3.42,-3.66
2026-07-14,004310,현대약품,43.5,57,0.0,85,0,0,1,50.9,4,15,1,20.0,20,1,10,10,1,0,15,0,0,10,1,0,10,1,3.0,10,1,0,10,1,7.25,-19.11
2026-07-14,263750,펄어비스,43.5,58,0.0,85,0,1,0,33.2,4,15,1,20.0,20,1,10,10,1,0,15,0,0,10,1,0,10,1,3.0,10,1,0,10,1,-3.22,-3.81
2026-07-14,003490,대한항공,43.3,59,0.0,75,0,0,1,45.9,8,15,1,11.5,20,1,0,10,0,0,15,0,0,10,1,0,10,1,3.0,10,1,10,10,1,-6.04,-6.42
2026-07-14,021240,코웨이,43.3,60,0.0,85,0,1,1,54.8,4,15,1,4.8,20,1,8,10,1,0,15,0,7,10,1,7,10,1,6.0,10,1,0,10,1,-2.55,-3.82
2026-07-14,373220,LG에너지솔루션,42.9,61,0.0,75,0,0,0,39.2,8,15,1,17.2,20,1,0,10,0,0,15,0,0,10,1,0,10,1,0.0,10,1,7,10,1,-0.31,-6.68
2026-07-14,006340,대원전선,42.7,62,0.0,75,0,1,1,56.1,15,15,1,4.0,20,1,0,10,0,0,15,0,0,10,1,7,10,1,6.0,10,1,0,10,1,-4.63,-13.33
2026-07-14,122350,삼기,42.7,63,0.0,85,1,1,1,62.1,0,15,1,7.3,20,1,10,10,1,0,15,0,7,10,1,0,10,1,10.0,10,1,2,10,1,0.11,-27.04
2026-07-14,098460,고영,42.4,64,0.0,85,0,0,0,39.1,4,15,1,20.0,20,1,10,10,1,0,15,0,0,10,1,0,10,1,0.0,10,1,2,10,1,4.95,-9.9
2026-07-14,092870,엑시콘,42.4,65,0.0,85,0,1,1,35.5,0,15,1,20.0,20,1,10,10,1,0,15,0,0,10,1,0,10,1,6.0,10,1,0,10,1,-4.57,-30.16
2026-07-14,099320,쎄트렉아이,42.4,66,0.0,85,0,1,1,34.9,0,15,1,20.0,20,1,10,10,1,0,15,0,0,10,1,0,10,1,6.0,10,1,0,10,1,6.39,-16.6
2026-07-14,042700,한미반도체,42.1,67,0.0,85,0,0,0,37.4,12,15,1,6.8,20,1,10,10,1,0,15,0,0,10,1,0,10,1,0.0,10,1,7,10,1,3.61,-19.23
2026-07-14,005490,POSCO홀딩스,42.0,68,0.0,85,0,1,0,37.2,8,15,1,7.7,20,1,10,10,1,0,15,0,0,10,1,0,10,1,3.0,10,1,7,10,1,-0.16,-4.94
2026-07-14,093370,후성,41.3,69,0.0,75,0,0,0,42.4,4,15,1,20.0,20,1,0,10,0,0,15,0,0,10,1,0,10,1,0.0,10,1,7,10,1,-6.91,-39.6
2026-07-14,054940,엑사이엔씨,41.3,70,0.0,75,0,1,1,73.2,4,15,1,4.0,20,1,0,10,0,0,15,0,7,10,1,10,10,1,6.0,10,1,0,10,1,-11.11,-11.11
2026-07-14,356860,티엘비,41.2,71,0.0,85,0,1,0,42.5,4,15,1,20.0,20,1,8,10,1,0,15,0,0,10,1,0,10,1,3.0,10,1,0,10,1,-55.5,-70.56
2026-07-14,036420,콘텐트리중앙,41.2,72,0.0,65,0,0,0,,4,15,1,12.8,20,1,0,10,0,0,15,0,0,10,1,10,10,1,0.0,10,0,0,10,1,-3.88,-16.63
2026-07-14,139130,iM금융지주,40.6,73,0.0,85,0,1,1,55.8,4,15,1,10.5,20,1,10,10,1,0,15,0,4,10,1,0,10,1,6.0,10,1,0,10,1,-3.63,-13.48
2026-07-14,007660,이수페타시스,40.5,74,0.0,85,0,0,0,42.6,8,15,1,9.4,20,1,10,10,1,0,15,0,0,10,1,0,10,1,0.0,10,1,7,10,1,-6.44,-34.63
2026-07-14,196700,웹스,40.4,75,0.0,85,0,1,1,41.3,0,15,1,8.3,20,1,10,10,1,0,15,0,0,10,1,10,10,1,6.0,10,1,0,10,1,29.38,18.18
2026-07-14,011070,LG이노텍,40.0,76,0.0,85,0,0,0,29.4,12,15,1,8.0,20,1,10,10,1,0,15,0,0,10,1,0,10,1,0.0,10,1,4,10,1,0.94,-28.55
2026-07-14,247540,에코프로비엠,40.0,77,0.0,75,0,0,0,32.2,8,15,1,20.0,20,1,0,10,0,0,15,0,0,10,1,0,10,1,0.0,10,1,2,10,1,-4.53,-17.76
2026-07-14,420770,기가비스,40.0,78,0.0,85,0,0,0,52.1,4,15,1,20.0,20,1,10,10,1,0,15,0,0,10,1,0,10,1,0.0,10,1,0,10,1,-16.42,-41.21
2026-07-14,131970,두산테스나,40.0,79,0.0,85,0,0,0,33.7,4,15,1,20.0,20,1,10,10,1,0,15,0,0,10,1,0,10,1,0.0,10,1,0,10,1,-8.99,-36.41
2026-07-14,036570,NC,40.0,80,0.0,85,0,0,0,36.5,4,15,1,20.0,20,1,10,10,1,0,15,0,0,10,1,0,10,1,0.0,10,1,0,10,1,-4.18,-2.2
2026-07-14,218410,RFHIC,40.0,81,0.0,85,0,0,0,27.4,4,15,1,20.0,20,1,10,10,1,0,15,0,0,10,1,0,10,1,0.0,10,1,0,10,1,0.45,-17.21
2026-07-14,126340,비나텍,40.0,82,0.0,85,0,0,0,34.3,4,15,1,20.0,20,1,10,10,1,0,15,0,0,10,1,0,10,1,0.0,10,1,0,10,1,-0.48,-24.88
2026-07-14,290650,엘앤씨바이오,40.0,83,0.0,85,0,0,0,39.0,4,15,1,20.0,20,1,10,10,1,0,15,0,0,10,1,0,10,1,0.0,10,1,0,10,1,-11.47,-24.09
2026-07-14,200710,에이디테크놀로지,40.0,84,0.0,75,0,1,1,42.2,4,15,1,20.0,20,1,0,10,0,0,15,0,0,10,1,0,10,1,6.0,10,1,0,10,1,-11.0,-25.72
2026-07-14,077360,덕산하이메탈,40.0,85,0.0,85,0,0,0,40.0,4,15,1,20.0,20,1,10,10,1,0,15,0,0,10,1,0,10,1,0.0,10,1,0,10,1,-2.85,-19.96
2026-07-14,089890,코세스,40.0,86,0.0,85,0,0,0,42.7,4,15,1,20.0,20,1,10,10,1,0,15,0,0,10,1,0,10,1,0.0,10,1,0,10,1,-11.23,-37.2
2026-07-14,002020,코오롱,40.0,87,0.0,85,0,0,0,29.6,0,15,1,20.0,20,1,10,10,1,0,15,0,0,10,1,4,10,1,0.0,10,1,0,10,1,-36.99,-42.88
2026-07-14,445090,에이직랜드,40.0,88,0.0,85,0,1,1,43.4,0,15,1,20.0,20,1,8,10,1,0,15,0,0,10,1,0,10,1,6.0,10,1,0,10,1,-4.51,-25.24
2026-07-14,376900,로킷헬스케어,39.7,89,0.0,75,0,1,1,49.8,4,15,1,9.8,20,1,0,10,0,0,15,0,0,10,1,10,10,1,6.0,10,1,0,10,1,8.52,-34.73
2026-07-14,064350,현대로템,39.3,90,0.0,85,0,0,0,40.8,8,15,1,10.4,20,1,8,10,1,0,15,0,0,10,1,0,10,1,0.0,10,1,7,10,1,-5.8,-27.39
2026-07-14,032830,삼성생명,39.1,91,0.0,85,0,0,0,37.2,12,15,1,7.2,20,1,10,10,1,0,15,0,0,10,1,0,10,1,0.0,10,1,4,10,1,0.95,-16.25
2026-07-14,086520,에코프로,39.1,92,0.0,85,0,0,0,35.0,8,15,1,13.2,20,1,8,10,1,0,15,0,0,10,1,0,10,1,0.0,10,1,4,10,1,-2.53,-14.79
2026-07-14,329180,HD현대중공업,38.9,93,0.0,85,0,0,0,27.9,12,15,1,14.1,20,1,1,10,1,0,15,0,0,10,1,4,10,1,0.0,10,1,2,10,1,-0.32,-6.87
2026-07-14,000250,삼천당제약,38.9,94,0.0,85,0,1,0,30.0,4,15,1,16.1,20,1,10,10,1,0,15,0,0,10,1,0,10,1,3.0,10,1,0,10,1,-15.11,-29.72
2026-07-14,456040,OCI,38.8,95,0.0,85,0,1,0,41.4,0,15,1,20.0,20,1,10,10,1,0,15,0,0,10,1,0,10,1,3.0,10,1,0,10,1,-4.02,-28.74
2026-07-14,003530,한화투자증권,38.8,96,0.0,85,0,1,0,35.9,0,15,1,20.0,20,1,10,10,1,0,15,0,0,10,1,0,10,1,3.0,10,1,0,10,1,-3.97,-16.67
2026-07-14,005070,코스모신소재,38.8,97,0.0,85,0,1,0,42.6,0,15,1,20.0,20,1,10,10,1,0,15,0,0,10,1,0,10,1,3.0,10,1,0,10,1,-5.43,-25.3
2026-07-14,006910,보성파워텍,38.8,98,0.0,85,0,1,0,38.5,0,15,1,20.0,20,1,10,10,1,0,15,0,0,10,1,0,10,1,3.0,10,1,0,10,1,-2.46,-20.77
2026-07-14,089860,롯데렌탈,38.6,99,0.0,85,0,1,1,67.6,0,15,1,4.8,20,1,8,10,1,0,15,0,10,10,1,4,10,1,6.0,10,1,0,10,1,11.71,6.94
2026-07-14,002990,금호건설,38.5,100,0.0,85,0,1,0,62.0,8,15,1,10.7,20,1,1,10,1,0,15,0,0,10,1,0,10,1,3.0,10,1,10,10,1,-23.21,-46.2
2026-07-14,403870,HPSP,38.0,101,0.0,85,0,0,0,42.7,8,15,1,6.3,20,1,8,10,1,0,15,0,0,10,1,0,10,1,0.0,10,1,10,10,1,-7.62,-29.4
2026-07-14,091590,남화토건,38.0,102,0.0,75,1,0,1,49.7,0,15,1,19.5,20,1,0,10,0,0,15,0,0,10,1,0,10,1,7.0,10,1,2,10,1,-21.73,-45.32
2026-07-14,000500,가온전선,37.8,103,0.0,85,0,0,0,40.5,8,15,1,8.1,20,1,10,10,1,0,15,0,0,10,1,4,10,1,0.0,10,1,2,10,1,-2.56,-43.07
2026-07-14,000720,현대건설,37.8,104,0.0,85,0,0,0,35.9,8,15,1,12.1,20,1,10,10,1,0,15,0,0,10,1,0,10,1,0.0,10,1,2,10,1,0.61,-13.67
2026-07-14,009420,한올바이오파마,37.6,105,0.0,85,0,0,0,42.7,4,15,1,20.0,20,1,8,10,1,0,15,0,0,10,1,0,10,1,0.0,10,1,0,10,1,-4.57,-17.1
2026-07-14,003280,흥아해운,37.3,106,0.0,75,0,1,1,50.6,8,15,1,4.0,20,1,0,10,0,0,15,0,0,10,1,10,10,1,6.0,10,1,0,10,1,7.78,-16.22
2026-07-14,006660,삼성공조,37.3,107,0.0,75,0,1,1,52.8,8,15,1,4.0,20,1,0,10,0,0,15,0,0,10,1,10,10,1,6.0,10,1,0,10,1,18.4,-9.84
2026-07-14,000990,DB하이텍,36.9,108,0.0,85,0,0,0,38.1,8,15,1,6.4,20,1,10,10,1,0,15,0,0,10,1,0,10,1,0.0,10,1,7,10,1,-6.7,-34.01
2026-07-14,111770,영원무역,36.9,109,0.0,85,0,1,1,55.8,4,15,1,7.4,20,1,10,10,1,0,15,0,4,10,1,0,10,1,6.0,10,1,0,10,1,1.43,4.16
2026-07-14,079550,LIG디펜스앤에어로스페이스,36.8,110,0.0,85,0,0,0,38.7,8,15,1,6.3,20,1,10,10,1,0,15,0,0,10,1,0,10,1,0.0,10,1,7,10,1,0.3,-6.77
2026-07-14,004170,신세계,36.6,111,0.0,85,0,0,0,37.4,8,15,1,7.1,20,1,10,10,1,0,15,0,0,10,1,4,10,1,0.0,10,1,2,10,1,-2.5,-20.77
2026-07-14,083650,비에이치아이,36.6,112,0.0,85,0,0,0,34.4,4,15,1,17.1,20,1,10,10,1,0,15,0,0,10,1,0,10,1,0.0,10,1,0,10,1,-3.37,-19.12
2026-07-14,230240,에치에프알,36.5,113,0.0,85,0,1,0,33.9,0,15,1,16.0,20,1,8,10,1,0,15,0,0,10,1,4,10,1,3.0,10,1,0,10,1,2.08,-21.65
2026-07-14,033780,KT&G,36.1,114,0.0,85,0,1,1,44.4,8,15,1,4.7,20,1,8,10,1,0,15,0,4,10,1,0,10,1,6.0,10,1,0,10,1,3.27,6.78
2026-07-14,036540,SFA반도체,36.0,115,0.0,75,0,1,0,39.5,4,15,1,20.0,20,1,0,10,0,0,15,0,0,10,1,0,10,1,3.0,10,1,0,10,1,3.21,-23.96
2026-07-14,330860,네패스아크,36.0,116,0.0,75,0,1,0,47.2,4,15,1,20.0,20,1,0,10,0,0,15,0,0,10,1,0,10,1,3.0,10,1,0,10,1,-13.78,-46.32
2026-07-14,139480,이마트,36.0,117,0.0,75,0,1,0,40.3,4,15,1,20.0,20,1,0,10,0,0,15,0,0,10,1,0,10,1,3.0,10,1,0,10,1,1.74,-3.99
2026-07-14,327260,RF머트리얼즈,36.0,118,0.0,75,0,1,0,36.8,4,15,1,20.0,20,1,0,10,0,0,15,0,0,10,1,0,10,1,3.0,10,1,0,10,1,3.28,-60.28
2026-07-14,039030,이오테크닉스,35.9,119,0.0,85,0,0,0,39.1,4,15,1,12.5,20,1,10,10,1,0,15,0,0,10,1,0,10,1,0.0,10,1,4,10,1,-13.59,-30.25
2026-07-14,387690,레메디,35.8,120,0.0,65,0,0,0,,8,15,1,15.3,20,1,0,10,0,0,15,0,0,10,1,0,10,1,0.0,10,0,0,10,1,-33.16,-58.36
2026-07-14,067310,하나마이크론,35.7,121,0.0,75,0,0,0,42.1,8,15,1,11.8,20,1,0,10,0,0,15,0,0,10,1,0,10,1,0.0,10,1,7,10,1,-7.19,-30.33
2026-07-14,006360,GS건설,35.7,122,0.0,75,0,1,1,47.8,4,15,1,6.8,20,1,0,10,0,0,15,0,0,10,1,0,10,1,6.0,10,1,10,10,1,3.93,-20.71
2026-07-14,347700,스피어,35.7,123,0.0,75,0,1,0,40.3,4,15,1,15.8,20,1,0,10,0,0,15,0,0,10,1,0,10,1,3.0,10,1,4,10,1,-13.5,-33.15
2026-07-14,017670,SK텔레콤,35.6,124,0.0,85,0,0,0,35.8,8,15,1,8.3,20,1,10,10,1,0,15,0,0,10,1,0,10,1,0.0,10,1,4,10,1,12.16,-6.32
2026-07-14,005830,DB손해보험,35.5,125,0.0,75,0,1,1,63.9,8,15,1,4.6,20,1,0,10,0,0,15,0,4,10,1,4,10,1,6.0,10,1,0,10,1,2.73,-3.91
2026-07-14,138930,BNK금융지주,35.5,126,0.0,85,0,1,0,53.6,4,15,1,5.2,20,1,10,10,1,0,15,0,4,10,1,4,10,1,3.0,10,1,0,10,1,-1.33,-16.98
2026-07-14,003550,LG,35.4,127,0.0,85,0,1,1,39.8,4,15,1,8.1,20,1,10,10,1,0,15,0,0,10,1,0,10,1,6.0,10,1,2,10,1,2.8,-4.36
2026-07-14,007610,선도전기,35.3,128,0.0,75,0,1,1,49.3,4,15,1,10.5,20,1,0,10,0,0,15,0,0,10,1,4,10,1,6.0,10,1,2,10,1,-15.59,-32.85
2026-07-14,025860,남해화학,35.3,129,0.0,85,0,1,1,44.6,4,15,1,5.0,20,1,5,10,1,0,15,0,0,10,1,10,10,1,6.0,10,1,0,10,1,-3.04,-9.61
2026-07-14,004710,한솔테크닉스,35.3,130,0.0,85,0,0,0,39.3,0,15,1,20.0,20,1,10,10,1,0,15,0,0,10,1,0,10,1,0.0,10,1,0,10,1,7.66,-30.02
2026-07-14,003160,디아이,35.3,131,0.0,85,0,0,0,37.4,0,15,1,20.0,20,1,10,10,1,0,15,0,0,10,1,0,10,1,0.0,10,1,0,10,1,-7.95,-21.43
2026-07-14,348210,넥스틴,35.3,132,0.0,85,0,0,0,31.2,0,15,1,20.0,20,1,10,10,1,0,15,0,0,10,1,0,10,1,0.0,10,1,0,10,1,-6.43,-27.77
2026-07-14,126640,화신정공,35.3,133,0.0,85,0,0,0,50.4,0,15,1,20.0,20,1,10,10,1,0,15,0,0,10,1,0,10,1,0.0,10,1,0,10,1,-0.38,-2.68
2026-07-14,011930,신성이엔지,35.3,134,0.0,85,0,0,0,45.5,0,15,1,20.0,20,1,10,10,1,0,15,0,0,10,1,0,10,1,0.0,10,1,0,10,1,-4.5,-21.92
2026-07-14,161390,한국타이어앤테크놀로지,35.2,135,0.0,85,1,1,0,52.0,4,15,1,4.9,20,1,10,10,1,0,15,0,4,10,1,0,10,1,7.0,10,1,0,10,1,5.69,-3.8
2026-07-14,003230,삼양식품,35.1,136,0.0,85,0,1,0,42.4,8,15,1,6.8,20,1,10,10,1,0,15,0,0,10,1,0,10,1,3.0,10,1,2,10,1,3.45,13.81
2026-07-14,047810,한국항공우주,35.1,137,0.0,85,0,0,0,42.6,8,15,1,7.8,20,1,10,10,1,0,15,0,0,10,1,0,10,1,0.0,10,1,4,10,1,5.81,-16.73
2026-07-14,232140,와이씨,35.1,138,0.0,85,0,0,0,31.0,4,15,1,15.8,20,1,10,10,1,0,15,0,0,10,1,0,10,1,0.0,10,1,0,10,1,-6.03,-26.13
2026-07-14,006120,SK디스커버리,35.1,139,0.0,85,0,1,1,58.6,0,15,1,9.8,20,1,10,10,1,0,15,0,0,10,1,4,10,1,6.0,10,1,0,10,1,-5.9,-11.99
2026-07-14,281820,케이씨텍,34.9,140,0.0,85,0,0,0,53.3,4,15,1,11.7,20,1,10,10,1,0,15,0,0,10,1,0,10,1,0.0,10,1,4,10,1,-7.55,-37.87
2026-07-14,016360,삼성증권,34.7,141,0.0,85,0,0,0,40.9,8,15,1,7.5,20,1,10,10,1,0,15,0,0,10,1,0,10,1,0.0,10,1,4,10,1,-0.29,-13.74
2026-07-14,178320,서진시스템,34.7,142,0.0,75,0,0,0,31.2,4,15,1,20.0,20,1,0,10,0,0,15,0,0,10,1,0,10,1,0.0,10,1,2,10,1,-3.85,-21.62
2026-07-14,322000,HD현대에너지솔루션,34.7,143,0.0,75,0,0,0,39.1,4,15,1,20.0,20,1,0,10,0,0,15,0,0,10,1,0,10,1,0.0,10,1,2,10,1,20.51,-9.3
2026-07-14,122640,예스티,34.7,144,0.0,75,0,0,0,51.2,4,15,1,20.0,20,1,0,10,0,0,15,0,0,10,1,0,10,1,0.0,10,1,2,10,1,-20.09,-44.43
2026-07-14,003690,코리안리,34.7,145,0.0,85,1,1,1,55.9,0,15,1,5.5,20,1,10,10,1,0,15,0,4,10,1,0,10,1,10.0,10,1,0,10,1,-2.62,-3.35
2026-07-14,318060,그래피,34.7,146,0.0,75,0,1,1,45.5,0,15,1,20.0,20,1,0,10,0,0,15,0,0,10,1,0,10,1,6.0,10,1,0,10,1,-3.77,-12.57
2026-07-14,354320,알멕,34.7,147,0.0,75,0,1,1,33.0,0,15,1,20.0,20,1,0,10,0,0,15,0,0,10,1,0,10,1,6.0,10,1,0,10,1,-10.04,-24.12
2026-07-14,062040,산일전기,34.6,148,0.0,85,0,0,0,34.6,8,15,1,7.4,20,1,10,10,1,0,15,0,0,10,1,0,10,1,0.0,10,1,4,10,1,-1.13,-24.2
2026-07-14,051900,LG생활건강,34.6,149,0.0,85,0,1,1,48.7,4,15,1,9.4,20,1,10,10,1,0,15,0,0,10,1,0,10,1,6.0,10,1,0,10,1,1.46,9.36
2026-07-14,189300,인텔리안테크,34.6,150,0.0,85,0,1,0,30.0,0,15,1,16.4,20,1,10,10,1,0,15,0,0,10,1,0,10,1,3.0,10,1,0,10,1,-4.9,-18.64
2026-07-14,058470,리노공업,34.5,151,0.0,85,0,0,0,37.2,8,15,1,6.3,20,1,8,10,1,0,15,0,0,10,1,0,10,1,0.0,10,1,7,10,1,-1.78,-20.38
2026-07-14,051910,LG화학,34.4,152,0.0,85,0,0,0,35.1,8,15,1,13.2,20,1,8,10,1,0,15,0,0,10,1,0,10,1,0.0,10,1,0,10,1,-1.18,-8.82
2026-07-14,207940,삼성바이오로직스,34.1,153,0.0,85,0,1,1,48.4,8,15,1,7.0,20,1,1,10,1,0,15,0,0,10,1,0,10,1,6.0,10,1,7,10,1,0.29,8.11
2026-07-14,316140,우리금융지주,34.1,154,0.0,85,0,1,1,50.2,8,15,1,5.0,20,1,10,10,1,0,15,0,0,10,1,0,10,1,6.0,10,1,0,10,1,-0.16,4.4
2026-07-14,003670,포스코퓨처엠,34.1,155,0.0,85,0,0,0,33.2,4,15,1,20.0,20,1,3,10,1,0,15,0,0,10,1,0,10,1,0.0,10,1,2,10,1,-2.22,-15.38
2026-07-14,001440,대한전선,33.9,156,0.0,85,0,0,0,34.4,8,15,1,6.8,20,1,10,10,1,0,15,0,0,10,1,0,10,1,0.0,10,1,4,10,1,-1.96,-20.71
2026-07-14,161890,한국콜마,33.8,157,0.0,85,1,1,1,55.7,4,15,1,5.7,20,1,1,10,1,0,15,0,4,10,1,0,10,1,10.0,10,1,4,10,1,-7.53,-8.37
2026-07-14,214450,파마리서치,33.8,158,0.0,85,0,0,0,49.7,4,15,1,7.7,20,1,10,10,1,0,15,0,0,10,1,0,10,1,0.0,10,1,7,10,1,1.26,22.76
2026-07-14,272210,한화시스템,33.8,159,0.0,85,0,0,0,33.8,4,15,1,10.7,20,1,10,10,1,0,15,0,0,10,1,0,10,1,0.0,10,1,4,10,1,-1.12,-13.42
2026-07-14,439090,마녀공장,33.3,160,0.0,75,0,1,1,56.5,4,15,1,4.0,20,1,0,10,0,0,15,0,4,10,1,7,10,1,6.0,10,1,0,10,1,-0.18,-12.15
2026-07-14,003310,대주산업,33.3,161,0.0,85,0,1,1,41.2,0,15,1,4.3,20,1,8,10,1,0,15,0,0,10,1,10,10,1,6.0,10,1,0,10,1,2.6,-13.55
2026-07-14,066970,엘앤에프,33.2,162,0.0,75,0,1,0,33.4,4,15,1,17.9,20,1,0,10,0,0,15,0,0,10,1,0,10,1,3.0,10,1,0,10,1,-9.25,-27.75
2026-07-14,006260,LS,33.1,163,0.0,85,0,0,0,34.7,4,15,1,7.1,20,1,10,10,1,0,15,0,0,10,1,0,10,1,0.0,10,1,7,10,1,-2.74,-16.75
2026-07-14,241710,코스메카코리아,32.9,164,0.0,85,0,1,1,55.5,4,15,1,6.0,20,1,8,10,1,0,15,0,4,10,1,0,10,1,6.0,10,1,0,10,1,-6.94,0.37
2026-07-14,005690,파미셀,32.9,165,0.0,85,0,0,0,37.6,0,15,1,20.0,20,1,8,10,1,0,15,0,0,10,1,0,10,1,0.0,10,1,0,10,1,-3.86,-19.46
2026-07-14,071970,HD현대마린엔진,32.8,166,0.0,85,0,1,0,41.0,4,15,1,10.9,20,1,10,10,1,0,15,0,0,10,1,0,10,1,3.0,10,1,0,10,1,16.61,-13.45
2026-07-14,170920,엘티씨,32.5,167,0.0,75,0,1,1,57.4,4,15,1,10.4,20,1,0,10,0,0,15,0,4,10,1,0,10,1,6.0,10,1,0,10,1,-13.6,-46.67
2026-07-14,084370,유진테크,32.1,168,0.0,85,0,0,0,46.1,4,15,1,9.3,20,1,10,10,1,0,15,0,0,10,1,0,10,1,0.0,10,1,4,10,1,-19.52,-34.15
2026-07-14,031980,피에스케이홀딩스,32.1,169,0.0,85,0,0,1,54.2,4,15,1,6.3,20,1,10,10,1,0,15,0,0,10,1,0,10,1,3.0,10,1,4,10,1,-13.48,-41.77
2026-07-14,078930,GS,32.1,170,0.0,85,0,1,0,57.1,4,15,1,6.3,20,1,10,10,1,0,15,0,4,10,1,0,10,1,3.0,10,1,0,10,1,6.58,6.46
2026-07-14,024060,흥구석유,32.0,171,0.0,75,0,1,1,65.4,8,15,1,0.0,20,1,0,10,0,0,15,0,0,10,1,10,10,1,6.0,10,1,0,10,1,8.12,-17.11
2026-07-14,141080,리가켐바이오,32.0,172,0.0,75,0,0,0,33.6,8,15,1,16.0,20,1,0,10,0,0,15,0,0,10,1,0,10,1,0.0,10,1,0,10,1,-9.97,-20.52
2026-07-14,049080,기가레인,32.0,173,0.0,75,0,1,1,75.8,4,15,1,0.0,20,1,0,10,0,0,15,0,10,10,1,4,10,1,6.0,10,1,0,10,1,2.99,-30.34
2026-07-14,108490,로보티즈,32.0,174,0.0,75,0,0,0,35.1,4,15,1,20.0,20,1,0,10,0,0,15,0,0,10,1,0,10,1,0.0,10,1,0,10,1,12.28,-11.3
2026-07-14,064290,인텍플러스,32.0,175,0.0,75,0,0,0,47.4,4,15,1,20.0,20,1,0,10,0,0,15,0,0,10,1,0,10,1,0.0,10,1,0,10,1,-12.45,-41.47
2026-07-14,042110,에스씨디,32.0,176,0.0,75,0,1,1,52.6,4,15,1,4.0,20,1,0,10,0,0,15,0,0,10,1,10,10,1,6.0,10,1,0,10,1,-4.73,-14.12
2026-07-14,417840,저스템,32.0,177,0.0,75,0,0,0,46.1,4,15,1,20.0,20,1,0,10,0,0,15,0,0,10,1,0,10,1,0.0,10,1,0,10,1,-7.08,-37.56
2026-07-14,033160,엠케이전자,32.0,178,0.0,75,0,0,0,36.9,4,15,1,20.0,20,1,0,10,0,0,15,0,0,10,1,0,10,1,0.0,10,1,0,10,1,-2.61,-22.19
2026-07-14,097230,HJ중공업,32.0,179,0.0,75,0,0,0,31.9,4,15,1,20.0,20,1,0,10,0,0,15,0,0,10,1,0,10,1,0.0,10,1,0,10,1,-3.51,-11.0
2026-07-14,002140,고려산업,32.0,180,0.0,75,0,1,1,52.2,4,15,1,4.0,20,1,0,10,0,0,15,0,0,10,1,10,10,1,6.0,10,1,0,10,1,7.03,-1.16
2026-07-14,005950,이수화학,32.0,181,0.0,75,1,1,1,55.6,4,15,1,10.0,20,1,0,10,0,0,15,0,0,10,1,0,10,1,10.0,10,1,0,10,1,-4.29,-20.79
2026-07-14,397030,에이프릴바이오,32.0,182,0.0,75,0,0,0,27.7,4,15,1,20.0,20,1,0,10,0,0,15,0,0,10,1,0,10,1,0.0,10,1,0,10,1,2.08,-13.75
2026-07-14,052690,한전기술,31.5,183,0.0,85,0,1,0,35.7,4,15,1,9.8,20,1,10,10,1,0,15,0,0,10,1,0,10,1,3.0,10,1,0,10,1,-3.93,-12.43
2026-07-14,950160,코오롱티슈진,31.3,184,0.0,75,0,0,0,32.7,8,15,1,8.5,20,1,0,10,0,0,15,0,0,10,1,7,10,1,0.0,10,1,0,10,1,-58.78,-81.89
2026-07-14,018260,삼성에스디에스,31.3,185,0.0,75,0,0,1,45.1,8,15,1,5.5,20,1,0,10,0,0,15,0,0,10,1,0,10,1,3.0,10,1,7,10,1,1.55,2.23
2026-07-14,267250,HD현대,31.3,186,0.0,85,0,1,0,34.7,4,15,1,9.6,20,1,10,10,1,0,15,0,0,10,1,0,10,1,3.0,10,1,0,10,1,11.52,-1.26
2026-07-14,257720,실리콘투,31.3,187,0.0,85,0,1,1,51.4,4,15,1,6.6,20,1,10,10,1,0,15,0,0,10,1,0,10,1,6.0,10,1,0,10,1,-4.11,-5.21
2026-07-14,458870,씨어스,31.1,188,0.0,75,0,0,0,44.4,4,15,1,19.3,20,1,0,10,0,0,15,0,0,10,1,0,10,1,0.0,10,1,0,10,1,-14.29,-27.46
2026-07-14,121600,나노신소재,31.1,189,0.0,85,0,1,0,34.2,0,15,1,13.4,20,1,10,10,1,0,15,0,0,10,1,0,10,1,3.0,10,1,0,10,1,-5.14,-17.41
2026-07-14,005360,모나미,31.0,190,5.0,75,0,1,1,85.7,4,15,1,0.0,20,1,0,10,0,0,15,0,10,10,1,7,10,1,6.0,10,1,0,10,1,-21.13,-45.47
2026-07-14,009970,영원무역홀딩스,30.9,191,0.0,85,0,1,1,51.7,0,15,1,6.3,20,1,10,10,1,0,15,0,0,10,1,4,10,1,6.0,10,1,0,10,1,2.8,7.53
2026-07-14,004020,현대제철,30.8,192,0.0,85,0,1,0,33.4,4,15,1,9.2,20,1,10,10,1,0,15,0,0,10,1,0,10,1,3.0,10,1,0,10,1,-1.71,-6.67
2026-07-14,001450,현대해상,30.7,193,0.0,75,1,1,1,52.4,4,15,1,5.0,20,1,0,10,0,0,15,0,4,10,1,0,10,1,10.0,10,1,0,10,1,-0.27,-0.81
2026-07-14,490470,세미파이브,30.7,194,0.0,75,0,1,0,35.1,4,15,1,16.0,20,1,0,10,0,0,15,0,0,10,1,0,10,1,3.0,10,1,0,10,1,-4.01,-26.76
2026-07-14,008930,한미사이언스,30.7,195,0.0,85,0,1,1,52.3,4,15,1,6.1,20,1,10,10,1,0,15,0,0,10,1,0,10,1,6.0,10,1,0,10,1,3.74,4.68
2026-07-14,094170,동운아나텍,30.7,196,0.0,75,0,1,0,38.4,0,15,1,20.0,20,1,0,10,0,0,15,0,0,10,1,0,10,1,3.0,10,1,0,10,1,-6.34,-20.7
2026-07-14,032500,케이엠더블유,30.7,197,0.0,75,0,1,0,31.2,0,15,1,20.0,20,1,0,10,0,0,15,0,0,10,1,0,10,1,3.0,10,1,0,10,1,-1.67,-11.1
2026-07-14,181710,NHN,30.7,198,0.0,75,0,1,0,49.0,0,15,1,20.0,20,1,0,10,0,0,15,0,0,10,1,0,10,1,3.0,10,1,0,10,1,-4.62,-11.36
2026-07-14,019210,와이지-원,30.6,199,0.0,85,1,0,1,49.4,4,15,1,5.0,20,1,10,10,1,0,15,0,0,10,1,0,10,1,7.0,10,1,0,10,1,-1.25,-19.65
2026-07-14,010130,고려아연,30.6,200,0.0,85,0,1,0,34.7,4,15,1,9.0,20,1,10,10,1,0,15,0,0,10,1,0,10,1,3.0,10,1,0,10,1,-2.07,-9.06
2026-07-15,010950,S-Oil,80.0,1,0.0,85,1,1,1,67.7,8,15,1,20.0,20,1,10,10,1,0,15,0,10,10,1,0,10,1,10.0,10,1,10,10,1,6.7,-7.34
2026-07-15,058730,다스코,74.8,2,0.0,85,1,1,1,63.2,8,15,1,15.6,20,1,10,10,1,0,15,0,10,10,1,0,10,1,10.0,10,1,10,10,1,-20.11,-42.72
2026-07-15,353200,대덕전자,69.4,3,0.0,85,0,0,1,54.2,12,15,1,20.0,20,1,10,10,1,0,15,0,0,10,1,4,10,1,3.0,10,1,10,10,1,-13.97,-47.97
2026-07-15,005930,삼성전자,68.2,4,0.0,85,0,0,1,44.9,15,15,1,20.0,20,1,10,10,1,0,15,0,0,10,1,0,10,1,3.0,10,1,10,10,1,-3.4,-25.94
2026-07-15,004310,현대약품,65.9,5,0.0,85,0,1,1,56.4,8,15,1,20.0,20,1,10,10,1,0,15,0,0,10,1,10,10,1,6.0,10,1,2,10,1,-6.11,-24.44
2026-07-15,319660,피에스케이,65.3,6,0.0,85,1,1,1,62.5,12,15,1,9.5,20,1,10,10,1,0,15,0,4,10,1,0,10,1,10.0,10,1,10,10,1,-23.23,-50.42
2026-07-15,089970,브이엠,65.3,7,0.0,75,1,1,1,61.7,8,15,1,20.0,20,1,0,10,0,0,15,0,4,10,1,0,10,1,10.0,10,1,7,10,1,-29.59,-56.34
2026-07-15,005935,삼성전자우,64.7,8,0.0,85,0,0,1,47.3,15,15,1,20.0,20,1,10,10,1,0,15,0,0,10,1,0,10,1,3.0,10,1,7,10,1,-0.47,-21.35
2026-07-15,096770,SK이노베이션,64.7,9,0.0,85,0,1,1,60.5,8,15,1,20.0,20,1,10,10,1,0,15,0,0,10,1,4,10,1,6.0,10,1,7,10,1,12.99,-0.34
2026-07-15,042700,한미반도체,64.5,10,0.0,85,0,1,1,53.6,15,15,1,6.8,20,1,10,10,1,0,15,0,0,10,1,7,10,1,6.0,10,1,10,10,1,-19.85,-37.81
2026-07-15,402340,SK스퀘어,64.0,11,0.0,75,0,0,1,48.5,15,15,1,20.0,20,1,0,10,0,0,15,0,0,10,1,0,10,1,3.0,10,1,10,10,1,-11.65,-42.19
2026-07-15,095610,테스,63.5,12,0.0,85,1,1,1,63.1,12,15,1,8.0,20,1,3,10,1,0,15,0,7,10,1,4,10,1,10.0,10,1,10,10,1,-27.99,-53.27
2026-07-15,080220,제주반도체,63.1,13,0.0,85,0,0,1,48.8,15,15,1,18.6,20,1,10,10,1,0,15,0,0,10,1,0,10,1,3.0,10,1,7,10,1,-9.2,-43.77
2026-07-15,036540,SFA반도체,61.3,14,0.0,75,0,1,1,49.8,8,15,1,20.0,20,1,0,10,0,0,15,0,0,10,1,10,10,1,6.0,10,1,2,10,1,-8.76,-35.79
2026-07-15,006400,삼성SDI,61.2,15,0.0,85,0,1,0,44.8,12,15,1,20.0,20,1,10,10,1,0,15,0,0,10,1,0,10,1,3.0,10,1,7,10,1,2.86,-21.04
2026-07-15,042660,한화오션,61.2,16,0.0,85,0,0,0,37.8,12,15,1,20.0,20,1,10,10,1,0,15,0,0,10,1,0,10,1,0.0,10,1,10,10,1,9.63,-3.29
2026-07-15,036930,주성엔지니어링,60.4,17,0.0,85,1,0,0,55.0,15,15,1,12.3,20,1,10,10,1,0,15,0,0,10,1,0,10,1,4.0,10,1,10,10,1,-21.77,-53.08
2026-07-15,000660,SK하이닉스,60.0,18,0.0,75,0,0,1,45.8,15,15,1,20.0,20,1,0,10,0,0,15,0,0,10,1,0,10,1,3.0,10,1,7,10,1,-7.83,-36.5
2026-07-15,240810,원익IPS,60.0,19,0.0,75,0,0,1,53.2,15,15,1,20.0,20,1,0,10,0,0,15,0,0,10,1,0,10,1,3.0,10,1,7,10,1,-20.6,-46.53
2026-07-15,010170,대한광통신,58.7,20,0.0,75,0,1,1,40.4,8,15,1,20.0,20,1,0,10,0,0,15,0,0,10,1,0,10,1,6.0,10,1,10,10,1,-7.19,-38.7
2026-07-15,089030,테크윙,58.7,21,0.0,75,0,1,1,52.3,8,15,1,20.0,20,1,0,10,0,0,15,0,0,10,1,0,10,1,6.0,10,1,10,10,1,-2.12,-38.54
2026-07-15,219130,타이거일렉,58.7,22,0.0,75,1,1,1,65.5,4,15,1,20.0,20,1,0,10,0,0,15,0,10,10,1,0,10,1,10.0,10,1,0,10,1,-10.04,-32.07
2026-07-15,013700,까뮤이앤씨,58.0,23,0.0,85,0,1,1,60.7,0,15,1,16.3,20,1,10,10,1,0,15,0,10,10,1,7,10,1,6.0,10,1,0,10,1,-0.84,-1.55
2026-07-15,352820,하이브,55.3,24,0.0,85,0,1,1,47.0,4,15,1,20.0,20,1,10,10,1,0,15,0,0,10,1,0,10,1,6.0,10,1,7,10,1,1.44,-21.63
2026-07-15,073490,LIG아큐버,55.3,25,0.0,85,0,1,1,48.9,4,15,1,20.0,20,1,10,10,1,0,15,0,0,10,1,7,10,1,6.0,10,1,0,10,1,3.82,-16.32
2026-07-15,000400,롯데손해보험,55.1,26,0.0,85,0,1,1,74.2,4,15,1,9.8,20,1,10,10,1,0,15,0,10,10,1,7,10,1,6.0,10,1,0,10,1,-16.6,-26.79
2026-07-15,009830,한화솔루션,54.7,27,0.0,75,0,0,1,40.6,8,15,1,20.0,20,1,0,10,0,0,15,0,0,10,1,0,10,1,3.0,10,1,10,10,1,-2.6,-23.7
2026-07-15,031980,피에스케이홀딩스,54.5,28,0.0,85,1,1,1,59.6,8,15,1,6.3,20,1,10,10,1,0,15,0,4,10,1,4,10,1,10.0,10,1,4,10,1,-22.54,-50.58
2026-07-15,131290,티에스이,54.0,29,0.0,85,1,1,1,60.4,4,15,1,16.9,20,1,1,10,1,0,15,0,10,10,1,0,10,1,10.0,10,1,4,10,1,-15.82,-49.53
2026-07-15,278470,에이피알,53.6,30,0.0,85,0,1,0,49.6,8,15,1,14.6,20,1,10,10,1,0,15,0,0,10,1,0,10,1,3.0,10,1,10,10,1,-4.02,-18.29
2026-07-15,263800,데이타솔루션,52.9,31,0.0,85,1,1,0,56.5,4,15,1,20.0,20,1,10,10,1,0,15,0,0,10,1,4,10,1,7.0,10,1,0,10,1,1.52,-27.91
2026-07-15,071200,인피니트헬스케어,52.4,32,0.0,85,0,1,1,72.5,0,15,1,8.5,20,1,10,10,1,0,15,0,10,10,1,10,10,1,6.0,10,1,0,10,1,-8.64,-16.74
2026-07-15,196170,알테오젠,52.0,33,0.0,75,0,0,0,38.7,12,15,1,20.0,20,1,0,10,0,0,15,0,0,10,1,0,10,1,0.0,10,1,7,10,1,6.24,-3.12
2026-07-15,034730,SK,52.0,34,0.0,75,0,0,0,45.8,12,15,1,20.0,20,1,0,10,0,0,15,0,0,10,1,0,10,1,0.0,10,1,7,10,1,7.55,-23.07
2026-07-15,092870,엑시콘,51.8,35,0.0,85,0,1,1,43.6,4,15,1,20.0,20,1,10,10,1,0,15,0,0,10,1,4,10,1,6.0,10,1,0,10,1,-14.13,-39.98
2026-07-15,105560,KB금융,51.2,36,0.0,85,1,1,1,64.4,12,15,1,4.5,20,1,10,10,1,0,15,0,7,10,1,0,10,1,10.0,10,1,0,10,1,-2.92,-7.82
2026-07-15,037070,파세코,51.1,37,0.0,85,0,1,1,56.4,8,15,1,10.4,20,1,8,10,1,0,15,0,0,10,1,7,10,1,6.0,10,1,4,10,1,-26.22,-23.1
2026-07-15,003680,한성기업,51.0,38,5.0,75,1,1,1,96.9,8,15,1,4.0,20,1,0,10,0,0,15,0,10,10,1,10,10,1,10.0,10,1,0,10,1,-43.53,-59.78
2026-07-15,066570,LG전자,50.4,39,0.0,85,0,0,1,46.5,12,15,1,7.8,20,1,10,10,1,0,15,0,0,10,1,0,10,1,3.0,10,1,10,10,1,-3.35,-23.71
2026-07-15,086790,하나금융지주,50.2,40,0.0,85,1,1,1,66.5,8,15,1,4.7,20,1,10,10,1,0,15,0,10,10,1,0,10,1,10.0,10,1,0,10,1,-4.61,-8.92
2026-07-15,086520,에코프로,49.6,41,0.0,85,0,1,1,41.1,8,15,1,13.2,20,1,8,10,1,0,15,0,0,10,1,0,10,1,6.0,10,1,7,10,1,-2.43,-18.29
2026-07-15,047040,대우건설,49.4,42,0.0,85,0,1,0,37.9,8,15,1,14.0,20,1,10,10,1,0,15,0,0,10,1,0,10,1,3.0,10,1,7,10,1,0.62,-31.03
2026-07-15,356860,티엘비,49.4,43,0.0,85,0,1,1,54.8,4,15,1,20.0,20,1,8,10,1,0,15,0,0,10,1,4,10,1,6.0,10,1,0,10,1,-62.06,-76.51
2026-07-15,222040,코스맥스엔비티,49.3,44,0.0,75,1,1,1,60.2,0,15,1,20.0,20,1,0,10,0,0,15,0,0,10,1,7,10,1,10.0,10,1,0,10,1,0.38,-11.92
2026-07-15,475150,SK이터닉스,48.8,45,0.0,85,0,1,1,57.8,12,15,1,5.5,20,1,8,10,1,0,15,0,0,10,1,0,10,1,6.0,10,1,10,10,1,51.22,-21.58
2026-07-15,032350,롯데관광개발,48.4,46,0.0,75,0,0,0,26.0,8,15,1,18.3,20,1,0,10,0,0,15,0,0,10,1,10,10,1,0.0,10,1,0,10,1,-2.12,-4.32
2026-07-15,010060,OCI홀딩스,48.2,47,0.0,85,0,1,0,43.8,4,15,1,20.0,20,1,10,10,1,0,15,0,0,10,1,0,10,1,3.0,10,1,4,10,1,21.38,-13.81
2026-07-15,009150,삼성전기,48.0,48,0.0,85,0,0,0,40.8,15,15,1,8.8,20,1,10,10,1,0,15,0,0,10,1,0,10,1,0.0,10,1,7,10,1,2.48,-37.79
2026-07-15,068270,셀트리온,47.4,49,0.0,85,0,1,0,49.3,8,15,1,11.3,20,1,8,10,1,0,15,0,0,10,1,0,10,1,3.0,10,1,10,10,1,-1.99,8.14
2026-07-15,012450,한화에어로스페이스,47.3,50,0.0,85,0,0,0,38.1,12,15,1,8.2,20,1,10,10,1,0,15,0,0,10,1,0,10,1,0.0,10,1,10,10,1,3.12,-6.89
2026-07-15,373220,LG에너지솔루션,47.2,51,0.0,75,0,0,0,43.3,8,15,1,17.4,20,1,0,10,0,0,15,0,0,10,1,0,10,1,0.0,10,1,10,10,1,3.88,-4.48
2026-07-15,263750,펄어비스,47.1,52,0.0,85,0,1,1,35.7,4,15,1,20.0,20,1,10,10,1,0,15,0,0,10,1,0,10,1,6.0,10,1,0,10,1,-1.01,-7.23
2026-07-15,222800,심텍,46.7,53,0.0,75,0,0,0,51.1,8,15,1,20.0,20,1,0,10,0,0,15,0,0,10,1,0,10,1,0.0,10,1,7,10,1,-19.16,-47.53
2026-07-15,055550,신한지주,46.5,54,0.0,85,1,1,1,58.1,8,15,1,4.5,20,1,10,10,1,0,15,0,7,10,1,0,10,1,10.0,10,1,0,10,1,-3.26,-6.06
2026-07-15,252990,샘씨엔에스,46.3,55,0.0,75,0,1,1,63.3,4,15,1,13.7,20,1,0,10,0,0,15,0,4,10,1,7,10,1,6.0,10,1,0,10,1,-10.52,-42.19
2026-07-15,403870,HPSP,46.2,56,0.0,85,0,0,1,48.1,12,15,1,6.3,20,1,8,10,1,0,15,0,0,10,1,0,10,1,3.0,10,1,10,10,1,-15.1,-38.87
2026-07-15,009540,HD한국조선해양,46.1,57,0.0,85,0,0,0,39.6,8,15,1,13.2,20,1,8,10,1,0,15,0,0,10,1,0,10,1,0.0,10,1,10,10,1,13.73,10.0
2026-07-15,010960,삼호개발,45.9,58,0.0,85,1,0,1,49.8,0,15,1,20.0,20,1,10,10,1,0,15,0,0,10,1,0,10,1,7.0,10,1,2,10,1,-14.0,-21.94
2026-07-15,010120,LS ELECTRIC,45.8,59,0.0,85,0,0,0,45.2,12,15,1,6.9,20,1,10,10,1,0,15,0,0,10,1,0,10,1,0.0,10,1,10,10,1,10.92,-25.41
2026-07-15,054940,엑사이엔씨,45.3,60,0.0,75,0,1,1,74.0,4,15,1,4.0,20,1,0,10,0,0,15,0,10,10,1,10,10,1,6.0,10,1,0,10,1,-12.34,-12.34
2026-07-15,476060,온코닉테라퓨틱스,45.3,61,0.0,75,0,1,0,39.5,4,15,1,20.0,20,1,0,10,0,0,15,0,0,10,1,7,10,1,3.0,10,1,0,10,1,-4.15,-21.08
2026-07-15,006800,미래에셋증권,45.1,62,0.0,85,0,1,0,41.7,8,15,1,10.3,20,1,10,10,1,0,15,0,0,10,1,0,10,1,3.0,10,1,7,10,1,-6.11,-27.66
2026-07-15,017180,명문제약,45.1,63,0.0,75,0,1,1,50.2,0,15,1,17.8,20,1,0,10,0,0,15,0,0,10,1,10,10,1,6.0,10,1,0,10,1,-5.94,-18.5
2026-07-15,089890,코세스,44.7,64,0.0,85,0,0,0,41.5,4,15,1,20.0,20,1,10,10,1,0,15,0,0,10,1,4,10,1,0.0,10,1,0,10,1,2.84,-38.75
2026-07-15,452260,한화갤러리아,44.5,65,0.0,75,0,1,1,44.7,4,15,1,13.4,20,1,0,10,0,0,15,0,0,10,1,10,10,1,6.0,10,1,0,10,1,-4.28,-20.71
2026-07-15,298040,효성중공업,44.4,66,0.0,85,0,0,0,42.4,8,15,1,9.7,20,1,10,10,1,0,15,0,0,10,1,0,10,1,0.0,10,1,10,10,1,-0.07,-33.96
2026-07-15,247540,에코프로비엠,44.0,67,0.0,75,0,1,0,38.0,8,15,1,20.0,20,1,0,10,0,0,15,0,0,10,1,0,10,1,3.0,10,1,2,10,1,-2.23,-20.18
2026-07-15,267270,HD건설기계,43.5,68,0.0,85,0,1,0,48.6,4,15,1,20.0,20,1,10,10,1,0,15,0,0,10,1,0,10,1,3.0,10,1,0,10,1,8.34,-11.81
2026-07-15,004710,한솔테크닉스,43.5,69,0.0,85,0,0,1,49.6,4,15,1,20.0,20,1,10,10,1,0,15,0,0,10,1,0,10,1,3.0,10,1,0,10,1,-15.57,-45.45
2026-07-15,008770,호텔신라,43.5,70,0.0,85,0,0,1,41.0,4,15,1,20.0,20,1,10,10,1,0,15,0,0,10,1,0,10,1,3.0,10,1,0,10,1,0.21,-9.22
2026-07-15,077360,덕산하이메탈,43.5,71,0.0,85,0,1,0,45.2,4,15,1,20.0,20,1,10,10,1,0,15,0,0,10,1,0,10,1,3.0,10,1,0,10,1,-10.65,-31.95
2026-07-15,425420,티에프이,43.5,72,0.0,85,0,1,0,44.7,0,15,1,20.0,20,1,10,10,1,0,15,0,0,10,1,4,10,1,3.0,10,1,0,10,1,-9.89,-37.8
2026-07-15,178320,서진시스템,42.7,73,0.0,75,0,0,0,37.5,8,15,1,20.0,20,1,0,10,0,0,15,0,0,10,1,0,10,1,0.0,10,1,4,10,1,1.31,-33.49
2026-07-15,122350,삼기,42.7,74,0.0,85,1,1,1,63.2,0,15,1,7.3,20,1,10,10,1,0,15,0,7,10,1,0,10,1,10.0,10,1,2,10,1,-1.37,-34.95
2026-07-15,003490,대한항공,42.4,75,0.0,75,0,0,1,46.8,8,15,1,10.8,20,1,0,10,0,0,15,0,0,10,1,0,10,1,3.0,10,1,10,10,1,-3.38,-7.5
2026-07-15,043260,성호전자,42.4,76,0.0,85,0,0,0,35.2,4,15,1,20.0,20,1,10,10,1,0,15,0,0,10,1,0,10,1,0.0,10,1,2,10,1,-4.13,-41.04
2026-07-15,098460,고영,42.4,77,0.0,85,0,0,0,46.3,4,15,1,20.0,20,1,10,10,1,0,15,0,0,10,1,0,10,1,0.0,10,1,2,10,1,-2.99,-20.6
2026-07-15,005070,코스모신소재,42.4,78,0.0,85,0,1,1,46.5,0,15,1,20.0,20,1,10,10,1,0,15,0,0,10,1,0,10,1,6.0,10,1,0,10,1,-1.9,-29.11
2026-07-15,099320,쎄트렉아이,42.4,79,0.0,85,0,1,1,40.1,0,15,1,20.0,20,1,10,10,1,0,15,0,0,10,1,0,10,1,6.0,10,1,0,10,1,5.58,-28.62
2026-07-15,100840,SNT에너지,42.4,80,0.0,85,0,1,1,37.8,0,15,1,20.0,20,1,10,10,1,0,15,0,0,10,1,0,10,1,6.0,10,1,0,10,1,7.34,-14.09
2026-07-15,440110,파두,42.3,81,0.0,75,0,0,1,47.2,8,15,1,13.7,20,1,0,10,0,0,15,0,0,10,1,0,10,1,3.0,10,1,7,10,1,-7.76,-38.92
2026-07-15,005490,POSCO홀딩스,41.9,82,0.0,85,0,1,0,42.0,8,15,1,7.6,20,1,10,10,1,0,15,0,0,10,1,0,10,1,3.0,10,1,7,10,1,2.86,-4.45
2026-07-15,016360,삼성증권,41.9,83,0.0,85,0,0,1,48.7,8,15,1,7.6,20,1,10,10,1,0,15,0,0,10,1,0,10,1,3.0,10,1,7,10,1,-5.58,-18.72
2026-07-15,170920,엘티씨,41.9,84,0.0,75,1,1,1,58.2,4,15,1,10.4,20,1,0,10,0,0,15,0,7,10,1,0,10,1,10.0,10,1,0,10,1,-17.88,-52.92
2026-07-15,058470,리노공업,41.5,85,0.0,85,0,1,1,43.9,8,15,1,6.3,20,1,8,10,1,0,15,0,0,10,1,0,10,1,6.0,10,1,7,10,1,-5.13,-29.14
2026-07-15,044340,위닉스,41.3,86,0.0,75,0,1,1,68.9,8,15,1,0.0,20,1,0,10,0,0,15,0,7,10,1,10,10,1,6.0,10,1,0,10,1,-30.22,-19.59
2026-07-15,033160,엠케이전자,41.3,87,0.0,75,0,1,0,44.3,4,15,1,20.0,20,1,0,10,0,0,15,0,0,10,1,4,10,1,3.0,10,1,0,10,1,-9.42,-38.23
2026-07-15,001440,대한전선,40.9,88,0.0,85,0,1,0,40.1,8,15,1,6.8,20,1,10,10,1,0,15,0,0,10,1,0,10,1,3.0,10,1,7,10,1,3.51,-30.55
2026-07-15,144960,뉴파워프라즈마,40.8,89,0.0,85,0,1,1,62.5,4,15,1,10.7,20,1,10,10,1,0,15,0,0,10,1,4,10,1,6.0,10,1,0,10,1,-3.0,-24.49
2026-07-15,267260,HD현대일렉트릭,40.7,90,0.0,85,0,0,0,38.6,8,15,1,6.6,20,1,10,10,1,0,15,0,0,10,1,0,10,1,0.0,10,1,10,10,1,5.59,-29.16
2026-07-15,007660,이수페타시스,40.5,91,0.0,85,0,0,0,45.4,8,15,1,9.4,20,1,10,10,1,0,15,0,0,10,1,0,10,1,0.0,10,1,7,10,1,-8.52,-42.02
2026-07-15,071050,한국금융지주,40.1,92,0.0,85,0,1,0,51.1,8,15,1,9.1,20,1,10,10,1,0,15,0,0,10,1,0,10,1,3.0,10,1,4,10,1,-5.74,-22.68
2026-07-15,011070,LG이노텍,40.0,93,0.0,85,0,0,0,34.7,12,15,1,8.0,20,1,10,10,1,0,15,0,0,10,1,0,10,1,0.0,10,1,4,10,1,-1.31,-38.37
2026-07-15,420770,기가비스,40.0,94,0.0,85,0,0,0,56.7,4,15,1,20.0,20,1,10,10,1,0,15,0,0,10,1,0,10,1,0.0,10,1,0,10,1,-22.14,-49.61
2026-07-15,036570,NC,40.0,95,0.0,85,0,0,0,36.2,4,15,1,20.0,20,1,10,10,1,0,15,0,0,10,1,0,10,1,0.0,10,1,0,10,1,-0.66,1.1
2026-07-15,131970,두산테스나,40.0,96,0.0,85,0,0,0,39.7,4,15,1,20.0,20,1,10,10,1,0,15,0,0,10,1,0,10,1,0.0,10,1,0,10,1,-13.86,-46.43
2026-07-15,417840,저스템,40.0,97,0.0,75,0,1,1,50.3,4,15,1,20.0,20,1,0,10,0,0,15,0,0,10,1,0,10,1,6.0,10,1,0,10,1,-13.86,-45.3
2026-07-15,218410,RFHIC,40.0,98,0.0,85,0,0,0,37.0,4,15,1,20.0,20,1,10,10,1,0,15,0,0,10,1,0,10,1,0.0,10,1,0,10,1,-5.86,-31.05
2026-07-15,330860,네패스아크,40.0,99,0.0,75,0,1,1,49.7,4,15,1,20.0,20,1,0,10,0,0,15,0,0,10,1,0,10,1,6.0,10,1,0,10,1,-18.86,-51.81
2026-07-15,126340,비나텍,40.0,100,0.0,85,0,0,0,37.5,4,15,1,20.0,20,1,10,10,1,0,15,0,0,10,1,0,10,1,0.0,10,1,0,10,1,1.92,-34.86
2026-07-15,290650,엘앤씨바이오,40.0,101,0.0,85,0,0,0,42.6,4,15,1,20.0,20,1,10,10,1,0,15,0,0,10,1,0,10,1,0.0,10,1,0,10,1,-12.12,-28.27
2026-07-15,327260,RF머트리얼즈,40.0,102,0.0,75,0,1,1,44.7,4,15,1,20.0,20,1,0,10,0,0,15,0,0,10,1,0,10,1,6.0,10,1,0,10,1,0.19,-67.14
2026-07-15,200710,에이디테크놀로지,40.0,103,0.0,75,0,1,1,46.4,4,15,1,20.0,20,1,0,10,0,0,15,0,0,10,1,0,10,1,6.0,10,1,0,10,1,-12.04,-31.06
2026-07-15,445090,에이직랜드,40.0,104,0.0,85,0,1,1,50.1,0,15,1,20.0,20,1,8,10,1,0,15,0,0,10,1,0,10,1,6.0,10,1,0,10,1,-16.08,-38.54
2026-07-15,453450,그리드위즈,40.0,105,0.0,75,0,1,1,54.4,0,15,1,20.0,20,1,0,10,0,0,15,0,0,10,1,4,10,1,6.0,10,1,0,10,1,-0.38,-28.81
2026-07-15,021240,코웨이,39.8,106,0.0,85,1,1,1,56.8,4,15,1,4.8,20,1,8,10,1,0,15,0,7,10,1,0,10,1,10.0,10,1,0,10,1,-5.22,-4.7
2026-07-15,002990,금호건설,39.6,107,0.0,85,0,1,0,61.3,12,15,1,10.7,20,1,1,10,1,0,15,0,0,10,1,0,10,1,3.0,10,1,7,10,1,-15.55,-29.07
2026-07-15,064350,현대로템,39.3,108,0.0,85,0,0,0,42.0,8,15,1,10.4,20,1,8,10,1,0,15,0,0,10,1,0,10,1,0.0,10,1,7,10,1,-0.72,-28.15
2026-07-15,003160,디아이,38.8,109,0.0,85,0,0,1,43.2,0,15,1,20.0,20,1,10,10,1,0,15,0,0,10,1,0,10,1,3.0,10,1,0,10,1,-8.85,-27.12
2026-07-15,003530,한화투자증권,38.8,110,0.0,85,0,1,0,41.2,0,15,1,20.0,20,1,10,10,1,0,15,0,0,10,1,0,10,1,3.0,10,1,0,10,1,-4.52,-20.88
2026-07-15,006910,보성파워텍,38.8,111,0.0,85,0,1,0,43.3,0,15,1,20.0,20,1,10,10,1,0,15,0,0,10,1,0,10,1,3.0,10,1,0,10,1,0.87,-28.58
2026-07-15,122640,예스티,38.7,112,0.0,75,0,0,1,50.5,4,15,1,20.0,20,1,0,10,0,0,15,0,0,10,1,0,10,1,3.0,10,1,2,10,1,-21.5,-45.22
2026-07-15,322000,HD현대에너지솔루션,38.7,113,0.0,75,0,1,0,45.2,4,15,1,20.0,20,1,0,10,0,0,15,0,0,10,1,0,10,1,3.0,10,1,2,10,1,41.04,-16.86
2026-07-15,000270,기아,38.5,114,0.0,85,0,1,1,46.0,12,15,1,4.7,20,1,10,10,1,0,15,0,0,10,1,0,10,1,6.0,10,1,0,10,1,3.31,-16.69
2026-07-15,214450,파마리서치,38.5,115,0.0,85,0,0,0,52.3,8,15,1,7.7,20,1,10,10,1,0,15,0,0,10,1,0,10,1,0.0,10,1,7,10,1,9.92,6.26
2026-07-15,217590,티엠씨,38.3,116,0.0,75,0,1,1,40.6,4,15,1,8.7,20,1,0,10,0,0,15,0,0,10,1,10,10,1,6.0,10,1,0,10,1,8.23,-25.56
2026-07-15,039030,이오테크닉스,38.2,117,0.0,85,0,0,0,44.1,8,15,1,12.5,20,1,10,10,1,0,15,0,0,10,1,0,10,1,0.0,10,1,2,10,1,-14.68,-37.66
2026-07-15,032830,삼성생명,37.9,118,0.0,85,0,0,0,42.4,8,15,1,7.2,20,1,10,10,1,0,15,0,0,10,1,0,10,1,0.0,10,1,7,10,1,-2.37,-21.78
2026-07-15,207940,삼성바이오로직스,37.6,119,0.0,85,0,1,1,50.0,8,15,1,7.0,20,1,1,10,1,0,15,0,0,10,1,0,10,1,6.0,10,1,10,10,1,-0.29,10.41
2026-07-15,003670,포스코퓨처엠,37.6,120,0.0,85,0,1,0,38.9,4,15,1,20.0,20,1,3,10,1,0,15,0,0,10,1,0,10,1,3.0,10,1,2,10,1,-0.65,-15.01
2026-07-15,009420,한올바이오파마,37.6,121,0.0,85,0,0,0,48.1,4,15,1,20.0,20,1,8,10,1,0,15,0,0,10,1,0,10,1,0.0,10,1,0,10,1,-8.73,-28.31
2026-07-15,071970,HD현대마린엔진,37.5,122,0.0,85,0,1,0,44.4,4,15,1,10.9,20,1,10,10,1,0,15,0,0,10,1,4,10,1,3.0,10,1,0,10,1,16.12,-17.84
2026-07-15,093370,후성,37.3,123,0.0,75,0,0,0,44.9,4,15,1,20.0,20,1,0,10,0,0,15,0,0,10,1,0,10,1,0.0,10,1,4,10,1,-11.45,-45.65
2026-07-15,007340,DN오토모티브,37.3,124,0.0,85,0,1,1,57.6,4,15,1,4.7,20,1,10,10,1,0,15,0,0,10,1,7,10,1,6.0,10,1,0,10,1,-2.52,-7.08
2026-07-15,000020,동화약품,37.3,125,0.0,75,0,1,1,69.4,4,15,1,4.0,20,1,0,10,0,0,15,0,4,10,1,10,10,1,6.0,10,1,0,10,1,-16.47,-23.71
2026-07-15,139130,iM금융지주,37.1,126,0.0,85,0,1,0,55.4,4,15,1,10.5,20,1,10,10,1,0,15,0,4,10,1,0,10,1,3.0,10,1,0,10,1,-1.05,-8.94
2026-07-15,079550,LIG디펜스앤에어로스페이스,36.8,127,0.0,85,0,0,0,48.4,8,15,1,6.3,20,1,10,10,1,0,15,0,0,10,1,0,10,1,0.0,10,1,7,10,1,-2.77,-15.32
2026-07-15,034230,파라다이스,36.7,128,0.0,85,0,0,0,31.3,8,15,1,5.2,20,1,8,10,1,0,15,0,0,10,1,10,10,1,0.0,10,1,0,10,1,-2.58,-9.57
2026-07-15,329180,HD현대중공업,36.6,129,0.0,85,0,0,0,29.3,12,15,1,14.1,20,1,1,10,1,0,15,0,0,10,1,0,10,1,0.0,10,1,4,10,1,5.73,-4.88
2026-07-15,083650,비에이치아이,36.6,130,0.0,85,0,0,0,35.4,4,15,1,17.1,20,1,10,10,1,0,15,0,0,10,1,0,10,1,0.0,10,1,0,10,1,4.43,-23.28
2026-07-15,005690,파미셀,36.5,131,0.0,85,0,1,0,44.2,0,15,1,20.0,20,1,8,10,1,0,15,0,0,10,1,0,10,1,3.0,10,1,0,10,1,-6.68,-26.88
2026-07-15,005360,모나미,36.3,132,5.0,75,1,1,1,90.5,4,15,1,0.0,20,1,0,10,0,0,15,0,10,10,1,7,10,1,10.0,10,1,0,10,1,-42.61,-57.82
2026-07-15,139480,이마트,36.0,133,0.0,75,0,1,0,39.0,4,15,1,20.0,20,1,0,10,0,0,15,0,0,10,1,0,10,1,3.0,10,1,0,10,1,5.04,-2.02
2026-07-15,067310,하나마이크론,35.7,134,0.0,75,0,0,0,43.9,8,15,1,11.8,20,1,0,10,0,0,15,0,0,10,1,0,10,1,0.0,10,1,7,10,1,-7.78,-36.86
2026-07-15,006360,GS건설,35.7,135,0.0,75,0,1,1,49.7,4,15,1,6.8,20,1,0,10,0,0,15,0,0,10,1,0,10,1,6.0,10,1,10,10,1,19.65,-22.61
2026-07-15,376900,로킷헬스케어,35.7,136,0.0,75,0,1,1,58.3,4,15,1,9.8,20,1,0,10,0,0,15,0,0,10,1,7,10,1,6.0,10,1,0,10,1,-8.55,-49.81
2026-07-15,078930,GS,35.6,137,0.0,85,0,1,0,60.5,4,15,1,6.3,20,1,10,10,1,0,15,0,7,10,1,0,10,1,3.0,10,1,0,10,1,14.43,5.75
2026-07-15,003550,LG,35.4,138,0.0,85,0,1,1,48.1,4,15,1,8.1,20,1,10,10,1,0,15,0,0,10,1,0,10,1,6.0,10,1,2,10,1,-0.78,-5.86
2026-07-15,114090,GKL,35.3,139,0.0,85,0,0,0,28.6,4,15,1,6.0,20,1,10,10,1,0,15,0,0,10,1,10,10,1,0.0,10,1,0,10,1,4.14,1.74
2026-07-15,126640,화신정공,35.3,140,0.0,85,0,0,0,51.5,0,15,1,20.0,20,1,10,10,1,0,15,0,0,10,1,0,10,1,0.0,10,1,0,10,1,2.12,-7.1
2026-07-15,011930,신성이엔지,35.3,141,0.0,85,0,0,0,49.5,0,15,1,20.0,20,1,10,10,1,0,15,0,0,10,1,0,10,1,0.0,10,1,0,10,1,-3.22,-28.19
2026-07-15,161390,한국타이어앤테크놀로지,35.2,142,0.0,85,1,1,0,57.2,4,15,1,4.9,20,1,10,10,1,0,15,0,4,10,1,0,10,1,7.0,10,1,0,10,1,7.27,-8.95
2026-07-15,387690,레메디,35.1,143,0.0,75,0,0,1,45.1,8,15,1,15.3,20,1,0,10,0,0,15,0,0,10,1,0,10,1,3.0,10,1,0,10,1,-31.03,-51.48
2026-07-15,047810,한국항공우주,35.1,144,0.0,85,0,0,0,48.0,8,15,1,7.8,20,1,10,10,1,0,15,0,0,10,1,0,10,1,0.0,10,1,4,10,1,11.25,-18.17
2026-07-15,095340,ISC,35.1,145,0.0,85,0,1,1,43.1,4,15,1,7.8,20,1,8,10,1,0,15,0,0,10,1,0,10,1,6.0,10,1,4,10,1,-7.13,-32.81
2026-07-15,232140,와이씨,34.9,146,0.0,85,0,0,0,38.2,4,15,1,15.7,20,1,10,10,1,0,15,0,0,10,1,0,10,1,0.0,10,1,0,10,1,-10.51,-34.19
2026-07-15,003690,코리안리,34.7,147,0.0,85,1,1,1,57.4,0,15,1,5.5,20,1,10,10,1,0,15,0,4,10,1,0,10,1,10.0,10,1,0,10,1,-0.94,-2.74
2026-07-15,181710,NHN,34.7,148,0.0,75,0,1,1,49.0,0,15,1,20.0,20,1,0,10,0,0,15,0,0,10,1,0,10,1,6.0,10,1,0,10,1,1.85,-10.58
2026-07-15,318060,그래피,34.7,149,0.0,75,0,1,1,53.1,0,15,1,20.0,20,1,0,10,0,0,15,0,0,10,1,0,10,1,6.0,10,1,0,10,1,-12.47,-23.47
2026-07-15,354320,알멕,34.7,150,0.0,75,0,1,1,34.0,0,15,1,20.0,20,1,0,10,0,0,15,0,0,10,1,0,10,1,6.0,10,1,0,10,1,-5.17,-27.24
2026-07-15,189300,인텔리안테크,34.6,151,0.0,85,0,1,0,34.5,0,15,1,16.4,20,1,10,10,1,0,15,0,0,10,1,0,10,1,3.0,10,1,0,10,1,-4.77,-26.6
2026-07-15,017670,SK텔레콤,34.5,152,0.0,85,0,1,0,38.2,4,15,1,8.3,20,1,10,10,1,0,15,0,0,10,1,0,10,1,3.0,10,1,4,10,1,17.06,-8.0
2026-07-15,187420,HLB제넥스,34.3,153,0.0,75,0,0,1,46.3,0,15,1,12.7,20,1,0,10,0,0,15,0,0,10,1,10,10,1,3.0,10,1,0,10,1,-12.79,-27.74
2026-07-15,316140,우리금융지주,34.1,154,0.0,85,0,1,1,53.7,8,15,1,5.0,20,1,10,10,1,0,15,0,0,10,1,0,10,1,6.0,10,1,0,10,1,-1.28,4.47
2026-07-15,091590,남화토건,34.0,155,0.0,75,1,0,0,49.1,0,15,1,19.5,20,1,0,10,0,0,15,0,0,10,1,0,10,1,4.0,10,1,2,10,1,-20.23,-29.62
2026-07-15,254490,미래반도체,33.8,156,0.0,85,0,1,1,42.3,0,15,1,8.7,20,1,10,10,1,0,15,0,0,10,1,4,10,1,6.0,10,1,0,10,1,-9.36,-32.92
2026-07-15,272210,한화시스템,33.5,157,0.0,85,0,0,0,37.4,4,15,1,10.5,20,1,10,10,1,0,15,0,0,10,1,0,10,1,0.0,10,1,4,10,1,5.93,-16.26
2026-07-15,101160,월덱스,33.3,158,0.0,75,0,1,1,63.2,4,15,1,4.0,20,1,0,10,0,0,15,0,4,10,1,7,10,1,6.0,10,1,0,10,1,-6.61,-22.27
2026-07-15,051910,LG화학,33.2,159,0.0,85,0,1,0,39.5,4,15,1,13.2,20,1,8,10,1,0,15,0,0,10,1,0,10,1,3.0,10,1,0,10,1,2.65,-7.18
2026-07-15,237690,에스티팜,33.2,160,0.0,85,0,1,1,47.3,4,15,1,9.2,20,1,5,10,1,0,15,0,0,10,1,4,10,1,6.0,10,1,0,10,1,-4.15,-31.14
2026-07-15,000720,현대건설,33.1,161,0.0,85,0,0,0,38.8,4,15,1,12.1,20,1,10,10,1,0,15,0,0,10,1,0,10,1,0.0,10,1,2,10,1,7.4,-19.43
2026-07-15,066970,엘앤에프,33.1,162,0.0,75,0,1,0,36.7,4,15,1,17.8,20,1,0,10,0,0,15,0,0,10,1,0,10,1,3.0,10,1,0,10,1,-6.31,-29.55
2026-07-15,347700,스피어,33.1,163,0.0,75,0,1,0,41.4,4,15,1,15.8,20,1,0,10,0,0,15,0,0,10,1,0,10,1,3.0,10,1,2,10,1,-7.56,-36.83
2026-07-15,006110,삼아알미늄,32.9,164,0.0,85,0,1,0,35.7,0,15,1,20.0,20,1,5,10,1,0,15,0,0,10,1,0,10,1,3.0,10,1,0,10,1,4.15,-20.17
2026-07-15,107640,한중엔시에스,32.9,165,0.0,75,0,1,0,37.4,0,15,1,17.7,20,1,0,10,0,0,15,0,0,10,1,4,10,1,3.0,10,1,0,10,1,5.86,-19.71
2026-07-15,035720,카카오,32.7,166,0.0,75,0,1,0,42.8,8,15,1,6.5,20,1,0,10,0,0,15,0,0,10,1,0,10,1,3.0,10,1,7,10,1,6.45,3.58
2026-07-15,281820,케이씨텍,32.6,167,0.0,85,0,0,0,58.7,4,15,1,11.7,20,1,10,10,1,0,15,0,0,10,1,0,10,1,0.0,10,1,2,10,1,-17.92,-47.47
2026-07-15,000990,DB하이텍,32.2,168,0.0,85,0,0,1,42.6,4,15,1,6.4,20,1,10,10,1,0,15,0,0,10,1,0,10,1,3.0,10,1,4,10,1,-8.86,-41.06
2026-07-15,111770,영원무역,32.2,169,0.0,85,0,1,1,55.9,0,15,1,7.4,20,1,10,10,1,0,15,0,4,10,1,0,10,1,6.0,10,1,0,10,1,4.04,5.82
2026-07-15,069540,빛과전자,32.0,170,0.0,75,0,1,1,51.0,8,15,1,0.0,20,1,0,10,0,0,15,0,0,10,1,10,10,1,6.0,10,1,0,10,1,-12.57,-40.6
2026-07-15,004170,신세계,32.0,171,0.0,85,0,0,0,45.0,8,15,1,7.2,20,1,10,10,1,0,15,0,0,10,1,0,10,1,0.0,10,1,2,10,1,-10.82,-35.08
2026-07-15,006660,삼성공조,32.0,172,0.0,75,0,1,1,56.5,4,15,1,4.0,20,1,0,10,0,0,15,0,0,10,1,10,10,1,6.0,10,1,0,10,1,8.62,-17.93
2026-07-15,108490,로보티즈,32.0,173,0.0,75,0,0,0,43.7,4,15,1,20.0,20,1,0,10,0,0,15,0,0,10,1,0,10,1,0.0,10,1,0,10,1,-2.7,-28.81
2026-07-15,064290,인텍플러스,32.0,174,0.0,75,0,0,0,50.1,4,15,1,20.0,20,1,0,10,0,0,15,0,0,10,1,0,10,1,0.0,10,1,0,10,1,-15.15,-47.46
2026-07-15,097230,HJ중공업,32.0,175,0.0,75,0,0,0,34.2,4,15,1,20.0,20,1,0,10,0,0,15,0,0,10,1,0,10,1,0.0,10,1,0,10,1,0.63,-9.67
2026-07-15,012690,모나리자,32.0,176,0.0,75,0,1,1,57.2,4,15,1,4.0,20,1,0,10,0,0,15,0,0,10,1,10,10,1,6.0,10,1,0,10,1,-5.03,-19.52
2026-07-15,005860,한일사료,32.0,177,0.0,85,0,1,1,50.5,0,15,1,7.2,20,1,10,10,1,0,15,0,0,10,1,4,10,1,6.0,10,1,0,10,1,5.38,-16.53
2026-07-15,018670,SK가스,31.6,178,0.0,85,0,1,1,54.2,0,15,1,6.9,20,1,10,10,1,0,15,0,0,10,1,4,10,1,6.0,10,1,0,10,1,14.57,0.0
2026-07-15,000810,삼성화재,31.5,179,0.0,85,0,0,0,54.5,8,15,1,4.8,20,1,10,10,1,0,15,0,4,10,1,0,10,1,0.0,10,1,0,10,1,-3.48,-6.51
2026-07-15,003230,삼양식품,31.5,180,0.0,85,0,0,0,42.4,8,15,1,6.8,20,1,10,10,1,0,15,0,0,10,1,0,10,1,0.0,10,1,2,10,1,5.13,15.95
2026-07-15,052690,한전기술,31.5,181,0.0,85,0,1,0,36.6,4,15,1,9.8,20,1,10,10,1,0,15,0,0,10,1,0,10,1,3.0,10,1,0,10,1,1.16,-15.89
2026-07-15,018260,삼성에스디에스,31.3,182,0.0,75,0,1,0,48.0,8,15,1,5.5,20,1,0,10,0,0,15,0,0,10,1,0,10,1,3.0,10,1,7,10,1,9.38,-0.3
2026-07-15,267250,HD현대,31.3,183,0.0,85,0,1,0,41.4,4,15,1,9.6,20,1,10,10,1,0,15,0,0,10,1,0,10,1,3.0,10,1,0,10,1,15.46,-3.29
2026-07-15,257720,실리콘투,31.3,184,0.0,85,0,1,1,51.4,4,15,1,6.6,20,1,10,10,1,0,15,0,0,10,1,0,10,1,6.0,10,1,0,10,1,-0.27,-9.45
2026-07-15,034020,두산에너빌리티,31.2,185,0.0,85,0,0,0,34.9,12,15,1,6.5,20,1,1,10,1,0,15,0,0,10,1,0,10,1,0.0,10,1,7,10,1,0.27,-17.53
2026-07-15,034220,LG디스플레이,31.1,186,0.0,75,0,0,1,38.4,4,15,1,14.3,20,1,0,10,0,0,15,0,0,10,1,0,10,1,3.0,10,1,2,10,1,-2.24,-20.34
2026-07-15,051900,LG생활건강,31.1,187,0.0,85,0,1,0,47.2,4,15,1,9.4,20,1,10,10,1,0,15,0,0,10,1,0,10,1,3.0,10,1,0,10,1,4.2,22.69
2026-07-15,166090,하나머티리얼즈,30.9,188,0.0,85,0,1,0,47.8,4,15,1,9.3,20,1,10,10,1,0,15,0,0,10,1,0,10,1,3.0,10,1,0,10,1,-5.53,-25.47
2026-07-15,000250,삼천당제약,30.8,189,0.0,75,0,1,0,35.3,4,15,1,16.1,20,1,0,10,0,0,15,0,0,10,1,0,10,1,3.0,10,1,0,10,1,-13.31,-32.2
2026-07-15,138930,BNK금융지주,30.8,190,0.0,85,0,1,0,55.3,4,15,1,5.2,20,1,10,10,1,0,15,0,4,10,1,0,10,1,3.0,10,1,0,10,1,-2.47,-18.77
2026-07-15,019210,와이지-원,30.6,191,0.0,85,1,0,1,59.1,4,15,1,5.0,20,1,10,10,1,0,15,0,0,10,1,0,10,1,7.0,10,1,0,10,1,-16.32,-41.67
2026-07-15,010130,고려아연,30.6,192,0.0,85,0,1,0,35.6,4,15,1,9.0,20,1,10,10,1,0,15,0,0,10,1,0,10,1,3.0,10,1,0,10,1,2.25,-9.31
2026-07-15,010140,삼성중공업,30.4,193,0.0,75,0,0,0,39.5,8,15,1,7.8,20,1,0,10,0,0,15,0,0,10,1,0,10,1,0.0,10,1,7,10,1,8.24,-5.95
2026-07-15,090430,아모레퍼시픽,30.4,194,0.0,85,0,1,1,55.6,4,15,1,6.8,20,1,5,10,1,0,15,0,0,10,1,0,10,1,6.0,10,1,4,10,1,-1.49,10.93
2026-07-15,018880,한온시스템,30.4,195,0.0,85,0,0,0,39.2,4,15,1,13.8,20,1,8,10,1,0,15,0,0,10,1,0,10,1,0.0,10,1,0,10,1,7.21,-7.64
2026-07-15,004090,한국석유,30.4,196,0.0,85,0,1,1,49.2,0,15,1,9.8,20,1,10,10,1,0,15,0,0,10,1,0,10,1,6.0,10,1,0,10,1,3.72,-13.14
2026-07-15,006120,SK디스커버리,30.4,197,0.0,85,0,1,1,61.8,0,15,1,9.8,20,1,10,10,1,0,15,0,0,10,1,0,10,1,6.0,10,1,0,10,1,-4.78,-17.7
2026-07-15,161890,한국콜마,30.2,198,0.0,85,1,1,0,56.4,4,15,1,5.7,20,1,1,10,1,0,15,0,4,10,1,0,10,1,7.0,10,1,4,10,1,-4.48,-13.06
2026-07-15,005830,DB손해보험,30.1,199,0.0,75,0,1,1,64.9,8,15,1,4.6,20,1,0,10,0,0,15,0,4,10,1,0,10,1,6.0,10,1,0,10,1,1.78,0.25
2026-07-15,039490,키움증권,30.1,200,0.0,85,0,1,0,47.1,4,15,1,6.6,20,1,10,10,1,0,15,0,0,10,1,0,10,1,3.0,10,1,2,10,1,-4.98,-21.9
2026-07-16,010950,S-Oil,80.0,1,0.0,85,1,1,1,69.9,8,15,1,20.0,20,1,10,10,1,0,15,0,10,10,1,0,10,1,10.0,10,1,10,10,1,4.35,-12.15
2026-07-16,096770,SK이노베이션,76.5,2,0.0,85,0,1,1,63.3,12,15,1,20.0,20,1,10,10,1,0,15,0,0,10,1,10,10,1,6.0,10,1,7,10,1,7.17,-8.98
2026-07-16,004310,현대약품,72.9,3,0.0,85,0,1,1,62.6,12,15,1,20.0,20,1,10,10,1,0,15,0,0,10,1,10,10,1,6.0,10,1,4,10,1,-19.61,-29.47
2026-07-16,005930,삼성전자,68.2,4,0.0,85,0,0,1,40.2,15,15,1,20.0,20,1,10,10,1,0,15,0,0,10,1,0,10,1,3.0,10,1,10,10,1,-2.16,2.94
2026-07-16,089970,브이엠,65.3,5,0.0,75,1,1,1,57.1,8,15,1,20.0,20,1,0,10,0,0,15,0,4,10,1,0,10,1,10.0,10,1,7,10,1,-32.32,-39.52
2026-07-16,042660,한화오션,64.7,6,0.0,85,0,0,0,41.6,15,15,1,20.0,20,1,10,10,1,0,15,0,0,10,1,0,10,1,0.0,10,1,10,10,1,1.38,-1.73
2026-07-16,353200,대덕전자,64.7,7,0.0,85,0,1,1,51.8,12,15,1,20.0,20,1,10,10,1,0,15,0,0,10,1,0,10,1,6.0,10,1,7,10,1,-20.65,-29.86
2026-07-16,476060,온코닉테라퓨틱스,61.3,8,0.0,75,0,1,1,53.4,8,15,1,20.0,20,1,0,10,0,0,15,0,0,10,1,10,10,1,6.0,10,1,2,10,1,-24.55,-25.38
2026-07-16,005935,삼성전자우,61.2,9,0.0,85,0,0,0,40.9,15,15,1,20.0,20,1,10,10,1,0,15,0,0,10,1,0,10,1,0.0,10,1,7,10,1,2.97,11.05
2026-07-16,006400,삼성SDI,61.2,10,0.0,85,0,1,0,41.7,12,15,1,20.0,20,1,10,10,1,0,15,0,0,10,1,0,10,1,3.0,10,1,7,10,1,-1.5,-8.63
2026-07-16,037070,파세코,58.1,11,0.0,85,0,1,1,56.5,8,15,1,10.4,20,1,8,10,1,0,15,0,0,10,1,10,10,1,6.0,10,1,7,10,1,-15.19,-17.68
2026-07-16,248170,샘표식품,57.4,12,0.0,85,0,1,1,62.8,4,15,1,18.8,20,1,10,10,1,0,15,0,0,10,1,10,10,1,6.0,10,1,0,10,1,-4.18,-6.28
2026-07-16,278470,에이피알,57.2,13,0.0,85,0,1,1,51.6,8,15,1,14.6,20,1,10,10,1,0,15,0,0,10,1,0,10,1,6.0,10,1,10,10,1,-9.92,-18.58
2026-07-16,319660,피에스케이,57.1,14,0.0,85,1,1,1,58.9,8,15,1,9.5,20,1,10,10,1,0,15,0,4,10,1,0,10,1,10.0,10,1,7,10,1,-26.36,-33.67
2026-07-16,036930,주성엔지니어링,56.8,15,0.0,85,1,0,1,49.4,12,15,1,12.3,20,1,10,10,1,0,15,0,0,10,1,0,10,1,7.0,10,1,7,10,1,-24.96,-33.74
2026-07-16,042700,한미반도체,56.2,16,0.0,85,0,1,1,47.9,15,15,1,6.8,20,1,10,10,1,0,15,0,0,10,1,0,10,1,6.0,10,1,10,10,1,-17.53,-11.55
2026-07-16,000660,SK하이닉스,56.0,17,0.0,75,0,0,0,40.6,15,15,1,20.0,20,1,0,10,0,0,15,0,0,10,1,0,10,1,0.0,10,1,7,10,1,-4.51,-6.73
2026-07-16,402340,SK스퀘어,56.0,18,0.0,75,0,0,0,43.1,15,15,1,20.0,20,1,0,10,0,0,15,0,0,10,1,0,10,1,0.0,10,1,7,10,1,-8.5,-14.36
2026-07-16,240810,원익IPS,56.0,19,0.0,75,0,0,0,52.4,15,15,1,20.0,20,1,0,10,0,0,15,0,0,10,1,0,10,1,0.0,10,1,7,10,1,-28.57,-30.63
2026-07-16,122350,삼기,55.6,20,0.0,85,1,1,1,63.6,4,15,1,7.3,20,1,10,10,1,0,15,0,10,10,1,4,10,1,10.0,10,1,2,10,1,-13.84,-33.79
2026-07-16,352820,하이브,55.3,21,0.0,85,0,1,1,47.4,4,15,1,20.0,20,1,10,10,1,0,15,0,0,10,1,0,10,1,6.0,10,1,7,10,1,1.68,-19.04
2026-07-16,086790,하나금융지주,54.9,22,0.0,85,1,1,1,66.5,12,15,1,4.7,20,1,10,10,1,0,15,0,10,10,1,0,10,1,10.0,10,1,0,10,1,-3.22,-8.33
2026-07-16,058730,다스코,54.8,23,0.0,85,1,1,1,55.2,4,15,1,15.6,20,1,10,10,1,0,15,0,0,10,1,0,10,1,10.0,10,1,7,10,1,-18.6,-32.23
2026-07-16,010170,대한광통신,54.7,24,0.0,75,0,1,1,36.5,8,15,1,20.0,20,1,0,10,0,0,15,0,0,10,1,0,10,1,6.0,10,1,7,10,1,-3.69,-17.18
2026-07-16,089030,테크윙,54.7,25,0.0,75,0,1,1,49.0,8,15,1,20.0,20,1,0,10,0,0,15,0,0,10,1,0,10,1,6.0,10,1,7,10,1,-8.43,-15.75
2026-07-16,066570,LG전자,53.9,26,0.0,85,0,0,1,41.4,15,15,1,7.8,20,1,10,10,1,0,15,0,0,10,1,0,10,1,3.0,10,1,10,10,1,-5.47,-9.44
2026-07-16,089860,롯데렌탈,52.7,27,0.0,85,0,1,1,71.7,4,15,1,4.8,20,1,10,10,1,0,15,0,10,10,1,10,10,1,6.0,10,1,0,10,1,8.84,7.07
2026-07-16,009830,한화솔루션,52.0,28,0.0,75,0,0,0,34.8,8,15,1,20.0,20,1,0,10,0,0,15,0,0,10,1,4,10,1,0.0,10,1,7,10,1,8.7,-7.61
2026-07-16,214450,파마리서치,51.4,29,0.0,85,1,0,1,54.8,8,15,1,7.7,20,1,10,10,1,0,15,0,4,10,1,0,10,1,7.0,10,1,7,10,1,6.09,0.59
2026-07-16,080220,제주반도체,51.3,30,0.0,85,0,0,0,45.4,8,15,1,18.6,20,1,10,10,1,0,15,0,0,10,1,0,10,1,0.0,10,1,7,10,1,-14.16,-20.51
2026-07-16,105560,KB금융,51.2,31,0.0,85,1,1,1,63.8,12,15,1,4.5,20,1,10,10,1,0,15,0,7,10,1,0,10,1,10.0,10,1,0,10,1,-5.3,-6.96
2026-07-16,055550,신한지주,51.2,32,0.0,85,1,1,1,58.9,12,15,1,4.5,20,1,10,10,1,0,15,0,7,10,1,0,10,1,10.0,10,1,0,10,1,-3.24,-6.67
2026-07-16,373220,LG에너지솔루션,51.2,33,0.0,75,0,1,0,43.0,8,15,1,17.4,20,1,0,10,0,0,15,0,0,10,1,0,10,1,3.0,10,1,10,10,1,-1.35,-1.8
2026-07-16,017180,명문제약,50.4,34,0.0,75,0,1,1,59.0,4,15,1,17.8,20,1,0,10,0,0,15,0,0,10,1,10,10,1,6.0,10,1,0,10,1,-11.08,-21.87
2026-07-16,009540,HD한국조선해양,49.6,35,0.0,85,0,1,0,46.7,8,15,1,13.2,20,1,8,10,1,0,15,0,0,10,1,0,10,1,3.0,10,1,10,10,1,5.08,8.62
2026-07-16,475150,SK이터닉스,48.8,36,0.0,85,0,1,1,56.2,12,15,1,5.5,20,1,8,10,1,0,15,0,0,10,1,0,10,1,6.0,10,1,10,10,1,55.58,-12.6
2026-07-16,263800,데이타솔루션,48.2,37,0.0,85,1,1,0,51.2,4,15,1,20.0,20,1,10,10,1,0,15,0,0,10,1,0,10,1,7.0,10,1,0,10,1,-0.74,-13.68
2026-07-16,009150,삼성전기,48.0,38,0.0,85,0,0,0,37.4,15,15,1,8.8,20,1,10,10,1,0,15,0,0,10,1,0,10,1,0.0,10,1,7,10,1,3.84,-10.57
2026-07-16,068270,셀트리온,47.4,39,0.0,85,0,1,0,49.4,8,15,1,11.3,20,1,8,10,1,0,15,0,0,10,1,0,10,1,3.0,10,1,10,10,1,1.02,6.2
2026-07-16,047770,코데즈컴바인,47.4,40,0.0,85,0,1,1,47.0,4,15,1,10.3,20,1,10,10,1,0,15,0,0,10,1,10,10,1,6.0,10,1,0,10,1,-10.05,-18.34
2026-07-16,012450,한화에어로스페이스,47.3,41,0.0,85,0,0,0,39.6,12,15,1,8.2,20,1,10,10,1,0,15,0,0,10,1,0,10,1,0.0,10,1,10,10,1,3.82,-2.76
2026-07-16,267270,HD건설기계,47.1,42,0.0,85,0,1,1,49.2,4,15,1,20.0,20,1,10,10,1,0,15,0,0,10,1,0,10,1,6.0,10,1,0,10,1,1.84,-4.14
2026-07-16,263750,펄어비스,47.1,43,0.0,85,0,1,1,34.4,4,15,1,20.0,20,1,10,10,1,0,15,0,0,10,1,0,10,1,6.0,10,1,0,10,1,-3.66,-2.78
2026-07-16,131290,티에스이,46.9,44,0.0,85,1,1,0,59.9,4,15,1,16.9,20,1,1,10,1,0,15,0,7,10,1,0,10,1,7.0,10,1,4,10,1,-28.32,-33.95
2026-07-16,034730,SK,46.7,45,0.0,75,0,0,0,43.2,8,15,1,20.0,20,1,0,10,0,0,15,0,0,10,1,0,10,1,0.0,10,1,7,10,1,8.62,-3.97
2026-07-16,196170,알테오젠,46.7,46,0.0,75,0,0,0,36.5,8,15,1,20.0,20,1,0,10,0,0,15,0,0,10,1,0,10,1,0.0,10,1,7,10,1,8.68,11.57
2026-07-16,222800,심텍,46.7,47,0.0,75,0,0,0,45.5,8,15,1,20.0,20,1,0,10,0,0,15,0,0,10,1,0,10,1,0.0,10,1,7,10,1,-17.6,-22.81
2026-07-16,439090,마녀공장,46.7,48,0.0,75,1,1,1,60.2,4,15,1,4.0,20,1,0,10,0,0,15,0,7,10,1,10,10,1,10.0,10,1,0,10,1,-12.96,-10.18
2026-07-16,413630,씨피시스템,46.4,49,0.0,75,0,1,1,60.7,8,15,1,8.8,20,1,0,10,0,0,15,0,0,10,1,10,10,1,6.0,10,1,2,10,1,-6.85,15.03
2026-07-16,086520,에코프로,46.1,50,0.0,85,0,1,0,37.6,8,15,1,13.2,20,1,8,10,1,0,15,0,0,10,1,0,10,1,3.0,10,1,7,10,1,-2.38,-1.12
2026-07-16,047040,대우건설,46.1,51,0.0,85,0,0,0,35.1,8,15,1,14.2,20,1,10,10,1,0,15,0,0,10,1,0,10,1,0.0,10,1,7,10,1,0.99,-15.64
2026-07-16,010060,OCI홀딩스,45.9,52,0.0,85,0,1,0,41.8,4,15,1,20.0,20,1,10,10,1,0,15,0,0,10,1,0,10,1,3.0,10,1,2,10,1,28.67,-2.06
2026-07-16,005360,모나미,45.7,53,5.0,75,1,1,1,91.6,8,15,1,0.0,20,1,0,10,0,0,15,0,10,10,1,10,10,1,10.0,10,1,0,10,1,-52.95,-59.33
2026-07-16,298040,효성중공업,45.5,54,0.0,85,0,0,0,41.0,12,15,1,9.7,20,1,10,10,1,0,15,0,0,10,1,0,10,1,0.0,10,1,7,10,1,-3.87,-13.34
2026-07-16,219130,타이거일렉,45.3,55,0.0,75,1,1,1,61.4,0,15,1,20.0,20,1,0,10,0,0,15,0,4,10,1,0,10,1,10.0,10,1,0,10,1,-12.88,-22.7
2026-07-16,006800,미래에셋증권,45.2,56,0.0,85,0,1,0,39.2,8,15,1,10.4,20,1,10,10,1,0,15,0,0,10,1,0,10,1,3.0,10,1,7,10,1,-7.87,-13.73
2026-07-16,031980,피에스케이홀딩스,45.1,57,0.0,85,1,1,1,54.0,8,15,1,6.3,20,1,10,10,1,0,15,0,0,10,1,0,10,1,10.0,10,1,4,10,1,-26.15,-31.8
2026-07-16,420770,기가비스,44.7,58,0.0,85,1,0,0,54.4,4,15,1,20.0,20,1,10,10,1,0,15,0,0,10,1,0,10,1,4.0,10,1,0,10,1,-30.47,-36.43
2026-07-16,279570,케이뱅크,44.4,59,0.0,85,0,1,1,61.6,8,15,1,6.7,20,1,5,10,1,0,15,0,0,10,1,10,10,1,6.0,10,1,2,10,1,-2.66,-12.52
2026-07-16,002020,코오롱,43.5,60,0.0,85,0,0,0,27.3,0,15,1,20.0,20,1,10,10,1,0,15,0,0,10,1,7,10,1,0.0,10,1,0,10,1,-23.49,-31.76
2026-07-16,036540,SFA반도체,42.7,61,0.0,75,0,1,1,45.1,4,15,1,20.0,20,1,0,10,0,0,15,0,0,10,1,0,10,1,6.0,10,1,2,10,1,-9.25,-13.35
2026-07-16,010120,LS ELECTRIC,42.4,62,0.0,85,0,0,0,42.6,12,15,1,7.0,20,1,10,10,1,0,15,0,0,10,1,0,10,1,0.0,10,1,7,10,1,6.32,-2.74
2026-07-16,095610,테스,42.4,63,0.0,85,1,1,1,56.5,8,15,1,8.0,20,1,3,10,1,0,15,0,0,10,1,0,10,1,10.0,10,1,7,10,1,-29.95,-33.09
2026-07-16,003670,포스코퓨처엠,42.4,64,0.0,85,0,1,0,36.8,8,15,1,20.0,20,1,3,10,1,0,15,0,0,10,1,0,10,1,3.0,10,1,2,10,1,-4.07,-6.71
2026-07-16,356860,티엘비,42.4,65,0.0,85,0,0,0,31.2,4,15,1,20.0,20,1,5,10,1,0,15,0,0,10,1,7,10,1,0.0,10,1,0,10,1,-24.54,-31.07
2026-07-16,092870,엑시콘,42.4,66,0.0,85,0,1,1,39.8,0,15,1,20.0,20,1,10,10,1,0,15,0,0,10,1,0,10,1,6.0,10,1,0,10,1,-14.15,-20.52
2026-07-16,161390,한국타이어앤테크놀로지,42.2,67,0.0,85,1,1,1,60.3,4,15,1,4.9,20,1,10,10,1,0,15,0,7,10,1,0,10,1,10.0,10,1,0,10,1,-4.21,-8.15
2026-07-16,047810,한국항공우주,42.0,68,0.0,85,0,1,0,49.3,8,15,1,7.7,20,1,10,10,1,0,15,0,0,10,1,0,10,1,3.0,10,1,7,10,1,5.97,-14.68
2026-07-16,005490,POSCO홀딩스,41.9,69,0.0,85,0,1,0,41.2,8,15,1,7.6,20,1,10,10,1,0,15,0,0,10,1,0,10,1,3.0,10,1,7,10,1,0.48,0.32
2026-07-16,071950,코아스,41.5,70,0.0,75,1,1,1,70.0,0,15,1,1.1,20,1,0,10,0,0,15,0,10,10,1,10,10,1,10.0,10,1,0,10,1,-43.55,-33.04
2026-07-16,011090,에넥스,40.3,71,5.0,75,0,1,1,82.7,4,15,1,4.0,20,1,0,10,0,0,15,0,10,10,1,10,10,1,6.0,10,1,0,10,1,-53.72,-29.69
2026-07-16,005860,한일사료,40.2,72,0.0,85,0,1,1,43.9,4,15,1,7.2,20,1,10,10,1,0,15,0,0,10,1,7,10,1,6.0,10,1,0,10,1,8.71,-9.75
2026-07-16,071050,한국금융지주,40.1,73,0.0,85,0,1,0,48.9,8,15,1,9.1,20,1,10,10,1,0,15,0,0,10,1,0,10,1,3.0,10,1,4,10,1,-6.99,-9.83
2026-07-16,024940,PN풍년,40.1,74,0.0,85,0,1,1,69.3,0,15,1,8.1,20,1,10,10,1,0,15,0,0,10,1,10,10,1,6.0,10,1,0,10,1,-24.63,-29.63
2026-07-16,011070,LG이노텍,40.0,75,0.0,85,0,0,0,33.5,12,15,1,8.0,20,1,10,10,1,0,15,0,0,10,1,0,10,1,0.0,10,1,4,10,1,-6.44,-23.05
2026-07-16,043260,성호전자,40.0,76,0.0,85,0,0,0,32.6,4,15,1,20.0,20,1,10,10,1,0,15,0,0,10,1,0,10,1,0.0,10,1,0,10,1,-2.13,-16.21
2026-07-16,098460,고영,40.0,77,0.0,85,0,0,0,42.9,4,15,1,20.0,20,1,10,10,1,0,15,0,0,10,1,0,10,1,0.0,10,1,0,10,1,-2.27,3.22
2026-07-16,036570,NC,40.0,78,0.0,85,0,0,0,34.9,4,15,1,20.0,20,1,10,10,1,0,15,0,0,10,1,0,10,1,0.0,10,1,0,10,1,2.24,5.16
2026-07-16,131970,두산테스나,40.0,79,0.0,85,0,0,0,35.8,4,15,1,20.0,20,1,10,10,1,0,15,0,0,10,1,0,10,1,0.0,10,1,0,10,1,-12.08,-26.24
2026-07-16,290650,엘앤씨바이오,40.0,80,0.0,85,0,0,0,41.9,4,15,1,20.0,20,1,10,10,1,0,15,0,0,10,1,0,10,1,0.0,10,1,0,10,1,-20.85,-26.9
2026-07-16,004710,한솔테크닉스,40.0,81,0.0,85,0,0,0,47.0,4,15,1,20.0,20,1,10,10,1,0,15,0,0,10,1,0,10,1,0.0,10,1,0,10,1,-24.18,-28.09
2026-07-16,008770,호텔신라,40.0,82,0.0,85,0,0,0,42.6,4,15,1,20.0,20,1,10,10,1,0,15,0,0,10,1,0,10,1,0.0,10,1,0,10,1,-1.46,-8.89
2026-07-16,218410,RFHIC,40.0,83,0.0,85,0,0,0,33.1,4,15,1,20.0,20,1,10,10,1,0,15,0,0,10,1,0,10,1,0.0,10,1,0,10,1,-2.59,-7.68
2026-07-16,200710,에이디테크놀로지,40.0,84,0.0,75,0,1,1,42.7,4,15,1,20.0,20,1,0,10,0,0,15,0,0,10,1,0,10,1,6.0,10,1,0,10,1,-11.73,-9.01
2026-07-16,417840,저스템,40.0,85,0.0,75,0,1,1,46.4,4,15,1,20.0,20,1,0,10,0,0,15,0,0,10,1,0,10,1,6.0,10,1,0,10,1,-17.52,-25.29
2026-07-16,000810,삼성화재,39.8,86,0.0,85,1,1,0,60.8,8,15,1,4.8,20,1,10,10,1,0,15,0,4,10,1,0,10,1,7.0,10,1,0,10,1,-8.13,-9.84
2026-07-16,021240,코웨이,39.8,87,0.0,85,1,1,1,58.2,4,15,1,4.8,20,1,8,10,1,0,15,0,7,10,1,0,10,1,10.0,10,1,0,10,1,-5.07,-5.38
2026-07-16,460930,현대힘스,39.8,88,0.0,85,0,1,1,45.7,4,15,1,5.8,20,1,8,10,1,0,15,0,0,10,1,10,10,1,6.0,10,1,0,10,1,31.38,12.44
2026-07-16,000400,롯데손해보험,39.8,89,0.0,85,0,1,1,65.3,0,15,1,9.8,20,1,10,10,1,0,15,0,4,10,1,4,10,1,6.0,10,1,0,10,1,-8.03,-23.57
2026-07-16,294870,IPARK현대산업개발,39.5,90,0.0,85,0,1,0,44.8,4,15,1,9.6,20,1,10,10,1,0,15,0,0,10,1,7,10,1,3.0,10,1,0,10,1,13.7,10.09
2026-07-16,017670,SK텔레콤,39.2,91,0.0,85,0,1,0,47.9,8,15,1,8.3,20,1,10,10,1,0,15,0,0,10,1,0,10,1,3.0,10,1,4,10,1,11.48,-9.25
2026-07-16,078930,GS,39.2,92,0.0,85,0,1,0,61.7,4,15,1,6.3,20,1,10,10,1,0,15,0,10,10,1,0,10,1,3.0,10,1,0,10,1,15.1,7.49
2026-07-16,032350,롯데관광개발,39.1,93,0.0,75,0,0,0,25.3,4,15,1,18.3,20,1,0,10,0,0,15,0,0,10,1,7,10,1,0.0,10,1,0,10,1,0.52,0.52
2026-07-16,126640,화신정공,38.8,94,0.0,85,0,0,1,55.1,0,15,1,20.0,20,1,10,10,1,0,15,0,0,10,1,0,10,1,3.0,10,1,0,10,1,-7.21,-9.07
2026-07-16,456040,OCI,38.8,95,0.0,85,0,1,0,44.7,0,15,1,20.0,20,1,10,10,1,0,15,0,0,10,1,0,10,1,3.0,10,1,0,10,1,-14.59,-23.27
2026-07-16,005070,코스모신소재,38.8,96,0.0,85,0,1,0,42.7,0,15,1,20.0,20,1,10,10,1,0,15,0,0,10,1,0,10,1,3.0,10,1,0,10,1,-6.93,-13.47
2026-07-16,077360,덕산하이메탈,38.8,97,0.0,85,0,1,0,42.0,0,15,1,20.0,20,1,10,10,1,0,15,0,0,10,1,0,10,1,3.0,10,1,0,10,1,-8.18,-5.71
2026-07-16,003530,한화투자증권,38.8,98,0.0,85,0,1,0,38.8,0,15,1,20.0,20,1,10,10,1,0,15,0,0,10,1,0,10,1,3.0,10,1,0,10,1,-4.69,-7.37
2026-07-16,073490,LIG아큐버,38.8,99,0.0,85,0,1,0,47.4,0,15,1,20.0,20,1,10,10,1,0,15,0,0,10,1,0,10,1,3.0,10,1,0,10,1,0.89,-6.03
2026-07-16,006910,보성파워텍,38.8,100,0.0,85,0,1,0,40.1,0,15,1,20.0,20,1,10,10,1,0,15,0,0,10,1,0,10,1,3.0,10,1,0,10,1,0.31,-11.27
2026-07-16,000020,동화약품,38.7,101,0.0,75,0,1,0,61.2,8,15,1,4.0,20,1,0,10,0,0,15,0,4,10,1,10,10,1,3.0,10,1,0,10,1,-14.2,-18.47
2026-07-16,247540,에코프로비엠,38.7,102,0.0,75,0,1,0,34.7,4,15,1,20.0,20,1,0,10,0,0,15,0,0,10,1,0,10,1,3.0,10,1,2,10,1,-3.65,-7.92
2026-07-16,000270,기아,38.5,103,0.0,85,0,1,1,49.7,12,15,1,4.7,20,1,10,10,1,0,15,0,0,10,1,0,10,1,6.0,10,1,0,10,1,-12.83,-11.89
2026-07-16,002990,금호건설,38.5,104,0.0,85,0,1,1,53.1,8,15,1,10.7,20,1,1,10,1,0,15,0,0,10,1,0,10,1,6.0,10,1,7,10,1,-6.88,-16.42
2026-07-16,002680,한탑,38.5,105,0.0,65,0,0,0,,4,15,1,4.0,20,1,0,10,0,0,15,0,10,10,1,7,10,1,0.0,10,0,0,10,1,-15.84,-31.65
2026-07-16,039030,이오테크닉스,38.2,106,0.0,85,0,0,0,39.1,8,15,1,12.5,20,1,10,10,1,0,15,0,0,10,1,0,10,1,0.0,10,1,2,10,1,-13.23,-13.95
2026-07-16,403870,HPSP,38.0,107,0.0,85,0,0,0,44.1,8,15,1,6.3,20,1,8,10,1,0,15,0,0,10,1,0,10,1,0.0,10,1,10,10,1,-16.12,-18.59
2026-07-16,032830,삼성생명,37.9,108,0.0,85,0,0,0,41.3,8,15,1,7.2,20,1,10,10,1,0,15,0,0,10,1,0,10,1,0.0,10,1,7,10,1,-3.93,-5.89
2026-07-16,051910,LG화학,37.9,109,0.0,85,0,1,0,38.3,8,15,1,13.2,20,1,8,10,1,0,15,0,0,10,1,0,10,1,3.0,10,1,0,10,1,-0.58,-0.96
2026-07-16,170920,엘티씨,37.9,110,0.0,75,1,1,1,56.5,4,15,1,10.4,20,1,0,10,0,0,15,0,4,10,1,0,10,1,10.0,10,1,0,10,1,-27.55,-37.18
2026-07-16,207940,삼성바이오로직스,37.6,111,0.0,85,0,1,1,51.4,8,15,1,7.0,20,1,1,10,1,0,15,0,0,10,1,0,10,1,6.0,10,1,10,10,1,8.74,6.38
2026-07-16,009420,한올바이오파마,37.6,112,0.0,85,0,0,0,46.1,4,15,1,20.0,20,1,8,10,1,0,15,0,0,10,1,0,10,1,0.0,10,1,0,10,1,-11.74,-17.8
2026-07-16,001440,대한전선,37.5,113,0.0,85,0,1,0,36.6,8,15,1,6.9,20,1,10,10,1,0,15,0,0,10,1,0,10,1,3.0,10,1,4,10,1,1.44,-16.25
2026-07-16,006660,삼성공조,37.3,114,0.0,75,0,1,1,65.8,8,15,1,4.0,20,1,0,10,0,0,15,0,0,10,1,10,10,1,6.0,10,1,0,10,1,-8.32,-20.54
2026-07-16,049080,기가레인,37.3,115,0.0,75,0,1,1,77.9,8,15,1,0.0,20,1,0,10,0,0,15,0,4,10,1,10,10,1,6.0,10,1,0,10,1,-30.82,-34.99
2026-07-16,012690,모나리자,37.3,116,0.0,75,0,1,1,73.5,4,15,1,4.0,20,1,0,10,0,0,15,0,4,10,1,10,10,1,6.0,10,1,0,10,1,-33.59,-35.99
2026-07-16,093370,후성,37.3,117,0.0,75,0,0,0,42.4,4,15,1,20.0,20,1,0,10,0,0,15,0,0,10,1,0,10,1,0.0,10,1,4,10,1,-12.49,-23.01
2026-07-16,267260,HD현대일렉트릭,37.2,118,0.0,85,0,0,0,36.8,8,15,1,6.6,20,1,10,10,1,0,15,0,0,10,1,0,10,1,0.0,10,1,7,10,1,1.63,-14.18
2026-07-16,272210,한화시스템,37.1,119,0.0,85,0,1,0,37.1,4,15,1,10.5,20,1,10,10,1,0,15,0,0,10,1,0,10,1,3.0,10,1,4,10,1,4.12,-4.58
2026-07-16,139130,iM금융지주,37.1,120,0.0,85,0,1,0,57.8,4,15,1,10.5,20,1,10,10,1,0,15,0,4,10,1,0,10,1,3.0,10,1,0,10,1,-0.87,-7.93
2026-07-16,007660,이수페타시스,36.9,121,0.0,85,0,0,0,40.1,8,15,1,9.4,20,1,10,10,1,0,15,0,0,10,1,0,10,1,0.0,10,1,4,10,1,-5.43,-19.02
2026-07-16,440110,파두,36.9,122,0.0,75,0,0,1,41.4,4,15,1,13.7,20,1,0,10,0,0,15,0,0,10,1,0,10,1,3.0,10,1,7,10,1,-8.38,-9.94
2026-07-16,111770,영원무역,36.9,123,0.0,85,0,1,1,59.8,4,15,1,7.4,20,1,10,10,1,0,15,0,4,10,1,0,10,1,6.0,10,1,0,10,1,0.92,2.88
2026-07-16,079550,LIG디펜스앤에어로스페이스,36.8,124,0.0,85,0,0,0,47.6,8,15,1,6.3,20,1,10,10,1,0,15,0,0,10,1,0,10,1,0.0,10,1,7,10,1,1.74,-6.68
2026-07-16,058470,리노공업,36.8,125,0.0,85,0,1,1,38.7,4,15,1,6.3,20,1,8,10,1,0,15,0,0,10,1,0,10,1,6.0,10,1,7,10,1,-5.12,-11.34
2026-07-16,487580,폴레드,36.8,126,0.0,75,0,1,1,41.3,4,15,1,7.6,20,1,0,10,0,0,15,0,0,10,1,10,10,1,6.0,10,1,0,10,1,-13.73,-16.37
2026-07-16,329180,HD현대중공업,36.6,127,0.0,85,0,0,0,33.0,12,15,1,14.1,20,1,1,10,1,0,15,0,0,10,1,0,10,1,0.0,10,1,4,10,1,0.31,-0.62
2026-07-16,083650,비에이치아이,36.6,128,0.0,85,0,0,0,33.3,4,15,1,17.1,20,1,10,10,1,0,15,0,0,10,1,0,10,1,0.0,10,1,0,10,1,5.04,-5.51
2026-07-16,003490,대한항공,36.5,129,0.0,75,0,0,0,46.0,8,15,1,9.4,20,1,0,10,0,0,15,0,0,10,1,0,10,1,0.0,10,1,10,10,1,-3.96,-2.26
2026-07-16,005690,파미셀,36.5,130,0.0,85,0,1,0,39.4,0,15,1,20.0,20,1,8,10,1,0,15,0,0,10,1,0,10,1,3.0,10,1,0,10,1,-4.51,-8.66
2026-07-16,033780,KT&G,36.1,131,0.0,85,0,1,1,53.9,8,15,1,4.7,20,1,8,10,1,0,15,0,4,10,1,0,10,1,6.0,10,1,0,10,1,1.5,-0.44
2026-07-16,144960,뉴파워프라즈마,36.1,132,0.0,85,0,1,1,54.7,4,15,1,10.7,20,1,10,10,1,0,15,0,0,10,1,0,10,1,6.0,10,1,0,10,1,5.45,7.06
2026-07-16,322000,HD현대에너지솔루션,36.0,133,0.0,75,0,1,0,41.0,4,15,1,20.0,20,1,0,10,0,0,15,0,0,10,1,0,10,1,3.0,10,1,0,10,1,48.96,1.82
2026-07-16,033160,엠케이전자,36.0,134,0.0,75,0,1,0,39.7,4,15,1,20.0,20,1,0,10,0,0,15,0,0,10,1,0,10,1,3.0,10,1,0,10,1,-8.23,-9.61
2026-07-16,139480,이마트,36.0,135,0.0,75,0,1,0,39.8,4,15,1,20.0,20,1,0,10,0,0,15,0,0,10,1,0,10,1,3.0,10,1,0,10,1,3.26,0.13
2026-07-16,330860,네패스아크,36.0,136,0.0,75,0,1,0,45.8,4,15,1,20.0,20,1,0,10,0,0,15,0,0,10,1,0,10,1,3.0,10,1,0,10,1,-20.81,-34.08
2026-07-16,064350,현대로템,35.8,137,0.0,85,0,0,0,39.0,8,15,1,10.4,20,1,5,10,1,0,15,0,0,10,1,0,10,1,0.0,10,1,7,10,1,-0.38,-15.91
2026-07-16,067310,하나마이크론,35.7,138,0.0,75,0,0,0,39.0,8,15,1,11.8,20,1,0,10,0,0,15,0,0,10,1,0,10,1,0.0,10,1,7,10,1,-7.13,-16.92
2026-07-16,033250,체시스,35.5,139,0.0,85,0,1,0,52.3,0,15,1,7.2,20,1,10,10,1,0,15,0,0,10,1,10,10,1,3.0,10,1,0,10,1,1.76,-5.01
2026-07-16,000720,현대건설,35.4,140,0.0,85,0,0,0,37.6,8,15,1,12.1,20,1,10,10,1,0,15,0,0,10,1,0,10,1,0.0,10,1,0,10,1,7.27,-4.44
2026-07-16,053800,안랩,35.4,141,0.0,85,0,1,0,37.2,4,15,1,5.1,20,1,8,10,1,0,15,0,0,10,1,10,10,1,3.0,10,1,0,10,1,3.05,1.15
2026-07-16,950160,코오롱티슈진,35.3,142,0.0,75,0,0,0,30.2,8,15,1,8.5,20,1,0,10,0,0,15,0,0,10,1,10,10,1,0.0,10,1,0,10,1,-75.85,-79.07
2026-07-16,018260,삼성에스디에스,35.3,143,0.0,75,0,1,1,48.0,8,15,1,5.5,20,1,0,10,0,0,15,0,0,10,1,0,10,1,6.0,10,1,7,10,1,5.12,3.36
2026-07-16,126340,비나텍,35.3,144,0.0,85,0,0,0,35.4,0,15,1,20.0,20,1,10,10,1,0,15,0,0,10,1,0,10,1,0.0,10,1,0,10,1,0.97,-8.28
2026-07-16,089890,코세스,35.3,145,0.0,85,0,0,0,37.7,0,15,1,20.0,20,1,10,10,1,0,15,0,0,10,1,0,10,1,0.0,10,1,0,10,1,4.84,-17.05
2026-07-16,011930,신성이엔지,35.3,146,0.0,85,0,0,0,47.4,0,15,1,20.0,20,1,10,10,1,0,15,0,0,10,1,0,10,1,0.0,10,1,0,10,1,1.9,-10.76
2026-07-16,281820,케이씨텍,34.9,147,0.0,85,1,0,0,56.1,4,15,1,11.7,20,1,10,10,1,0,15,0,0,10,1,0,10,1,4.0,10,1,0,10,1,-25.5,-30.75
2026-07-16,267250,HD현대,34.8,148,0.0,85,0,1,1,43.9,4,15,1,9.6,20,1,10,10,1,0,15,0,0,10,1,0,10,1,6.0,10,1,0,10,1,8.8,-2.4
2026-07-16,178320,서진시스템,34.7,149,0.0,75,0,0,0,35.3,4,15,1,20.0,20,1,0,10,0,0,15,0,0,10,1,0,10,1,0.0,10,1,2,10,1,-0.76,-16.03
2026-07-16,051900,LG생활건강,34.6,150,0.0,85,0,1,1,52.6,4,15,1,9.4,20,1,10,10,1,0,15,0,0,10,1,0,10,1,6.0,10,1,0,10,1,0.81,16.43
2026-07-16,010140,삼성중공업,34.4,151,0.0,75,0,1,0,42.1,8,15,1,7.8,20,1,0,10,0,0,15,0,0,10,1,0,10,1,3.0,10,1,7,10,1,2.69,-4.26
2026-07-16,028300,HLB,34.1,152,0.0,75,0,0,1,39.1,12,15,1,0.6,20,1,0,10,0,0,15,0,0,10,1,10,10,1,3.0,10,1,0,10,1,-11.33,-13.31
2026-07-16,316140,우리금융지주,34.1,153,0.0,85,0,1,1,54.7,8,15,1,5.0,20,1,10,10,1,0,15,0,0,10,1,0,10,1,6.0,10,1,0,10,1,-2.06,6.67
2026-07-16,232140,와이씨,33.8,154,0.0,85,0,1,0,34.4,0,15,1,15.7,20,1,10,10,1,0,15,0,0,10,1,0,10,1,3.0,10,1,0,10,1,-9.02,-13.43
2026-07-16,016360,삼성증권,33.6,155,0.0,85,0,0,0,46.4,4,15,1,7.6,20,1,10,10,1,0,15,0,0,10,1,0,10,1,0.0,10,1,7,10,1,-6.87,-7.34
2026-07-16,002700,신일전자,33.6,156,0.0,85,0,1,1,47.9,4,15,1,5.6,20,1,1,10,1,0,15,0,0,10,1,10,10,1,6.0,10,1,2,10,1,-6.99,-5.66
2026-07-16,119850,지엔씨에너지,33.6,157,0.0,75,0,1,1,69.5,4,15,1,8.2,20,1,0,10,0,0,15,0,0,10,1,7,10,1,6.0,10,1,0,10,1,33.43,7.81
2026-07-16,000990,DB하이텍,33.4,158,0.0,85,0,0,0,37.8,8,15,1,6.4,20,1,10,10,1,0,15,0,0,10,1,0,10,1,0.0,10,1,4,10,1,-8.76,-24.18
2026-07-16,003280,흥아해운,33.3,159,0.0,75,0,1,1,46.5,8,15,1,4.0,20,1,0,10,0,0,15,0,0,10,1,7,10,1,6.0,10,1,0,10,1,6.56,-6.79
2026-07-16,066970,엘앤에프,33.1,160,0.0,75,0,1,0,35.3,4,15,1,17.8,20,1,0,10,0,0,15,0,0,10,1,0,10,1,3.0,10,1,0,10,1,-10.98,-20.33
2026-07-16,241710,코스메카코리아,32.9,161,0.0,85,0,1,1,58.2,4,15,1,6.0,20,1,8,10,1,0,15,0,4,10,1,0,10,1,6.0,10,1,0,10,1,-4.83,-7.08
2026-07-16,006110,삼아알미늄,32.9,162,0.0,85,0,1,0,37.1,0,15,1,20.0,20,1,5,10,1,0,15,0,0,10,1,0,10,1,3.0,10,1,0,10,1,-4.61,-14.94
2026-07-16,419050,삼기에너지솔루션즈,32.8,163,0.0,85,0,0,0,47.0,4,15,1,13.9,20,1,10,10,1,0,15,0,0,10,1,0,10,1,0.0,10,1,0,10,1,-13.74,-24.33
2026-07-16,071970,HD현대마린엔진,32.8,164,0.0,85,0,1,0,43.8,4,15,1,10.9,20,1,10,10,1,0,15,0,0,10,1,0,10,1,3.0,10,1,0,10,1,17.36,-14.15
2026-07-16,035720,카카오,32.7,165,0.0,75,0,1,0,47.4,8,15,1,6.5,20,1,0,10,0,0,15,0,0,10,1,0,10,1,3.0,10,1,7,10,1,0.84,4.18
2026-07-16,091590,남화토건,32.7,166,0.0,75,0,0,1,45.0,0,15,1,19.5,20,1,0,10,0,0,15,0,0,10,1,0,10,1,3.0,10,1,2,10,1,-18.49,-25.21
2026-07-16,012330,현대모비스,32.6,167,0.0,85,0,1,0,41.9,12,15,1,4.7,20,1,8,10,1,0,15,0,0,10,1,0,10,1,3.0,10,1,0,10,1,0.0,-1.24
2026-07-16,034220,LG디스플레이,32.4,168,0.0,75,0,0,0,36.1,8,15,1,14.3,20,1,0,10,0,0,15,0,0,10,1,0,10,1,0.0,10,1,2,10,1,-5.86,-11.53
2026-07-16,006260,LS,32.0,169,0.0,85,0,0,0,35.7,8,15,1,7.2,20,1,10,10,1,0,15,0,0,10,1,0,10,1,0.0,10,1,2,10,1,6.6,-7.29
2026-07-16,042110,에스씨디,32.0,170,0.0,75,0,1,1,61.2,4,15,1,4.0,20,1,0,10,0,0,15,0,0,10,1,10,10,1,6.0,10,1,0,10,1,-7.43,-15.08
2026-07-16,044340,위닉스,32.0,171,0.0,75,0,1,1,63.0,4,15,1,0.0,20,1,0,10,0,0,15,0,4,10,1,10,10,1,6.0,10,1,0,10,1,-2.87,-4.46
2026-07-16,108490,로보티즈,32.0,172,0.0,75,0,0,0,39.0,4,15,1,20.0,20,1,0,10,0,0,15,0,0,10,1,0,10,1,0.0,10,1,0,10,1,-4.25,-8.05
2026-07-16,004540,깨끗한나라,32.0,173,0.0,75,0,1,1,74.1,4,15,1,0.0,20,1,0,10,0,0,15,0,4,10,1,10,10,1,6.0,10,1,0,10,1,-35.45,-41.69
2026-07-16,255220,SG,32.0,174,0.0,75,0,1,0,38.9,4,15,1,10.0,20,1,0,10,0,0,15,0,0,10,1,7,10,1,3.0,10,1,0,10,1,-17.21,-17.42
2026-07-16,097230,HJ중공업,32.0,175,0.0,75,0,0,0,33.7,4,15,1,20.0,20,1,0,10,0,0,15,0,0,10,1,0,10,1,0.0,10,1,0,10,1,3.28,0.9
2026-07-16,122640,예스티,32.0,176,0.0,75,0,0,0,46.7,4,15,1,20.0,20,1,0,10,0,0,15,0,0,10,1,0,10,1,0.0,10,1,0,10,1,-24.35,-25.22
2026-07-16,003550,LG,31.9,177,0.0,85,0,1,0,44.2,4,15,1,8.1,20,1,10,10,1,0,15,0,0,10,1,0,10,1,3.0,10,1,2,10,1,-0.91,2.33
2026-07-16,230240,에치에프알,31.8,178,0.0,85,0,1,0,38.8,0,15,1,16.0,20,1,8,10,1,0,15,0,0,10,1,0,10,1,3.0,10,1,0,10,1,-3.69,-14.74
2026-07-16,006360,GS건설,31.7,179,0.0,75,0,1,1,46.3,4,15,1,6.8,20,1,0,10,0,0,15,0,0,10,1,0,10,1,6.0,10,1,7,10,1,10.81,-14.1
2026-07-16,252990,샘씨엔에스,31.6,180,0.0,75,0,1,1,57.2,4,15,1,13.7,20,1,0,10,0,0,15,0,0,10,1,0,10,1,6.0,10,1,0,10,1,-6.79,-24.64
2026-07-16,095340,ISC,31.5,181,0.0,85,0,1,0,38.4,4,15,1,7.8,20,1,8,10,1,0,15,0,0,10,1,0,10,1,3.0,10,1,4,10,1,-7.17,-10.62
2026-07-16,052690,한전기술,31.5,182,0.0,85,0,1,0,35.5,4,15,1,9.8,20,1,10,10,1,0,15,0,0,10,1,0,10,1,3.0,10,1,0,10,1,6.9,-3.99
2026-07-16,102940,코오롱생명과학,31.5,183,0.0,75,0,0,0,28.0,0,15,1,13.6,20,1,0,10,0,0,15,0,0,10,1,10,10,1,0.0,10,1,0,10,1,-46.57,-55.69
2026-07-16,257720,실리콘투,31.3,184,0.0,85,0,1,1,49.9,4,15,1,6.6,20,1,10,10,1,0,15,0,0,10,1,0,10,1,6.0,10,1,0,10,1,-2.22,-5.83
2026-07-16,002790,아모레퍼시픽홀딩스,31.2,185,0.0,85,0,1,1,57.6,0,15,1,6.5,20,1,10,10,1,0,15,0,0,10,1,4,10,1,6.0,10,1,0,10,1,-3.2,2.0
2026-07-16,011780,금호석유화학,31.1,186,0.0,85,0,1,1,53.5,4,15,1,6.4,20,1,10,10,1,0,15,0,0,10,1,0,10,1,6.0,10,1,0,10,1,0.73,-7.37
2026-07-16,166090,하나머티리얼즈,30.9,187,0.0,85,0,1,0,44.6,4,15,1,9.3,20,1,10,10,1,0,15,0,0,10,1,0,10,1,3.0,10,1,0,10,1,0.18,-3.66
2026-07-16,000250,삼천당제약,30.8,188,0.0,75,0,1,0,33.6,4,15,1,16.1,20,1,0,10,0,0,15,0,0,10,1,0,10,1,3.0,10,1,0,10,1,-19.17,-18.74
2026-07-16,138930,BNK금융지주,30.8,189,0.0,85,0,1,0,56.2,4,15,1,5.2,20,1,10,10,1,0,15,0,4,10,1,0,10,1,3.0,10,1,0,10,1,-1.58,-17.24
2026-07-16,001450,현대해상,30.7,190,0.0,75,1,1,1,56.4,4,15,1,5.0,20,1,0,10,0,0,15,0,4,10,1,0,10,1,10.0,10,1,0,10,1,5.35,0.39
2026-07-16,327260,RF머트리얼즈,30.7,191,0.0,75,0,1,0,39.4,0,15,1,20.0,20,1,0,10,0,0,15,0,0,10,1,0,10,1,3.0,10,1,0,10,1,-51.2,-51.41
2026-07-16,019210,와이지-원,30.6,192,0.0,85,1,0,1,56.7,4,15,1,5.0,20,1,10,10,1,0,15,0,0,10,1,0,10,1,7.0,10,1,0,10,1,-20.39,-26.8
2026-07-16,010130,고려아연,30.6,193,0.0,85,0,1,0,37.0,4,15,1,9.0,20,1,10,10,1,0,15,0,0,10,1,0,10,1,3.0,10,1,0,10,1,4.47,-2.92
2026-07-16,090430,아모레퍼시픽,30.4,194,0.0,85,0,1,1,59.0,4,15,1,6.8,20,1,5,10,1,0,15,0,0,10,1,0,10,1,6.0,10,1,4,10,1,-5.14,4.5
2026-07-16,347700,스피어,30.4,195,0.0,75,0,1,0,39.1,4,15,1,15.8,20,1,0,10,0,0,15,0,0,10,1,0,10,1,3.0,10,1,0,10,1,-9.53,-18.48
2026-07-16,018880,한온시스템,30.4,196,0.0,85,0,0,0,38.5,4,15,1,13.8,20,1,8,10,1,0,15,0,0,10,1,0,10,1,0.0,10,1,0,10,1,1.29,-5.3
2026-07-16,004090,한국석유,30.4,197,0.0,85,0,1,1,41.9,0,15,1,9.8,20,1,10,10,1,0,15,0,0,10,1,0,10,1,6.0,10,1,0,10,1,7.12,-6.95
2026-07-16,005830,DB손해보험,30.1,198,0.0,75,0,1,1,65.3,8,15,1,4.6,20,1,0,10,0,0,15,0,4,10,1,0,10,1,6.0,10,1,0,10,1,3.01,-3.68
2026-07-16,039490,키움증권,30.1,199,0.0,85,0,1,0,45.2,4,15,1,6.6,20,1,10,10,1,0,15,0,0,10,1,0,10,1,3.0,10,1,2,10,1,-7.3,-8.85
2026-07-16,004020,현대제철,30.1,200,0.0,85,0,1,0,35.4,4,15,1,8.6,20,1,10,10,1,0,15,0,0,10,1,0,10,1,3.0,10,1,0,10,1,4.52,-0.75
2026-07-20,010950,S-Oil,80.0,1,0.0,85,1,1,1,70.8,8,15,1,20.0,20,1,10,10,1,0,15,0,10,10,1,0,10,1,10.0,10,1,10,10,1,-7.02,-17.04
2026-07-20,317400,자이에스앤디,75.3,2,0.0,85,1,1,1,69.6,4,15,1,20.0,20,1,10,10,1,0,15,0,10,10,1,10,10,1,10.0,10,1,0,10,1,28.18,21.27
2026-07-20,457600,벡트,72.0,3,0.0,75,1,1,1,66.9,4,15,1,20.0,20,1,0,10,0,0,15,0,10,10,1,10,10,1,10.0,10,1,0,10,1,2.94,13.93
2026-07-20,475150,SK이터닉스,66.5,4,0.0,85,1,1,1,59.9,15,15,1,5.5,20,1,8,10,1,0,15,0,4,10,1,4,10,1,10.0,10,1,10,10,1,2.15,-16.73
2026-07-20,005930,삼성전자,64.7,5,0.0,85,0,0,0,38.3,15,15,1,20.0,20,1,10,10,1,0,15,0,0,10,1,0,10,1,0.0,10,1,10,10,1,4.1,-1.84
2026-07-20,353200,대덕전자,64.7,6,0.0,85,0,1,1,44.7,12,15,1,20.0,20,1,10,10,1,0,15,0,0,10,1,0,10,1,6.0,10,1,7,10,1,-9.36,-19.88
2026-07-20,219130,타이거일렉,64.0,7,0.0,75,1,1,1,62.2,4,15,1,20.0,20,1,0,10,0,0,15,0,7,10,1,7,10,1,10.0,10,1,0,10,1,-15.85,-22.14
2026-07-20,005935,삼성전자우,61.2,8,0.0,85,0,0,0,40.1,15,15,1,20.0,20,1,10,10,1,0,15,0,0,10,1,0,10,1,0.0,10,1,7,10,1,6.26,5.2
2026-07-20,006400,삼성SDI,61.2,9,0.0,85,0,1,0,36.4,12,15,1,20.0,20,1,10,10,1,0,15,0,0,10,1,0,10,1,3.0,10,1,7,10,1,7.48,-2.87
2026-07-20,096770,SK이노베이션,60.0,10,0.0,85,0,1,1,58.6,8,15,1,20.0,20,1,10,10,1,0,15,0,0,10,1,0,10,1,6.0,10,1,7,10,1,-0.17,-7.61
2026-07-20,058730,다스코,59.5,11,0.0,85,1,1,1,53.5,8,15,1,15.6,20,1,10,10,1,0,15,0,0,10,1,0,10,1,10.0,10,1,7,10,1,-18.58,-31.54
2026-07-20,042660,한화오션,57.6,12,0.0,85,0,0,0,39.6,12,15,1,20.0,20,1,10,10,1,0,15,0,0,10,1,0,10,1,0.0,10,1,7,10,1,6.73,-0.24
2026-07-20,278470,에이피알,57.2,13,0.0,85,0,1,1,45.2,8,15,1,14.6,20,1,10,10,1,0,15,0,0,10,1,0,10,1,6.0,10,1,10,10,1,-3.67,-8.15
2026-07-20,010060,OCI홀딩스,56.5,14,0.0,85,0,1,1,43.2,8,15,1,20.0,20,1,10,10,1,0,15,0,0,10,1,0,10,1,6.0,10,1,4,10,1,3.15,-1.4
2026-07-20,263800,데이타솔루션,56.5,15,0.0,85,1,1,0,53.0,4,15,1,20.0,20,1,10,10,1,0,15,0,0,10,1,7,10,1,7.0,10,1,0,10,1,0.54,-15.45
2026-07-20,004310,현대약품,56.5,16,0.0,85,0,1,1,50.6,4,15,1,20.0,20,1,10,10,1,0,15,0,0,10,1,4,10,1,6.0,10,1,4,10,1,-7.23,-13.02
2026-07-20,000660,SK하이닉스,56.0,17,0.0,75,0,0,0,39.0,15,15,1,20.0,20,1,0,10,0,0,15,0,0,10,1,0,10,1,0.0,10,1,7,10,1,2.95,-11.17
2026-07-20,402340,SK스퀘어,56.0,18,0.0,75,0,0,0,42.1,15,15,1,20.0,20,1,0,10,0,0,15,0,0,10,1,0,10,1,0.0,10,1,7,10,1,-6.88,-12.91
2026-07-20,240810,원익IPS,56.0,19,0.0,75,0,0,0,43.1,15,15,1,20.0,20,1,0,10,0,0,15,0,0,10,1,0,10,1,0.0,10,1,7,10,1,-7.91,-18.59
2026-07-20,089970,브이엠,56.0,20,0.0,75,1,0,1,49.1,8,15,1,20.0,20,1,0,10,0,0,15,0,0,10,1,0,10,1,7.0,10,1,7,10,1,-19.46,-31.18
2026-07-20,036930,주성엔지니어링,55.6,21,0.0,85,0,0,1,44.7,15,15,1,12.3,20,1,10,10,1,0,15,0,0,10,1,0,10,1,3.0,10,1,7,10,1,-10.72,-23.88
2026-07-20,089030,테크윙,54.7,22,0.0,75,0,1,1,48.1,8,15,1,20.0,20,1,0,10,0,0,15,0,0,10,1,0,10,1,6.0,10,1,7,10,1,-8.24,-4.63
2026-07-20,078930,GS,54.5,23,0.0,85,0,1,1,62.2,8,15,1,6.3,20,1,10,10,1,0,15,0,10,10,1,4,10,1,6.0,10,1,2,10,1,10.1,1.68
2026-07-20,252990,샘씨엔에스,54.3,24,0.0,75,0,1,1,60.5,8,15,1,13.7,20,1,0,10,0,0,15,0,4,10,1,7,10,1,6.0,10,1,2,10,1,-17.68,-24.19
2026-07-20,042700,한미반도체,52.7,25,0.0,85,0,1,1,44.0,12,15,1,6.8,20,1,10,10,1,0,15,0,0,10,1,0,10,1,6.0,10,1,10,10,1,-7.88,-8.78
2026-07-20,034730,SK,52.0,26,0.0,75,0,0,0,43.1,12,15,1,20.0,20,1,0,10,0,0,15,0,0,10,1,0,10,1,0.0,10,1,7,10,1,7.6,-9.67
2026-07-20,476060,온코닉테라퓨틱스,52.0,27,0.0,75,0,1,1,47.6,4,15,1,20.0,20,1,0,10,0,0,15,0,0,10,1,7,10,1,6.0,10,1,2,10,1,-16.24,-15.11
2026-07-20,352820,하이브,51.8,28,0.0,85,0,1,1,44.8,4,15,1,20.0,20,1,10,10,1,0,15,0,0,10,1,0,10,1,6.0,10,1,4,10,1,10.84,-14.14
2026-07-20,086790,하나금융지주,51.4,29,0.0,85,1,1,1,60.9,12,15,1,4.7,20,1,10,10,1,0,15,0,7,10,1,0,10,1,10.0,10,1,0,10,1,-2.1,-4.87
2026-07-20,080220,제주반도체,51.3,30,0.0,85,0,0,0,43.5,8,15,1,18.6,20,1,10,10,1,0,15,0,0,10,1,0,10,1,0.0,10,1,7,10,1,-5.13,-16.54
2026-07-20,105560,KB금융,51.2,31,0.0,85,1,1,1,50.4,15,15,1,4.5,20,1,10,10,1,0,15,0,4,10,1,0,10,1,10.0,10,1,0,10,1,2.25,0.41
2026-07-20,122350,삼기,50.9,32,0.0,85,1,1,1,64.8,4,15,1,7.3,20,1,10,10,1,0,15,0,10,10,1,0,10,1,10.0,10,1,2,10,1,-17.38,-34.76
2026-07-20,005860,한일사료,50.8,33,0.0,85,0,1,1,62.4,8,15,1,7.2,20,1,10,10,1,0,15,0,0,10,1,10,10,1,6.0,10,1,2,10,1,-14.44,-20.04
2026-07-20,066570,LG전자,50.4,34,0.0,85,0,0,1,37.8,12,15,1,7.8,20,1,10,10,1,0,15,0,0,10,1,0,10,1,3.0,10,1,10,10,1,3.05,-5.02
2026-07-20,319660,피에스케이,50.0,35,0.0,85,1,0,0,50.3,12,15,1,9.5,20,1,10,10,1,0,15,0,0,10,1,0,10,1,4.0,10,1,7,10,1,-14.52,-26.52
2026-07-20,009540,HD한국조선해양,49.6,36,0.0,85,0,1,0,42.7,8,15,1,13.2,20,1,8,10,1,0,15,0,0,10,1,0,10,1,3.0,10,1,10,10,1,11.32,8.38
2026-07-20,009150,삼성전기,48.1,37,0.0,85,0,0,0,37.2,15,15,1,8.9,20,1,10,10,1,0,15,0,0,10,1,0,10,1,0.0,10,1,7,10,1,3.92,-7.37
2026-07-20,376900,로킷헬스케어,47.7,38,0.0,75,0,1,1,63.4,8,15,1,9.8,20,1,0,10,0,0,15,0,0,10,1,10,10,1,6.0,10,1,2,10,1,-30.46,-44.54
2026-07-20,373220,LG에너지솔루션,47.2,39,0.0,75,0,1,0,38.6,8,15,1,17.4,20,1,0,10,0,0,15,0,0,10,1,0,10,1,3.0,10,1,7,10,1,4.88,-0.47
2026-07-20,460930,현대힘스,46.8,40,0.0,85,0,1,1,56.2,8,15,1,5.8,20,1,8,10,1,0,15,0,0,10,1,10,10,1,6.0,10,1,2,10,1,2.03,-2.54
2026-07-20,196170,알테오젠,46.7,41,0.0,75,0,0,0,35.2,8,15,1,20.0,20,1,0,10,0,0,15,0,0,10,1,0,10,1,0.0,10,1,7,10,1,15.77,17.81
2026-07-20,009830,한화솔루션,46.7,42,0.0,75,0,0,0,33.1,8,15,1,20.0,20,1,0,10,0,0,15,0,0,10,1,0,10,1,0.0,10,1,7,10,1,-2.06,-7.29
2026-07-20,222800,심텍,46.7,43,0.0,75,0,0,0,42.8,8,15,1,20.0,20,1,0,10,0,0,15,0,0,10,1,0,10,1,0.0,10,1,7,10,1,-7.24,-12.06
2026-07-20,086520,에코프로,46.1,44,0.0,85,0,1,0,34.3,8,15,1,13.2,20,1,8,10,1,0,15,0,0,10,1,0,10,1,3.0,10,1,7,10,1,9.66,5.31
2026-07-20,047040,대우건설,46.1,45,0.0,85,0,0,0,32.8,8,15,1,14.2,20,1,10,10,1,0,15,0,0,10,1,0,10,1,0.0,10,1,7,10,1,4.4,-8.53
2026-07-20,440110,파두,45.7,46,0.0,75,0,0,1,42.4,8,15,1,16.3,20,1,0,10,0,0,15,0,0,10,1,0,10,1,3.0,10,1,7,10,1,-9.36,-11.59
2026-07-20,006800,미래에셋증권,45.2,47,0.0,85,0,1,0,35.1,8,15,1,10.4,20,1,10,10,1,0,15,0,0,10,1,0,10,1,3.0,10,1,7,10,1,0.0,-10.26
2026-07-20,055550,신한지주,44.1,48,0.0,85,1,1,0,48.1,12,15,1,4.5,20,1,10,10,1,0,15,0,4,10,1,0,10,1,7.0,10,1,0,10,1,3.14,0.88
2026-07-20,068270,셀트리온,43.9,49,0.0,85,0,1,0,46.3,8,15,1,11.3,20,1,8,10,1,0,15,0,0,10,1,0,10,1,3.0,10,1,7,10,1,3.53,5.56
2026-07-20,012450,한화에어로스페이스,43.8,50,0.0,85,0,0,0,35.2,12,15,1,8.2,20,1,10,10,1,0,15,0,0,10,1,0,10,1,0.0,10,1,7,10,1,2.74,5.03
2026-07-20,267270,HD건설기계,43.5,51,0.0,85,0,1,0,42.2,4,15,1,20.0,20,1,10,10,1,0,15,0,0,10,1,0,10,1,3.0,10,1,0,10,1,11.15,4.46
2026-07-20,126640,화신정공,43.5,52,0.0,85,0,0,1,45.7,4,15,1,20.0,20,1,10,10,1,0,15,0,0,10,1,0,10,1,3.0,10,1,0,10,1,18.12,12.64
2026-07-20,131290,티에스이,43.4,53,0.0,85,1,1,0,53.1,4,15,1,16.9,20,1,1,10,1,0,15,0,4,10,1,0,10,1,7.0,10,1,4,10,1,-19.15,-26.62
2026-07-20,294870,IPARK현대산업개발,43.1,54,0.0,85,0,1,1,53.6,4,15,1,9.6,20,1,10,10,1,0,15,0,0,10,1,7,10,1,6.0,10,1,0,10,1,8.16,3.51
2026-07-20,032830,삼성생명,42.5,55,0.0,85,0,0,0,36.4,12,15,1,7.1,20,1,10,10,1,0,15,0,0,10,1,0,10,1,0.0,10,1,7,10,1,3.32,-4.64
2026-07-20,010120,LS ELECTRIC,42.4,56,0.0,85,0,0,0,40.2,12,15,1,7.0,20,1,10,10,1,0,15,0,0,10,1,0,10,1,0.0,10,1,7,10,1,11.54,5.08
2026-07-20,006110,삼아알미늄,42.4,57,0.0,85,0,1,0,33.2,4,15,1,20.0,20,1,5,10,1,0,15,0,0,10,1,4,10,1,3.0,10,1,0,10,1,2.05,9.61
2026-07-20,263750,펄어비스,42.4,58,0.0,85,0,1,1,30.8,0,15,1,20.0,20,1,10,10,1,0,15,0,0,10,1,0,10,1,6.0,10,1,0,10,1,7.47,3.2
2026-07-20,092870,엑시콘,42.4,59,0.0,85,0,1,1,37.0,0,15,1,20.0,20,1,10,10,1,0,15,0,0,10,1,0,10,1,6.0,10,1,0,10,1,-4.38,-11.89
2026-07-20,005490,POSCO홀딩스,42.0,60,0.0,85,0,1,0,38.0,8,15,1,7.7,20,1,10,10,1,0,15,0,0,10,1,0,10,1,3.0,10,1,7,10,1,4.46,0.33
2026-07-20,214450,파마리서치,42.0,61,0.0,85,1,0,1,51.8,4,15,1,7.7,20,1,10,10,1,0,15,0,0,10,1,0,10,1,7.0,10,1,7,10,1,13.15,13.76
2026-07-20,037070,파세코,41.6,62,0.0,85,0,1,1,49.4,4,15,1,10.4,20,1,8,10,1,0,15,0,0,10,1,0,10,1,6.0,10,1,7,10,1,3.0,4.43
2026-07-20,403870,HPSP,41.5,63,0.0,85,0,0,1,41.4,8,15,1,6.3,20,1,8,10,1,0,15,0,0,10,1,0,10,1,3.0,10,1,10,10,1,-5.06,-14.05
2026-07-20,298020,효성티앤씨,41.5,64,0.0,85,0,1,1,48.7,4,15,1,8.3,20,1,10,10,1,0,15,0,0,10,1,7,10,1,6.0,10,1,0,10,1,8.89,5.37
2026-07-20,298040,효성중공업,40.8,65,0.0,85,0,0,0,36.6,8,15,1,9.7,20,1,10,10,1,0,15,0,0,10,1,0,10,1,0.0,10,1,7,10,1,3.39,-1.73
2026-07-20,011070,LG이노텍,40.2,66,0.0,85,0,0,0,30.1,12,15,1,8.2,20,1,10,10,1,0,15,0,0,10,1,0,10,1,0.0,10,1,4,10,1,1.99,-14.78
2026-07-20,322000,HD현대에너지솔루션,40.0,67,0.0,75,0,1,1,44.6,4,15,1,20.0,20,1,0,10,0,0,15,0,0,10,1,0,10,1,6.0,10,1,0,10,1,14.53,1.61
2026-07-20,036570,NC,40.0,68,0.0,85,0,0,0,30.8,4,15,1,20.0,20,1,10,10,1,0,15,0,0,10,1,0,10,1,0.0,10,1,0,10,1,10.45,10.21
2026-07-20,098460,고영,40.0,69,0.0,85,0,0,0,40.0,4,15,1,20.0,20,1,10,10,1,0,15,0,0,10,1,0,10,1,0.0,10,1,0,10,1,12.17,11.97
2026-07-20,043260,성호전자,40.0,70,0.0,85,0,0,0,31.3,4,15,1,20.0,20,1,10,10,1,0,15,0,0,10,1,0,10,1,0.0,10,1,0,10,1,5.55,-4.34
2026-07-20,290650,엘앤씨바이오,40.0,71,0.0,85,0,0,0,36.3,4,15,1,20.0,20,1,10,10,1,0,15,0,0,10,1,0,10,1,0.0,10,1,0,10,1,-9.5,-24.38
2026-07-20,131970,두산테스나,40.0,72,0.0,85,0,0,0,33.6,4,15,1,20.0,20,1,10,10,1,0,15,0,0,10,1,0,10,1,0.0,10,1,0,10,1,0.5,-19.48
2026-07-20,420770,기가비스,40.0,73,0.0,85,0,0,0,45.3,4,15,1,20.0,20,1,10,10,1,0,15,0,0,10,1,0,10,1,0.0,10,1,0,10,1,-19.16,-18.67
2026-07-20,008770,호텔신라,40.0,74,0.0,85,0,0,0,37.5,4,15,1,20.0,20,1,10,10,1,0,15,0,0,10,1,0,10,1,0.0,10,1,0,10,1,5.9,-8.23
2026-07-20,004710,한솔테크닉스,40.0,75,0.0,85,0,0,0,43.9,4,15,1,20.0,20,1,10,10,1,0,15,0,0,10,1,0,10,1,0.0,10,1,0,10,1,-16.55,-22.6
2026-07-20,218410,RFHIC,40.0,76,0.0,85,0,0,0,30.4,4,15,1,20.0,20,1,10,10,1,0,15,0,0,10,1,0,10,1,0.0,10,1,0,10,1,8.34,3.46
2026-07-20,417840,저스템,40.0,77,0.0,75,0,1,1,42.6,4,15,1,20.0,20,1,0,10,0,0,15,0,0,10,1,0,10,1,6.0,10,1,0,10,1,-6.2,-18.8
2026-07-20,067310,하나마이크론,39.7,78,0.0,75,0,0,1,40.9,8,15,1,11.8,20,1,0,10,0,0,15,0,0,10,1,0,10,1,3.0,10,1,7,10,1,-3.96,-17.74
2026-07-20,017670,SK텔레콤,39.2,79,0.0,85,0,1,0,40.5,8,15,1,8.3,20,1,10,10,1,0,15,0,0,10,1,0,10,1,3.0,10,1,4,10,1,15.58,-3.19
2026-07-20,095610,테스,38.8,80,0.0,85,1,0,1,49.9,8,15,1,8.0,20,1,3,10,1,0,15,0,0,10,1,0,10,1,7.0,10,1,7,10,1,-16.8,-25.53
2026-07-20,006910,보성파워텍,38.8,81,0.0,85,0,1,0,37.2,0,15,1,20.0,20,1,10,10,1,0,15,0,0,10,1,0,10,1,3.0,10,1,0,10,1,6.6,-3.3
2026-07-20,005070,코스모신소재,38.8,82,0.0,85,0,1,0,39.2,0,15,1,20.0,20,1,10,10,1,0,15,0,0,10,1,0,10,1,3.0,10,1,0,10,1,-1.54,-9.26
2026-07-20,099320,쎄트렉아이,38.8,83,0.0,85,0,1,0,37.0,0,15,1,20.0,20,1,10,10,1,0,15,0,0,10,1,0,10,1,3.0,10,1,0,10,1,1.35,-9.84
2026-07-20,003530,한화투자증권,38.8,84,0.0,85,0,1,0,35.9,0,15,1,20.0,20,1,10,10,1,0,15,0,0,10,1,0,10,1,3.0,10,1,0,10,1,0.94,-2.22
2026-07-20,077360,덕산하이메탈,38.8,85,0.0,85,0,1,0,39.7,0,15,1,20.0,20,1,10,10,1,0,15,0,0,10,1,0,10,1,3.0,10,1,0,10,1,2.77,2.89
2026-07-20,003160,디아이,38.8,86,0.0,85,0,0,1,36.3,0,15,1,20.0,20,1,10,10,1,0,15,0,0,10,1,0,10,1,3.0,10,1,0,10,1,6.51,7.27
2026-07-20,100840,SNT에너지,38.8,87,0.0,85,0,1,0,33.6,0,15,1,20.0,20,1,10,10,1,0,15,0,0,10,1,0,10,1,3.0,10,1,0,10,1,10.32,10.53
2026-07-20,247540,에코프로비엠,38.7,88,0.0,75,0,1,0,31.6,4,15,1,20.0,20,1,0,10,0,0,15,0,0,10,1,0,10,1,3.0,10,1,2,10,1,6.15,-7.01
2026-07-20,036540,SFA반도체,38.7,89,0.0,75,0,1,0,44.9,4,15,1,20.0,20,1,0,10,0,0,15,0,0,10,1,0,10,1,3.0,10,1,2,10,1,-5.88,-13.99
2026-07-20,047810,한국항공우주,38.5,90,0.0,85,0,0,0,45.5,8,15,1,7.7,20,1,10,10,1,0,15,0,0,10,1,0,10,1,0.0,10,1,7,10,1,1.6,-14.04
2026-07-20,002680,한탑,38.5,91,0.0,65,0,0,0,,4,15,1,4.0,20,1,0,10,0,0,15,0,10,10,1,7,10,1,0.0,10,0,0,10,1,-35.8,-38.92
2026-07-20,085910,네오티스,38.3,92,0.0,75,0,1,1,43.6,4,15,1,11.7,20,1,0,10,0,0,15,0,0,10,1,7,10,1,6.0,10,1,0,10,1,-13.89,-9.8
2026-07-20,039030,이오테크닉스,38.2,93,0.0,85,0,0,0,36.1,8,15,1,12.5,20,1,10,10,1,0,15,0,0,10,1,0,10,1,0.0,10,1,2,10,1,-2.52,-7.89
2026-07-20,272210,한화시스템,38.2,94,0.0,85,0,0,0,34.2,8,15,1,10.5,20,1,10,10,1,0,15,0,0,10,1,0,10,1,0.0,10,1,4,10,1,3.11,3.27
2026-07-20,003310,대주산업,38.0,95,0.0,85,0,1,1,48.3,4,15,1,4.3,20,1,8,10,1,0,15,0,0,10,1,10,10,1,6.0,10,1,0,10,1,-7.84,-16.13
2026-07-20,051910,LG화학,37.9,96,0.0,85,0,1,0,35.9,8,15,1,13.2,20,1,8,10,1,0,15,0,0,10,1,0,10,1,3.0,10,1,0,10,1,2.77,-2.37
2026-07-20,066910,손오공,37.9,97,0.0,75,0,0,1,63.9,4,15,1,1.4,20,1,0,10,0,0,15,0,10,10,1,10,10,1,3.0,10,1,0,10,1,-29.29,-38.99
2026-07-20,003670,포스코퓨처엠,37.6,98,0.0,85,0,1,0,32.6,4,15,1,20.0,20,1,3,10,1,0,15,0,0,10,1,0,10,1,3.0,10,1,2,10,1,4.97,0.0
2026-07-20,009420,한올바이오파마,37.6,99,0.0,85,0,0,0,42.3,4,15,1,20.0,20,1,8,10,1,0,15,0,0,10,1,0,10,1,0.0,10,1,0,10,1,-3.55,-6.7
2026-07-20,356860,티엘비,37.6,100,0.0,85,0,0,0,29.9,4,15,1,20.0,20,1,8,10,1,0,15,0,0,10,1,0,10,1,0.0,10,1,0,10,1,-12.74,-21.59
2026-07-20,003680,한성기업,37.3,101,0.0,75,0,1,1,64.8,8,15,1,4.0,20,1,0,10,0,0,15,0,0,10,1,10,10,1,6.0,10,1,0,10,1,-30.68,-39.04
2026-07-20,006660,삼성공조,37.3,102,0.0,75,0,1,1,58.8,8,15,1,4.0,20,1,0,10,0,0,15,0,0,10,1,10,10,1,6.0,10,1,0,10,1,-2.79,-12.34
2026-07-20,093370,후성,37.3,103,0.0,75,0,0,0,39.0,4,15,1,20.0,20,1,0,10,0,0,15,0,0,10,1,0,10,1,0.0,10,1,4,10,1,-3.02,-7.39
2026-07-20,267260,HD현대일렉트릭,37.2,104,0.0,85,0,0,0,33.8,8,15,1,6.6,20,1,10,10,1,0,15,0,0,10,1,0,10,1,0.0,10,1,7,10,1,5.98,-10.51
2026-07-20,413630,씨피시스템,37.1,105,0.0,75,0,1,1,60.3,4,15,1,8.8,20,1,0,10,0,0,15,0,0,10,1,7,10,1,6.0,10,1,2,10,1,21.52,21.67
2026-07-20,139130,iM금융지주,37.1,106,0.0,85,0,1,0,52.1,4,15,1,10.5,20,1,10,10,1,0,15,0,4,10,1,0,10,1,3.0,10,1,0,10,1,1.06,-5.25
2026-07-20,064820,케이프,37.1,107,0.0,85,0,1,1,44.1,0,15,1,5.5,20,1,10,10,1,0,15,0,0,10,1,10,10,1,6.0,10,1,0,10,1,3.11,-9.44
2026-07-20,007660,이수페타시스,36.9,108,0.0,85,0,0,0,36.8,8,15,1,9.4,20,1,10,10,1,0,15,0,0,10,1,0,10,1,0.0,10,1,4,10,1,1.66,-11.73
2026-07-20,111770,영원무역,36.9,109,0.0,85,0,1,1,58.5,4,15,1,7.4,20,1,10,10,1,0,15,0,4,10,1,0,10,1,6.0,10,1,0,10,1,0.58,1.85
2026-07-20,079550,LIG디펜스앤에어로스페이스,36.8,110,0.0,85,0,0,0,43.0,8,15,1,6.3,20,1,10,10,1,0,15,0,0,10,1,0,10,1,0.0,10,1,7,10,1,0.14,0.58
2026-07-20,058470,리노공업,36.8,111,0.0,85,0,1,1,36.0,4,15,1,6.3,20,1,8,10,1,0,15,0,0,10,1,0,10,1,6.0,10,1,7,10,1,1.01,-11.14
2026-07-20,031980,피에스케이홀딩스,36.8,112,0.0,85,1,0,1,48.2,4,15,1,6.3,20,1,10,10,1,0,15,0,0,10,1,0,10,1,7.0,10,1,4,10,1,-13.03,-24.26
2026-07-20,126340,비나텍,36.7,113,0.0,85,0,0,0,33.2,4,15,1,17.2,20,1,10,10,1,0,15,0,0,10,1,0,10,1,0.0,10,1,0,10,1,8.8,8.26
2026-07-20,329180,HD현대중공업,36.6,114,0.0,85,0,0,0,28.3,12,15,1,14.1,20,1,1,10,1,0,15,0,0,10,1,0,10,1,0.0,10,1,4,10,1,8.47,4.91
2026-07-20,071050,한국금융지주,36.6,115,0.0,85,0,0,0,44.6,8,15,1,9.1,20,1,10,10,1,0,15,0,0,10,1,0,10,1,0.0,10,1,4,10,1,-1.85,-9.05
2026-07-20,083650,비에이치아이,36.6,116,0.0,85,0,0,0,31.4,4,15,1,17.1,20,1,10,10,1,0,15,0,0,10,1,0,10,1,0.0,10,1,0,10,1,10.04,5.7
2026-07-20,024940,PN풍년,36.6,117,0.0,85,0,1,0,52.9,0,15,1,8.1,20,1,10,10,1,0,15,0,0,10,1,10,10,1,3.0,10,1,0,10,1,-14.35,-18.12
2026-07-20,003490,대한항공,36.5,118,0.0,75,0,0,0,40.6,8,15,1,9.4,20,1,0,10,0,0,15,0,0,10,1,0,10,1,0.0,10,1,10,10,1,4.34,3.35
2026-07-20,049080,기가레인,36.3,119,5.0,75,0,1,1,81.0,8,15,1,0.0,20,1,0,10,0,0,15,0,10,10,1,7,10,1,6.0,10,1,0,10,1,-42.49,-43.03
2026-07-20,021240,코웨이,36.2,120,0.0,85,1,1,1,51.0,4,15,1,4.8,20,1,8,10,1,0,15,0,4,10,1,0,10,1,10.0,10,1,0,10,1,-0.11,-0.22
2026-07-20,033780,KT&G,36.1,121,0.0,85,0,1,1,53.3,8,15,1,4.7,20,1,8,10,1,0,15,0,4,10,1,0,10,1,6.0,10,1,0,10,1,1.78,-2.12
2026-07-20,144960,뉴파워프라즈마,36.1,122,0.0,85,0,1,1,54.5,4,15,1,10.7,20,1,10,10,1,0,15,0,0,10,1,0,10,1,6.0,10,1,0,10,1,12.88,3.54
2026-07-20,033160,엠케이전자,36.0,123,0.0,75,0,1,0,38.2,4,15,1,20.0,20,1,0,10,0,0,15,0,0,10,1,0,10,1,3.0,10,1,0,10,1,0.13,-5.62
2026-07-20,038110,에코플라스틱,35.9,124,0.0,85,0,1,1,38.9,0,15,1,4.5,20,1,10,10,1,0,15,0,0,10,1,10,10,1,6.0,10,1,0,10,1,-2.21,-7.89
2026-07-20,047770,코데즈컴바인,35.6,125,0.0,85,0,1,1,41.1,0,15,1,10.3,20,1,10,10,1,0,15,0,0,10,1,4,10,1,6.0,10,1,0,10,1,-2.11,-7.28
2026-07-20,000720,현대건설,35.4,126,0.0,85,0,0,0,33.6,8,15,1,12.1,20,1,10,10,1,0,15,0,0,10,1,0,10,1,0.0,10,1,0,10,1,13.85,5.05
2026-07-20,053800,안랩,35.4,127,0.0,85,0,1,0,36.2,4,15,1,5.1,20,1,8,10,1,0,15,0,0,10,1,10,10,1,3.0,10,1,0,10,1,4.61,4.22
2026-07-20,071055,한국금융지주우,35.4,128,0.0,85,0,1,0,41.0,4,15,1,9.1,20,1,10,10,1,0,15,0,0,10,1,4,10,1,3.0,10,1,0,10,1,1.94,1.59
2026-07-20,089890,코세스,35.3,129,0.0,85,0,0,0,36.7,0,15,1,20.0,20,1,10,10,1,0,15,0,0,10,1,0,10,1,0.0,10,1,0,10,1,1.09,-12.45
2026-07-20,161390,한국타이어앤테크놀로지,35.2,130,0.0,85,1,1,0,53.1,4,15,1,4.9,20,1,10,10,1,0,15,0,4,10,1,0,10,1,7.0,10,1,0,10,1,-0.43,-4.71
2026-07-20,004090,한국석유,35.1,131,0.0,85,0,1,1,53.5,4,15,1,9.8,20,1,10,10,1,0,15,0,0,10,1,0,10,1,6.0,10,1,0,10,1,-7.39,-13.41
2026-07-20,000400,롯데손해보험,35.1,132,0.0,85,1,1,1,59.9,0,15,1,9.8,20,1,10,10,1,0,15,0,0,10,1,0,10,1,10.0,10,1,0,10,1,-10.71,-20.84
2026-07-20,000270,기아,34.9,133,0.0,85,0,1,0,43.3,12,15,1,4.7,20,1,10,10,1,0,15,0,0,10,1,0,10,1,3.0,10,1,0,10,1,-6.86,-7.43
2026-07-20,002990,금호건설,34.9,134,0.0,85,0,0,1,53.0,8,15,1,10.7,20,1,1,10,1,0,15,0,0,10,1,0,10,1,3.0,10,1,7,10,1,-12.98,-17.31
2026-07-20,119850,지엔씨에너지,34.9,135,0.0,75,0,1,1,71.8,4,15,1,8.2,20,1,0,10,0,0,15,0,4,10,1,4,10,1,6.0,10,1,0,10,1,5.35,18.31
2026-07-20,281820,케이씨텍,34.9,136,0.0,85,1,0,0,51.6,4,15,1,11.7,20,1,10,10,1,0,15,0,0,10,1,0,10,1,4.0,10,1,0,10,1,-18.09,-26.23
2026-07-20,036530,SNT홀딩스,34.8,137,0.0,85,0,1,1,57.1,0,15,1,5.6,20,1,8,10,1,0,15,0,0,10,1,10,10,1,6.0,10,1,0,10,1,-7.84,-10.87
2026-07-20,014950,삼익제약,34.7,138,0.0,75,0,1,1,53.0,8,15,1,5.0,20,1,0,10,0,0,15,0,0,10,1,7,10,1,6.0,10,1,0,10,1,-25.32,-29.07
2026-07-20,178320,서진시스템,34.7,139,0.0,75,0,0,0,33.3,4,15,1,20.0,20,1,0,10,0,0,15,0,0,10,1,0,10,1,0.0,10,1,2,10,1,8.74,-9.43
2026-07-20,123330,제닉,34.7,140,0.0,75,1,1,1,57.3,4,15,1,12.0,20,1,0,10,0,0,15,0,0,10,1,0,10,1,10.0,10,1,0,10,1,-6.43,-13.99
2026-07-20,075580,세진중공업,34.7,141,0.0,85,0,1,0,43.0,4,15,1,9.5,20,1,3,10,1,0,15,0,0,10,1,10,10,1,3.0,10,1,0,10,1,-2.4,-17.66
2026-07-20,200710,에이디테크놀로지,34.7,142,0.0,75,0,1,1,38.9,0,15,1,20.0,20,1,0,10,0,0,15,0,0,10,1,0,10,1,6.0,10,1,0,10,1,8.33,-1.67
2026-07-20,189300,인텔리안테크,34.6,143,0.0,85,0,1,0,29.7,0,15,1,16.4,20,1,10,10,1,0,15,0,0,10,1,0,10,1,3.0,10,1,0,10,1,6.03,8.97
2026-07-20,010140,삼성중공업,34.4,144,0.0,75,0,1,0,37.0,8,15,1,7.8,20,1,0,10,0,0,15,0,0,10,1,0,10,1,3.0,10,1,7,10,1,8.11,-0.24
2026-07-20,060370,LS마린솔루션,34.4,145,0.0,85,0,1,0,45.7,0,15,1,16.2,20,1,10,10,1,0,15,0,0,10,1,0,10,1,3.0,10,1,0,10,1,14.07,2.47
2026-07-20,207940,삼성바이오로직스,34.1,146,0.0,85,0,0,1,45.8,8,15,1,7.0,20,1,1,10,1,0,15,0,0,10,1,0,10,1,3.0,10,1,10,10,1,14.87,5.8
2026-07-20,001440,대한전선,34.0,147,0.0,85,0,0,0,33.5,8,15,1,6.9,20,1,10,10,1,0,15,0,0,10,1,0,10,1,0.0,10,1,4,10,1,11.55,-6.26
2026-07-20,016360,삼성증권,33.6,148,0.0,85,0,0,0,42.4,4,15,1,7.6,20,1,10,10,1,0,15,0,0,10,1,0,10,1,0.0,10,1,7,10,1,-0.29,-4.62
2026-07-20,024060,흥구석유,33.3,149,0.0,75,0,1,1,66.7,12,15,1,0.0,20,1,0,10,0,0,15,0,0,10,1,7,10,1,6.0,10,1,0,10,1,-18.23,-26.34
2026-07-20,067290,JW신약,33.3,150,0.0,75,0,1,1,56.2,8,15,1,4.0,20,1,0,10,0,0,15,0,0,10,1,7,10,1,6.0,10,1,0,10,1,-10.59,-4.16
2026-07-20,066970,엘앤에프,33.1,151,0.0,75,0,1,0,31.1,4,15,1,17.8,20,1,0,10,0,0,15,0,0,10,1,0,10,1,3.0,10,1,0,10,1,-2.51,-13.04
2026-07-20,241710,코스메카코리아,32.9,152,0.0,85,1,1,1,49.3,4,15,1,6.0,20,1,8,10,1,0,15,0,0,10,1,0,10,1,10.0,10,1,0,10,1,11.61,2.45
2026-07-20,005690,파미셀,32.9,153,0.0,85,0,0,0,37.1,0,15,1,20.0,20,1,8,10,1,0,15,0,0,10,1,0,10,1,0.0,10,1,0,10,1,1.13,-2.65
2026-07-20,071970,HD현대마린엔진,32.8,154,0.0,85,0,1,0,39.2,4,15,1,10.9,20,1,10,10,1,0,15,0,0,10,1,0,10,1,3.0,10,1,0,10,1,24.01,-5.48
2026-07-20,035720,카카오,32.7,155,0.0,75,0,1,0,44.1,8,15,1,6.5,20,1,0,10,0,0,15,0,0,10,1,0,10,1,3.0,10,1,7,10,1,5.71,6.13
2026-07-20,089860,롯데렌탈,32.7,156,0.0,85,0,1,1,71.3,0,15,1,4.8,20,1,10,10,1,0,15,0,7,10,1,0,10,1,6.0,10,1,0,10,1,8.99,6.13
2026-07-20,460860,동국제강,32.7,157,0.0,85,0,1,0,40.4,0,15,1,7.8,20,1,10,10,1,0,15,0,0,10,1,7,10,1,3.0,10,1,0,10,1,10.19,5.4
2026-07-20,012330,현대모비스,32.6,158,0.0,85,0,1,0,40.1,12,15,1,4.7,20,1,8,10,1,0,15,0,0,10,1,0,10,1,3.0,10,1,0,10,1,-1.9,4.44
2026-07-20,170920,엘티씨,32.5,159,0.0,75,1,1,1,52.5,4,15,1,10.4,20,1,0,10,0,0,15,0,0,10,1,0,10,1,10.0,10,1,0,10,1,-21.9,-31.49
2026-07-20,034220,LG디스플레이,32.4,160,0.0,75,0,0,0,32.6,8,15,1,14.3,20,1,0,10,0,0,15,0,0,10,1,0,10,1,0.0,10,1,2,10,1,-2.23,-7.29
2026-07-20,064350,현대로템,32.2,161,0.0,85,0,0,0,35.3,8,15,1,10.4,20,1,5,10,1,0,15,0,0,10,1,0,10,1,0.0,10,1,4,10,1,-9.99,-11.89
2026-07-20,000990,DB하이텍,32.2,162,0.0,85,0,0,1,35.2,4,15,1,6.4,20,1,10,10,1,0,15,0,0,10,1,0,10,1,3.0,10,1,4,10,1,-3.24,-20.69
2026-07-20,012690,모나리자,32.0,163,0.0,75,0,1,1,54.4,4,15,1,4.0,20,1,0,10,0,0,15,0,0,10,1,10,10,1,6.0,10,1,0,10,1,-13.91,-20.0
2026-07-20,108490,로보티즈,32.0,164,0.0,75,0,0,0,36.2,4,15,1,20.0,20,1,0,10,0,0,15,0,0,10,1,0,10,1,0.0,10,1,0,10,1,9.12,16.99
2026-07-20,002140,고려산업,32.0,165,0.0,75,0,1,1,73.7,4,15,1,4.0,20,1,0,10,0,0,15,0,0,10,1,10,10,1,6.0,10,1,0,10,1,-13.89,-14.95
2026-07-20,122640,예스티,32.0,166,0.0,75,0,0,0,42.7,4,15,1,20.0,20,1,0,10,0,0,15,0,0,10,1,0,10,1,0.0,10,1,0,10,1,-14.56,-15.92
2026-07-20,139480,이마트,32.0,167,0.0,75,0,0,0,33.4,4,15,1,20.0,20,1,0,10,0,0,15,0,0,10,1,0,10,1,0.0,10,1,0,10,1,9.54,3.58
2026-07-20,027710,팜스토리,32.0,168,0.0,75,0,1,1,52.7,4,15,1,4.0,20,1,0,10,0,0,15,0,0,10,1,10,10,1,6.0,10,1,0,10,1,-0.84,-2.61
2026-07-20,011090,에넥스,32.0,169,0.0,75,0,1,1,61.1,4,15,1,4.0,20,1,0,10,0,0,15,0,0,10,1,10,10,1,6.0,10,1,0,10,1,-27.93,-10.73
2026-07-20,064290,인텍플러스,32.0,170,0.0,75,0,0,0,42.8,4,15,1,20.0,20,1,0,10,0,0,15,0,0,10,1,0,10,1,0.0,10,1,0,10,1,-14.05,-24.93
2026-07-20,097230,HJ중공업,32.0,171,0.0,75,0,0,0,30.0,4,15,1,20.0,20,1,0,10,0,0,15,0,0,10,1,0,10,1,0.0,10,1,0,10,1,13.01,8.67
2026-07-20,340440,세림B&G,32.0,172,0.0,75,0,1,1,48.6,4,15,1,4.0,20,1,0,10,0,0,15,0,0,10,1,10,10,1,6.0,10,1,0,10,1,-19.13,-23.86
2026-07-20,003550,LG,31.9,173,0.0,85,0,1,0,40.5,4,15,1,8.1,20,1,10,10,1,0,15,0,0,10,1,0,10,1,3.0,10,1,2,10,1,2.84,4.95
2026-07-20,025860,남해화학,31.8,174,0.0,85,0,1,0,42.9,4,15,1,5.0,20,1,5,10,1,0,15,0,0,10,1,10,10,1,3.0,10,1,0,10,1,-2.05,-7.86
2026-07-20,005440,현대지에프홀딩스,31.8,175,0.0,85,0,0,0,36.6,4,15,1,6.0,20,1,10,10,1,0,15,0,0,10,1,7,10,1,0.0,10,1,0,10,1,2.57,-2.48
2026-07-20,000810,삼성화재,31.6,176,0.0,85,1,0,0,44.5,8,15,1,4.9,20,1,10,10,1,0,15,0,0,10,1,0,10,1,4.0,10,1,0,10,1,7.14,2.33
2026-07-20,018260,삼성에스디에스,31.3,177,0.0,75,0,1,1,42.6,8,15,1,5.5,20,1,0,10,0,0,15,0,0,10,1,0,10,1,6.0,10,1,4,10,1,17.06,9.26
2026-07-20,267250,HD현대,31.3,178,0.0,85,0,1,0,40.9,4,15,1,9.6,20,1,10,10,1,0,15,0,0,10,1,0,10,1,3.0,10,1,0,10,1,6.53,0.51
2026-07-20,257720,실리콘투,31.3,179,0.0,85,0,1,1,44.9,4,15,1,6.6,20,1,10,10,1,0,15,0,0,10,1,0,10,1,6.0,10,1,0,10,1,11.47,0.15
2026-07-20,387690,레메디,31.1,180,0.0,75,0,0,0,44.2,8,15,1,15.3,20,1,0,10,0,0,15,0,0,10,1,0,10,1,0.0,10,1,0,10,1,-22.47,-35.17
2026-07-20,051900,LG생활건강,31.1,181,0.0,85,0,1,0,51.7,4,15,1,9.4,20,1,10,10,1,0,15,0,0,10,1,0,10,1,3.0,10,1,0,10,1,4.49,15.71
2026-07-20,166090,하나머티리얼즈,30.9,182,0.0,85,0,1,0,43.4,4,15,1,9.3,20,1,10,10,1,0,15,0,0,10,1,0,10,1,3.0,10,1,0,10,1,5.25,1.5
2026-07-20,000250,삼천당제약,30.8,183,0.0,75,0,1,0,52.1,4,15,1,16.1,20,1,0,10,0,0,15,0,0,10,1,0,10,1,3.0,10,1,0,10,1,-37.49,-33.77
2026-07-20,138930,BNK금융지주,30.8,184,0.0,85,0,1,0,49.7,4,15,1,5.2,20,1,10,10,1,0,15,0,4,10,1,0,10,1,3.0,10,1,0,10,1,2.37,-14.75
2026-07-20,330860,네패스아크,30.7,185,0.0,75,0,1,0,42.3,0,15,1,20.0,20,1,0,10,0,0,15,0,0,10,1,0,10,1,3.0,10,1,0,10,1,-15.15,-28.79
2026-07-20,327260,RF머트리얼즈,30.7,186,0.0,75,0,1,0,37.9,0,15,1,20.0,20,1,0,10,0,0,15,0,0,10,1,0,10,1,3.0,10,1,0,10,1,-45.95,-47.43
2026-07-20,316140,우리금융지주,30.6,187,0.0,85,0,1,0,48.6,8,15,1,5.0,20,1,10,10,1,0,15,0,0,10,1,0,10,1,3.0,10,1,0,10,1,8.35,9.17
2026-07-20,010130,고려아연,30.6,188,0.0,85,0,1,0,31.0,4,15,1,9.0,20,1,10,10,1,0,15,0,0,10,1,0,10,1,3.0,10,1,0,10,1,7.64,6.69
2026-07-20,347700,스피어,30.4,189,0.0,75,0,1,0,37.8,4,15,1,15.8,20,1,0,10,0,0,15,0,0,10,1,0,10,1,3.0,10,1,0,10,1,-5.41,-10.82
2026-07-20,018880,한온시스템,30.4,190,0.0,85,0,0,0,36.4,4,15,1,13.8,20,1,8,10,1,0,15,0,0,10,1,0,10,1,0.0,10,1,0,10,1,6.2,-3.99
2026-07-20,232140,와이씨,30.2,191,0.0,85,0,0,0,32.4,0,15,1,15.7,20,1,10,10,1,0,15,0,0,10,1,0,10,1,0.0,10,1,0,10,1,0.53,-7.61
2026-07-20,005830,DB손해보험,30.1,192,0.0,75,0,1,1,59.6,8,15,1,4.6,20,1,0,10,0,0,15,0,4,10,1,0,10,1,6.0,10,1,0,10,1,2.77,-1.51
2026-07-20,004020,현대제철,30.1,193,0.0,85,0,1,0,31.3,4,15,1,8.6,20,1,10,10,1,0,15,0,0,10,1,0,10,1,3.0,10,1,0,10,1,9.9,-1.78
2026-07-20,010170,대한광통신,30.0,194,0.0,75,0,1,1,34.3,8,15,1,1.5,20,1,0,10,0,0,15,0,0,10,1,0,10,1,6.0,10,1,7,10,1,2.96,-2.22
2026-07-20,004170,신세계,29.6,195,0.0,85,0,0,0,36.8,8,15,1,7.2,20,1,10,10,1,0,15,0,0,10,1,0,10,1,0.0,10,1,0,10,1,-2.64,-23.63
2026-07-20,131030,옵투스제약,29.6,196,0.0,85,0,1,1,51.1,4,15,1,4.2,20,1,1,10,1,0,15,0,0,10,1,10,10,1,6.0,10,1,0,10,1,-11.8,-8.52
2026-07-20,007810,코리아써키트,29.3,197,0.0,75,0,0,0,36.6,4,15,1,18.0,20,1,0,10,0,0,15,0,0,10,1,0,10,1,0.0,10,1,0,10,1,-14.11,-30.27
2026-07-20,439090,마녀공장,29.3,198,0.0,75,1,1,1,54.4,4,15,1,4.0,20,1,0,10,0,0,15,0,4,10,1,0,10,1,10.0,10,1,0,10,1,-5.4,-3.31
2026-07-20,153890,져스텍,29.3,199,0.0,75,0,0,0,35.9,0,15,1,20.0,20,1,0,10,0,0,15,0,0,10,1,0,10,1,0.0,10,1,2,10,1,-9.66,-12.66
2026-07-20,491000,리브스메드,29.3,200,0.0,75,0,1,1,44.0,0,15,1,16.0,20,1,0,10,0,0,15,0,0,10,1,0,10,1,6.0,10,1,0,10,1,5.02,15.48
2026-07-21,317400,자이에스앤디,75.3,1,0.0,85,1,1,1,74.5,4,15,1,20.0,20,1,10,10,1,0,15,0,10,10,1,10,10,1,10.0,10,1,0,10,1,-1.0,27.83
2026-07-21,010950,S-Oil,72.9,2,0.0,85,1,1,1,65.1,8,15,1,20.0,20,1,10,10,1,0,15,0,4,10,1,0,10,1,10.0,10,1,10,10,1,-8.55,-11.16
2026-07-21,004310,현대약품,71.8,3,0.0,85,0,1,1,54.7,8,15,1,20.0,20,1,10,10,1,0,15,0,0,10,1,10,10,1,6.0,10,1,7,10,1,-22.55,-18.01
2026-07-21,005930,삼성전자,68.2,4,0.0,85,0,0,1,42.4,15,15,1,20.0,20,1,10,10,1,0,15,0,0,10,1,0,10,1,3.0,10,1,10,10,1,-15.06,-7.34
2026-07-21,353200,대덕전자,64.7,5,0.0,85,0,1,1,44.6,12,15,1,20.0,20,1,10,10,1,0,15,0,0,10,1,0,10,1,6.0,10,1,7,10,1,-24.23,-18.84
2026-07-21,402340,SK스퀘어,64.0,6,0.0,75,0,0,1,45.3,15,15,1,20.0,20,1,0,10,0,0,15,0,0,10,1,0,10,1,3.0,10,1,10,10,1,-26.18,-15.4
2026-07-21,475150,SK이터닉스,61.8,7,0.0,85,1,1,1,59.8,15,15,1,5.5,20,1,8,10,1,0,15,0,4,10,1,0,10,1,10.0,10,1,10,10,1,-12.88,-0.18
2026-07-21,005935,삼성전자우,61.2,8,0.0,85,0,0,0,45.1,15,15,1,20.0,20,1,10,10,1,0,15,0,0,10,1,0,10,1,0.0,10,1,7,10,1,-12.6,-2.54
2026-07-21,006400,삼성SDI,61.2,9,0.0,85,0,1,0,39.7,12,15,1,20.0,20,1,10,10,1,0,15,0,0,10,1,0,10,1,3.0,10,1,7,10,1,-8.28,0.72
2026-07-21,240810,원익IPS,60.0,10,0.0,75,0,0,1,43.6,12,15,1,20.0,20,1,0,10,0,0,15,0,0,10,1,0,10,1,3.0,10,1,10,10,1,-22.91,-16.88
2026-07-21,096770,SK이노베이션,60.0,11,0.0,85,0,1,1,58.0,8,15,1,20.0,20,1,10,10,1,0,15,0,0,10,1,0,10,1,6.0,10,1,7,10,1,-3.1,-4.3
2026-07-21,000250,삼천당제약,58.8,12,0.0,75,0,1,0,37.9,15,15,1,16.1,20,1,0,10,0,0,15,0,0,10,1,10,10,1,3.0,10,1,0,10,1,-16.87,-0.3
2026-07-21,042660,한화오션,57.6,13,0.0,85,0,0,0,38.8,12,15,1,20.0,20,1,10,10,1,0,15,0,0,10,1,0,10,1,0.0,10,1,7,10,1,-1.1,6.84
2026-07-21,049070,인탑스,56.6,14,0.0,85,0,1,1,53.1,4,15,1,18.1,20,1,10,10,1,0,15,0,0,10,1,10,10,1,6.0,10,1,0,10,1,-5.15,-2.82
2026-07-21,263800,데이타솔루션,56.5,15,0.0,85,1,1,0,56.8,4,15,1,20.0,20,1,10,10,1,0,15,0,0,10,1,7,10,1,7.0,10,1,0,10,1,-15.56,-15.73
2026-07-21,000660,SK하이닉스,56.0,16,0.0,75,0,0,0,41.3,15,15,1,20.0,20,1,0,10,0,0,15,0,0,10,1,0,10,1,0.0,10,1,7,10,1,-15.58,-14.11
2026-07-21,089970,브이엠,56.0,17,0.0,75,1,0,1,47.3,8,15,1,20.0,20,1,0,10,0,0,15,0,0,10,1,0,10,1,7.0,10,1,7,10,1,-29.56,-25.08
2026-07-21,036930,주성엔지니어링,55.6,18,0.0,85,0,0,1,45.1,12,15,1,12.3,20,1,10,10,1,0,15,0,0,10,1,0,10,1,3.0,10,1,10,10,1,-23.88,-19.62
2026-07-21,214450,파마리서치,54.9,19,0.0,85,1,0,1,55.8,8,15,1,7.7,20,1,10,10,1,0,15,0,4,10,1,0,10,1,7.0,10,1,10,10,1,9.96,12.59
2026-07-21,080220,제주반도체,54.8,20,0.0,85,0,0,1,43.7,8,15,1,18.6,20,1,10,10,1,0,15,0,0,10,1,0,10,1,3.0,10,1,7,10,1,-20.31,-10.6
2026-07-21,089030,테크윙,54.7,21,0.0,75,0,1,1,46.0,8,15,1,20.0,20,1,0,10,0,0,15,0,0,10,1,0,10,1,6.0,10,1,7,10,1,-16.77,2.78
2026-07-21,066570,LG전자,53.9,22,0.0,85,0,0,1,40.6,15,15,1,7.8,20,1,10,10,1,0,15,0,0,10,1,0,10,1,3.0,10,1,10,10,1,-9.06,-4.45
2026-07-21,440110,파두,53.7,23,0.0,75,0,1,1,47.1,8,15,1,16.3,20,1,0,10,0,0,15,0,0,10,1,0,10,1,6.0,10,1,10,10,1,-27.45,-20.23
2026-07-21,047040,대우건설,53.3,24,0.0,85,0,1,1,34.2,8,15,1,14.3,20,1,10,10,1,0,15,0,0,10,1,0,10,1,6.0,10,1,7,10,1,-9.26,2.7
2026-07-21,322000,HD현대에너지솔루션,53.3,25,0.0,75,0,1,1,49.8,8,15,1,20.0,20,1,0,10,0,0,15,0,0,10,1,4,10,1,6.0,10,1,2,10,1,-14.08,-0.77
2026-07-21,042700,한미반도체,52.7,26,0.0,85,0,1,1,44.6,12,15,1,6.8,20,1,10,10,1,0,15,0,0,10,1,0,10,1,6.0,10,1,10,10,1,-19.87,-9.38
2026-07-21,298040,효성중공업,52.6,27,0.0,85,0,0,1,37.8,12,15,1,9.7,20,1,10,10,1,0,15,0,0,10,1,0,10,1,3.0,10,1,10,10,1,-9.85,2.99
2026-07-21,010060,OCI홀딩스,51.8,28,0.0,85,0,1,1,42.0,4,15,1,20.0,20,1,10,10,1,0,15,0,0,10,1,0,10,1,6.0,10,1,4,10,1,-5.38,15.38
2026-07-21,002020,코오롱,51.8,29,0.0,85,0,0,0,19.8,4,15,1,20.0,20,1,10,10,1,0,15,0,0,10,1,10,10,1,0.0,10,1,0,10,1,-1.48,7.42
2026-07-21,058730,다스코,51.3,30,0.0,85,1,0,1,53.4,4,15,1,15.6,20,1,10,10,1,0,15,0,0,10,1,0,10,1,7.0,10,1,7,10,1,-25.75,-26.55
2026-07-21,277810,레인보우로보틱스,50.5,31,0.0,75,0,0,1,38.1,8,15,1,17.9,20,1,0,10,0,0,15,0,0,10,1,7,10,1,3.0,10,1,2,10,1,-2.67,13.49
2026-07-21,278470,에이피알,50.1,32,0.0,85,0,0,0,44.2,8,15,1,14.6,20,1,10,10,1,0,15,0,0,10,1,0,10,1,0.0,10,1,10,10,1,-8.63,-1.51
2026-07-21,010120,LS ELECTRIC,49.4,33,0.0,85,0,0,1,43.4,12,15,1,7.0,20,1,10,10,1,0,15,0,0,10,1,0,10,1,3.0,10,1,10,10,1,-7.19,4.18
2026-07-21,319660,피에스케이,48.8,34,0.0,85,1,0,1,50.0,8,15,1,9.5,20,1,10,10,1,0,15,0,0,10,1,0,10,1,7.0,10,1,7,10,1,-26.18,-25.88
2026-07-21,009150,삼성전기,48.1,35,0.0,85,0,0,0,38.7,15,15,1,8.9,20,1,10,10,1,0,15,0,0,10,1,0,10,1,0.0,10,1,7,10,1,-14.96,-9.54
2026-07-21,068790,DMS,48.1,36,5.0,85,0,1,1,78.7,0,15,1,15.1,20,1,10,10,1,0,15,0,4,10,1,10,10,1,6.0,10,1,0,10,1,-13.6,-5.04
2026-07-21,086790,하나금융지주,47.9,37,0.0,85,1,1,1,59.8,12,15,1,4.7,20,1,10,10,1,0,15,0,4,10,1,0,10,1,10.0,10,1,0,10,1,-7.24,-3.77
2026-07-21,105560,KB금융,47.6,38,0.0,85,1,1,1,54.8,12,15,1,4.5,20,1,10,10,1,0,15,0,4,10,1,0,10,1,10.0,10,1,0,10,1,-5.06,-2.99
2026-07-21,373220,LG에너지솔루션,47.2,39,0.0,75,0,1,0,38.4,8,15,1,17.4,20,1,0,10,0,0,15,0,0,10,1,0,10,1,3.0,10,1,7,10,1,-0.95,3.63
2026-07-21,352820,하이브,47.1,40,0.0,85,0,0,0,42.7,8,15,1,20.0,20,1,10,10,1,0,15,0,0,10,1,0,10,1,0.0,10,1,2,10,1,-4.84,-8.77
2026-07-21,004710,한솔테크닉스,47.1,41,0.0,85,0,1,1,45.3,4,15,1,20.0,20,1,10,10,1,0,15,0,0,10,1,0,10,1,6.0,10,1,0,10,1,-30.9,-16.65
2026-07-21,077360,덕산하이메탈,47.1,42,0.0,85,0,1,1,44.3,4,15,1,20.0,20,1,10,10,1,0,15,0,0,10,1,0,10,1,6.0,10,1,0,10,1,-18.19,-1.05
2026-07-21,034730,SK,46.7,43,0.0,75,0,0,0,45.3,8,15,1,20.0,20,1,0,10,0,0,15,0,0,10,1,0,10,1,0.0,10,1,7,10,1,-9.23,-13.09
2026-07-21,196170,알테오젠,46.7,44,0.0,75,0,0,0,36.5,8,15,1,20.0,20,1,0,10,0,0,15,0,0,10,1,0,10,1,0.0,10,1,7,10,1,8.61,27.11
2026-07-21,009830,한화솔루션,46.7,45,0.0,75,0,0,0,32.7,8,15,1,20.0,20,1,0,10,0,0,15,0,0,10,1,0,10,1,0.0,10,1,7,10,1,-9.96,0.75
2026-07-21,222800,심텍,46.7,46,0.0,75,0,0,0,43.4,8,15,1,20.0,20,1,0,10,0,0,15,0,0,10,1,0,10,1,0.0,10,1,7,10,1,-25.17,-3.77
2026-07-21,217590,티엠씨,46.3,47,0.0,75,0,1,1,46.4,8,15,1,8.7,20,1,0,10,0,0,15,0,0,10,1,10,10,1,6.0,10,1,2,10,1,-17.82,-6.69
2026-07-21,017670,SK텔레콤,46.2,48,0.0,85,0,1,1,41.3,8,15,1,8.3,20,1,10,10,1,0,15,0,0,10,1,0,10,1,6.0,10,1,7,10,1,-3.41,7.4
2026-07-21,086520,에코프로,46.1,49,0.0,85,0,1,0,35.7,8,15,1,13.2,20,1,8,10,1,0,15,0,0,10,1,0,10,1,3.0,10,1,7,10,1,-3.32,9.04
2026-07-21,009540,HD한국조선해양,46.1,50,0.0,85,0,1,0,41.7,8,15,1,13.2,20,1,8,10,1,0,15,0,0,10,1,0,10,1,3.0,10,1,7,10,1,4.73,10.65
2026-07-21,005860,한일사료,46.1,51,0.0,85,0,1,1,52.1,4,15,1,7.2,20,1,10,10,1,0,15,0,0,10,1,10,10,1,6.0,10,1,2,10,1,-13.42,-10.51
2026-07-21,066590,스모트로닉,45.7,52,5.0,75,0,1,1,78.2,8,15,1,4.0,20,1,0,10,0,0,15,0,10,10,1,10,10,1,6.0,10,1,0,10,1,-22.45,-21.66
2026-07-21,059120,아진엑스텍,45.4,53,0.0,85,0,1,1,47.1,4,15,1,10.6,20,1,8,10,1,0,15,0,0,10,1,10,10,1,6.0,10,1,0,10,1,18.46,17.7
2026-07-21,079940,가비아,45.4,54,5.0,85,1,1,1,86.4,0,15,1,4.8,20,1,8,10,1,0,15,0,10,10,1,10,10,1,10.0,10,1,0,10,1,-0.11,-1.68
2026-07-21,219130,타이거일렉,45.3,55,0.0,75,1,1,1,57.8,0,15,1,20.0,20,1,0,10,0,0,15,0,4,10,1,0,10,1,10.0,10,1,0,10,1,-20.03,-15.55
2026-07-21,006800,미래에셋증권,45.2,56,0.0,85,0,1,0,35.6,8,15,1,10.4,20,1,10,10,1,0,15,0,0,10,1,0,10,1,3.0,10,1,7,10,1,-11.28,-8.59
2026-07-21,489460,바이오비쥬,45.2,57,0.0,85,0,1,1,53.3,0,15,1,12.4,20,1,10,10,1,0,15,0,0,10,1,10,10,1,6.0,10,1,0,10,1,39.36,67.63
2026-07-21,058470,리노공업,45.1,58,0.0,85,0,1,1,37.2,8,15,1,6.3,20,1,8,10,1,0,15,0,0,10,1,0,10,1,6.0,10,1,10,10,1,-12.0,-8.0
2026-07-21,483650,달바글로벌,44.4,59,0.0,85,0,1,1,60.2,8,15,1,7.7,20,1,10,10,1,0,15,0,4,10,1,0,10,1,6.0,10,1,2,10,1,8.47,1.48
2026-07-21,267260,HD현대일렉트릭,44.2,60,0.0,85,0,0,1,37.1,8,15,1,6.6,20,1,10,10,1,0,15,0,0,10,1,0,10,1,3.0,10,1,10,10,1,-9.38,-7.97
2026-07-21,067310,하나마이크론,44.1,61,0.0,75,0,0,1,41.5,8,15,1,12.1,20,1,0,10,0,0,15,0,0,10,1,0,10,1,3.0,10,1,10,10,1,-18.78,-16.22
2026-07-21,068270,셀트리온,43.9,62,0.0,85,0,1,0,45.3,8,15,1,11.3,20,1,8,10,1,0,15,0,0,10,1,0,10,1,3.0,10,1,7,10,1,3.38,8.28
2026-07-21,012450,한화에어로스페이스,43.8,63,0.0,85,0,0,0,37.8,12,15,1,8.2,20,1,10,10,1,0,15,0,0,10,1,0,10,1,0.0,10,1,7,10,1,-2.67,11.68
2026-07-21,011070,LG이노텍,43.8,64,0.0,85,0,0,0,32.9,12,15,1,8.2,20,1,10,10,1,0,15,0,0,10,1,0,10,1,0.0,10,1,7,10,1,-18.28,-16.53
2026-07-21,376900,로킷헬스케어,43.7,65,0.0,75,0,1,1,54.9,8,15,1,9.8,20,1,0,10,0,0,15,0,0,10,1,7,10,1,6.0,10,1,2,10,1,-26.27,-32.2
2026-07-21,267270,HD건설기계,43.5,66,0.0,85,0,1,0,43.1,4,15,1,20.0,20,1,10,10,1,0,15,0,0,10,1,0,10,1,3.0,10,1,0,10,1,0.49,4.01
2026-07-21,420770,기가비스,43.5,67,0.0,85,0,0,1,45.2,4,15,1,20.0,20,1,10,10,1,0,15,0,0,10,1,0,10,1,3.0,10,1,0,10,1,-29.87,-19.5
2026-07-21,066910,손오공,43.2,68,0.0,75,0,0,1,64.2,8,15,1,1.4,20,1,0,10,0,0,15,0,10,10,1,10,10,1,3.0,10,1,0,10,1,-32.94,-34.58
2026-07-21,476060,온코닉테라퓨틱스,42.7,69,0.0,75,0,1,1,40.8,4,15,1,20.0,20,1,0,10,0,0,15,0,0,10,1,0,10,1,6.0,10,1,2,10,1,-10.35,10.0
2026-07-21,032830,삼성생명,42.5,70,0.0,85,0,0,0,40.3,12,15,1,7.1,20,1,10,10,1,0,15,0,0,10,1,0,10,1,0.0,10,1,7,10,1,-9.81,-12.03
2026-07-21,187790,나노,42.5,71,0.0,75,0,1,1,50.8,0,15,1,15.9,20,1,0,10,0,0,15,0,0,10,1,10,10,1,6.0,10,1,0,10,1,-32.98,-24.8
2026-07-21,298020,효성티앤씨,42.1,72,0.0,85,0,1,1,54.4,4,15,1,8.8,20,1,10,10,1,0,15,0,0,10,1,7,10,1,6.0,10,1,0,10,1,-0.79,1.75
2026-07-21,005490,POSCO홀딩스,42.0,73,0.0,85,0,1,0,38.4,8,15,1,7.7,20,1,10,10,1,0,15,0,0,10,1,0,10,1,3.0,10,1,7,10,1,-1.32,3.3
2026-07-21,064820,케이프,41.8,74,0.0,85,0,1,1,49.2,4,15,1,5.5,20,1,10,10,1,0,15,0,0,10,1,10,10,1,6.0,10,1,0,10,1,-14.5,-8.98
2026-07-21,122350,삼기,41.5,75,0.0,85,1,1,1,60.6,4,15,1,7.3,20,1,10,10,1,0,15,0,4,10,1,0,10,1,10.0,10,1,0,10,1,-20.38,-11.44
2026-07-21,093370,후성,41.3,76,0.0,75,0,0,1,40.3,4,15,1,20.0,20,1,0,10,0,0,15,0,0,10,1,0,10,1,3.0,10,1,4,10,1,-24.09,-9.09
2026-07-21,001440,대한전선,41.1,77,0.0,85,0,1,0,36.5,8,15,1,6.9,20,1,10,10,1,0,15,0,0,10,1,0,10,1,3.0,10,1,7,10,1,-5.27,-3.95
2026-07-21,055550,신한지주,40.6,78,0.0,85,1,0,0,52.6,12,15,1,4.5,20,1,10,10,1,0,15,0,4,10,1,0,10,1,4.0,10,1,0,10,1,-3.63,-2.29
2026-07-21,039030,이오테크닉스,40.6,79,0.0,85,0,0,0,36.3,8,15,1,12.5,20,1,10,10,1,0,15,0,0,10,1,0,10,1,0.0,10,1,4,10,1,-14.96,-2.68
2026-07-21,007660,이수페타시스,40.5,80,0.0,85,0,0,0,39.1,8,15,1,9.4,20,1,10,10,1,0,15,0,0,10,1,0,10,1,0.0,10,1,7,10,1,-19.41,-10.16
2026-07-21,329180,HD현대중공업,40.1,81,0.0,85,0,0,0,28.6,12,15,1,14.1,20,1,1,10,1,0,15,0,0,10,1,0,10,1,0.0,10,1,7,10,1,-0.11,6.98
2026-07-21,178320,서진시스템,40.0,82,0.0,75,0,0,0,33.0,8,15,1,20.0,20,1,0,10,0,0,15,0,0,10,1,0,10,1,0.0,10,1,2,10,1,-8.7,1.66
2026-07-21,098460,고영,40.0,83,0.0,85,0,0,0,42.3,4,15,1,20.0,20,1,10,10,1,0,15,0,0,10,1,0,10,1,0.0,10,1,0,10,1,-5.27,16.8
2026-07-21,036570,NC,40.0,84,0.0,85,0,0,0,32.6,4,15,1,20.0,20,1,10,10,1,0,15,0,0,10,1,0,10,1,0.0,10,1,0,10,1,5.39,12.65
2026-07-21,043260,성호전자,40.0,85,0.0,85,0,0,0,32.3,4,15,1,20.0,20,1,10,10,1,0,15,0,0,10,1,0,10,1,0.0,10,1,0,10,1,-11.65,-1.12
2026-07-21,131970,두산테스나,40.0,86,0.0,85,0,0,0,34.2,4,15,1,20.0,20,1,10,10,1,0,15,0,0,10,1,0,10,1,0.0,10,1,0,10,1,-18.93,-17.46
2026-07-21,290650,엘앤씨바이오,40.0,87,0.0,85,0,0,0,39.7,4,15,1,20.0,20,1,10,10,1,0,15,0,0,10,1,0,10,1,0.0,10,1,0,10,1,-21.26,-12.13
2026-07-21,417840,저스템,40.0,88,0.0,75,0,1,1,46.2,4,15,1,20.0,20,1,0,10,0,0,15,0,0,10,1,0,10,1,6.0,10,1,0,10,1,-28.25,-20.91
2026-07-21,218410,RFHIC,40.0,89,0.0,85,0,0,0,32.5,4,15,1,20.0,20,1,10,10,1,0,15,0,0,10,1,0,10,1,0.0,10,1,0,10,1,-8.15,11.94
2026-07-21,252990,샘씨엔에스,39.6,90,0.0,75,0,1,1,56.9,4,15,1,13.7,20,1,0,10,0,0,15,0,4,10,1,0,10,1,6.0,10,1,2,10,1,-24.26,-14.19
2026-07-21,095610,테스,38.8,91,0.0,85,1,0,1,48.6,8,15,1,8.0,20,1,3,10,1,0,15,0,0,10,1,0,10,1,7.0,10,1,7,10,1,-26.31,-20.1
2026-07-21,263750,펄어비스,38.8,92,0.0,85,0,1,0,33.3,0,15,1,20.0,20,1,10,10,1,0,15,0,0,10,1,0,10,1,3.0,10,1,0,10,1,0.3,6.75
2026-07-21,126640,화신정공,38.8,93,0.0,85,0,0,1,45.4,0,15,1,20.0,20,1,10,10,1,0,15,0,0,10,1,0,10,1,3.0,10,1,0,10,1,6.93,17.96
2026-07-21,003160,디아이,38.8,94,0.0,85,0,0,1,36.4,0,15,1,20.0,20,1,10,10,1,0,15,0,0,10,1,0,10,1,3.0,10,1,0,10,1,-8.08,15.03
2026-07-21,099320,쎄트렉아이,38.8,95,0.0,85,0,1,0,37.0,0,15,1,20.0,20,1,10,10,1,0,15,0,0,10,1,0,10,1,3.0,10,1,0,10,1,-7.55,-1.21
2026-07-21,100840,SNT에너지,38.8,96,0.0,85,0,1,0,33.5,0,15,1,20.0,20,1,10,10,1,0,15,0,0,10,1,0,10,1,3.0,10,1,0,10,1,1.05,16.88
2026-07-21,003530,한화투자증권,38.8,97,0.0,85,0,1,0,36.0,0,15,1,20.0,20,1,10,10,1,0,15,0,0,10,1,0,10,1,3.0,10,1,0,10,1,-7.96,1.41
2026-07-21,348210,넥스틴,38.8,98,0.0,85,0,1,0,33.1,0,15,1,20.0,20,1,10,10,1,0,15,0,0,10,1,0,10,1,3.0,10,1,0,10,1,-17.21,-8.11
2026-07-21,005070,코스모신소재,38.8,99,0.0,85,0,1,0,38.2,0,15,1,20.0,20,1,10,10,1,0,15,0,0,10,1,0,10,1,3.0,10,1,0,10,1,-10.83,-2.42
2026-07-21,247540,에코프로비엠,38.7,100,0.0,75,0,1,0,33.0,4,15,1,20.0,20,1,0,10,0,0,15,0,0,10,1,0,10,1,3.0,10,1,2,10,1,-3.87,-3.21
2026-07-21,131290,티에스이,38.7,101,0.0,85,1,1,0,51.1,4,15,1,16.9,20,1,1,10,1,0,15,0,0,10,1,0,10,1,7.0,10,1,4,10,1,-29.72,-21.55
2026-07-21,036540,SFA반도체,38.7,102,0.0,75,0,1,0,44.1,4,15,1,20.0,20,1,0,10,0,0,15,0,0,10,1,0,10,1,3.0,10,1,2,10,1,-18.41,-9.21
2026-07-21,460930,현대힘스,38.6,103,0.0,85,0,1,1,49.5,4,15,1,5.8,20,1,8,10,1,0,15,0,0,10,1,7,10,1,6.0,10,1,2,10,1,10.43,7.76
2026-07-21,000270,기아,38.5,104,0.0,85,0,1,1,46.8,12,15,1,4.7,20,1,10,10,1,0,15,0,0,10,1,0,10,1,6.0,10,1,0,10,1,-15.77,-10.37
2026-07-21,281820,케이씨텍,38.5,105,0.0,85,1,0,1,55.2,4,15,1,11.7,20,1,10,10,1,0,15,0,0,10,1,0,10,1,7.0,10,1,0,10,1,-35.0,-30.01
2026-07-21,037070,파세코,38.1,106,0.0,85,0,1,1,44.4,4,15,1,10.4,20,1,8,10,1,0,15,0,0,10,1,0,10,1,6.0,10,1,4,10,1,9.98,14.24
2026-07-21,403870,HPSP,38.0,107,0.0,85,0,0,1,41.1,8,15,1,6.3,20,1,8,10,1,0,15,0,0,10,1,0,10,1,3.0,10,1,7,10,1,-16.37,-9.46
2026-07-21,051910,LG화학,37.9,108,0.0,85,0,1,0,35.2,8,15,1,13.2,20,1,8,10,1,0,15,0,0,10,1,0,10,1,3.0,10,1,0,10,1,-3.99,2.4
2026-07-21,078930,GS,37.9,109,0.0,85,0,1,0,60.8,4,15,1,6.2,20,1,10,10,1,0,15,0,7,10,1,0,10,1,3.0,10,1,2,10,1,6.06,17.45
2026-07-21,170920,엘티씨,37.9,110,0.0,75,1,1,1,55.7,4,15,1,10.4,20,1,0,10,0,0,15,0,4,10,1,0,10,1,10.0,10,1,0,10,1,-39.75,-34.3
2026-07-21,060370,LS마린솔루션,37.9,111,0.0,85,0,1,1,49.3,0,15,1,16.2,20,1,10,10,1,0,15,0,0,10,1,0,10,1,6.0,10,1,0,10,1,0.18,6.9
2026-07-21,003670,포스코퓨처엠,37.6,112,0.0,85,0,1,0,33.9,4,15,1,20.0,20,1,3,10,1,0,15,0,0,10,1,0,10,1,3.0,10,1,2,10,1,-4.11,3.03
2026-07-21,009420,한올바이오파마,37.6,113,0.0,85,0,0,0,41.2,4,15,1,20.0,20,1,8,10,1,0,15,0,0,10,1,0,10,1,0.0,10,1,0,10,1,-6.13,8.0
2026-07-21,356860,티엘비,37.6,114,0.0,85,0,0,0,29.9,4,15,1,20.0,20,1,8,10,1,0,15,0,0,10,1,0,10,1,0.0,10,1,0,10,1,-28.21,-21.64
2026-07-21,003280,흥아해운,37.3,115,0.0,75,0,1,1,54.6,8,15,1,4.0,20,1,0,10,0,0,15,0,0,10,1,10,10,1,6.0,10,1,0,10,1,-15.29,-11.6
2026-07-21,332570,PS일렉트로닉스,37.3,116,0.0,75,0,1,1,52.0,8,15,1,4.0,20,1,0,10,0,0,15,0,0,10,1,10,10,1,6.0,10,1,0,10,1,13.38,23.91
2026-07-21,138360,앤로보틱스,37.3,117,0.0,75,0,1,1,42.7,0,15,1,12.0,20,1,0,10,0,0,15,0,0,10,1,10,10,1,6.0,10,1,0,10,1,-3.7,4.89
2026-07-21,064850,에프앤가이드,37.2,118,0.0,85,0,0,1,41.4,0,15,1,11.6,20,1,10,10,1,0,15,0,0,10,1,7,10,1,3.0,10,1,0,10,1,-17.93,-14.7
2026-07-21,120110,코오롱인더,36.8,119,0.0,85,0,0,0,31.4,4,15,1,10.3,20,1,10,10,1,0,15,0,0,10,1,7,10,1,0.0,10,1,0,10,1,1.01,5.04
2026-07-21,031980,피에스케이홀딩스,36.8,120,0.0,85,1,0,1,50.7,4,15,1,6.3,20,1,10,10,1,0,15,0,0,10,1,0,10,1,7.0,10,1,4,10,1,-30.22,-23.7
2026-07-21,487580,폴레드,36.8,121,0.0,75,0,1,1,42.0,4,15,1,7.6,20,1,0,10,0,0,15,0,0,10,1,10,10,1,6.0,10,1,0,10,1,-14.51,-10.39
2026-07-21,126340,비나텍,36.7,122,0.0,85,0,0,0,33.1,4,15,1,17.2,20,1,10,10,1,0,15,0,0,10,1,0,10,1,0.0,10,1,0,10,1,-7.53,13.98
2026-07-21,083650,비에이치아이,36.6,123,0.0,85,0,0,0,31.7,4,15,1,17.1,20,1,10,10,1,0,15,0,0,10,1,0,10,1,0.0,10,1,0,10,1,-1.73,22.93
2026-07-21,021240,코웨이,36.2,124,0.0,85,1,1,1,52.7,4,15,1,4.8,20,1,8,10,1,0,15,0,4,10,1,0,10,1,10.0,10,1,0,10,1,-2.46,0.86
2026-07-21,144960,뉴파워프라즈마,36.1,125,0.0,85,0,1,1,58.7,4,15,1,10.7,20,1,10,10,1,0,15,0,0,10,1,0,10,1,6.0,10,1,0,10,1,-16.5,2.0
2026-07-21,023790,동일스틸럭스,36.0,126,0.0,75,0,1,1,70.7,4,15,1,0.0,20,1,0,10,0,0,15,0,7,10,1,10,10,1,6.0,10,1,0,10,1,-26.62,-35.27
2026-07-21,139480,이마트,36.0,127,0.0,75,0,1,0,43.8,4,15,1,20.0,20,1,0,10,0,0,15,0,0,10,1,0,10,1,3.0,10,1,0,10,1,-0.75,0.25
2026-07-21,122640,예스티,36.0,128,0.0,75,0,0,1,44.0,4,15,1,20.0,20,1,0,10,0,0,15,0,0,10,1,0,10,1,3.0,10,1,0,10,1,-27.13,-20.0
2026-07-21,033160,엠케이전자,36.0,129,0.0,75,0,1,0,40.3,4,15,1,20.0,20,1,0,10,0,0,15,0,0,10,1,0,10,1,3.0,10,1,0,10,1,-14.16,-3.82
2026-07-21,064350,현대로템,35.8,130,0.0,85,0,0,0,38.2,8,15,1,10.4,20,1,5,10,1,0,15,0,0,10,1,0,10,1,0.0,10,1,7,10,1,-19.92,-8.62
2026-07-21,089890,코세스,35.3,131,0.0,85,0,0,0,34.7,0,15,1,20.0,20,1,10,10,1,0,15,0,0,10,1,0,10,1,0.0,10,1,0,10,1,-11.95,-1.16
2026-07-21,008770,호텔신라,35.3,132,0.0,85,0,0,0,39.5,0,15,1,20.0,20,1,10,10,1,0,15,0,0,10,1,0,10,1,0.0,10,1,0,10,1,1.53,-9.19
2026-07-21,161390,한국타이어앤테크놀로지,35.2,133,0.0,85,1,1,0,54.3,4,15,1,4.9,20,1,10,10,1,0,15,0,4,10,1,0,10,1,7.0,10,1,0,10,1,-5.92,-4.51
2026-07-21,000400,롯데손해보험,35.1,134,0.0,85,1,1,1,51.6,0,15,1,9.8,20,1,10,10,1,0,15,0,0,10,1,0,10,1,10.0,10,1,0,10,1,-5.96,-11.15
2026-07-21,047810,한국항공우주,34.9,135,0.0,85,0,0,0,44.3,8,15,1,7.7,20,1,10,10,1,0,15,0,0,10,1,0,10,1,0.0,10,1,4,10,1,0.35,-3.51
2026-07-21,200710,에이디테크놀로지,34.7,136,0.0,75,0,1,1,39.3,0,15,1,20.0,20,1,0,10,0,0,15,0,0,10,1,0,10,1,6.0,10,1,0,10,1,-2.21,6.43
2026-07-21,189300,인텔리안테크,34.6,137,0.0,85,0,1,0,31.2,0,15,1,16.4,20,1,10,10,1,0,15,0,0,10,1,0,10,1,3.0,10,1,0,10,1,-5.25,18.44
2026-07-21,010140,삼성중공업,34.4,138,0.0,75,0,1,0,38.5,8,15,1,7.8,20,1,0,10,0,0,15,0,0,10,1,0,10,1,3.0,10,1,7,10,1,-2.59,1.88
2026-07-21,207940,삼성바이오로직스,34.1,139,0.0,85,0,0,1,51.5,8,15,1,7.0,20,1,1,10,1,0,15,0,0,10,1,0,10,1,3.0,10,1,10,10,1,11.04,5.81
2026-07-21,003230,삼양식품,33.9,140,0.0,85,0,0,0,48.6,8,15,1,6.8,20,1,10,10,1,0,15,0,0,10,1,0,10,1,0.0,10,1,4,10,1,5.91,9.13
2026-07-21,018880,한온시스템,33.9,141,0.0,85,0,1,0,37.3,4,15,1,13.8,20,1,8,10,1,0,15,0,0,10,1,0,10,1,3.0,10,1,0,10,1,-1.47,-1.03
2026-07-21,204270,제이앤티씨,33.9,142,0.0,85,0,0,0,37.7,4,15,1,14.8,20,1,10,10,1,0,15,0,0,10,1,0,10,1,0.0,10,1,0,10,1,-6.82,11.72
2026-07-21,232140,와이씨,33.8,143,0.0,85,0,1,0,33.7,0,15,1,15.7,20,1,10,10,1,0,15,0,0,10,1,0,10,1,3.0,10,1,0,10,1,-15.06,-4.98
2026-07-21,079550,LIG디펜스앤에어로스페이스,33.3,144,0.0,85,0,0,0,40.8,8,15,1,6.3,20,1,10,10,1,0,15,0,0,10,1,0,10,1,0.0,10,1,4,10,1,3.72,19.2
2026-07-21,012690,모나리자,33.3,145,0.0,75,0,1,0,52.6,8,15,1,4.0,20,1,0,10,0,0,15,0,0,10,1,10,10,1,3.0,10,1,0,10,1,-17.7,-14.68
2026-07-21,003680,한성기업,33.3,146,0.0,75,0,1,1,57.4,8,15,1,4.0,20,1,0,10,0,0,15,0,0,10,1,7,10,1,6.0,10,1,0,10,1,-24.19,-24.65
2026-07-21,007810,코리아써키트,33.3,147,0.0,75,0,0,1,36.5,4,15,1,18.0,20,1,0,10,0,0,15,0,0,10,1,0,10,1,3.0,10,1,0,10,1,-28.33,-26.97
2026-07-21,413630,씨피시스템,33.1,148,0.0,75,0,1,1,60.7,4,15,1,8.8,20,1,0,10,0,0,15,0,0,10,1,4,10,1,6.0,10,1,2,10,1,24.44,26.37
2026-07-21,066970,엘앤에프,33.1,149,0.0,75,0,1,0,30.8,4,15,1,17.8,20,1,0,10,0,0,15,0,0,10,1,0,10,1,3.0,10,1,0,10,1,-13.53,-6.4
2026-07-21,005690,파미셀,32.9,150,0.0,85,0,0,0,38.3,0,15,1,20.0,20,1,8,10,1,0,15,0,0,10,1,0,10,1,0.0,10,1,0,10,1,-8.78,3.45
2026-07-21,006110,삼아알미늄,32.9,151,0.0,85,0,1,0,31.4,0,15,1,20.0,20,1,5,10,1,0,15,0,0,10,1,0,10,1,3.0,10,1,0,10,1,-2.29,27.94
2026-07-21,071970,HD현대마린엔진,32.8,152,0.0,85,0,1,0,45.7,4,15,1,10.9,20,1,10,10,1,0,15,0,0,10,1,0,10,1,3.0,10,1,0,10,1,-6.01,-9.62
2026-07-21,035720,카카오,32.7,153,0.0,75,0,1,0,45.3,8,15,1,6.5,20,1,0,10,0,0,15,0,0,10,1,0,10,1,3.0,10,1,7,10,1,0.99,7.37
2026-07-21,028260,삼성물산,32.6,154,0.0,85,0,0,0,40.0,15,15,1,4.7,20,1,8,10,1,0,15,0,0,10,1,0,10,1,0.0,10,1,0,10,1,-11.21,-6.11
2026-07-21,012330,현대모비스,32.6,155,0.0,85,0,1,0,41.9,12,15,1,4.7,20,1,8,10,1,0,15,0,0,10,1,0,10,1,3.0,10,1,0,10,1,-8.24,0.42
2026-07-21,003490,대한항공,32.5,156,0.0,75,0,0,0,40.7,8,15,1,9.4,20,1,0,10,0,0,15,0,0,10,1,0,10,1,0.0,10,1,7,10,1,-0.39,2.96
2026-07-21,034220,LG디스플레이,32.4,157,0.0,75,0,0,0,31.5,8,15,1,14.3,20,1,0,10,0,0,15,0,0,10,1,0,10,1,0.0,10,1,2,10,1,-7.69,-2.26
2026-07-21,139130,iM금융지주,32.4,158,0.0,85,0,1,0,54.4,0,15,1,10.5,20,1,10,10,1,0,15,0,4,10,1,0,10,1,3.0,10,1,0,10,1,-7.66,-4.91
2026-07-21,000990,DB하이텍,32.2,159,0.0,85,0,0,1,36.9,4,15,1,6.4,20,1,10,10,1,0,15,0,0,10,1,0,10,1,3.0,10,1,4,10,1,-19.01,-18.82
2026-07-21,111770,영원무역,32.2,160,0.0,85,0,1,1,59.4,0,15,1,7.4,20,1,10,10,1,0,15,0,4,10,1,0,10,1,6.0,10,1,0,10,1,-0.46,2.76
2026-07-21,141080,리가켐바이오,32.0,161,0.0,75,0,0,0,32.0,8,15,1,16.0,20,1,0,10,0,0,15,0,0,10,1,0,10,1,0.0,10,1,0,10,1,-3.21,17.41
2026-07-21,108490,로보티즈,32.0,162,0.0,75,0,0,0,40.2,4,15,1,20.0,20,1,0,10,0,0,15,0,0,10,1,0,10,1,0.0,10,1,0,10,1,-8.32,18.02
2026-07-21,003550,LG,32.0,163,0.0,85,0,1,0,43.6,4,15,1,8.2,20,1,10,10,1,0,15,0,0,10,1,0,10,1,3.0,10,1,2,10,1,-4.32,4.83
2026-07-21,013990,아가방컴퍼니,32.0,164,0.0,75,0,1,1,56.9,4,15,1,4.0,20,1,0,10,0,0,15,0,0,10,1,10,10,1,6.0,10,1,0,10,1,4.79,19.77
2026-07-21,038680,에스넷,32.0,165,0.0,75,0,1,1,55.5,4,15,1,4.0,20,1,0,10,0,0,15,0,0,10,1,10,10,1,6.0,10,1,0,10,1,0.0,6.65
2026-07-21,264850,이랜시스,32.0,166,0.0,75,0,1,1,53.3,4,15,1,4.0,20,1,0,10,0,0,15,0,0,10,1,10,10,1,6.0,10,1,0,10,1,3.29,6.91
2026-07-21,085670,뉴프렉스,32.0,167,0.0,75,0,1,1,36.4,4,15,1,4.0,20,1,0,10,0,0,15,0,0,10,1,10,10,1,6.0,10,1,0,10,1,-12.21,-1.49
2026-07-21,097230,HJ중공업,32.0,168,0.0,75,0,0,0,30.6,4,15,1,20.0,20,1,0,10,0,0,15,0,0,10,1,0,10,1,0.0,10,1,0,10,1,0.34,14.28
2026-07-21,362320,청담글로벌,32.0,169,0.0,75,0,1,1,57.4,4,15,1,4.0,20,1,0,10,0,0,15,0,0,10,1,10,10,1,6.0,10,1,0,10,1,-2.1,5.99
2026-07-21,039200,오스코텍,32.0,170,0.0,75,0,0,0,35.8,4,15,1,20.0,20,1,0,10,0,0,15,0,0,10,1,0,10,1,0.0,10,1,0,10,1,0.33,14.76
2026-07-21,000810,삼성화재,31.6,171,0.0,85,1,0,0,47.1,8,15,1,4.9,20,1,10,10,1,0,15,0,0,10,1,0,10,1,4.0,10,1,0,10,1,-1.46,0.32
2026-07-21,095340,ISC,31.5,172,0.0,85,0,0,1,37.3,4,15,1,7.8,20,1,8,10,1,0,15,0,0,10,1,0,10,1,3.0,10,1,4,10,1,-13.07,-5.53
2026-07-21,052690,한전기술,31.5,173,0.0,85,0,0,1,32.8,4,15,1,9.8,20,1,10,10,1,0,15,0,0,10,1,0,10,1,3.0,10,1,0,10,1,1.6,13.27
2026-07-21,018260,삼성에스디에스,31.3,174,0.0,75,0,1,0,45.4,8,15,1,5.5,20,1,0,10,0,0,15,0,0,10,1,0,10,1,3.0,10,1,7,10,1,4.7,14.62
2026-07-21,267250,HD현대,31.3,175,0.0,85,0,1,0,41.0,4,15,1,9.6,20,1,10,10,1,0,15,0,0,10,1,0,10,1,3.0,10,1,0,10,1,-1.72,5.3
2026-07-21,034020,두산에너빌리티,31.2,176,0.0,85,0,0,0,32.0,12,15,1,6.5,20,1,1,10,1,0,15,0,0,10,1,0,10,1,0.0,10,1,7,10,1,-3.14,9.28
2026-07-21,060720,KH바텍,31.2,177,0.0,75,0,0,1,41.1,4,15,1,6.4,20,1,0,10,0,0,15,0,0,10,1,10,10,1,3.0,10,1,0,10,1,0.11,15.16
2026-07-21,272210,한화시스템,31.1,178,0.0,85,0,0,0,33.7,4,15,1,10.4,20,1,10,10,1,0,15,0,0,10,1,0,10,1,0.0,10,1,2,10,1,0.99,14.03
2026-07-21,051900,LG생활건강,31.1,179,0.0,85,0,1,0,51.7,4,15,1,9.4,20,1,10,10,1,0,15,0,0,10,1,0,10,1,3.0,10,1,0,10,1,4.29,18.98
2026-07-21,138930,BNK금융지주,30.8,180,0.0,85,0,1,0,53.4,4,15,1,5.2,20,1,10,10,1,0,15,0,4,10,1,0,10,1,3.0,10,1,0,10,1,-4.59,-16.52
2026-07-21,000720,현대건설,30.7,181,0.0,85,0,0,0,36.2,4,15,1,12.1,20,1,10,10,1,0,15,0,0,10,1,0,10,1,0.0,10,1,0,10,1,0.53,8.21
2026-07-21,327260,RF머트리얼즈,30.7,182,0.0,75,0,1,0,42.2,0,15,1,20.0,20,1,0,10,0,0,15,0,0,10,1,0,10,1,3.0,10,1,0,10,1,-55.95,-36.88
2026-07-21,002630,오리엔트바이오,30.7,183,0.0,75,0,0,1,70.5,0,15,1,0.0,20,1,0,10,0,0,15,0,10,10,1,10,10,1,3.0,10,1,0,10,1,-14.06,-14.91
2026-07-21,316140,우리금융지주,30.6,184,0.0,85,0,1,0,48.4,8,15,1,5.0,20,1,10,10,1,0,15,0,0,10,1,0,10,1,3.0,10,1,0,10,1,4.1,8.85
2026-07-21,010130,고려아연,30.6,185,0.0,85,0,1,0,30.8,4,15,1,9.0,20,1,10,10,1,0,15,0,0,10,1,0,10,1,3.0,10,1,0,10,1,-0.52,9.32
2026-07-21,347700,스피어,30.4,186,0.0,75,0,1,0,37.3,4,15,1,15.8,20,1,0,10,0,0,15,0,0,10,1,0,10,1,3.0,10,1,0,10,1,-16.04,11.62
2026-07-21,008060,대덕,30.4,187,0.0,85,0,1,0,42.2,0,15,1,5.8,20,1,10,10,1,0,15,0,0,10,1,7,10,1,3.0,10,1,0,10,1,-12.15,-4.05
2026-07-21,004090,한국석유,30.4,188,0.0,85,0,1,1,43.9,0,15,1,9.8,20,1,10,10,1,0,15,0,0,10,1,0,10,1,6.0,10,1,0,10,1,-8.65,-4.81
2026-07-21,294870,IPARK현대산업개발,30.2,189,0.0,85,0,1,1,55.9,0,15,1,9.7,20,1,10,10,1,0,15,0,0,10,1,0,10,1,6.0,10,1,0,10,1,0.71,7.27
2026-07-21,016360,삼성증권,30.1,190,0.0,85,0,0,0,43.7,4,15,1,7.6,20,1,10,10,1,0,15,0,0,10,1,0,10,1,0.0,10,1,4,10,1,-9.8,-4.36
2026-07-21,010170,대한광통신,30.0,191,0.0,75,0,1,1,36.5,8,15,1,1.5,20,1,0,10,0,0,15,0,0,10,1,0,10,1,6.0,10,1,7,10,1,-14.3,3.25
2026-07-21,058610,에스피지,29.9,192,0.0,85,0,1,1,38.3,4,15,1,6.4,20,1,5,10,1,0,15,0,0,10,1,4,10,1,6.0,10,1,0,10,1,3.03,64.85
2026-07-21,004020,현대제철,29.9,193,0.0,85,0,1,0,31.8,4,15,1,8.4,20,1,10,10,1,0,15,0,0,10,1,0,10,1,3.0,10,1,0,10,1,1.98,4.55
2026-07-21,003310,대주산업,29.8,194,0.0,85,0,1,1,40.6,0,15,1,4.3,20,1,8,10,1,0,15,0,0,10,1,7,10,1,6.0,10,1,0,10,1,-6.21,-4.99
2026-07-21,387690,레메디,29.7,195,0.0,75,0,0,1,44.3,4,15,1,15.3,20,1,0,10,0,0,15,0,0,10,1,0,10,1,3.0,10,1,0,10,1,-38.9,-29.34
2026-07-21,000150,두산,29.6,196,0.0,75,0,0,0,35.8,8,15,1,7.2,20,1,0,10,0,0,15,0,0,10,1,0,10,1,0.0,10,1,7,10,1,-6.86,13.45
2026-07-21,119850,지엔씨에너지,29.6,197,0.0,75,0,1,1,72.2,4,15,1,8.2,20,1,0,10,0,0,15,0,4,10,1,0,10,1,6.0,10,1,0,10,1,-10.49,43.22
2026-07-21,071050,한국금융지주,29.5,198,0.0,85,0,0,0,45.6,4,15,1,9.1,20,1,10,10,1,0,15,0,0,10,1,0,10,1,0.0,10,1,2,10,1,-11.55,-7.53
2026-07-21,377300,카카오페이,29.4,199,0.0,85,0,1,1,48.1,4,15,1,14.0,20,1,1,10,1,0,15,0,0,10,1,0,10,1,6.0,10,1,0,10,1,2.82,7.35
2026-07-21,241710,코스메카코리아,29.4,200,0.0,85,1,0,1,53.0,4,15,1,6.0,20,1,8,10,1,0,15,0,0,10,1,0,10,1,7.0,10,1,0,10,1,2.72,6.17
2026-07-22,475150,SK이터닉스,77.1,1,0.0,85,1,1,1,65.1,15,15,1,5.5,20,1,8,10,1,0,15,0,10,10,1,7,10,1,10.0,10,1,10,10,1,-29.92,-6.94
2026-07-22,317400,자이에스앤디,75.3,2,0.0,85,1,1,1,77.9,4,15,1,20.0,20,1,10,10,1,0,15,0,10,10,1,10,10,1,10.0,10,1,0,10,1,-15.3,16.38
2026-07-22,010950,S-Oil,72.9,3,0.0,85,1,1,1,65.0,8,15,1,20.0,20,1,10,10,1,0,15,0,4,10,1,0,10,1,10.0,10,1,10,10,1,-10.8,-13.55
2026-07-22,005930,삼성전자,68.2,4,0.0,85,0,0,1,42.8,15,15,1,20.0,20,1,10,10,1,0,15,0,0,10,1,0,10,1,3.0,10,1,10,10,1,-19.96,-5.57
2026-07-22,005935,삼성전자우,68.2,5,0.0,85,0,0,1,46.8,15,15,1,20.0,20,1,10,10,1,0,15,0,0,10,1,0,10,1,3.0,10,1,10,10,1,-17.13,-0.65
2026-07-22,006400,삼성SDI,68.2,6,0.0,85,0,1,1,40.4,12,15,1,20.0,20,1,10,10,1,0,15,0,0,10,1,0,10,1,6.0,10,1,10,10,1,-13.13,2.39
2026-07-22,277810,레인보우로보틱스,66.5,7,0.0,75,0,1,1,48.7,12,15,1,17.9,20,1,0,10,0,0,15,0,0,10,1,10,10,1,6.0,10,1,4,10,1,-14.21,1.15
2026-07-22,332570,PS일렉트로닉스,65.9,8,0.0,85,0,1,1,54.3,8,15,1,20.0,20,1,10,10,1,0,15,0,0,10,1,10,10,1,6.0,10,1,2,10,1,-2.16,35.64
2026-07-22,353200,대덕전자,64.7,9,0.0,85,0,1,1,44.1,12,15,1,20.0,20,1,10,10,1,0,15,0,0,10,1,0,10,1,6.0,10,1,7,10,1,-32.02,-10.67
2026-07-22,004310,현대약품,64.7,10,0.0,85,0,1,1,52.2,8,15,1,20.0,20,1,10,10,1,0,15,0,0,10,1,4,10,1,6.0,10,1,7,10,1,-24.58,-10.14
2026-07-22,402340,SK스퀘어,64.0,11,0.0,75,0,0,1,44.5,15,15,1,20.0,20,1,0,10,0,0,15,0,0,10,1,0,10,1,3.0,10,1,10,10,1,-30.89,-9.02
2026-07-22,240810,원익IPS,60.0,12,0.0,75,0,0,1,42.2,12,15,1,20.0,20,1,0,10,0,0,15,0,0,10,1,0,10,1,3.0,10,1,10,10,1,-25.51,-12.53
2026-07-22,034730,SK,60.0,13,0.0,75,0,0,1,48.6,12,15,1,20.0,20,1,0,10,0,0,15,0,0,10,1,0,10,1,3.0,10,1,10,10,1,-21.63,-9.94
2026-07-22,096770,SK이노베이션,60.0,14,0.0,85,0,1,1,59.6,8,15,1,20.0,20,1,10,10,1,0,15,0,0,10,1,0,10,1,6.0,10,1,7,10,1,-7.52,-7.77
2026-07-22,080220,제주반도체,59.5,15,0.0,85,0,0,1,42.2,12,15,1,18.6,20,1,10,10,1,0,15,0,0,10,1,0,10,1,3.0,10,1,7,10,1,-26.53,0.67
2026-07-22,036930,주성엔지니어링,59.2,16,0.0,85,0,0,1,43.5,15,15,1,12.3,20,1,10,10,1,0,15,0,0,10,1,0,10,1,3.0,10,1,10,10,1,-28.33,-11.79
2026-07-22,042660,한화오션,57.6,17,0.0,85,0,0,0,40.6,12,15,1,20.0,20,1,10,10,1,0,15,0,0,10,1,0,10,1,0.0,10,1,7,10,1,-11.08,9.54
2026-07-22,108490,로보티즈,57.3,18,0.0,75,0,1,1,46.5,8,15,1,20.0,20,1,0,10,0,0,15,0,0,10,1,7,10,1,6.0,10,1,2,10,1,-21.0,10.25
2026-07-22,047040,대우건설,56.8,19,0.0,85,0,1,1,36.6,8,15,1,14.3,20,1,10,10,1,0,15,0,0,10,1,0,10,1,6.0,10,1,10,10,1,-21.28,6.29
2026-07-22,454910,두산로보틱스,56.1,20,0.0,75,0,0,1,37.6,12,15,1,15.1,20,1,0,10,0,0,15,0,0,10,1,10,10,1,3.0,10,1,2,10,1,-14.94,7.99
2026-07-22,000660,SK하이닉스,56.0,21,0.0,75,0,0,0,41.2,15,15,1,20.0,20,1,0,10,0,0,15,0,0,10,1,0,10,1,0.0,10,1,7,10,1,-23.44,-8.85
2026-07-22,322000,HD현대에너지솔루션,56.0,22,0.0,75,0,1,1,50.9,8,15,1,20.0,20,1,0,10,0,0,15,0,0,10,1,4,10,1,6.0,10,1,4,10,1,-24.74,2.8
2026-07-22,017670,SK텔레콤,55.6,23,0.0,85,0,1,1,55.3,12,15,1,8.3,20,1,10,10,1,0,15,0,0,10,1,4,10,1,6.0,10,1,7,10,1,-16.47,-1.17
2026-07-22,009830,한화솔루션,54.7,24,0.0,75,0,0,1,34.7,8,15,1,20.0,20,1,0,10,0,0,15,0,0,10,1,0,10,1,3.0,10,1,10,10,1,-15.84,11.05
2026-07-22,089030,테크윙,54.7,25,0.0,75,0,1,1,45.4,8,15,1,20.0,20,1,0,10,0,0,15,0,0,10,1,0,10,1,6.0,10,1,7,10,1,-25.54,3.68
2026-07-22,396300,세아메카닉스,54.1,26,0.0,85,0,1,1,43.9,0,15,1,20.0,20,1,10,10,1,0,15,0,0,10,1,10,10,1,6.0,10,1,0,10,1,20.32,36.98
2026-07-22,066570,LG전자,53.9,27,0.0,85,0,0,1,45.0,15,15,1,7.8,20,1,10,10,1,0,15,0,0,10,1,0,10,1,3.0,10,1,10,10,1,-17.62,-1.75
2026-07-22,089860,롯데렌탈,53.9,28,0.0,85,1,1,1,76.0,4,15,1,4.8,20,1,10,10,1,0,15,0,10,10,1,7,10,1,10.0,10,1,0,10,1,-4.27,1.94
2026-07-22,009540,HD한국조선해양,53.2,29,0.0,85,0,1,1,47.4,8,15,1,13.2,20,1,8,10,1,0,15,0,0,10,1,0,10,1,6.0,10,1,10,10,1,-5.23,12.02
2026-07-22,086520,에코프로,53.2,30,0.0,85,0,1,1,37.6,8,15,1,13.2,20,1,8,10,1,0,15,0,0,10,1,0,10,1,6.0,10,1,10,10,1,-12.58,6.74
2026-07-22,049070,인탑스,53.1,31,0.0,85,0,1,1,55.3,4,15,1,18.1,20,1,10,10,1,0,15,0,0,10,1,7,10,1,6.0,10,1,0,10,1,-13.52,0.74
2026-07-22,042700,한미반도체,52.7,32,0.0,85,0,1,1,42.9,12,15,1,6.8,20,1,10,10,1,0,15,0,0,10,1,0,10,1,6.0,10,1,10,10,1,-22.05,-2.79
2026-07-22,448900,한국피아이엠,52.1,33,0.0,85,0,1,1,43.6,4,15,1,14.3,20,1,10,10,1,0,15,0,0,10,1,10,10,1,6.0,10,1,0,10,1,11.38,30.14
2026-07-22,010060,OCI홀딩스,51.8,34,0.0,85,0,1,1,40.7,4,15,1,20.0,20,1,10,10,1,0,15,0,0,10,1,0,10,1,6.0,10,1,4,10,1,-10.47,29.47
2026-07-22,002020,코오롱,51.8,35,0.0,85,0,0,0,21.2,4,15,1,20.0,20,1,10,10,1,0,15,0,0,10,1,10,10,1,0.0,10,1,0,10,1,-9.34,7.68
2026-07-22,009150,삼성전기,51.6,36,0.0,85,0,0,0,40.4,15,15,1,8.9,20,1,10,10,1,0,15,0,0,10,1,0,10,1,0.0,10,1,10,10,1,-23.49,0.82
2026-07-22,089970,브이엠,50.7,37,0.0,75,0,0,1,44.0,8,15,1,20.0,20,1,0,10,0,0,15,0,0,10,1,0,10,1,3.0,10,1,7,10,1,-30.45,-16.93
2026-07-22,078930,GS,49.6,38,0.0,85,1,1,1,62.7,4,15,1,6.2,20,1,10,10,1,0,15,0,10,10,1,0,10,1,10.0,10,1,2,10,1,-0.12,12.83
2026-07-22,010120,LS ELECTRIC,49.4,39,0.0,85,0,0,1,43.7,12,15,1,7.0,20,1,10,10,1,0,15,0,0,10,1,0,10,1,3.0,10,1,10,10,1,-14.06,11.23
2026-07-22,010170,대한광통신,49.3,40,0.0,75,0,1,1,38.0,8,15,1,16.0,20,1,0,10,0,0,15,0,0,10,1,0,10,1,6.0,10,1,7,10,1,-26.16,19.62
2026-07-22,413630,씨피시스템,49.1,41,0.0,75,0,1,1,63.3,8,15,1,8.8,20,1,0,10,0,0,15,0,0,10,1,10,10,1,6.0,10,1,4,10,1,10.64,21.43
2026-07-22,058610,에스피지,48.7,42,0.0,85,0,1,1,53.0,12,15,1,6.4,20,1,5,10,1,0,15,0,0,10,1,10,10,1,6.0,10,1,2,10,1,-0.97,31.84
2026-07-22,440110,파두,48.4,43,0.0,75,0,1,1,42.6,4,15,1,16.3,20,1,0,10,0,0,15,0,0,10,1,0,10,1,6.0,10,1,10,10,1,-28.55,-5.54
2026-07-22,263800,데이타솔루션,48.2,44,0.0,85,1,1,0,55.2,4,15,1,20.0,20,1,10,10,1,0,15,0,0,10,1,0,10,1,7.0,10,1,0,10,1,-23.47,-8.98
2026-07-22,298040,효성중공업,47.9,45,0.0,85,0,0,1,40.6,8,15,1,9.7,20,1,10,10,1,0,15,0,0,10,1,0,10,1,3.0,10,1,10,10,1,-25.12,11.42
2026-07-22,058730,다스코,47.8,46,0.0,85,1,0,0,49.7,4,15,1,15.6,20,1,10,10,1,0,15,0,0,10,1,0,10,1,4.0,10,1,7,10,1,-25.81,-19.7
2026-07-22,373220,LG에너지솔루션,47.2,47,0.0,75,0,1,0,40.1,8,15,1,17.4,20,1,0,10,0,0,15,0,0,10,1,0,10,1,3.0,10,1,7,10,1,-6.39,4.52
2026-07-22,267270,HD건설기계,47.1,48,0.0,85,0,1,1,47.2,4,15,1,20.0,20,1,10,10,1,0,15,0,0,10,1,0,10,1,6.0,10,1,0,10,1,-6.85,11.73
2026-07-22,043260,성호전자,47.1,49,0.0,85,0,1,1,35.1,4,15,1,20.0,20,1,10,10,1,0,15,0,0,10,1,0,10,1,6.0,10,1,0,10,1,-27.26,5.5
2026-07-22,218410,RFHIC,47.1,50,0.0,85,0,1,1,34.7,4,15,1,20.0,20,1,10,10,1,0,15,0,0,10,1,0,10,1,6.0,10,1,0,10,1,-17.58,16.35
2026-07-22,196170,알테오젠,46.7,51,0.0,75,0,0,0,35.6,8,15,1,20.0,20,1,0,10,0,0,15,0,0,10,1,0,10,1,0.0,10,1,7,10,1,5.41,3.36
2026-07-22,278470,에이피알,46.6,52,0.0,85,0,0,0,42.4,8,15,1,14.6,20,1,10,10,1,0,15,0,0,10,1,0,10,1,0.0,10,1,7,10,1,-9.09,0.0
2026-07-22,000250,삼천당제약,45.5,53,0.0,75,0,1,0,35.8,8,15,1,16.1,20,1,0,10,0,0,15,0,0,10,1,7,10,1,3.0,10,1,0,10,1,-17.21,9.03
2026-07-22,059120,아진엑스텍,45.4,54,0.0,85,0,1,1,48.3,4,15,1,10.6,20,1,8,10,1,0,15,0,0,10,1,10,10,1,6.0,10,1,0,10,1,12.57,29.02
2026-07-22,079940,가비아,45.4,55,5.0,85,1,1,1,86.4,0,15,1,4.8,20,1,8,10,1,0,15,0,10,10,1,10,10,1,10.0,10,1,0,10,1,-0.84,-2.11
2026-07-22,222800,심텍,45.3,56,0.0,75,0,0,1,42.2,4,15,1,20.0,20,1,0,10,0,0,15,0,0,10,1,0,10,1,3.0,10,1,7,10,1,-29.71,5.53
2026-07-22,006800,미래에셋증권,45.2,57,0.0,85,0,1,0,36.7,8,15,1,10.4,20,1,10,10,1,0,15,0,0,10,1,0,10,1,3.0,10,1,7,10,1,-18.35,-6.38
2026-07-22,489460,바이오비쥬,45.2,58,0.0,85,0,1,1,66.2,0,15,1,12.4,20,1,10,10,1,0,15,0,0,10,1,10,10,1,6.0,10,1,0,10,1,22.76,38.16
2026-07-22,058470,리노공업,45.1,59,0.0,85,0,1,1,39.7,8,15,1,6.3,20,1,8,10,1,0,15,0,0,10,1,0,10,1,6.0,10,1,10,10,1,-18.94,-6.82
2026-07-22,000500,가온전선,44.8,60,0.0,85,0,0,1,43.0,8,15,1,8.1,20,1,10,10,1,0,15,0,0,10,1,7,10,1,3.0,10,1,2,10,1,-41.58,-24.15
2026-07-22,083650,비에이치아이,44.8,61,0.0,85,0,1,0,35.9,4,15,1,17.1,20,1,10,10,1,0,15,0,0,10,1,4,10,1,3.0,10,1,0,10,1,-16.3,17.58
2026-07-22,290650,엘앤씨바이오,44.7,62,0.0,85,0,0,0,35.2,4,15,1,20.0,20,1,10,10,1,0,15,0,0,10,1,4,10,1,0.0,10,1,0,10,1,-14.26,-5.25
2026-07-22,089890,코세스,44.7,63,0.0,85,0,0,0,40.5,4,15,1,20.0,20,1,10,10,1,0,15,0,0,10,1,4,10,1,0.0,10,1,0,10,1,-29.25,-8.71
2026-07-22,267260,HD현대일렉트릭,44.2,64,0.0,85,0,0,1,39.2,8,15,1,6.6,20,1,10,10,1,0,15,0,0,10,1,0,10,1,3.0,10,1,10,10,1,-26.29,-2.89
2026-07-22,105560,KB금융,44.1,65,0.0,85,1,0,1,55.7,12,15,1,4.5,20,1,10,10,1,0,15,0,4,10,1,0,10,1,7.0,10,1,0,10,1,-8.57,-2.51
2026-07-22,319660,피에스케이,44.1,66,0.0,85,0,0,1,45.9,8,15,1,9.5,20,1,10,10,1,0,15,0,0,10,1,0,10,1,3.0,10,1,7,10,1,-26.68,-18.51
2026-07-22,067310,하나마이크론,44.1,67,0.0,75,0,0,1,39.4,8,15,1,12.1,20,1,0,10,0,0,15,0,0,10,1,0,10,1,3.0,10,1,10,10,1,-24.93,-10.14
2026-07-22,007660,이수페타시스,44.0,68,0.0,85,0,0,1,41.4,8,15,1,9.4,20,1,10,10,1,0,15,0,0,10,1,0,10,1,3.0,10,1,7,10,1,-30.13,-7.53
2026-07-22,187790,나노,43.9,69,0.0,75,0,1,0,43.6,4,15,1,15.9,20,1,0,10,0,0,15,0,0,10,1,10,10,1,3.0,10,1,0,10,1,-30.53,-11.76
2026-07-22,012450,한화에어로스페이스,43.8,70,0.0,85,0,0,0,37.2,12,15,1,8.2,20,1,10,10,1,0,15,0,0,10,1,0,10,1,0.0,10,1,7,10,1,-9.09,13.02
2026-07-22,011070,LG이노텍,43.8,71,0.0,85,0,0,0,35.1,12,15,1,8.2,20,1,10,10,1,0,15,0,0,10,1,0,10,1,0.0,10,1,7,10,1,-29.21,-7.11
2026-07-22,098460,고영,43.5,72,0.0,85,0,0,1,44.5,4,15,1,20.0,20,1,10,10,1,0,15,0,0,10,1,0,10,1,3.0,10,1,0,10,1,-14.15,16.98
2026-07-22,126640,화신정공,43.5,73,0.0,85,0,0,1,50.4,4,15,1,20.0,20,1,10,10,1,0,15,0,0,10,1,0,10,1,3.0,10,1,0,10,1,-2.3,13.81
2026-07-22,086790,하나금융지주,43.2,74,0.0,85,1,1,1,58.1,8,15,1,4.7,20,1,10,10,1,0,15,0,4,10,1,0,10,1,10.0,10,1,0,10,1,-8.51,-2.28
2026-07-22,389260,대명에너지,42.8,75,0.0,85,0,1,1,50.7,4,15,1,9.4,20,1,10,10,1,0,15,0,0,10,1,7,10,1,6.0,10,1,0,10,1,-22.76,0.9
2026-07-22,138360,앤로보틱스,42.7,76,0.0,75,0,1,1,56.8,4,15,1,12.0,20,1,0,10,0,0,15,0,0,10,1,10,10,1,6.0,10,1,0,10,1,-23.85,-14.85
2026-07-22,010140,삼성중공업,42.4,77,0.0,75,0,1,1,40.0,8,15,1,7.8,20,1,0,10,0,0,15,0,0,10,1,0,10,1,6.0,10,1,10,10,1,-10.19,2.78
2026-07-22,004710,한솔테크닉스,42.4,78,0.0,85,0,1,1,44.6,0,15,1,20.0,20,1,10,10,1,0,15,0,0,10,1,0,10,1,6.0,10,1,0,10,1,-35.0,-14.11
2026-07-22,099320,쎄트렉아이,42.4,79,0.0,85,0,1,1,40.5,0,15,1,20.0,20,1,10,10,1,0,15,0,0,10,1,0,10,1,6.0,10,1,0,10,1,-21.61,-5.63
2026-07-22,006910,보성파워텍,42.4,80,0.0,85,0,1,1,40.0,0,15,1,20.0,20,1,10,10,1,0,15,0,0,10,1,0,10,1,6.0,10,1,0,10,1,-18.77,8.04
2026-07-22,161390,한국타이어앤테크놀로지,42.2,81,0.0,85,1,1,1,56.7,4,15,1,4.9,20,1,10,10,1,0,15,0,7,10,1,0,10,1,10.0,10,1,0,10,1,-8.98,-6.49
2026-07-22,005490,POSCO홀딩스,42.0,82,0.0,85,0,1,0,38.6,8,15,1,7.7,20,1,10,10,1,0,15,0,0,10,1,0,10,1,3.0,10,1,7,10,1,-4.79,4.62
2026-07-22,047810,한국항공우주,41.9,83,0.0,85,0,1,0,50.2,8,15,1,7.6,20,1,10,10,1,0,15,0,0,10,1,0,10,1,3.0,10,1,7,10,1,-21.3,-1.88
2026-07-22,000720,현대건설,41.3,84,0.0,85,0,1,0,40.2,8,15,1,12.1,20,1,10,10,1,0,15,0,0,10,1,0,10,1,3.0,10,1,2,10,1,-14.2,11.66
2026-07-22,093370,후성,41.3,85,0.0,75,0,0,1,41.7,4,15,1,20.0,20,1,0,10,0,0,15,0,0,10,1,0,10,1,3.0,10,1,4,10,1,-35.11,-7.42
2026-07-22,327260,RF머트리얼즈,41.3,86,0.0,75,0,1,0,42.4,4,15,1,20.0,20,1,0,10,0,0,15,0,0,10,1,4,10,1,3.0,10,1,0,10,1,-61.55,-28.5
2026-07-22,003670,포스코퓨처엠,41.2,87,0.0,85,0,1,1,35.8,4,15,1,20.0,20,1,3,10,1,0,15,0,0,10,1,0,10,1,6.0,10,1,2,10,1,-13.47,3.61
2026-07-22,001440,대한전선,41.1,88,0.0,85,0,1,0,39.1,8,15,1,6.9,20,1,10,10,1,0,15,0,0,10,1,0,10,1,3.0,10,1,7,10,1,-19.13,3.64
2026-07-22,071970,HD현대마린엔진,41.1,89,0.0,85,0,1,1,52.4,4,15,1,10.9,20,1,10,10,1,0,15,0,0,10,1,4,10,1,6.0,10,1,0,10,1,-25.77,-8.36
2026-07-22,061090,세나테크놀로지,41.1,90,0.0,85,0,1,1,61.2,0,15,1,11.9,20,1,10,10,1,0,15,0,0,10,1,7,10,1,6.0,10,1,0,10,1,-21.68,2.18
2026-07-22,035720,카카오,40.7,91,0.0,75,0,1,1,46.2,8,15,1,6.5,20,1,0,10,0,0,15,0,0,10,1,0,10,1,6.0,10,1,10,10,1,-0.56,7.46
2026-07-22,068270,셀트리온,40.4,92,0.0,85,0,0,0,43.7,8,15,1,11.3,20,1,8,10,1,0,15,0,0,10,1,0,10,1,0.0,10,1,7,10,1,5.82,11.88
2026-07-22,352820,하이브,40.0,93,0.0,85,0,0,0,43.5,4,15,1,20.0,20,1,10,10,1,0,15,0,0,10,1,0,10,1,0.0,10,1,0,10,1,-14.68,-9.32
2026-07-22,131970,두산테스나,40.0,94,0.0,85,0,0,0,33.6,4,15,1,20.0,20,1,10,10,1,0,15,0,0,10,1,0,10,1,0.0,10,1,0,10,1,-30.12,-13.62
2026-07-22,420770,기가비스,40.0,95,0.0,85,0,0,0,40.6,4,15,1,20.0,20,1,10,10,1,0,15,0,0,10,1,0,10,1,0.0,10,1,0,10,1,-29.66,-11.01
2026-07-22,139480,이마트,40.0,96,0.0,75,0,1,1,47.4,4,15,1,20.0,20,1,0,10,0,0,15,0,0,10,1,0,10,1,6.0,10,1,0,10,1,-5.63,-2.45
2026-07-22,417840,저스템,40.0,97,0.0,75,0,1,1,44.3,4,15,1,20.0,20,1,0,10,0,0,15,0,0,10,1,0,10,1,6.0,10,1,0,10,1,-32.8,-10.2
2026-07-22,008770,호텔신라,40.0,98,0.0,85,0,0,0,43.7,4,15,1,20.0,20,1,10,10,1,0,15,0,0,10,1,0,10,1,0.0,10,1,0,10,1,-7.82,-10.99
2026-07-22,036570,NC,40.0,99,0.0,85,0,0,0,35.8,4,15,1,20.0,20,1,10,10,1,0,15,0,0,10,1,0,10,1,0.0,10,1,0,10,1,2.06,7.8
2026-07-22,033160,엠케이전자,40.0,100,0.0,75,0,1,1,38.8,4,15,1,20.0,20,1,0,10,0,0,15,0,0,10,1,0,10,1,6.0,10,1,0,10,1,-20.1,11.23
2026-07-22,419530,SAMG엔터,40.0,101,0.0,75,0,1,1,60.5,0,15,1,20.0,20,1,0,10,0,0,15,0,0,10,1,4,10,1,6.0,10,1,0,10,1,-16.53,-8.09
2026-07-22,095610,테스,38.9,102,0.0,85,1,0,1,46.2,8,15,1,8.1,20,1,3,10,1,0,15,0,0,10,1,0,10,1,7.0,10,1,7,10,1,-26.96,-13.1
2026-07-22,003160,디아이,38.8,103,0.0,85,0,0,1,35.6,0,15,1,20.0,20,1,10,10,1,0,15,0,0,10,1,0,10,1,3.0,10,1,0,10,1,-14.64,23.12
2026-07-22,263750,펄어비스,38.8,104,0.0,85,0,1,0,32.6,0,15,1,20.0,20,1,10,10,1,0,15,0,0,10,1,0,10,1,3.0,10,1,0,10,1,-0.61,4.84
2026-07-22,005070,코스모신소재,38.8,105,0.0,85,0,1,0,40.0,0,15,1,20.0,20,1,10,10,1,0,15,0,0,10,1,0,10,1,3.0,10,1,0,10,1,-21.01,0.84
2026-07-22,456040,OCI,38.8,106,0.0,85,0,1,0,38.0,0,15,1,20.0,20,1,10,10,1,0,15,0,0,10,1,0,10,1,3.0,10,1,0,10,1,-25.75,-8.26
2026-07-22,003530,한화투자증권,38.8,107,0.0,85,0,1,0,35.6,0,15,1,20.0,20,1,10,10,1,0,15,0,0,10,1,0,10,1,3.0,10,1,0,10,1,-13.22,4.37
2026-07-22,066590,스모트로닉,38.7,108,0.0,75,0,1,0,70.2,8,15,1,4.0,20,1,0,10,0,0,15,0,4,10,1,10,10,1,3.0,10,1,0,10,1,-23.05,-12.11
2026-07-22,247540,에코프로비엠,38.7,109,0.0,75,0,1,0,34.4,4,15,1,20.0,20,1,0,10,0,0,15,0,0,10,1,0,10,1,3.0,10,1,2,10,1,-13.86,-5.4
2026-07-22,036540,SFA반도체,38.7,110,0.0,75,0,1,0,43.3,4,15,1,20.0,20,1,0,10,0,0,15,0,0,10,1,0,10,1,3.0,10,1,2,10,1,-26.33,-4.2
2026-07-22,460930,현대힘스,38.6,111,0.0,85,0,1,1,48.8,4,15,1,5.8,20,1,8,10,1,0,15,0,0,10,1,7,10,1,6.0,10,1,2,10,1,-0.79,15.66
2026-07-22,281820,케이씨텍,38.5,112,0.0,85,1,0,1,47.8,4,15,1,11.7,20,1,10,10,1,0,15,0,0,10,1,0,10,1,7.0,10,1,0,10,1,-32.8,-18.64
2026-07-22,232140,와이씨,38.5,113,0.0,85,0,1,0,32.6,4,15,1,15.7,20,1,10,10,1,0,15,0,0,10,1,0,10,1,3.0,10,1,0,10,1,-21.39,2.57
2026-07-22,006360,GS건설,38.4,114,0.0,75,0,0,1,51.4,8,15,1,6.8,20,1,0,10,0,0,15,0,0,10,1,4,10,1,3.0,10,1,7,10,1,-23.71,7.04
2026-07-22,403870,HPSP,38.0,115,0.0,85,0,0,1,40.7,8,15,1,6.3,20,1,8,10,1,0,15,0,0,10,1,0,10,1,3.0,10,1,7,10,1,-23.58,-5.67
2026-07-22,122350,삼기,38.0,116,0.0,85,1,0,1,59.8,4,15,1,7.3,20,1,10,10,1,0,15,0,4,10,1,0,10,1,7.0,10,1,0,10,1,-27.12,-14.39
2026-07-22,060370,LS마린솔루션,37.9,117,0.0,85,0,1,1,52.3,0,15,1,16.2,20,1,10,10,1,0,15,0,0,10,1,0,10,1,6.0,10,1,0,10,1,-15.08,8.84
2026-07-22,032830,삼성생명,37.8,118,0.0,85,0,0,0,41.3,8,15,1,7.1,20,1,10,10,1,0,15,0,0,10,1,0,10,1,0.0,10,1,7,10,1,-17.03,-8.13
2026-07-22,100090,SK오션플랜트,37.8,119,0.0,85,0,1,1,47.5,4,15,1,7.1,20,1,8,10,1,0,15,0,0,10,1,7,10,1,6.0,10,1,0,10,1,-18.92,-4.23
2026-07-22,009420,한올바이오파마,37.6,120,0.0,85,0,0,0,40.9,4,15,1,20.0,20,1,8,10,1,0,15,0,0,10,1,0,10,1,0.0,10,1,0,10,1,-13.12,10.62
2026-07-22,356860,티엘비,37.6,121,0.0,85,0,0,0,29.7,4,15,1,20.0,20,1,8,10,1,0,15,0,0,10,1,0,10,1,0.0,10,1,0,10,1,-33.85,-13.29
2026-07-22,214450,파마리서치,37.3,122,0.0,85,0,0,1,49.9,4,15,1,7.7,20,1,10,10,1,0,15,0,0,10,1,0,10,1,3.0,10,1,7,10,1,21.24,17.21
2026-07-22,476060,온코닉테라퓨틱스,37.3,123,0.0,75,0,1,1,38.9,0,15,1,20.0,20,1,0,10,0,0,15,0,0,10,1,0,10,1,6.0,10,1,2,10,1,-13.14,18.89
2026-07-22,139130,iM금융지주,37.1,124,0.0,85,0,1,0,47.9,4,15,1,10.5,20,1,10,10,1,0,15,0,4,10,1,0,10,1,3.0,10,1,0,10,1,-10.22,-1.26
2026-07-22,031980,피에스케이홀딩스,36.8,125,0.0,85,1,0,1,46.1,4,15,1,6.3,20,1,10,10,1,0,15,0,0,10,1,0,10,1,7.0,10,1,4,10,1,-32.7,-14.26
2026-07-22,102940,코오롱생명과학,36.8,126,0.0,75,0,0,0,17.4,4,15,1,13.6,20,1,0,10,0,0,15,0,0,10,1,10,10,1,0.0,10,1,0,10,1,-20.75,-6.92
2026-07-22,126340,비나텍,36.7,127,0.0,85,0,0,0,38.2,4,15,1,17.2,20,1,10,10,1,0,15,0,0,10,1,0,10,1,0.0,10,1,0,10,1,-24.52,13.42
2026-07-22,448710,코츠테크놀로지,36.6,128,0.0,85,0,1,1,38.7,0,15,1,5.1,20,1,10,10,1,0,15,0,0,10,1,10,10,1,6.0,10,1,0,10,1,-11.31,7.41
2026-07-22,005690,파미셀,36.5,129,0.0,85,0,0,1,38.4,0,15,1,20.0,20,1,8,10,1,0,15,0,0,10,1,0,10,1,3.0,10,1,0,10,1,-16.23,6.53
2026-07-22,012330,현대모비스,36.1,130,0.0,85,0,1,0,49.8,15,15,1,4.7,20,1,8,10,1,0,15,0,0,10,1,0,10,1,3.0,10,1,0,10,1,-13.26,-1.95
2026-07-22,144960,뉴파워프라즈마,36.1,131,0.0,85,0,1,1,59.0,4,15,1,10.7,20,1,10,10,1,0,15,0,0,10,1,0,10,1,6.0,10,1,0,10,1,-21.59,4.38
2026-07-22,465770,STX그린로지스,36.0,132,0.0,75,0,1,1,72.5,4,15,1,0.0,20,1,0,10,0,0,15,0,7,10,1,10,10,1,6.0,10,1,0,10,1,-48.03,-45.11
2026-07-22,122640,예스티,36.0,133,0.0,75,0,0,1,42.5,4,15,1,20.0,20,1,0,10,0,0,15,0,0,10,1,0,10,1,3.0,10,1,0,10,1,-30.45,-11.79
2026-07-22,055550,신한지주,35.9,134,0.0,85,1,0,0,52.2,8,15,1,4.5,20,1,10,10,1,0,15,0,4,10,1,0,10,1,4.0,10,1,0,10,1,-5.93,-0.86
2026-07-22,039030,이오테크닉스,35.9,135,0.0,85,0,0,0,35.3,4,15,1,12.5,20,1,10,10,1,0,15,0,0,10,1,0,10,1,0.0,10,1,4,10,1,-19.29,6.0
2026-07-22,389500,에스비비테크,35.9,136,0.0,75,0,1,1,39.6,4,15,1,6.9,20,1,0,10,0,0,15,0,0,10,1,10,10,1,6.0,10,1,0,10,1,-22.22,10.82
2026-07-22,064350,현대로템,35.8,137,0.0,85,0,0,0,39.6,8,15,1,10.4,20,1,5,10,1,0,15,0,0,10,1,0,10,1,0.0,10,1,7,10,1,-22.91,-5.2
2026-07-22,195870,해성디에스,35.8,138,0.0,85,0,1,0,40.2,4,15,1,9.4,20,1,10,10,1,0,15,0,0,10,1,4,10,1,3.0,10,1,0,10,1,-25.79,-3.51
2026-07-22,290550,디케이티,35.8,139,0.0,85,0,1,1,56.2,4,15,1,8.4,20,1,8,10,1,0,15,0,0,10,1,4,10,1,6.0,10,1,0,10,1,-34.88,-22.24
2026-07-22,138930,BNK금융지주,35.5,140,0.0,85,1,1,0,50.1,4,15,1,5.2,20,1,10,10,1,0,15,0,4,10,1,0,10,1,7.0,10,1,0,10,1,-15.86,-15.97
2026-07-22,329180,HD현대중공업,35.4,141,0.0,85,0,0,0,32.5,8,15,1,14.1,20,1,1,10,1,0,15,0,0,10,1,0,10,1,0.0,10,1,7,10,1,-6.57,9.58
2026-07-22,018260,삼성에스디에스,35.3,142,0.0,75,0,1,1,47.6,8,15,1,5.5,20,1,0,10,0,0,15,0,0,10,1,0,10,1,6.0,10,1,7,10,1,0.66,17.6
2026-07-22,131290,티에스이,35.2,143,0.0,85,1,0,0,48.4,4,15,1,16.9,20,1,1,10,1,0,15,0,0,10,1,0,10,1,4.0,10,1,4,10,1,-34.38,-16.46
2026-07-22,060720,KH바텍,35.2,144,0.0,75,0,1,1,47.1,4,15,1,6.4,20,1,0,10,0,0,15,0,0,10,1,10,10,1,6.0,10,1,0,10,1,-11.49,7.39
2026-07-22,003230,삼양식품,35.1,145,0.0,85,0,1,0,47.8,8,15,1,6.8,20,1,10,10,1,0,15,0,0,10,1,0,10,1,3.0,10,1,2,10,1,10.01,9.11
2026-07-22,034220,LG디스플레이,35.1,146,0.0,75,0,0,0,36.8,8,15,1,14.3,20,1,0,10,0,0,15,0,0,10,1,0,10,1,0.0,10,1,4,10,1,-15.23,-3.07
2026-07-22,052690,한전기술,35.1,147,0.0,85,0,1,1,35.8,4,15,1,9.8,20,1,10,10,1,0,15,0,0,10,1,0,10,1,6.0,10,1,0,10,1,-8.85,13.38
2026-07-22,090460,비에이치,35.1,148,0.0,85,0,1,1,37.2,4,15,1,9.8,20,1,10,10,1,0,15,0,0,10,1,0,10,1,6.0,10,1,0,10,1,-24.41,-16.01
2026-07-22,000150,두산,34.9,149,0.0,75,0,0,0,41.7,12,15,1,7.2,20,1,0,10,0,0,15,0,0,10,1,0,10,1,0.0,10,1,7,10,1,-17.78,3.7
2026-07-22,483650,달바글로벌,34.9,150,0.0,85,0,1,1,53.3,4,15,1,7.7,20,1,10,10,1,0,15,0,0,10,1,0,10,1,6.0,10,1,2,10,1,19.37,4.5
2026-07-22,267250,HD현대,34.8,151,0.0,85,0,1,1,49.0,4,15,1,9.6,20,1,10,10,1,0,15,0,0,10,1,0,10,1,6.0,10,1,0,10,1,-11.46,3.3
2026-07-22,178320,서진시스템,34.7,152,0.0,75,0,0,0,33.0,4,15,1,20.0,20,1,0,10,0,0,15,0,0,10,1,0,10,1,0.0,10,1,2,10,1,-18.48,3.45
2026-07-22,200710,에이디테크놀로지,34.7,153,0.0,75,0,1,1,37.9,0,15,1,20.0,20,1,0,10,0,0,15,0,0,10,1,0,10,1,6.0,10,1,0,10,1,-16.54,13.31
2026-07-22,272210,한화시스템,34.6,154,0.0,85,0,1,0,35.5,4,15,1,10.4,20,1,10,10,1,0,15,0,0,10,1,0,10,1,3.0,10,1,2,10,1,-12.44,16.96
2026-07-22,005860,한일사료,34.4,155,0.0,85,0,1,1,56.5,4,15,1,7.2,20,1,10,10,1,0,15,0,0,10,1,0,10,1,6.0,10,1,2,10,1,-21.6,-11.36
2026-07-22,252990,샘씨엔에스,34.3,156,0.0,75,0,1,1,51.6,4,15,1,13.7,20,1,0,10,0,0,15,0,0,10,1,0,10,1,6.0,10,1,2,10,1,-27.47,-2.85
2026-07-22,207940,삼성바이오로직스,34.1,157,0.0,85,0,0,1,49.1,8,15,1,7.0,20,1,1,10,1,0,15,0,0,10,1,0,10,1,3.0,10,1,10,10,1,7.8,8.67
2026-07-22,018880,한온시스템,33.9,158,0.0,85,0,1,0,41.7,4,15,1,13.8,20,1,8,10,1,0,15,0,0,10,1,0,10,1,3.0,10,1,0,10,1,-10.61,-0.14
2026-07-22,103590,일진전기,33.9,159,0.0,85,0,1,1,39.0,4,15,1,8.8,20,1,10,10,1,0,15,0,0,10,1,0,10,1,6.0,10,1,0,10,1,-20.11,0.33
2026-07-22,298020,효성티앤씨,33.9,160,0.0,85,0,1,1,50.4,4,15,1,8.8,20,1,10,10,1,0,15,0,0,10,1,0,10,1,6.0,10,1,0,10,1,-5.76,8.55
2026-07-22,000270,기아,33.8,161,0.0,85,0,1,1,48.5,8,15,1,4.7,20,1,10,10,1,0,15,0,0,10,1,0,10,1,6.0,10,1,0,10,1,-17.98,-9.4
2026-07-22,354200,엔젠바이오,33.5,162,0.0,65,0,0,0,,0,15,1,1.8,20,1,0,10,0,0,15,0,10,10,1,10,10,1,0.0,10,0,0,10,1,-34.81,-26.67
2026-07-22,064820,케이프,33.5,163,0.0,85,0,1,1,49.3,0,15,1,5.5,20,1,10,10,1,0,15,0,0,10,1,7,10,1,6.0,10,1,0,10,1,-21.81,-3.13
2026-07-22,079550,LIG디펜스앤에어로스페이스,33.3,164,0.0,85,0,0,0,40.6,8,15,1,6.3,20,1,10,10,1,0,15,0,0,10,1,0,10,1,0.0,10,1,4,10,1,-7.05,19.64
2026-07-22,012690,모나리자,33.3,165,0.0,75,0,1,0,51.5,8,15,1,4.0,20,1,0,10,0,0,15,0,0,10,1,10,10,1,3.0,10,1,0,10,1,-20.61,-13.08
2026-07-22,007810,코리아써키트,33.3,166,0.0,75,0,0,1,35.6,4,15,1,18.0,20,1,0,10,0,0,15,0,0,10,1,0,10,1,3.0,10,1,0,10,1,-33.26,-13.3
2026-07-22,051910,LG화학,33.2,167,0.0,85,0,1,0,36.0,4,15,1,13.2,20,1,8,10,1,0,15,0,0,10,1,0,10,1,3.0,10,1,0,10,1,-7.74,1.39
2026-07-22,217590,티엠씨,32.9,168,0.0,75,0,1,1,45.0,4,15,1,8.7,20,1,0,10,0,0,15,0,0,10,1,4,10,1,6.0,10,1,2,10,1,-25.4,5.85
2026-07-22,006110,삼아알미늄,32.9,169,0.0,85,0,1,0,33.9,0,15,1,20.0,20,1,5,10,1,0,15,0,0,10,1,0,10,1,3.0,10,1,0,10,1,-14.83,24.45
2026-07-22,200470,에이팩트,32.8,170,0.0,75,0,0,1,37.8,4,15,1,10.6,20,1,0,10,0,0,15,0,0,10,1,7,10,1,3.0,10,1,0,10,1,-21.89,3.77
2026-07-22,021240,코웨이,32.7,171,0.0,85,1,0,1,50.1,4,15,1,4.8,20,1,8,10,1,0,15,0,4,10,1,0,10,1,7.0,10,1,0,10,1,-1.31,1.09
2026-07-22,033780,KT&G,32.6,172,0.0,85,0,1,0,50.2,8,15,1,4.7,20,1,8,10,1,0,15,0,4,10,1,0,10,1,3.0,10,1,0,10,1,3.4,-0.34
2026-07-22,005090,SGC에너지,32.6,173,0.0,85,0,1,1,48.8,0,15,1,7.7,20,1,10,10,1,0,15,0,0,10,1,4,10,1,6.0,10,1,0,10,1,-10.15,21.37
2026-07-22,003490,대한항공,32.5,174,0.0,75,0,0,0,38.7,8,15,1,9.4,20,1,0,10,0,0,15,0,0,10,1,0,10,1,0.0,10,1,7,10,1,-0.4,8.03
2026-07-22,170920,엘티씨,32.5,175,0.0,75,1,1,1,48.0,4,15,1,10.4,20,1,0,10,0,0,15,0,0,10,1,0,10,1,10.0,10,1,0,10,1,-38.27,-19.6
2026-07-22,039860,나노엔텍,32.5,176,0.0,75,0,1,1,61.2,0,15,1,8.4,20,1,0,10,0,0,15,0,0,10,1,10,10,1,6.0,10,1,0,10,1,-27.86,-17.84
2026-07-22,000990,DB하이텍,32.2,177,0.0,85,0,0,1,37.6,4,15,1,6.4,20,1,10,10,1,0,15,0,0,10,1,0,10,1,3.0,10,1,4,10,1,-29.27,-15.01
2026-07-22,125490,한라캐스트,32.2,178,0.0,85,0,1,1,41.0,4,15,1,6.4,20,1,1,10,1,0,15,0,0,10,1,10,10,1,6.0,10,1,0,10,1,-18.4,12.06
2026-07-22,090710,휴림로봇,32.0,179,0.0,75,0,1,1,41.4,8,15,1,0.0,20,1,0,10,0,0,15,0,0,10,1,10,10,1,6.0,10,1,0,10,1,-13.62,10.72
2026-07-22,264850,이랜시스,32.0,180,0.0,75,0,1,1,55.6,4,15,1,4.0,20,1,0,10,0,0,15,0,0,10,1,10,10,1,6.0,10,1,0,10,1,0.72,33.67
2026-07-22,437730,삼현,32.0,181,0.0,75,0,1,1,48.3,4,15,1,4.0,20,1,0,10,0,0,15,0,0,10,1,10,10,1,6.0,10,1,0,10,1,-2.28,10.27
2026-07-22,003550,LG,32.0,182,0.0,85,0,1,0,46.0,4,15,1,8.2,20,1,10,10,1,0,15,0,0,10,1,0,10,1,3.0,10,1,2,10,1,-6.96,7.77
2026-07-22,153890,져스텍,32.0,183,0.0,75,0,0,0,37.5,4,15,1,20.0,20,1,0,10,0,0,15,0,0,10,1,0,10,1,0.0,10,1,0,10,1,-28.53,8.87
2026-07-22,064290,인텍플러스,32.0,184,0.0,75,0,0,0,41.6,4,15,1,20.0,20,1,0,10,0,0,15,0,0,10,1,0,10,1,0.0,10,1,0,10,1,-33.14,-15.79
2026-07-22,000810,삼성화재,31.6,185,0.0,85,1,0,0,48.9,8,15,1,4.9,20,1,10,10,1,0,15,0,0,10,1,0,10,1,4.0,10,1,0,10,1,-6.83,1.11
2026-07-22,095340,ISC,31.5,186,0.0,85,0,0,1,38.2,4,15,1,7.8,20,1,8,10,1,0,15,0,0,10,1,0,10,1,3.0,10,1,4,10,1,-21.07,-0.21
2026-07-22,034020,두산에너빌리티,31.2,187,0.0,85,0,0,0,35.3,12,15,1,6.5,20,1,1,10,1,0,15,0,0,10,1,0,10,1,0.0,10,1,7,10,1,-12.14,11.27
2026-07-22,319400,현대무벡스,31.2,188,0.0,85,0,0,1,34.9,8,15,1,5.5,20,1,1,10,1,0,15,0,0,10,1,7,10,1,3.0,10,1,2,10,1,18.85,23.92
2026-07-22,051900,LG생활건강,31.1,189,0.0,85,0,1,0,51.1,4,15,1,9.4,20,1,10,10,1,0,15,0,0,10,1,0,10,1,3.0,10,1,0,10,1,7.79,19.88
2026-07-22,375500,DL이앤씨,30.9,190,0.0,85,0,1,1,44.1,4,15,1,6.3,20,1,10,10,1,0,15,0,0,10,1,0,10,1,6.0,10,1,0,10,1,-14.66,15.47
2026-07-22,166090,하나머티리얼즈,30.9,191,0.0,85,0,1,0,43.4,4,15,1,9.3,20,1,10,10,1,0,15,0,0,10,1,0,10,1,3.0,10,1,0,10,1,-14.57,5.08
2026-07-22,006260,LS,30.8,192,0.0,85,0,0,1,37.8,4,15,1,7.2,20,1,10,10,1,0,15,0,0,10,1,0,10,1,3.0,10,1,2,10,1,-14.41,15.64
2026-07-22,466100,클로봇,30.8,193,0.0,75,0,1,1,40.8,4,15,1,3.1,20,1,0,10,0,0,15,0,0,10,1,10,10,1,6.0,10,1,0,10,1,-11.58,13.37
2026-07-22,316140,우리금융지주,30.6,194,0.0,85,0,1,0,49.4,8,15,1,5.0,20,1,10,10,1,0,15,0,0,10,1,0,10,1,3.0,10,1,0,10,1,4.57,8.81
2026-07-22,010130,고려아연,30.6,195,0.0,85,0,1,0,37.1,4,15,1,9.0,20,1,10,10,1,0,15,0,0,10,1,0,10,1,3.0,10,1,0,10,1,-7.14,10.16
2026-07-22,347700,스피어,30.4,196,0.0,75,0,1,0,36.9,4,15,1,15.8,20,1,0,10,0,0,15,0,0,10,1,0,10,1,3.0,10,1,0,10,1,-22.72,11.27
2026-07-22,004090,한국석유,30.4,197,0.0,85,0,1,1,53.0,0,15,1,9.8,20,1,10,10,1,0,15,0,0,10,1,0,10,1,6.0,10,1,0,10,1,-16.45,-10.18
2026-07-22,016360,삼성증권,30.1,198,0.0,85,0,0,0,42.6,4,15,1,7.6,20,1,10,10,1,0,15,0,0,10,1,0,10,1,0.0,10,1,4,10,1,-13.48,-3.94
2026-07-22,004020,현대제철,29.9,199,0.0,85,0,1,0,34.8,4,15,1,8.4,20,1,10,10,1,0,15,0,0,10,1,0,10,1,3.0,10,1,0,10,1,-5.04,7.17
2026-07-22,037070,파세코,29.9,200,0.0,85,0,0,1,42.8,0,15,1,10.4,20,1,8,10,1,0,15,0,0,10,1,0,10,1,3.0,10,1,4,10,1,0.52,23.71
2026-07-24,010950,S-Oil,80.0,1,0.0,85,1,1,1,70.3,8,15,1,20.0,20,1,10,10,1,0,15,0,10,10,1,0,10,1,10.0,10,1,10,10,1,-15.81,-7.67
2026-07-24,475150,SK이터닉스,77.1,2,0.0,85,1,1,1,75.7,15,15,1,5.5,20,1,8,10,1,0,15,0,10,10,1,7,10,1,10.0,10,1,10,10,1,-43.82,-36.59
2026-07-24,010060,OCI홀딩스,76.5,3,0.0,85,0,1,1,56.2,12,15,1,20.0,20,1,10,10,1,0,15,0,0,10,1,10,10,1,6.0,10,1,7,10,1,-23.88,13.8
2026-07-24,322000,HD현대에너지솔루션,73.3,4,0.0,75,0,1,0,60.3,15,15,1,20.0,20,1,0,10,0,0,15,0,0,10,1,10,10,1,3.0,10,1,7,10,1,-31.65,-26.65
2026-07-24,096770,SK이노베이션,72.9,5,0.0,85,0,1,1,65.7,12,15,1,20.0,20,1,10,10,1,0,15,0,0,10,1,4,10,1,6.0,10,1,10,10,1,-15.07,-4.3
2026-07-24,207940,삼성바이오로직스,70.6,6,0.0,85,1,1,1,62.5,12,15,1,7.0,20,1,1,10,1,0,15,0,10,10,1,10,10,1,10.0,10,1,10,10,1,-2.17,3.36
2026-07-24,017670,SK텔레콤,69.8,7,0.0,85,0,1,1,61.7,15,15,1,8.3,20,1,10,10,1,0,15,0,0,10,1,10,10,1,6.0,10,1,10,10,1,-18.6,-15.0
2026-07-24,009830,한화솔루션,69.3,8,0.0,75,0,1,0,43.5,12,15,1,20.0,20,1,0,10,0,0,15,0,0,10,1,7,10,1,3.0,10,1,10,10,1,-15.0,17.5
2026-07-24,078930,GS,68.5,9,0.0,85,1,1,1,73.2,8,15,1,6.2,20,1,10,10,1,0,15,0,10,10,1,7,10,1,10.0,10,1,7,10,1,-6.61,2.1
2026-07-24,005930,삼성전자,68.2,10,0.0,85,0,0,1,41.1,15,15,1,20.0,20,1,10,10,1,0,15,0,0,10,1,0,10,1,3.0,10,1,10,10,1,5.21,-7.82
2026-07-24,005935,삼성전자우,68.2,11,0.0,85,0,0,1,44.1,15,15,1,20.0,20,1,10,10,1,0,15,0,0,10,1,0,10,1,3.0,10,1,10,10,1,7.85,-2.88
2026-07-24,006400,삼성SDI,68.2,12,0.0,85,0,1,1,43.7,12,15,1,20.0,20,1,10,10,1,0,15,0,0,10,1,0,10,1,6.0,10,1,10,10,1,-7.24,12.5
2026-07-24,004310,현대약품,68.2,13,0.0,85,0,1,1,48.9,8,15,1,20.0,20,1,10,10,1,0,15,0,0,10,1,7,10,1,6.0,10,1,7,10,1,-12.27,4.09
2026-07-24,317400,자이에스앤디,64.7,14,0.0,85,1,1,1,74.6,4,15,1,20.0,20,1,10,10,1,0,15,0,4,10,1,7,10,1,10.0,10,1,0,10,1,-15.34,15.74
2026-07-24,214450,파마리서치,62.0,15,0.0,85,1,1,1,58.0,8,15,1,7.7,20,1,10,10,1,0,15,0,7,10,1,0,10,1,10.0,10,1,10,10,1,-5.18,14.85
2026-07-24,277810,레인보우로보틱스,61.2,16,0.0,75,0,1,1,42.0,8,15,1,17.9,20,1,0,10,0,0,15,0,0,10,1,7,10,1,6.0,10,1,7,10,1,3.46,16.85
2026-07-24,042660,한화오션,60.0,17,0.0,85,0,1,0,44.3,8,15,1,20.0,20,1,10,10,1,0,15,0,0,10,1,0,10,1,3.0,10,1,10,10,1,-3.07,7.39
2026-07-24,100090,SK오션플랜트,58.9,18,0.0,85,0,1,1,63.0,15,15,1,7.1,20,1,8,10,1,0,15,0,0,10,1,10,10,1,6.0,10,1,4,10,1,-31.77,-23.71
2026-07-24,000660,SK하이닉스,56.0,19,0.0,75,0,0,0,40.3,15,15,1,20.0,20,1,0,10,0,0,15,0,0,10,1,0,10,1,0.0,10,1,7,10,1,-2.33,-19.27
2026-07-24,402340,SK스퀘어,56.0,20,0.0,75,0,0,0,40.3,15,15,1,20.0,20,1,0,10,0,0,15,0,0,10,1,0,10,1,0.0,10,1,7,10,1,-6.4,-14.43
2026-07-24,034730,SK,56.0,21,0.0,75,0,0,0,49.2,12,15,1,20.0,20,1,0,10,0,0,15,0,0,10,1,0,10,1,0.0,10,1,10,10,1,-11.59,-18.57
2026-07-24,036930,주성엔지니어링,55.6,22,0.0,85,0,0,1,38.9,12,15,1,12.3,20,1,10,10,1,0,15,0,0,10,1,0,10,1,3.0,10,1,10,10,1,-11.7,2.7
2026-07-24,456040,OCI,55.3,23,0.0,85,0,1,1,35.0,4,15,1,20.0,20,1,10,10,1,0,15,0,0,10,1,7,10,1,6.0,10,1,0,10,1,-10.17,0.91
2026-07-24,119850,지엔씨에너지,55.1,24,5.0,75,1,1,1,80.1,8,15,1,8.1,20,1,0,10,0,0,15,0,7,10,1,10,10,1,10.0,10,1,2,10,1,-19.21,16.56
2026-07-24,052460,아이크래프트,54.1,25,0.0,85,0,1,1,61.1,0,15,1,20.0,20,1,10,10,1,0,15,0,0,10,1,10,10,1,6.0,10,1,0,10,1,35.88,108.82
2026-07-24,066570,LG전자,53.9,26,0.0,85,0,1,1,41.0,12,15,1,7.8,20,1,10,10,1,0,15,0,0,10,1,0,10,1,6.0,10,1,10,10,1,-4.2,12.29
2026-07-24,010120,LS ELECTRIC,53.2,27,0.0,85,0,1,1,47.4,12,15,1,7.2,20,1,10,10,1,0,15,0,0,10,1,0,10,1,6.0,10,1,10,10,1,-8.51,3.22
2026-07-24,047040,대우건설,53.2,28,0.0,85,0,1,0,38.5,8,15,1,14.2,20,1,10,10,1,0,15,0,0,10,1,0,10,1,3.0,10,1,10,10,1,-16.47,11.31
2026-07-24,009540,HD한국조선해양,53.2,29,0.0,85,0,1,1,52.4,8,15,1,13.2,20,1,8,10,1,0,15,0,0,10,1,0,10,1,6.0,10,1,10,10,1,3.36,8.6
2026-07-24,353200,대덕전자,52.9,30,0.0,85,0,0,0,40.6,8,15,1,20.0,20,1,10,10,1,0,15,0,0,10,1,0,10,1,0.0,10,1,7,10,1,-11.6,-1.74
2026-07-24,000520,삼일제약,51.8,31,0.0,85,0,1,1,55.5,4,15,1,16.0,20,1,8,10,1,0,15,0,0,10,1,10,10,1,6.0,10,1,0,10,1,-10.01,5.52
2026-07-24,009150,삼성전기,51.6,32,0.0,85,0,0,0,40.9,15,15,1,8.9,20,1,10,10,1,0,15,0,0,10,1,0,10,1,0.0,10,1,10,10,1,-13.88,-3.92
2026-07-24,298040,효성중공업,51.4,33,0.0,85,0,1,1,41.3,8,15,1,9.7,20,1,10,10,1,0,15,0,0,10,1,0,10,1,6.0,10,1,10,10,1,-9.85,9.44
2026-07-24,080220,제주반도체,51.3,34,0.0,85,0,0,0,40.6,8,15,1,18.6,20,1,10,10,1,0,15,0,0,10,1,0,10,1,0.0,10,1,7,10,1,-7.4,24.75
2026-07-24,373220,LG에너지솔루션,51.2,35,0.0,75,0,1,0,44.1,8,15,1,17.4,20,1,0,10,0,0,15,0,0,10,1,0,10,1,3.0,10,1,10,10,1,-0.46,11.53
2026-07-24,037070,파세코,51.1,36,0.0,85,0,0,1,49.6,8,15,1,10.4,20,1,8,10,1,0,15,0,0,10,1,7,10,1,3.0,10,1,7,10,1,-2.94,-13.36
2026-07-24,012450,한화에어로스페이스,50.8,37,0.0,85,0,1,0,46.4,12,15,1,8.2,20,1,10,10,1,0,15,0,0,10,1,0,10,1,3.0,10,1,10,10,1,-6.33,17.67
2026-07-24,240810,원익IPS,50.7,38,0.0,75,0,0,0,38.5,8,15,1,20.0,20,1,0,10,0,0,15,0,0,10,1,0,10,1,0.0,10,1,10,10,1,-2.89,-2.09
2026-07-24,278470,에이피알,50.1,39,0.0,85,0,0,0,42.2,8,15,1,14.6,20,1,10,10,1,0,15,0,0,10,1,0,10,1,0.0,10,1,10,10,1,-9.6,9.32
2026-07-24,440110,파두,49.7,40,0.0,75,0,1,1,39.5,8,15,1,16.3,20,1,0,10,0,0,15,0,0,10,1,0,10,1,6.0,10,1,7,10,1,-1.71,-4.81
2026-07-24,086520,에코프로,49.6,41,0.0,85,0,1,0,40.0,8,15,1,13.2,20,1,8,10,1,0,15,0,0,10,1,0,10,1,3.0,10,1,10,10,1,1.28,19.72
2026-07-24,332570,PS일렉트로닉스,49.4,42,0.0,85,0,1,1,54.9,4,15,1,20.0,20,1,10,10,1,0,15,0,0,10,1,0,10,1,6.0,10,1,2,10,1,2.83,23.62
2026-07-24,089030,테크윙,49.3,43,0.0,75,0,1,1,44.4,4,15,1,20.0,20,1,0,10,0,0,15,0,0,10,1,0,10,1,6.0,10,1,7,10,1,-7.99,3.0
2026-07-24,097230,HJ중공업,49.3,44,0.0,75,0,1,1,39.9,4,15,1,20.0,20,1,0,10,0,0,15,0,0,10,1,7,10,1,6.0,10,1,0,10,1,-2.3,8.84
2026-07-24,010820,퍼스텍,49.3,45,0.0,85,0,1,1,44.8,4,15,1,11.9,20,1,10,10,1,0,15,0,0,10,1,10,10,1,6.0,10,1,0,10,1,-13.59,5.18
2026-07-24,460930,현대힘스,49.2,46,0.0,85,0,1,1,64.9,8,15,1,5.8,20,1,8,10,1,0,15,0,0,10,1,10,10,1,6.0,10,1,4,10,1,-14.42,-2.45
2026-07-24,006800,미래에셋증권,48.8,47,0.0,85,0,1,0,37.1,8,15,1,10.5,20,1,10,10,1,0,15,0,0,10,1,0,10,1,3.0,10,1,10,10,1,-6.37,-1.36
2026-07-24,011930,신성이엔지,48.2,48,0.0,85,0,1,0,39.3,4,15,1,20.0,20,1,10,10,1,0,15,0,0,10,1,4,10,1,3.0,10,1,0,10,1,-12.42,2.11
2026-07-24,042700,한미반도체,48.0,49,0.0,85,0,1,1,39.3,8,15,1,6.8,20,1,10,10,1,0,15,0,0,10,1,0,10,1,6.0,10,1,10,10,1,7.25,2.75
2026-07-24,086790,하나금융지주,47.9,50,0.0,85,1,1,1,58.5,12,15,1,4.7,20,1,10,10,1,0,15,0,4,10,1,0,10,1,10.0,10,1,0,10,1,-5.29,-1.51
2026-07-24,267260,HD현대일렉트릭,47.8,51,0.0,85,0,1,1,41.9,8,15,1,6.6,20,1,10,10,1,0,15,0,0,10,1,0,10,1,6.0,10,1,10,10,1,-15.56,-5.68
2026-07-24,068270,셀트리온,47.4,52,0.0,85,0,1,0,52.5,8,15,1,11.3,20,1,8,10,1,0,15,0,0,10,1,0,10,1,3.0,10,1,10,10,1,5.12,13.18
2026-07-24,352820,하이브,47.1,53,0.0,85,0,1,1,50.6,4,15,1,20.0,20,1,10,10,1,0,15,0,0,10,1,0,10,1,6.0,10,1,0,10,1,-20.38,-13.25
2026-07-24,267270,HD건설기계,47.1,54,0.0,85,0,1,1,50.7,4,15,1,20.0,20,1,10,10,1,0,15,0,0,10,1,0,10,1,6.0,10,1,0,10,1,-5.88,8.36
2026-07-24,196170,알테오젠,46.7,55,0.0,75,0,0,0,45.7,8,15,1,20.0,20,1,0,10,0,0,15,0,0,10,1,0,10,1,0.0,10,1,7,10,1,2.66,15.81
2026-07-24,089970,브이엠,46.7,56,0.0,75,0,0,0,40.2,8,15,1,20.0,20,1,0,10,0,0,15,0,0,10,1,0,10,1,0.0,10,1,7,10,1,-10.64,-7.78
2026-07-24,222800,심텍,46.7,57,0.0,75,0,0,0,38.8,8,15,1,20.0,20,1,0,10,0,0,15,0,0,10,1,0,10,1,0.0,10,1,7,10,1,-6.33,30.96
2026-07-24,389260,대명에너지,46.4,58,0.0,85,0,1,1,56.1,4,15,1,9.4,20,1,10,10,1,0,15,0,0,10,1,10,10,1,6.0,10,1,0,10,1,-22.97,-7.76
2026-07-24,005860,한일사료,46.1,59,0.0,85,0,1,1,53.3,4,15,1,7.2,20,1,10,10,1,0,15,0,0,10,1,10,10,1,6.0,10,1,2,10,1,-16.98,-4.2
2026-07-24,329180,HD현대중공업,46.0,60,0.0,85,0,1,1,38.9,8,15,1,14.1,20,1,1,10,1,0,15,0,0,10,1,0,10,1,6.0,10,1,10,10,1,-0.93,9.58
2026-07-24,079550,LIG디펜스앤에어로스페이스,45.1,61,0.0,85,0,1,0,50.7,12,15,1,6.3,20,1,10,10,1,0,15,0,0,10,1,0,10,1,3.0,10,1,7,10,1,-8.27,8.01
2026-07-24,420770,기가비스,44.7,62,0.0,85,0,0,0,34.4,4,15,1,20.0,20,1,10,10,1,0,15,0,0,10,1,4,10,1,0.0,10,1,0,10,1,-8.57,3.62
2026-07-24,001440,대한전선,44.6,63,0.0,85,0,1,0,42.4,8,15,1,6.9,20,1,10,10,1,0,15,0,0,10,1,0,10,1,3.0,10,1,10,10,1,-17.44,2.85
2026-07-24,483650,달바글로벌,44.4,64,0.0,85,1,1,1,59.7,4,15,1,7.7,20,1,10,10,1,0,15,0,4,10,1,0,10,1,10.0,10,1,2,10,1,-8.11,0.42
2026-07-24,005090,SGC에너지,44.4,65,0.0,85,0,1,1,56.5,4,15,1,7.7,20,1,10,10,1,0,15,0,0,10,1,10,10,1,6.0,10,1,0,10,1,-17.34,14.0
2026-07-24,105560,KB금융,44.1,66,0.0,85,1,0,1,51.7,12,15,1,4.5,20,1,10,10,1,0,15,0,4,10,1,0,10,1,7.0,10,1,0,10,1,-1.75,0.12
2026-07-24,010170,대한광통신,44.0,67,0.0,75,0,1,1,38.6,4,15,1,16.0,20,1,0,10,0,0,15,0,0,10,1,0,10,1,6.0,10,1,7,10,1,-14.01,41.53
2026-07-24,333430,일승,43.6,68,0.0,85,0,1,1,63.4,4,15,1,7.1,20,1,10,10,1,0,15,0,0,10,1,10,10,1,6.0,10,1,0,10,1,-2.55,0.97
2026-07-24,098460,고영,43.5,69,0.0,85,0,1,0,42.7,4,15,1,20.0,20,1,10,10,1,0,15,0,0,10,1,0,10,1,3.0,10,1,0,10,1,5.62,22.87
2026-07-24,043260,성호전자,43.5,70,0.0,85,0,1,0,35.8,4,15,1,20.0,20,1,10,10,1,0,15,0,0,10,1,0,10,1,3.0,10,1,0,10,1,-14.38,18.34
2026-07-24,008770,호텔신라,43.5,71,0.0,85,0,1,0,42.4,4,15,1,20.0,20,1,10,10,1,0,15,0,0,10,1,0,10,1,3.0,10,1,0,10,1,-7.54,-6.05
2026-07-24,218410,RFHIC,43.5,72,0.0,85,0,1,0,36.8,4,15,1,20.0,20,1,10,10,1,0,15,0,0,10,1,0,10,1,3.0,10,1,0,10,1,-5.22,20.75
2026-07-24,089890,코세스,43.5,73,0.0,85,0,1,0,42.8,4,15,1,20.0,20,1,10,10,1,0,15,0,0,10,1,0,10,1,3.0,10,1,0,10,1,-20.88,-8.84
2026-07-24,263800,데이타솔루션,43.5,74,0.0,85,1,0,1,49.2,0,15,1,20.0,20,1,10,10,1,0,15,0,0,10,1,0,10,1,7.0,10,1,0,10,1,-13.04,0.56
2026-07-24,089860,롯데렌탈,43.0,75,5.0,85,1,1,1,78.6,4,15,1,4.8,20,1,8,10,1,0,15,0,10,10,1,4,10,1,10.0,10,1,0,10,1,-1.62,7.0
2026-07-24,011200,HMM,42.7,76,0.0,75,0,1,1,66.8,8,15,1,4.0,20,1,0,10,0,0,15,0,7,10,1,7,10,1,6.0,10,1,0,10,1,-3.23,-0.92
2026-07-24,011070,LG이노텍,42.6,77,0.0,85,0,0,0,35.1,8,15,1,8.2,20,1,10,10,1,0,15,0,0,10,1,0,10,1,0.0,10,1,10,10,1,-17.76,-11.2
2026-07-24,010140,삼성중공업,42.4,78,0.0,75,0,1,1,47.1,8,15,1,7.8,20,1,0,10,0,0,15,0,0,10,1,0,10,1,6.0,10,1,10,10,1,-6.77,-1.53
2026-07-24,006910,보성파워텍,42.4,79,0.0,85,0,1,1,42.9,0,15,1,20.0,20,1,10,10,1,0,15,0,0,10,1,0,10,1,6.0,10,1,0,10,1,-11.54,10.31
2026-07-24,124500,아이티센글로벌,42.4,80,0.0,85,0,1,1,39.8,0,15,1,20.0,20,1,10,10,1,0,15,0,0,10,1,0,10,1,6.0,10,1,0,10,1,0.0,25.65
2026-07-24,077360,덕산하이메탈,42.4,81,0.0,85,0,1,1,40.6,0,15,1,20.0,20,1,10,10,1,0,15,0,0,10,1,0,10,1,6.0,10,1,0,10,1,2.7,14.65
2026-07-24,005490,POSCO홀딩스,42.0,82,0.0,85,0,1,0,44.6,8,15,1,7.7,20,1,10,10,1,0,15,0,0,10,1,0,10,1,3.0,10,1,7,10,1,-0.16,7.35
2026-07-24,047810,한국항공우주,41.9,83,0.0,85,0,1,0,55.4,8,15,1,7.6,20,1,10,10,1,0,15,0,0,10,1,0,10,1,3.0,10,1,7,10,1,-19.48,-2.53
2026-07-24,059120,아진엑스텍,41.9,84,0.0,85,0,1,1,48.9,4,15,1,10.6,20,1,8,10,1,0,15,0,0,10,1,7,10,1,6.0,10,1,0,10,1,6.75,25.55
2026-07-24,144960,뉴파워프라즈마,41.8,85,0.0,85,1,1,1,57.4,4,15,1,11.5,20,1,10,10,1,0,15,0,0,10,1,0,10,1,10.0,10,1,0,10,1,1.52,21.7
2026-07-24,086390,유니테스트,41.6,86,0.0,85,0,1,1,34.0,0,15,1,15.4,20,1,10,10,1,0,15,0,0,10,1,4,10,1,6.0,10,1,0,10,1,-4.15,7.84
2026-07-24,032830,삼성생명,41.3,87,0.0,85,0,0,0,41.6,8,15,1,7.1,20,1,10,10,1,0,15,0,0,10,1,0,10,1,0.0,10,1,10,10,1,-2.04,-11.79
2026-07-24,000720,현대건설,41.3,88,0.0,85,0,1,0,46.4,8,15,1,12.1,20,1,10,10,1,0,15,0,0,10,1,0,10,1,3.0,10,1,2,10,1,-10.92,4.14
2026-07-24,327260,RF머트리얼즈,41.3,89,0.0,75,0,0,0,29.7,4,15,1,20.0,20,1,0,10,0,0,15,0,0,10,1,7,10,1,0.0,10,1,0,10,1,-0.45,81.96
2026-07-24,006110,삼아알미늄,41.2,90,0.0,85,0,1,1,39.7,4,15,1,20.0,20,1,5,10,1,0,15,0,0,10,1,0,10,1,6.0,10,1,0,10,1,-10.83,56.37
2026-07-24,028050,삼성E&A,41.1,91,0.0,85,0,1,1,54.3,12,15,1,4.9,20,1,8,10,1,0,15,0,0,10,1,4,10,1,6.0,10,1,0,10,1,-7.98,2.52
2026-07-24,035720,카카오,40.7,92,0.0,75,0,1,1,49.2,8,15,1,6.5,20,1,0,10,0,0,15,0,0,10,1,0,10,1,6.0,10,1,10,10,1,3.31,9.25
2026-07-24,319660,피에스케이,40.6,93,0.0,85,0,0,0,42.0,8,15,1,9.5,20,1,10,10,1,0,15,0,0,10,1,0,10,1,0.0,10,1,7,10,1,-9.94,-7.78
2026-07-24,007660,이수페타시스,40.5,94,0.0,85,0,0,0,39.2,8,15,1,9.4,20,1,10,10,1,0,15,0,0,10,1,0,10,1,0.0,10,1,7,10,1,-14.37,6.9
2026-07-24,111770,영원무역,40.5,95,0.0,85,1,1,1,59.9,0,15,1,7.4,20,1,10,10,1,0,15,0,7,10,1,0,10,1,10.0,10,1,0,10,1,1.94,3.19
2026-07-24,058470,리노공업,40.4,96,0.0,85,0,1,1,38.0,4,15,1,6.3,20,1,8,10,1,0,15,0,0,10,1,0,10,1,6.0,10,1,10,10,1,-6.56,3.06
2026-07-24,000250,삼천당제약,40.1,97,0.0,75,0,0,0,35.9,8,15,1,16.1,20,1,0,10,0,0,15,0,0,10,1,4,10,1,0.0,10,1,2,10,1,0.54,26.88
2026-07-24,049070,인탑스,40.1,98,0.0,85,0,1,1,56.5,0,15,1,18.1,20,1,10,10,1,0,15,0,0,10,1,0,10,1,6.0,10,1,0,10,1,-9.51,-1.57
2026-07-24,001450,현대해상,40.0,99,0.0,75,1,1,1,62.4,4,15,1,5.0,20,1,0,10,0,0,15,0,7,10,1,4,10,1,10.0,10,1,0,10,1,-4.71,1.61
2026-07-24,290650,엘앤씨바이오,40.0,100,0.0,85,0,0,0,32.9,4,15,1,20.0,20,1,10,10,1,0,15,0,0,10,1,0,10,1,0.0,10,1,0,10,1,-7.65,14.95
2026-07-24,036570,NC,40.0,101,0.0,85,0,0,0,42.5,4,15,1,20.0,20,1,10,10,1,0,15,0,0,10,1,0,10,1,0.0,10,1,0,10,1,2.85,6.8
2026-07-24,004710,한솔테크닉스,40.0,102,0.0,85,0,0,0,37.7,4,15,1,20.0,20,1,10,10,1,0,15,0,0,10,1,0,10,1,0.0,10,1,0,10,1,-5.16,0.0
2026-07-24,131970,두산테스나,40.0,103,0.0,85,0,0,0,33.6,4,15,1,20.0,20,1,10,10,1,0,15,0,0,10,1,0,10,1,0.0,10,1,0,10,1,-16.1,-8.12
2026-07-24,003160,디아이,40.0,104,0.0,85,0,0,0,37.8,4,15,1,20.0,20,1,10,10,1,0,15,0,0,10,1,0,10,1,0.0,10,1,0,10,1,2.81,27.04
2026-07-24,139480,이마트,40.0,105,0.0,75,0,1,1,48.3,4,15,1,20.0,20,1,0,10,0,0,15,0,0,10,1,0,10,1,6.0,10,1,0,10,1,-3.04,-0.61
2026-07-24,131290,티에스이,39.9,106,0.0,85,0,0,0,39.8,8,15,1,16.9,20,1,1,10,1,0,15,0,0,10,1,4,10,1,0.0,10,1,4,10,1,-7.85,12.1
2026-07-24,018670,SK가스,39.9,107,0.0,85,0,1,1,65.8,4,15,1,6.9,20,1,10,10,1,0,15,0,0,10,1,7,10,1,6.0,10,1,0,10,1,-12.52,-9.98
2026-07-24,294870,IPARK현대산업개발,39.9,108,0.0,85,0,1,1,58.7,4,15,1,9.9,20,1,10,10,1,0,15,0,0,10,1,4,10,1,6.0,10,1,0,10,1,-3.17,10.98
2026-07-24,052690,한전기술,39.8,109,0.0,85,0,1,1,44.2,4,15,1,9.8,20,1,10,10,1,0,15,0,0,10,1,4,10,1,6.0,10,1,0,10,1,-10.19,1.82
2026-07-24,354200,엔젠바이오,39.7,110,0.0,65,0,0,0,,4,15,1,1.8,20,1,0,10,0,0,15,0,10,10,1,10,10,1,0.0,10,0,0,10,1,-37.29,-22.75
2026-07-24,267250,HD현대,39.5,111,0.0,85,0,1,1,53.2,8,15,1,9.6,20,1,10,10,1,0,15,0,0,10,1,0,10,1,6.0,10,1,0,10,1,-10.29,1.57
2026-07-24,058730,다스코,39.5,112,0.0,85,0,0,0,46.2,4,15,1,15.6,20,1,10,10,1,0,15,0,0,10,1,0,10,1,0.0,10,1,4,10,1,-16.73,-9.93
2026-07-24,049720,고려신용정보,39.4,113,0.0,85,0,1,1,60.5,4,15,1,4.5,20,1,5,10,1,0,15,0,4,10,1,10,10,1,6.0,10,1,0,10,1,-6.13,-3.58
2026-07-24,064350,현대로템,39.3,114,0.0,85,0,0,0,42.0,8,15,1,10.4,20,1,5,10,1,0,15,0,0,10,1,0,10,1,0.0,10,1,10,10,1,-15.59,-5.18
2026-07-24,272210,한화시스템,39.3,115,0.0,85,0,1,0,43.4,8,15,1,10.4,20,1,10,10,1,0,15,0,0,10,1,0,10,1,3.0,10,1,2,10,1,-8.36,13.2
2026-07-24,000500,가온전선,38.9,116,0.0,85,0,0,1,40.7,8,15,1,8.1,20,1,10,10,1,0,15,0,0,10,1,0,10,1,3.0,10,1,4,10,1,-28.96,-17.15
2026-07-24,083650,비에이치아이,38.9,117,0.0,85,0,1,1,40.2,0,15,1,17.1,20,1,10,10,1,0,15,0,0,10,1,0,10,1,6.0,10,1,0,10,1,-10.04,25.22
2026-07-24,067310,하나마이크론,38.8,118,0.0,75,0,0,1,36.6,4,15,1,12.1,20,1,0,10,0,0,15,0,0,10,1,0,10,1,3.0,10,1,10,10,1,-10.54,1.96
2026-07-24,263750,펄어비스,38.8,119,0.0,85,0,1,0,34.2,0,15,1,20.0,20,1,10,10,1,0,15,0,0,10,1,0,10,1,3.0,10,1,0,10,1,0.91,9.88
2026-07-24,005070,코스모신소재,38.8,120,0.0,85,0,1,0,40.4,0,15,1,20.0,20,1,10,10,1,0,15,0,0,10,1,0,10,1,3.0,10,1,0,10,1,-7.02,12.46
2026-07-24,126640,화신정공,38.8,121,0.0,85,0,0,1,51.2,0,15,1,20.0,20,1,10,10,1,0,15,0,0,10,1,0,10,1,3.0,10,1,0,10,1,-2.01,3.13
2026-07-24,003530,한화투자증권,38.8,122,0.0,85,0,1,0,37.8,0,15,1,20.0,20,1,10,10,1,0,15,0,0,10,1,0,10,1,3.0,10,1,0,10,1,-2.81,6.67
2026-07-24,099320,쎄트렉아이,38.8,123,0.0,85,0,1,0,41.9,0,15,1,20.0,20,1,10,10,1,0,15,0,0,10,1,0,10,1,3.0,10,1,0,10,1,-18.3,3.94
2026-07-24,178320,서진시스템,38.7,124,0.0,75,0,1,0,39.5,4,15,1,20.0,20,1,0,10,0,0,15,0,0,10,1,0,10,1,3.0,10,1,2,10,1,-15.38,-3.97
2026-07-24,108490,로보티즈,38.7,125,0.0,75,0,1,0,39.8,4,15,1,20.0,20,1,0,10,0,0,15,0,0,10,1,0,10,1,3.0,10,1,2,10,1,-3.97,29.05
2026-07-24,247540,에코프로비엠,38.7,126,0.0,75,0,1,0,37.6,4,15,1,20.0,20,1,0,10,0,0,15,0,0,10,1,0,10,1,3.0,10,1,2,10,1,-4.43,6.0
2026-07-24,161390,한국타이어앤테크놀로지,38.7,127,0.0,85,1,1,1,51.6,4,15,1,4.9,20,1,10,10,1,0,15,0,4,10,1,0,10,1,10.0,10,1,0,10,1,-4.11,-0.71
2026-07-24,036540,SFA반도체,38.7,128,0.0,75,0,1,0,38.1,4,15,1,20.0,20,1,0,10,0,0,15,0,0,10,1,0,10,1,3.0,10,1,2,10,1,-4.51,8.63
2026-07-24,298020,효성티앤씨,38.6,129,0.0,85,0,1,1,55.6,4,15,1,8.8,20,1,10,10,1,0,15,0,0,10,1,4,10,1,6.0,10,1,0,10,1,-4.05,8.88
2026-07-24,232140,와이씨,38.5,130,0.0,85,0,1,0,32.1,4,15,1,15.7,20,1,10,10,1,0,15,0,0,10,1,0,10,1,3.0,10,1,0,10,1,-4.85,12.56
2026-07-24,034020,두산에너빌리티,38.2,131,0.0,85,0,1,0,39.6,12,15,1,6.5,20,1,1,10,1,0,15,0,0,10,1,0,10,1,3.0,10,1,10,10,1,-6.93,10.82
2026-07-24,103140,풍산,37.8,132,0.0,85,0,1,1,52.9,4,15,1,5.1,20,1,10,10,1,0,15,0,0,10,1,7,10,1,6.0,10,1,0,10,1,4.25,26.79
2026-07-24,009420,한올바이오파마,37.6,133,0.0,85,0,0,0,39.9,4,15,1,20.0,20,1,8,10,1,0,15,0,0,10,1,0,10,1,0.0,10,1,0,10,1,-6.87,22.1
2026-07-24,356860,티엘비,37.6,134,0.0,85,0,0,0,28.9,4,15,1,20.0,20,1,8,10,1,0,15,0,0,10,1,0,10,1,0.0,10,1,0,10,1,-8.65,-0.35
2026-07-24,017960,한국카본,37.5,135,0.0,75,0,1,1,38.1,4,15,1,14.1,20,1,0,10,0,0,15,0,0,10,1,4,10,1,6.0,10,1,0,10,1,-9.92,2.74
2026-07-24,003230,삼양식품,37.4,136,0.0,85,0,1,0,53.0,8,15,1,6.8,20,1,10,10,1,0,15,0,0,10,1,0,10,1,3.0,10,1,4,10,1,1.48,11.9
2026-07-24,002140,고려산업,37.3,137,0.0,75,0,1,1,64.1,8,15,1,4.0,20,1,0,10,0,0,15,0,0,10,1,10,10,1,6.0,10,1,0,10,1,-9.4,-9.62
2026-07-24,006360,GS건설,37.1,138,0.0,75,0,1,1,52.3,8,15,1,6.8,20,1,0,10,0,0,15,0,0,10,1,0,10,1,6.0,10,1,7,10,1,-22.48,15.37
2026-07-24,139130,iM금융지주,37.1,139,0.0,85,0,1,0,54.8,4,15,1,10.5,20,1,10,10,1,0,15,0,4,10,1,0,10,1,3.0,10,1,0,10,1,-7.12,-5.37
2026-07-24,064820,케이프,37.1,140,0.0,85,0,1,1,52.3,0,15,1,5.5,20,1,10,10,1,0,15,0,0,10,1,10,10,1,6.0,10,1,0,10,1,-17.03,-4.39
2026-07-24,486990,노타,36.9,141,0.0,75,0,1,1,48.2,4,15,1,10.7,20,1,0,10,0,0,15,0,0,10,1,7,10,1,6.0,10,1,0,10,1,-7.66,7.96
2026-07-24,102940,코오롱생명과학,36.8,142,0.0,75,0,0,0,19.6,4,15,1,13.6,20,1,0,10,0,0,15,0,0,10,1,10,10,1,0.0,10,1,0,10,1,-17.06,-4.93
2026-07-24,005690,파미셀,36.5,143,0.0,85,0,1,0,38.6,0,15,1,20.0,20,1,8,10,1,0,15,0,0,10,1,0,10,1,3.0,10,1,0,10,1,-4.34,10.48
2026-07-24,034220,LG디스플레이,36.4,144,0.0,75,0,1,0,36.4,8,15,1,14.3,20,1,0,10,0,0,15,0,0,10,1,0,10,1,3.0,10,1,2,10,1,-6.02,1.43
2026-07-24,071970,HD현대마린엔진,36.4,145,0.0,85,0,1,1,54.4,4,15,1,10.9,20,1,10,10,1,0,15,0,0,10,1,0,10,1,6.0,10,1,0,10,1,-26.85,-12.43
2026-07-24,004370,농심,36.4,146,0.0,85,0,1,1,57.3,4,15,1,4.9,20,1,8,10,1,0,15,0,4,10,1,4,10,1,6.0,10,1,0,10,1,4.22,8.03
2026-07-24,090460,비에이치,36.2,147,0.0,85,0,1,0,34.4,4,15,1,9.8,20,1,10,10,1,0,15,0,0,10,1,4,10,1,3.0,10,1,0,10,1,-6.75,-4.02
2026-07-24,460860,동국제강,36.2,148,0.0,85,0,1,1,56.4,0,15,1,7.8,20,1,10,10,1,0,15,0,0,10,1,7,10,1,6.0,10,1,0,10,1,-4.25,4.78
2026-07-24,033780,KT&G,36.1,149,0.0,85,0,1,1,56.5,8,15,1,4.7,20,1,8,10,1,0,15,0,4,10,1,0,10,1,6.0,10,1,0,10,1,-1.92,1.7
2026-07-24,454910,두산로보틱스,36.1,150,0.0,75,0,1,1,36.4,4,15,1,15.1,20,1,0,10,0,0,15,0,0,10,1,0,10,1,6.0,10,1,2,10,1,-4.79,15.46
2026-07-24,033160,엠케이전자,36.0,151,0.0,75,0,1,0,38.5,4,15,1,20.0,20,1,0,10,0,0,15,0,0,10,1,0,10,1,3.0,10,1,0,10,1,-1.5,21.35
2026-07-24,039030,이오테크닉스,35.9,152,0.0,85,0,0,0,35.6,4,15,1,12.5,20,1,10,10,1,0,15,0,0,10,1,0,10,1,0.0,10,1,4,10,1,-0.84,19.6
2026-07-24,950160,코오롱티슈진,35.7,153,0.0,75,0,0,0,17.3,15,15,1,1.8,20,1,0,10,0,0,15,0,0,10,1,10,10,1,0.0,10,1,0,10,1,-13.33,28.87
2026-07-24,413630,씨피시스템,35.7,154,0.0,75,0,1,1,54.4,4,15,1,8.8,20,1,0,10,0,0,15,0,0,10,1,4,10,1,6.0,10,1,4,10,1,23.48,31.15
2026-07-24,126340,비나텍,35.5,155,0.0,85,0,1,0,39.5,0,15,1,17.2,20,1,10,10,1,0,15,0,0,10,1,0,10,1,3.0,10,1,0,10,1,-9.16,13.34
2026-07-24,316140,우리금융지주,35.3,156,0.0,85,0,1,0,51.0,8,15,1,5.0,20,1,10,10,1,0,15,0,4,10,1,0,10,1,3.0,10,1,0,10,1,8.91,8.1
2026-07-24,018260,삼성에스디에스,35.3,157,0.0,75,0,1,1,53.0,8,15,1,5.5,20,1,0,10,0,0,15,0,0,10,1,0,10,1,6.0,10,1,7,10,1,-1.67,6.21
2026-07-24,003670,포스코퓨처엠,35.3,158,0.0,85,0,1,0,38.6,4,15,1,20.0,20,1,3,10,1,0,15,0,0,10,1,0,10,1,3.0,10,1,0,10,1,-2.75,16.88
2026-07-24,166090,하나머티리얼즈,35.3,159,0.0,85,0,1,0,45.4,4,15,1,9.0,20,1,10,10,1,0,15,0,0,10,1,4,10,1,3.0,10,1,0,10,1,-3.84,10.24
2026-07-24,326030,SK바이오팜,35.3,160,0.0,85,0,1,1,46.3,4,15,1,10.0,20,1,10,10,1,0,15,0,0,10,1,0,10,1,6.0,10,1,0,10,1,-1.99,10.05
2026-07-24,002020,코오롱,35.3,161,0.0,85,0,0,0,26.7,0,15,1,20.0,20,1,10,10,1,0,15,0,0,10,1,0,10,1,0.0,10,1,0,10,1,-10.81,4.25
2026-07-24,064260,다날,35.2,162,0.0,75,0,1,1,47.4,4,15,1,7.4,20,1,0,10,0,0,15,0,0,10,1,7,10,1,6.0,10,1,2,10,1,3.67,13.53
2026-07-24,007690,국도화학,35.2,163,0.0,85,1,1,0,58.7,0,15,1,9.9,20,1,3,10,1,0,15,0,0,10,1,10,10,1,7.0,10,1,0,10,1,-1.93,2.31
2026-07-24,095340,ISC,35.1,164,0.0,85,0,1,1,37.1,4,15,1,7.8,20,1,8,10,1,0,15,0,0,10,1,0,10,1,6.0,10,1,4,10,1,-3.71,5.57
2026-07-24,004090,한국석유,35.1,165,0.0,85,0,1,1,56.0,4,15,1,9.8,20,1,10,10,1,0,15,0,0,10,1,0,10,1,6.0,10,1,0,10,1,-13.13,-10.72
2026-07-24,016360,삼성증권,34.8,166,0.0,85,0,0,0,42.4,8,15,1,7.6,20,1,10,10,1,0,15,0,0,10,1,0,10,1,0.0,10,1,4,10,1,-0.5,-7.08
2026-07-24,075580,세진중공업,34.7,167,0.0,85,0,1,0,45.1,4,15,1,9.5,20,1,3,10,1,0,15,0,0,10,1,10,10,1,3.0,10,1,0,10,1,-17.25,-5.31
2026-07-24,093370,후성,34.7,168,0.0,75,0,0,0,39.8,4,15,1,20.0,20,1,0,10,0,0,15,0,0,10,1,0,10,1,0.0,10,1,2,10,1,-12.02,0.0
2026-07-24,171090,선익시스템,34.7,169,0.0,75,0,1,1,47.6,0,15,1,20.0,20,1,0,10,0,0,15,0,0,10,1,0,10,1,6.0,10,1,0,10,1,1.54,20.38
2026-07-24,003690,코리안리,34.7,170,0.0,85,1,1,1,58.1,0,15,1,5.5,20,1,10,10,1,0,15,0,4,10,1,0,10,1,10.0,10,1,0,10,1,-1.29,5.02
2026-07-24,058610,에스피지,34.6,171,0.0,85,0,1,1,44.5,4,15,1,6.4,20,1,5,10,1,0,15,0,0,10,1,4,10,1,6.0,10,1,4,10,1,32.12,50.0
2026-07-24,403870,HPSP,34.5,172,0.0,85,0,0,0,37.8,8,15,1,6.3,20,1,8,10,1,0,15,0,0,10,1,0,10,1,0.0,10,1,7,10,1,-2.95,3.65
2026-07-24,060370,LS마린솔루션,34.4,173,0.0,85,0,1,0,56.2,0,15,1,16.2,20,1,10,10,1,0,15,0,0,10,1,0,10,1,3.0,10,1,0,10,1,-14.03,3.43
2026-07-24,252990,샘씨엔에스,34.3,174,0.0,75,0,1,1,50.8,4,15,1,13.7,20,1,0,10,0,0,15,0,0,10,1,0,10,1,6.0,10,1,2,10,1,-19.15,15.24
2026-07-24,071050,한국금융지주,34.2,175,0.0,85,0,0,0,43.9,8,15,1,9.1,20,1,10,10,1,0,15,0,0,10,1,0,10,1,0.0,10,1,2,10,1,-3.05,-8.97
2026-07-24,010130,고려아연,34.1,176,0.0,85,0,1,1,48.1,4,15,1,9.0,20,1,10,10,1,0,15,0,0,10,1,0,10,1,6.0,10,1,0,10,1,-7.07,14.88
2026-07-24,103590,일진전기,33.9,177,0.0,85,0,1,1,42.8,4,15,1,8.8,20,1,10,10,1,0,15,0,0,10,1,0,10,1,6.0,10,1,0,10,1,-18.37,-1.73
2026-07-24,018880,한온시스템,33.9,178,0.0,85,0,1,0,43.3,4,15,1,13.8,20,1,8,10,1,0,15,0,0,10,1,0,10,1,3.0,10,1,0,10,1,-6.51,6.51
2026-07-24,039860,나노엔텍,33.9,179,0.0,75,0,1,0,47.6,4,15,1,8.4,20,1,0,10,0,0,15,0,0,10,1,10,10,1,3.0,10,1,0,10,1,-7.81,7.15
2026-07-24,023160,태광,33.9,180,0.0,85,0,1,0,46.7,4,15,1,7.8,20,1,10,10,1,0,15,0,0,10,1,4,10,1,3.0,10,1,0,10,1,-9.36,2.91
2026-07-24,015760,한국전력,33.7,181,0.0,75,0,1,0,46.1,8,15,1,7.3,20,1,0,10,0,0,15,0,0,10,1,0,10,1,3.0,10,1,7,10,1,-1.69,0.85
2026-07-24,000150,두산,33.6,182,0.0,75,0,1,0,41.2,8,15,1,7.2,20,1,0,10,0,0,15,0,0,10,1,0,10,1,3.0,10,1,7,10,1,-1.76,3.53
2026-07-24,039490,키움증권,33.6,183,0.0,85,0,0,0,41.0,8,15,1,6.6,20,1,10,10,1,0,15,0,0,10,1,4,10,1,0.0,10,1,0,10,1,-1.68,-0.34
2026-07-24,000990,DB하이텍,33.4,184,0.0,85,0,1,1,35.9,4,15,1,6.4,20,1,10,10,1,0,15,0,0,10,1,0,10,1,6.0,10,1,2,10,1,-16.9,-8.1
2026-07-24,006260,LS,33.2,185,0.0,85,0,1,0,43.8,8,15,1,7.2,20,1,10,10,1,0,15,0,0,10,1,0,10,1,3.0,10,1,0,10,1,-13.03,7.49
2026-07-24,051910,LG화학,33.2,186,0.0,85,0,1,0,41.4,4,15,1,13.2,20,1,8,10,1,0,15,0,0,10,1,0,10,1,3.0,10,1,0,10,1,-0.39,7.34
2026-07-24,066970,엘앤에프,33.1,187,0.0,75,0,1,0,33.2,4,15,1,17.8,20,1,0,10,0,0,15,0,0,10,1,0,10,1,3.0,10,1,0,10,1,-10.5,23.32
2026-07-24,000100,유한양행,32.7,188,0.0,85,0,1,1,56.3,4,15,1,8.8,20,1,5,10,1,0,15,0,0,10,1,4,10,1,6.0,10,1,0,10,1,-1.87,9.48
2026-07-24,012330,현대모비스,32.6,189,0.0,85,0,1,0,44.2,12,15,1,4.7,20,1,8,10,1,0,15,0,0,10,1,0,10,1,3.0,10,1,0,10,1,-1.24,4.77
2026-07-24,003490,대한항공,32.5,190,0.0,75,0,0,0,43.0,8,15,1,9.4,20,1,0,10,0,0,15,0,0,10,1,0,10,1,0.0,10,1,7,10,1,1.77,5.5
2026-07-24,014970,삼륭물산,32.5,191,0.0,85,0,1,1,51.7,4,15,1,4.6,20,1,3,10,1,0,15,0,0,10,1,10,10,1,6.0,10,1,0,10,1,-14.69,-4.02
2026-07-24,038110,에코플라스틱,32.4,192,0.0,85,0,1,0,43.4,0,15,1,4.5,20,1,10,10,1,0,15,0,0,10,1,10,10,1,3.0,10,1,0,10,1,-8.24,-0.25
2026-07-24,175330,JB금융지주,32.2,193,0.0,85,1,0,1,53.0,4,15,1,4.4,20,1,8,10,1,0,15,0,4,10,1,0,10,1,7.0,10,1,0,10,1,-1.67,6.51
2026-07-24,031980,피에스케이홀딩스,32.1,194,0.0,85,0,0,1,40.6,4,15,1,6.3,20,1,10,10,1,0,15,0,0,10,1,0,10,1,3.0,10,1,4,10,1,-7.65,-0.85
2026-07-24,120110,코오롱인더,32.1,195,0.0,85,0,1,0,41.6,4,15,1,10.3,20,1,10,10,1,0,15,0,0,10,1,0,10,1,3.0,10,1,0,10,1,-10.19,9.53
2026-07-24,044340,위닉스,32.0,196,0.0,75,0,1,1,58.5,4,15,1,0.0,20,1,0,10,0,0,15,0,4,10,1,10,10,1,6.0,10,1,0,10,1,-1.63,-9.48
2026-07-24,054540,삼영엠텍,32.0,197,0.0,75,0,1,1,49.7,4,15,1,4.0,20,1,0,10,0,0,15,0,0,10,1,10,10,1,6.0,10,1,0,10,1,-16.67,-3.03
2026-07-24,078590,휴림에이텍,32.0,198,0.0,75,0,1,1,75.0,4,15,1,4.0,20,1,0,10,0,0,15,0,0,10,1,10,10,1,6.0,10,1,0,10,1,-37.45,-0.67
2026-07-24,064290,인텍플러스,32.0,199,0.0,75,0,0,0,36.4,4,15,1,20.0,20,1,0,10,0,0,15,0,0,10,1,0,10,1,0.0,10,1,0,10,1,-9.51,-0.33
2026-07-24,122640,예스티,32.0,200,0.0,75,0,0,0,37.3,4,15,1,20.0,20,1,0,10,0,0,15,0,0,10,1,0,10,1,0.0,10,1,0,10,1,-1.15,1.15
2026-07-27,010060,OCI홀딩스,72.9,1,0.0,85,0,1,1,45.8,12,15,1,20.0,20,1,10,10,1,0,15,0,0,10,1,7,10,1,6.0,10,1,7,10,1,-4.42,32.77
2026-07-27,010950,S-Oil,72.9,2,0.0,85,1,1,1,55.4,8,15,1,20.0,20,1,10,10,1,0,15,0,4,10,1,0,10,1,10.0,10,1,10,10,1,-10.78,3.81
2026-07-27,005930,삼성전자,68.2,3,0.0,85,0,0,1,42.5,15,15,1,20.0,20,1,10,10,1,0,15,0,0,10,1,0,10,1,3.0,10,1,10,10,1,-5.71,-5.71
2026-07-27,005935,삼성전자우,68.2,4,0.0,85,0,0,1,45.3,15,15,1,20.0,20,1,10,10,1,0,15,0,0,10,1,0,10,1,3.0,10,1,10,10,1,-1.0,0.22
2026-07-27,042660,한화오션,68.2,5,0.0,85,0,1,1,45.0,12,15,1,20.0,20,1,10,10,1,0,15,0,0,10,1,0,10,1,6.0,10,1,10,10,1,-6.53,0.23
2026-07-27,052460,아이크래프트,66.8,6,5.0,85,1,1,1,78.1,4,15,1,20.0,20,1,10,10,1,0,15,0,7,10,1,10,10,1,10.0,10,1,0,10,1,17.42,58.37
2026-07-27,017670,SK텔레콤,66.2,7,0.0,85,0,1,1,58.3,15,15,1,8.3,20,1,10,10,1,0,15,0,0,10,1,7,10,1,6.0,10,1,10,10,1,-16.24,-12.16
2026-07-27,214450,파마리서치,65.5,8,0.0,85,1,1,1,60.8,8,15,1,7.7,20,1,10,10,1,0,15,0,10,10,1,0,10,1,10.0,10,1,10,10,1,0.54,12.7
2026-07-27,000660,SK하이닉스,64.0,9,0.0,75,0,0,1,42.3,15,15,1,20.0,20,1,0,10,0,0,15,0,0,10,1,0,10,1,3.0,10,1,10,10,1,-13.71,-21.53
2026-07-27,207940,삼성바이오로직스,63.5,10,0.0,85,1,1,1,64.4,12,15,1,7.0,20,1,1,10,1,0,15,0,10,10,1,4,10,1,10.0,10,1,10,10,1,-7.9,4.14
2026-07-27,096770,SK이노베이션,63.5,11,0.0,85,0,1,1,53.6,8,15,1,20.0,20,1,10,10,1,0,15,0,0,10,1,0,10,1,6.0,10,1,10,10,1,-7.46,6.34
2026-07-27,413630,씨피시스템,62.4,12,0.0,75,0,1,1,65.9,8,15,1,8.8,20,1,0,10,0,0,15,0,7,10,1,10,10,1,6.0,10,1,7,10,1,0.12,-2.71
2026-07-27,006400,삼성SDI,60.0,13,0.0,85,0,1,0,44.0,8,15,1,20.0,20,1,10,10,1,0,15,0,0,10,1,0,10,1,3.0,10,1,10,10,1,-9.63,6.61
2026-07-27,475150,SK이터닉스,59.2,14,0.0,85,1,1,1,52.3,15,15,1,5.3,20,1,10,10,1,0,15,0,0,10,1,0,10,1,10.0,10,1,10,10,1,-18.48,-10.51
2026-07-27,396300,세아메카닉스,58.8,15,0.0,85,0,1,1,49.9,4,15,1,20.0,20,1,10,10,1,0,15,0,0,10,1,10,10,1,6.0,10,1,0,10,1,17.31,20.74
2026-07-27,402340,SK스퀘어,56.0,16,0.0,75,0,0,0,39.9,15,15,1,20.0,20,1,0,10,0,0,15,0,0,10,1,0,10,1,0.0,10,1,7,10,1,-6.48,-13.78
2026-07-27,009830,한화솔루션,56.0,17,0.0,75,0,1,0,35.8,12,15,1,20.0,20,1,0,10,0,0,15,0,0,10,1,0,10,1,3.0,10,1,7,10,1,-5.34,38.74
2026-07-27,196170,알테오젠,56.0,18,0.0,75,0,1,0,48.9,12,15,1,20.0,20,1,0,10,0,0,15,0,0,10,1,0,10,1,3.0,10,1,7,10,1,1.76,4.97
2026-07-27,322000,HD현대에너지솔루션,56.0,19,0.0,75,0,1,0,49.7,8,15,1,20.0,20,1,0,10,0,0,15,0,0,10,1,4,10,1,3.0,10,1,7,10,1,-11.28,-12.09
2026-07-27,036930,주성엔지니어링,55.6,20,0.0,85,0,0,1,41.8,12,15,1,12.3,20,1,10,10,1,0,15,0,0,10,1,0,10,1,3.0,10,1,10,10,1,-14.74,8.34
2026-07-27,316140,우리금융지주,55.3,21,0.0,85,0,1,1,63.8,12,15,1,5.0,20,1,10,10,1,0,15,0,7,10,1,7,10,1,6.0,10,1,0,10,1,0.76,2.11
2026-07-27,004310,현대약품,55.3,22,0.0,85,0,1,1,46.3,4,15,1,20.0,20,1,10,10,1,0,15,0,0,10,1,0,10,1,6.0,10,1,7,10,1,-6.24,10.92
2026-07-27,483650,달바글로벌,54.9,23,0.0,85,1,1,1,65.3,8,15,1,7.7,20,1,10,10,1,0,15,0,7,10,1,0,10,1,10.0,10,1,4,10,1,-13.87,-5.2
2026-07-27,080220,제주반도체,54.8,24,0.0,85,0,0,1,43.2,8,15,1,18.6,20,1,10,10,1,0,15,0,0,10,1,0,10,1,3.0,10,1,7,10,1,-12.03,22.16
2026-07-27,240810,원익IPS,54.7,25,0.0,75,0,0,1,41.3,8,15,1,20.0,20,1,0,10,0,0,15,0,0,10,1,0,10,1,3.0,10,1,10,10,1,-11.6,-1.23
2026-07-27,352820,하이브,54.1,26,0.0,85,0,1,1,57.2,8,15,1,20.0,20,1,10,10,1,0,15,0,0,10,1,0,10,1,6.0,10,1,2,10,1,-22.53,-19.87
2026-07-27,066570,LG전자,53.9,27,0.0,85,0,1,1,42.3,12,15,1,7.8,20,1,10,10,1,0,15,0,0,10,1,0,10,1,6.0,10,1,10,10,1,-7.84,5.46
2026-07-27,010120,LS ELECTRIC,53.6,28,0.0,85,0,1,1,46.8,12,15,1,7.6,20,1,10,10,1,0,15,0,0,10,1,0,10,1,6.0,10,1,10,10,1,-5.8,1.5
2026-07-27,099190,아이센스,53.3,29,0.0,75,0,1,1,64.5,4,15,1,20.0,20,1,0,10,0,0,15,0,0,10,1,10,10,1,6.0,10,1,0,10,1,-4.46,9.37
2026-07-27,009540,HD한국조선해양,53.2,30,0.0,85,0,1,1,54.3,8,15,1,13.2,20,1,8,10,1,0,15,0,0,10,1,0,10,1,6.0,10,1,10,10,1,-2.64,5.15
2026-07-27,086520,에코프로,53.2,31,0.0,85,0,1,1,41.9,8,15,1,13.2,20,1,8,10,1,0,15,0,0,10,1,0,10,1,6.0,10,1,10,10,1,-3.97,12.03
2026-07-27,047040,대우건설,53.2,32,0.0,85,0,1,1,37.4,8,15,1,14.2,20,1,10,10,1,0,15,0,0,10,1,0,10,1,6.0,10,1,7,10,1,-12.38,14.1
2026-07-27,078930,GS,53.2,33,0.0,85,1,1,1,66.0,8,15,1,6.2,20,1,10,10,1,0,15,0,4,10,1,0,10,1,10.0,10,1,7,10,1,-7.64,6.44
2026-07-27,353200,대덕전자,52.9,34,0.0,85,0,0,0,40.6,8,15,1,20.0,20,1,10,10,1,0,15,0,0,10,1,0,10,1,0.0,10,1,7,10,1,-11.61,-4.3
2026-07-27,042700,한미반도체,52.7,35,0.0,85,0,1,1,40.7,12,15,1,6.8,20,1,10,10,1,0,15,0,0,10,1,0,10,1,6.0,10,1,10,10,1,-0.98,4.16
2026-07-27,006800,미래에셋증권,52.4,36,0.0,85,0,1,1,37.5,8,15,1,10.5,20,1,10,10,1,0,15,0,0,10,1,0,10,1,6.0,10,1,10,10,1,-10.26,-4.18
2026-07-27,277810,레인보우로보틱스,51.9,37,0.0,75,0,1,1,45.6,8,15,1,17.9,20,1,0,10,0,0,15,0,0,10,1,0,10,1,6.0,10,1,7,10,1,2.8,7.62
2026-07-27,317400,자이에스앤디,51.8,38,0.0,85,1,1,1,67.5,4,15,1,20.0,20,1,10,10,1,0,15,0,0,10,1,0,10,1,10.0,10,1,0,10,1,-5.39,19.57
2026-07-27,298040,효성중공업,51.4,39,0.0,85,0,1,1,40.2,8,15,1,9.7,20,1,10,10,1,0,15,0,0,10,1,0,10,1,6.0,10,1,10,10,1,-4.95,7.85
2026-07-27,373220,LG에너지솔루션,51.2,40,0.0,75,0,1,0,45.1,8,15,1,17.4,20,1,0,10,0,0,15,0,0,10,1,0,10,1,3.0,10,1,10,10,1,-5.11,6.46
2026-07-27,068270,셀트리온,50.9,41,0.0,85,0,1,1,53.5,8,15,1,11.3,20,1,8,10,1,0,15,0,0,10,1,0,10,1,6.0,10,1,10,10,1,1.96,17.8
2026-07-27,012450,한화에어로스페이스,50.8,42,0.0,85,0,1,0,40.3,12,15,1,8.2,20,1,10,10,1,0,15,0,0,10,1,0,10,1,3.0,10,1,10,10,1,2.22,22.14
2026-07-27,278470,에이피알,50.1,43,0.0,85,0,0,0,42.2,8,15,1,14.6,20,1,10,10,1,0,15,0,0,10,1,0,10,1,0.0,10,1,10,10,1,-4.65,8.74
2026-07-27,018260,삼성에스디에스,50.0,44,0.0,75,0,1,1,56.0,12,15,1,5.5,20,1,0,10,0,0,15,0,0,10,1,4,10,1,6.0,10,1,10,10,1,-6.67,8.97
2026-07-27,332570,PS일렉트로닉스,49.4,45,0.0,85,0,1,1,56.9,4,15,1,20.0,20,1,10,10,1,0,15,0,0,10,1,0,10,1,6.0,10,1,2,10,1,5.93,24.0
2026-07-27,089030,테크윙,49.3,46,0.0,75,0,1,1,43.8,4,15,1,20.0,20,1,0,10,0,0,15,0,0,10,1,0,10,1,6.0,10,1,7,10,1,3.93,7.3
2026-07-27,327260,RF머트리얼즈,49.3,47,0.0,75,0,0,1,31.0,4,15,1,20.0,20,1,0,10,0,0,15,0,0,10,1,10,10,1,3.0,10,1,0,10,1,-2.74,62.03
2026-07-27,181710,NHN,49.3,48,0.0,75,0,1,1,56.4,4,15,1,20.0,20,1,0,10,0,0,15,0,0,10,1,7,10,1,6.0,10,1,0,10,1,-7.36,35.16
2026-07-27,171090,선익시스템,49.3,49,0.0,75,0,1,1,55.1,4,15,1,20.0,20,1,0,10,0,0,15,0,0,10,1,7,10,1,6.0,10,1,0,10,1,-4.09,10.85
2026-07-27,003230,삼양식품,49.2,50,0.0,85,0,1,1,60.0,8,15,1,6.8,20,1,10,10,1,0,15,0,0,10,1,4,10,1,6.0,10,1,7,10,1,-5.66,2.79
2026-07-27,263800,데이타솔루션,48.2,51,0.0,85,1,0,1,51.8,4,15,1,20.0,20,1,10,10,1,0,15,0,0,10,1,0,10,1,7.0,10,1,0,10,1,-15.9,4.09
2026-07-27,009150,삼성전기,48.1,52,0.0,85,0,0,0,40.9,15,15,1,8.9,20,1,10,10,1,0,15,0,0,10,1,0,10,1,0.0,10,1,7,10,1,-10.87,-4.75
2026-07-27,001440,대한전선,48.1,53,0.0,85,0,1,1,43.2,8,15,1,6.9,20,1,10,10,1,0,15,0,0,10,1,0,10,1,6.0,10,1,10,10,1,-15.96,-0.7
2026-07-27,251970,펌텍코리아,48.1,54,0.0,85,1,1,1,66.3,4,15,1,4.9,20,1,8,10,1,0,15,0,10,10,1,4,10,1,10.0,10,1,0,10,1,-6.58,5.35
2026-07-27,267260,HD현대일렉트릭,47.8,55,0.0,85,0,1,1,41.1,8,15,1,6.6,20,1,10,10,1,0,15,0,0,10,1,0,10,1,6.0,10,1,10,10,1,-15.56,-7.28
2026-07-27,037070,파세코,47.5,56,0.0,85,0,0,1,52.1,8,15,1,10.4,20,1,8,10,1,0,15,0,0,10,1,4,10,1,3.0,10,1,7,10,1,1.39,-18.47
2026-07-27,064260,다날,47.2,57,0.0,75,0,1,1,51.6,8,15,1,7.4,20,1,0,10,0,0,15,0,0,10,1,10,10,1,6.0,10,1,4,10,1,-0.33,7.19
2026-07-27,098460,고영,47.1,58,0.0,85,0,1,1,47.4,4,15,1,20.0,20,1,10,10,1,0,15,0,0,10,1,0,10,1,6.0,10,1,0,10,1,-0.18,18.63
2026-07-27,267270,HD건설기계,47.1,59,0.0,85,0,1,1,52.1,4,15,1,20.0,20,1,10,10,1,0,15,0,0,10,1,0,10,1,6.0,10,1,0,10,1,-6.02,5.5
2026-07-27,043260,성호전자,47.1,60,0.0,85,0,1,1,36.0,4,15,1,20.0,20,1,10,10,1,0,15,0,0,10,1,0,10,1,6.0,10,1,0,10,1,-9.37,12.51
2026-07-27,218410,RFHIC,47.1,61,0.0,85,0,1,1,37.6,4,15,1,20.0,20,1,10,10,1,0,15,0,0,10,1,0,10,1,6.0,10,1,0,10,1,-4.51,14.63
2026-07-27,034730,SK,46.7,62,0.0,75,0,0,0,48.4,8,15,1,20.0,20,1,0,10,0,0,15,0,0,10,1,0,10,1,0.0,10,1,7,10,1,-16.05,-15.89
2026-07-27,222800,심텍,46.7,63,0.0,75,0,0,0,41.0,8,15,1,20.0,20,1,0,10,0,0,15,0,0,10,1,0,10,1,0.0,10,1,7,10,1,-5.2,23.4
2026-07-27,144960,뉴파워프라즈마,46.5,64,0.0,85,1,1,1,61.7,4,15,1,11.5,20,1,10,10,1,0,15,0,4,10,1,0,10,1,10.0,10,1,0,10,1,-8.27,12.83
2026-07-27,329180,HD현대중공업,46.0,65,0.0,85,0,1,1,39.2,8,15,1,14.1,20,1,1,10,1,0,15,0,0,10,1,0,10,1,6.0,10,1,10,10,1,-3.29,3.39
2026-07-27,041020,폴라리스오피스,45.6,66,0.0,85,0,1,1,48.0,4,15,1,8.8,20,1,10,10,1,0,15,0,0,10,1,10,10,1,6.0,10,1,0,10,1,-3.57,9.17
2026-07-27,059120,아진엑스텍,45.4,67,0.0,85,0,1,1,58.2,4,15,1,10.6,20,1,8,10,1,0,15,0,0,10,1,10,10,1,6.0,10,1,0,10,1,-6.88,13.91
2026-07-27,319400,현대무벡스,45.3,68,0.0,85,0,1,1,44.8,12,15,1,5.5,20,1,1,10,1,0,15,0,0,10,1,10,10,1,6.0,10,1,4,10,1,5.95,12.59
2026-07-27,064350,현대로템,45.2,69,0.0,85,0,0,0,33.8,12,15,1,10.4,20,1,5,10,1,0,15,0,0,10,1,4,10,1,0.0,10,1,7,10,1,-2.11,6.72
2026-07-27,440110,파두,44.4,70,0.0,75,0,1,1,39.9,4,15,1,16.3,20,1,0,10,0,0,15,0,0,10,1,0,10,1,6.0,10,1,7,10,1,-2.47,-4.47
2026-07-27,067310,하나마이크론,44.1,71,0.0,75,0,0,1,41.2,8,15,1,12.1,20,1,0,10,0,0,15,0,0,10,1,0,10,1,3.0,10,1,10,10,1,-14.35,-0.57
2026-07-27,011070,LG이노텍,43.8,72,0.0,85,0,0,0,34.4,12,15,1,8.2,20,1,10,10,1,0,15,0,0,10,1,0,10,1,0.0,10,1,7,10,1,-16.45,-10.59
2026-07-27,340570,티앤엘,43.8,73,0.0,85,0,1,1,62.2,4,15,1,6.2,20,1,10,10,1,0,15,0,4,10,1,7,10,1,6.0,10,1,0,10,1,-4.31,-44.44
2026-07-27,336260,두산퓨얼셀,43.7,74,0.0,75,0,0,0,30.5,8,15,1,14.8,20,1,0,10,0,0,15,0,0,10,1,10,10,1,0.0,10,1,0,10,1,-13.5,18.33
2026-07-27,100090,SK오션플랜트,43.6,75,0.0,85,0,1,1,48.3,8,15,1,7.1,20,1,8,10,1,0,15,0,0,10,1,4,10,1,6.0,10,1,4,10,1,-14.7,-5.73
2026-07-27,083650,비에이치아이,43.6,76,0.0,85,0,1,1,39.8,4,15,1,17.1,20,1,10,10,1,0,15,0,0,10,1,0,10,1,6.0,10,1,0,10,1,-3.94,22.97
2026-07-27,131970,두산테스나,43.5,77,0.0,85,0,1,0,37.1,4,15,1,20.0,20,1,10,10,1,0,15,0,0,10,1,0,10,1,3.0,10,1,0,10,1,-19.88,-9.51
2026-07-27,263750,펄어비스,43.5,78,0.0,85,0,1,0,45.0,4,15,1,20.0,20,1,10,10,1,0,15,0,0,10,1,0,10,1,3.0,10,1,0,10,1,-3.97,4.68
2026-07-27,008770,호텔신라,43.5,79,0.0,85,0,1,0,43.6,4,15,1,20.0,20,1,10,10,1,0,15,0,0,10,1,0,10,1,3.0,10,1,0,10,1,-13.34,-6.3
2026-07-27,119850,지엔씨에너지,42.8,80,0.0,75,1,1,1,60.3,8,15,1,8.1,20,1,0,10,0,0,15,0,0,10,1,4,10,1,10.0,10,1,2,10,1,12.3,33.42
2026-07-27,175330,JB금융지주,42.8,81,0.0,85,1,1,1,59.4,4,15,1,4.4,20,1,8,10,1,0,15,0,10,10,1,0,10,1,10.0,10,1,0,10,1,-5.74,0.0
2026-07-27,108490,로보티즈,42.7,82,0.0,75,0,1,1,42.7,4,15,1,20.0,20,1,0,10,0,0,15,0,0,10,1,0,10,1,6.0,10,1,2,10,1,7.21,21.14
2026-07-27,178320,서진시스템,42.7,83,0.0,75,0,1,1,40.7,4,15,1,20.0,20,1,0,10,0,0,15,0,0,10,1,0,10,1,6.0,10,1,2,10,1,-16.71,-3.77
2026-07-27,036540,SFA반도체,42.7,84,0.0,75,0,1,1,41.5,4,15,1,20.0,20,1,0,10,0,0,15,0,0,10,1,0,10,1,6.0,10,1,2,10,1,-8.62,17.05
2026-07-27,010140,삼성중공업,42.4,85,0.0,75,0,1,1,46.1,8,15,1,7.8,20,1,0,10,0,0,15,0,0,10,1,0,10,1,6.0,10,1,10,10,1,-7.73,-3.75
2026-07-27,003160,디아이,42.4,86,0.0,85,0,1,1,43.0,0,15,1,20.0,20,1,10,10,1,0,15,0,0,10,1,0,10,1,6.0,10,1,0,10,1,0.72,19.81
2026-07-27,077360,덕산하이메탈,42.4,87,0.0,85,0,1,1,42.7,0,15,1,20.0,20,1,10,10,1,0,15,0,0,10,1,0,10,1,6.0,10,1,0,10,1,0.11,8.21
2026-07-27,010820,퍼스텍,42.2,88,0.0,85,0,1,1,37.3,4,15,1,11.9,20,1,10,10,1,0,15,0,0,10,1,4,10,1,6.0,10,1,0,10,1,-2.91,15.82
2026-07-27,005490,POSCO홀딩스,42.0,89,0.0,85,0,1,0,45.2,8,15,1,7.7,20,1,10,10,1,0,15,0,0,10,1,0,10,1,3.0,10,1,7,10,1,-3.96,3.32
2026-07-27,047810,한국항공우주,41.8,90,0.0,85,0,1,0,47.5,8,15,1,7.5,20,1,10,10,1,0,15,0,0,10,1,0,10,1,3.0,10,1,7,10,1,-15.39,-7.32
2026-07-27,044340,위닉스,41.3,91,0.0,75,0,1,1,62.4,8,15,1,0.0,20,1,0,10,0,0,15,0,7,10,1,10,10,1,6.0,10,1,0,10,1,8.52,-17.13
2026-07-27,005090,SGC에너지,40.9,92,0.0,85,0,1,1,49.4,4,15,1,7.8,20,1,10,10,1,0,15,0,0,10,1,7,10,1,6.0,10,1,0,10,1,1.49,29.05
2026-07-27,105560,KB금융,40.7,93,0.0,85,1,0,0,52.6,12,15,1,4.6,20,1,10,10,1,0,15,0,4,10,1,0,10,1,4.0,10,1,0,10,1,-1.8,-3.48
2026-07-27,035720,카카오,40.7,94,0.0,75,0,1,1,52.6,8,15,1,6.5,20,1,0,10,0,0,15,0,0,10,1,0,10,1,6.0,10,1,10,10,1,0.4,9.85
2026-07-27,319660,피에스케이,40.6,95,0.0,85,0,0,0,42.8,8,15,1,9.5,20,1,10,10,1,0,15,0,0,10,1,0,10,1,0.0,10,1,7,10,1,-14.04,-11.58
2026-07-27,007660,이수페타시스,40.5,96,0.0,85,0,0,0,38.6,8,15,1,9.4,20,1,10,10,1,0,15,0,0,10,1,0,10,1,0.0,10,1,7,10,1,-13.17,2.33
2026-07-27,079550,LIG디펜스앤에어로스페이스,40.4,97,0.0,85,0,1,0,44.7,8,15,1,6.3,20,1,10,10,1,0,15,0,0,10,1,0,10,1,3.0,10,1,7,10,1,0.43,9.2
2026-07-27,051910,LG화학,40.2,98,0.0,85,0,1,0,41.7,8,15,1,13.2,20,1,8,10,1,0,15,0,0,10,1,0,10,1,3.0,10,1,2,10,1,-5.0,5.38
2026-07-27,333430,일승,40.1,99,0.0,85,0,1,0,55.2,4,15,1,7.1,20,1,10,10,1,0,15,0,0,10,1,10,10,1,3.0,10,1,0,10,1,5.47,8.0
2026-07-27,247540,에코프로비엠,40.0,100,0.0,75,0,1,1,38.9,4,15,1,20.0,20,1,0,10,0,0,15,0,0,10,1,0,10,1,6.0,10,1,0,10,1,-12.4,-0.63
2026-07-27,010170,대한광통신,40.0,101,0.0,75,0,1,1,38.2,4,15,1,16.0,20,1,0,10,0,0,15,0,0,10,1,0,10,1,6.0,10,1,4,10,1,-5.03,38.09
2026-07-27,036570,NC,40.0,102,0.0,85,0,0,0,45.2,4,15,1,20.0,20,1,10,10,1,0,15,0,0,10,1,0,10,1,0.0,10,1,0,10,1,-0.22,9.89
2026-07-27,420770,기가비스,40.0,103,0.0,85,0,0,0,35.8,4,15,1,20.0,20,1,10,10,1,0,15,0,0,10,1,0,10,1,0.0,10,1,0,10,1,0.61,1.56
2026-07-27,290650,엘앤씨바이오,40.0,104,0.0,85,0,0,0,35.4,4,15,1,20.0,20,1,10,10,1,0,15,0,0,10,1,0,10,1,0.0,10,1,0,10,1,-16.44,9.29
2026-07-27,200710,에이디테크놀로지,40.0,105,0.0,75,0,1,1,46.0,4,15,1,20.0,20,1,0,10,0,0,15,0,0,10,1,0,10,1,6.0,10,1,0,10,1,-9.23,2.39
2026-07-27,097230,HJ중공업,40.0,106,0.0,75,0,1,1,40.4,4,15,1,20.0,20,1,0,10,0,0,15,0,0,10,1,0,10,1,6.0,10,1,0,10,1,-3.84,5.63
2026-07-27,033160,엠케이전자,40.0,107,0.0,75,0,1,1,40.5,4,15,1,20.0,20,1,0,10,0,0,15,0,0,10,1,0,10,1,6.0,10,1,0,10,1,-5.74,16.64
2026-07-27,004710,한솔테크닉스,40.0,108,0.0,85,0,0,0,38.4,4,15,1,20.0,20,1,10,10,1,0,15,0,0,10,1,0,10,1,0.0,10,1,0,10,1,-7.24,5.36
2026-07-27,419530,SAMG엔터,40.0,109,0.0,75,0,1,1,50.2,0,15,1,20.0,20,1,0,10,0,0,15,0,0,10,1,4,10,1,6.0,10,1,0,10,1,-4.32,-3.96
2026-07-27,005690,파미셀,40.0,110,0.0,85,0,1,1,39.3,0,15,1,20.0,20,1,8,10,1,0,15,0,0,10,1,0,10,1,6.0,10,1,0,10,1,-3.74,8.32
2026-07-27,035420,NAVER,39.8,111,0.0,85,0,1,1,59.7,15,15,1,4.8,20,1,1,10,1,0,15,0,0,10,1,7,10,1,6.0,10,1,0,10,1,-7.78,-4.89
2026-07-27,086790,하나금융지주,39.6,112,0.0,85,1,1,0,55.2,8,15,1,4.7,20,1,10,10,1,0,15,0,4,10,1,0,10,1,7.0,10,1,0,10,1,-2.83,-2.22
2026-07-27,049720,고려신용정보,39.4,113,0.0,85,0,1,1,47.9,4,15,1,4.5,20,1,5,10,1,0,15,0,4,10,1,10,10,1,6.0,10,1,0,10,1,-5.43,-1.25
2026-07-27,348210,넥스틴,38.8,114,0.0,85,0,1,0,35.3,0,15,1,20.0,20,1,10,10,1,0,15,0,0,10,1,0,10,1,3.0,10,1,0,10,1,-12.65,3.63
2026-07-27,126640,화신정공,38.8,115,0.0,85,0,0,1,54.0,0,15,1,20.0,20,1,10,10,1,0,15,0,0,10,1,0,10,1,3.0,10,1,0,10,1,-4.64,-1.31
2026-07-27,003530,한화투자증권,38.8,116,0.0,85,0,1,0,38.8,0,15,1,20.0,20,1,10,10,1,0,15,0,0,10,1,0,10,1,3.0,10,1,0,10,1,-3.13,6.15
2026-07-27,099320,쎄트렉아이,38.8,117,0.0,85,0,1,0,39.7,0,15,1,20.0,20,1,10,10,1,0,15,0,0,10,1,0,10,1,3.0,10,1,0,10,1,-11.04,4.26
2026-07-27,108860,셀바스AI,38.3,118,0.0,75,0,1,1,53.7,4,15,1,8.7,20,1,0,10,0,0,15,0,0,10,1,10,10,1,6.0,10,1,0,10,1,20.35,35.86
2026-07-27,058610,에스피지,38.1,119,0.0,85,0,1,1,47.0,8,15,1,6.4,20,1,5,10,1,0,15,0,0,10,1,0,10,1,6.0,10,1,7,10,1,44.93,52.0
2026-07-27,032830,삼성생명,37.8,120,0.0,85,0,0,0,40.3,8,15,1,7.1,20,1,10,10,1,0,15,0,0,10,1,0,10,1,0.0,10,1,7,10,1,-7.7,-7.06
2026-07-27,015760,한국전력,37.7,121,0.0,75,0,1,1,49.7,8,15,1,7.3,20,1,0,10,0,0,15,0,0,10,1,0,10,1,6.0,10,1,7,10,1,-4.7,-2.76
2026-07-27,009420,한올바이오파마,37.6,122,0.0,85,0,0,0,41.4,4,15,1,20.0,20,1,8,10,1,0,15,0,0,10,1,0,10,1,0.0,10,1,0,10,1,-3.26,19.79
2026-07-27,356860,티엘비,37.6,123,0.0,85,0,0,0,29.0,4,15,1,20.0,20,1,8,10,1,0,15,0,0,10,1,0,10,1,0.0,10,1,0,10,1,-10.14,-2.75
2026-07-27,000250,삼천당제약,37.5,124,0.0,75,0,0,0,36.2,8,15,1,16.1,20,1,0,10,0,0,15,0,0,10,1,0,10,1,0.0,10,1,4,10,1,5.96,28.31
2026-07-27,090430,아모레퍼시픽,37.4,125,0.0,85,1,1,1,56.2,8,15,1,6.8,20,1,5,10,1,0,15,0,0,10,1,0,10,1,10.0,10,1,2,10,1,5.1,11.17
2026-07-27,460930,현대힘스,37.4,126,0.0,85,0,1,1,54.2,4,15,1,5.8,20,1,8,10,1,0,15,0,0,10,1,4,10,1,6.0,10,1,4,10,1,-4.49,6.98
2026-07-27,018880,한온시스템,37.4,127,0.0,85,0,1,1,44.9,4,15,1,13.8,20,1,8,10,1,0,15,0,0,10,1,0,10,1,6.0,10,1,0,10,1,-9.6,5.29
2026-07-27,089970,브이엠,37.3,128,0.0,75,0,0,0,41.2,4,15,1,20.0,20,1,0,10,0,0,15,0,0,10,1,0,10,1,0.0,10,1,4,10,1,-14.55,-3.34
2026-07-27,058730,다스코,37.2,129,0.0,85,0,0,0,44.9,4,15,1,15.6,20,1,10,10,1,0,15,0,0,10,1,0,10,1,0.0,10,1,2,10,1,-15.92,2.82
2026-07-27,272210,한화시스템,36.9,130,0.0,85,0,1,0,39.4,8,15,1,10.4,20,1,10,10,1,0,15,0,0,10,1,0,10,1,3.0,10,1,0,10,1,0.16,15.71
2026-07-27,486990,노타,36.9,131,0.0,75,0,1,1,54.1,4,15,1,10.7,20,1,0,10,0,0,15,0,0,10,1,7,10,1,6.0,10,1,0,10,1,-16.37,-4.31
2026-07-27,176750,듀켐바이오,36.9,132,0.0,85,0,1,0,66.0,4,15,1,6.4,20,1,8,10,1,0,15,0,0,10,1,10,10,1,3.0,10,1,0,10,1,-10.41,-8.63
2026-07-27,111770,영원무역,36.9,133,0.0,85,1,1,1,57.7,0,15,1,7.4,20,1,10,10,1,0,15,0,4,10,1,0,10,1,10.0,10,1,0,10,1,1.27,4.49
2026-07-27,058470,리노공업,36.8,134,0.0,85,0,1,1,39.6,4,15,1,6.3,20,1,8,10,1,0,15,0,0,10,1,0,10,1,6.0,10,1,7,10,1,-12.03,2.44
2026-07-27,028050,삼성E&A,36.7,135,0.0,85,0,1,1,54.3,8,15,1,5.2,20,1,10,10,1,0,15,0,0,10,1,0,10,1,6.0,10,1,2,10,1,-6.82,2.73
2026-07-27,000720,현대건설,36.6,136,0.0,85,0,1,0,44.8,4,15,1,12.1,20,1,10,10,1,0,15,0,0,10,1,0,10,1,3.0,10,1,2,10,1,-7.72,8.4
2026-07-27,003490,대한항공,36.5,137,0.0,75,0,0,1,49.2,8,15,1,9.4,20,1,0,10,0,0,15,0,0,10,1,0,10,1,3.0,10,1,7,10,1,-0.95,0.76
2026-07-27,071970,HD현대마린엔진,36.4,138,0.0,85,0,1,1,52.3,4,15,1,10.9,20,1,10,10,1,0,15,0,0,10,1,0,10,1,6.0,10,1,0,10,1,-23.78,-13.57
2026-07-27,454910,두산로보틱스,36.1,139,0.0,75,0,1,1,38.2,4,15,1,15.1,20,1,0,10,0,0,15,0,0,10,1,0,10,1,6.0,10,1,2,10,1,-2.72,11.93
2026-07-27,093370,후성,36.0,140,0.0,75,0,0,1,38.9,4,15,1,20.0,20,1,0,10,0,0,15,0,0,10,1,0,10,1,3.0,10,1,0,10,1,-4.51,6.72
2026-07-27,082640,동양생명,36.0,141,0.0,75,0,1,1,66.7,0,15,1,4.0,20,1,0,10,0,0,15,0,7,10,1,10,10,1,6.0,10,1,0,10,1,-0.97,-0.36
2026-07-27,051900,LG생활건강,35.8,142,0.0,85,0,1,0,59.1,4,15,1,9.4,20,1,10,10,1,0,15,0,4,10,1,0,10,1,3.0,10,1,0,10,1,10.74,24.41
2026-07-27,950160,코오롱티슈진,35.7,143,0.0,75,0,0,0,18.1,15,15,1,1.8,20,1,0,10,0,0,15,0,0,10,1,10,10,1,0.0,10,1,0,10,1,-10.18,23.32
2026-07-27,126340,비나텍,35.5,144,0.0,85,0,1,0,38.6,0,15,1,17.2,20,1,10,10,1,0,15,0,0,10,1,0,10,1,3.0,10,1,0,10,1,-0.5,14.85
2026-07-27,008930,한미사이언스,35.4,145,0.0,85,1,1,1,65.9,0,15,1,6.1,20,1,10,10,1,0,15,0,4,10,1,0,10,1,10.0,10,1,0,10,1,1.55,30.14
2026-07-27,003670,포스코퓨처엠,35.3,146,0.0,85,0,1,0,39.5,4,15,1,20.0,20,1,3,10,1,0,15,0,0,10,1,0,10,1,3.0,10,1,0,10,1,-4.74,9.26
2026-07-27,456040,OCI,35.3,147,0.0,85,0,0,0,32.2,0,15,1,20.0,20,1,10,10,1,0,15,0,0,10,1,0,10,1,0.0,10,1,0,10,1,-2.63,8.86
2026-07-27,089890,코세스,35.3,148,0.0,85,0,0,0,40.4,0,15,1,20.0,20,1,10,10,1,0,15,0,0,10,1,0,10,1,0.0,10,1,0,10,1,-13.39,0.86
2026-07-27,002020,코오롱,35.3,149,0.0,85,0,0,0,26.0,0,15,1,20.0,20,1,10,10,1,0,15,0,0,10,1,0,10,1,0.0,10,1,0,10,1,-5.88,5.88
2026-07-27,161390,한국타이어앤테크놀로지,35.2,150,0.0,85,1,0,1,50.5,4,15,1,4.9,20,1,10,10,1,0,15,0,4,10,1,0,10,1,7.0,10,1,0,10,1,-4.3,-6.16
2026-07-27,055550,신한지주,35.1,151,0.0,85,0,0,1,53.0,8,15,1,4.8,20,1,10,10,1,0,15,0,4,10,1,0,10,1,3.0,10,1,0,10,1,-2.19,-0.48
2026-07-27,052690,한전기술,35.1,152,0.0,85,0,1,1,42.6,4,15,1,9.8,20,1,10,10,1,0,15,0,0,10,1,0,10,1,6.0,10,1,0,10,1,-6.59,2.57
2026-07-27,267250,HD현대,34.8,153,0.0,85,0,1,1,47.8,4,15,1,9.6,20,1,10,10,1,0,15,0,0,10,1,0,10,1,6.0,10,1,0,10,1,-5.65,6.65
2026-07-27,034020,두산에너빌리티,34.7,154,0.0,85,0,1,0,38.5,12,15,1,6.5,20,1,1,10,1,0,15,0,0,10,1,0,10,1,3.0,10,1,7,10,1,-4.51,9.87
2026-07-27,139480,이마트,34.7,155,0.0,75,0,1,1,49.0,0,15,1,20.0,20,1,0,10,0,0,15,0,0,10,1,0,10,1,6.0,10,1,0,10,1,-5.44,-2.54
2026-07-27,003690,코리안리,34.7,156,0.0,85,1,1,1,58.0,0,15,1,5.5,20,1,10,10,1,0,15,0,4,10,1,0,10,1,10.0,10,1,0,10,1,-2.8,5.45
2026-07-27,389260,대명에너지,34.6,157,0.0,85,0,1,1,45.8,4,15,1,9.4,20,1,10,10,1,0,15,0,0,10,1,0,10,1,6.0,10,1,0,10,1,-9.43,9.79
2026-07-27,403870,HPSP,34.5,158,0.0,85,0,0,0,40.6,8,15,1,6.3,20,1,8,10,1,0,15,0,0,10,1,0,10,1,0.0,10,1,7,10,1,-9.47,2.4
2026-07-27,237690,에스티팜,34.4,159,0.0,85,0,0,0,31.9,8,15,1,9.2,20,1,5,10,1,0,15,0,0,10,1,7,10,1,0.0,10,1,0,10,1,-5.51,8.11
2026-07-27,252990,샘씨엔에스,34.3,160,0.0,75,0,1,1,47.1,4,15,1,13.7,20,1,0,10,0,0,15,0,0,10,1,0,10,1,6.0,10,1,2,10,1,-7.92,15.6
2026-07-27,000500,가온전선,34.2,161,0.0,85,0,0,1,40.0,4,15,1,8.1,20,1,10,10,1,0,15,0,0,10,1,0,10,1,3.0,10,1,4,10,1,-25.74,-13.91
2026-07-27,010130,고려아연,34.1,162,0.0,85,0,1,1,43.3,4,15,1,9.0,20,1,10,10,1,0,15,0,0,10,1,0,10,1,6.0,10,1,0,10,1,-0.87,19.44
2026-07-27,377300,카카오페이,34.1,163,0.0,85,0,1,1,57.9,4,15,1,14.0,20,1,1,10,1,0,15,0,0,10,1,4,10,1,6.0,10,1,0,10,1,-4.02,0.34
2026-07-27,241710,코스메카코리아,34.1,164,0.0,85,1,0,1,57.2,4,15,1,6.0,20,1,8,10,1,0,15,0,4,10,1,0,10,1,7.0,10,1,0,10,1,-8.21,26.47
2026-07-27,298020,효성티앤씨,34.1,165,0.0,85,0,1,1,56.4,4,15,1,9.0,20,1,10,10,1,0,15,0,0,10,1,0,10,1,6.0,10,1,0,10,1,-3.24,2.0
2026-07-27,103590,일진전기,33.9,166,0.0,85,0,1,1,41.6,4,15,1,8.8,20,1,10,10,1,0,15,0,0,10,1,0,10,1,6.0,10,1,0,10,1,-15.04,-1.12
2026-07-27,232140,와이씨,33.8,167,0.0,85,0,1,0,35.9,0,15,1,15.7,20,1,10,10,1,0,15,0,0,10,1,0,10,1,3.0,10,1,0,10,1,-8.1,10.73
2026-07-27,000150,두산,33.6,168,0.0,75,0,1,0,41.6,8,15,1,7.2,20,1,0,10,0,0,15,0,0,10,1,0,10,1,3.0,10,1,7,10,1,3.43,-1.67
2026-07-27,039030,이오테크닉스,33.5,169,0.0,85,0,0,0,37.7,4,15,1,12.5,20,1,10,10,1,0,15,0,0,10,1,0,10,1,0.0,10,1,2,10,1,-5.5,19.26
2026-07-27,004020,현대제철,33.5,170,0.0,85,0,1,1,45.1,4,15,1,8.5,20,1,10,10,1,0,15,0,0,10,1,0,10,1,6.0,10,1,0,10,1,-10.63,3.42
2026-07-27,006260,LS,33.3,171,0.0,85,0,1,0,43.7,8,15,1,7.3,20,1,10,10,1,0,15,0,0,10,1,0,10,1,3.0,10,1,0,10,1,-10.49,5.74
2026-07-27,030200,KT,33.2,172,0.0,75,0,1,1,52.3,4,15,1,14.9,20,1,0,10,0,0,15,0,0,10,1,0,10,1,6.0,10,1,0,10,1,-4.04,-2.94
2026-07-27,006360,GS건설,33.1,173,0.0,75,0,1,1,49.9,8,15,1,6.8,20,1,0,10,0,0,15,0,0,10,1,0,10,1,6.0,10,1,4,10,1,-16.67,19.42
2026-07-27,066970,엘앤에프,33.1,174,0.0,75,0,1,0,32.9,4,15,1,17.8,20,1,0,10,0,0,15,0,0,10,1,0,10,1,3.0,10,1,0,10,1,-10.8,20.86
2026-07-27,107640,한중엔시에스,32.9,175,0.0,75,0,1,0,39.6,0,15,1,17.7,20,1,0,10,0,0,15,0,0,10,1,4,10,1,3.0,10,1,0,10,1,-1.66,20.2
2026-07-27,006110,삼아알미늄,32.9,176,0.0,85,0,1,0,37.7,0,15,1,20.0,20,1,5,10,1,0,15,0,0,10,1,0,10,1,3.0,10,1,0,10,1,7.41,58.33
2026-07-27,012330,현대모비스,32.7,177,0.0,85,0,1,0,41.1,12,15,1,4.8,20,1,8,10,1,0,15,0,0,10,1,0,10,1,3.0,10,1,0,10,1,6.47,6.9
2026-07-27,000880,한화,32.7,178,0.0,85,0,1,1,43.4,4,15,1,7.8,20,1,10,10,1,0,15,0,0,10,1,0,10,1,6.0,10,1,0,10,1,-10.66,-10.66
2026-07-27,051360,토비스,32.7,179,0.0,55,0,0,0,,4,15,1,4.0,20,1,0,10,0,0,15,0,10,10,1,0,10,0,0.0,10,0,0,10,1,25.19,37.29
2026-07-27,033780,KT&G,32.6,180,0.0,85,0,1,0,56.5,8,15,1,4.7,20,1,8,10,1,0,15,0,4,10,1,0,10,1,3.0,10,1,0,10,1,-3.83,-1.48
2026-07-27,031330,에스에이엠티,32.6,181,0.0,85,0,1,1,40.7,4,15,1,7.7,20,1,10,10,1,0,15,0,0,10,1,0,10,1,6.0,10,1,0,10,1,-13.03,8.19
2026-07-27,007280,한국특강,32.5,182,0.0,85,0,1,0,38.4,0,15,1,4.6,20,1,10,10,1,0,15,0,0,10,1,10,10,1,3.0,10,1,0,10,1,-6.65,12.3
2026-07-27,139130,iM금융지주,32.4,183,0.0,85,0,1,0,53.0,0,15,1,10.5,20,1,10,10,1,0,15,0,4,10,1,0,10,1,3.0,10,1,0,10,1,-6.25,-5.69
2026-07-27,017960,한국카본,32.1,184,0.0,75,0,1,1,34.8,4,15,1,14.1,20,1,0,10,0,0,15,0,0,10,1,0,10,1,6.0,10,1,0,10,1,-6.17,7.27
2026-07-27,120110,코오롱인더,32.1,185,0.0,85,0,1,0,42.4,4,15,1,10.3,20,1,10,10,1,0,15,0,0,10,1,0,10,1,3.0,10,1,0,10,1,-10.41,4.24
2026-07-27,004170,신세계,32.0,186,0.0,85,0,0,0,37.9,8,15,1,7.2,20,1,10,10,1,0,15,0,0,10,1,0,10,1,0.0,10,1,2,10,1,-21.57,-17.12
2026-07-27,264850,이랜시스,32.0,187,0.0,75,0,1,1,58.9,4,15,1,4.0,20,1,0,10,0,0,15,0,0,10,1,10,10,1,6.0,10,1,0,10,1,-5.66,30.19
2026-07-27,459550,알트,32.0,188,0.0,75,0,1,1,56.2,4,15,1,4.0,20,1,0,10,0,0,15,0,0,10,1,10,10,1,6.0,10,1,0,10,1,4.56,29.78
2026-07-27,122640,예스티,32.0,189,0.0,75,0,0,0,37.9,4,15,1,20.0,20,1,0,10,0,0,15,0,0,10,1,0,10,1,0.0,10,1,0,10,1,-1.59,14.09
2026-07-27,008700,아남전자,32.0,190,0.0,75,0,1,1,52.5,4,15,1,4.0,20,1,0,10,0,0,15,0,0,10,1,10,10,1,6.0,10,1,0,10,1,4.47,5.4
2026-07-27,138930,BNK금융지주,32.0,191,0.0,85,1,0,0,53.5,4,15,1,5.2,20,1,10,10,1,0,15,0,4,10,1,0,10,1,4.0,10,1,0,10,1,-16.72,-17.77
2026-07-27,078590,휴림에이텍,32.0,192,0.0,75,0,1,1,68.7,4,15,1,4.0,20,1,0,10,0,0,15,0,0,10,1,10,10,1,6.0,10,1,0,10,1,-12.06,3.34
2026-07-27,005950,이수화학,32.0,193,0.0,75,1,1,1,52.0,4,15,1,10.0,20,1,0,10,0,0,15,0,0,10,1,0,10,1,10.0,10,1,0,10,1,-10.79,6.9
2026-07-27,298050,HS효성첨단소재,31.9,194,0.0,85,0,1,1,48.4,0,15,1,6.1,20,1,8,10,1,0,15,0,0,10,1,7,10,1,6.0,10,1,0,10,1,-0.62,13.71
2026-07-27,004370,농심,31.6,195,0.0,85,0,1,1,61.8,4,15,1,4.9,20,1,8,10,1,0,15,0,4,10,1,0,10,1,6.0,10,1,0,10,1,-0.4,5.05
2026-07-27,007690,국도화학,31.6,196,0.0,85,1,1,0,58.1,0,15,1,9.9,20,1,3,10,1,0,15,0,0,10,1,7,10,1,7.0,10,1,0,10,1,-0.52,2.58
2026-07-27,000270,기아,31.4,197,0.0,85,0,0,0,39.2,12,15,1,4.7,20,1,10,10,1,0,15,0,0,10,1,0,10,1,0.0,10,1,0,10,1,-0.61,2.99
2026-07-27,034220,LG디스플레이,31.1,198,0.0,75,0,1,0,35.5,4,15,1,14.3,20,1,0,10,0,0,15,0,0,10,1,0,10,1,3.0,10,1,2,10,1,-5.18,2.9
2026-07-27,195870,해성디에스,31.1,199,0.0,85,0,1,0,41.0,4,15,1,9.4,20,1,10,10,1,0,15,0,0,10,1,0,10,1,3.0,10,1,0,10,1,-7.37,6.62
2026-07-27,375500,DL이앤씨,30.9,200,0.0,85,0,1,1,47.8,4,15,1,6.3,20,1,10,10,1,0,15,0,0,10,1,0,10,1,6.0,10,1,0,10,1,-4.23,14.24
2026-07-28,413630,씨피시스템,75.7,1,0.0,75,0,1,1,67.2,15,15,1,8.8,20,1,0,10,0,0,15,0,10,10,1,10,10,1,6.0,10,1,7,10,1,1.55,-4.76
2026-07-28,214450,파마리서치,74.9,2,0.0,85,1,1,1,62.0,12,15,1,7.7,20,1,10,10,1,0,15,0,10,10,1,4,10,1,10.0,10,1,10,10,1,2.4,8.66
2026-07-28,207940,삼성바이오로직스,70.6,3,0.0,85,1,1,1,64.8,15,15,1,7.0,20,1,1,10,1,0,15,0,10,10,1,7,10,1,10.0,10,1,10,10,1,-4.71,0.0
2026-07-28,006400,삼성SDI,68.2,4,0.0,85,0,1,1,37.2,12,15,1,20.0,20,1,10,10,1,0,15,0,0,10,1,0,10,1,6.0,10,1,10,10,1,9.82,27.09
2026-07-28,396300,세아메카닉스,65.9,5,0.0,85,0,1,1,55.4,8,15,1,20.0,20,1,10,10,1,0,15,0,0,10,1,10,10,1,6.0,10,1,2,10,1,7.99,11.4
2026-07-28,005930,삼성전자,64.7,6,0.0,85,0,0,0,36.0,15,15,1,20.0,20,1,10,10,1,0,15,0,0,10,1,0,10,1,0.0,10,1,10,10,1,9.09,16.14
2026-07-28,005935,삼성전자우,64.7,7,0.0,85,0,0,0,38.4,15,15,1,20.0,20,1,10,10,1,0,15,0,0,10,1,0,10,1,0.0,10,1,10,10,1,11.5,17.64
2026-07-28,332570,PS일렉트로닉스,64.7,8,0.0,85,0,1,1,59.3,8,15,1,20.0,20,1,10,10,1,0,15,0,0,10,1,7,10,1,6.0,10,1,4,10,1,9.28,13.93
2026-07-28,010950,S-Oil,64.7,9,0.0,85,1,0,1,49.7,8,15,1,20.0,20,1,10,10,1,0,15,0,0,10,1,0,10,1,7.0,10,1,10,10,1,-2.86,9.27
2026-07-28,068270,셀트리온,63.9,10,0.0,85,0,1,1,51.9,12,15,1,11.3,20,1,8,10,1,0,15,0,0,10,1,7,10,1,6.0,10,1,10,10,1,4.74,13.87
2026-07-28,042660,한화오션,63.5,11,0.0,85,0,1,1,39.7,8,15,1,20.0,20,1,10,10,1,0,15,0,0,10,1,0,10,1,6.0,10,1,10,10,1,8.02,11.23
2026-07-28,052460,아이크래프트,63.5,12,0.0,85,1,1,1,56.9,4,15,1,20.0,20,1,10,10,1,0,15,0,0,10,1,10,10,1,10.0,10,1,0,10,1,69.34,75.14
2026-07-28,000660,SK하이닉스,60.0,13,0.0,75,0,0,0,36.4,15,15,1,20.0,20,1,0,10,0,0,15,0,0,10,1,0,10,1,0.0,10,1,10,10,1,1.74,-2.97
2026-07-28,096770,SK이노베이션,60.0,14,0.0,85,0,1,1,50.1,8,15,1,20.0,20,1,10,10,1,0,15,0,0,10,1,0,10,1,6.0,10,1,7,10,1,-1.24,8.61
2026-07-28,010060,OCI홀딩스,60.0,15,0.0,85,0,1,1,41.6,8,15,1,20.0,20,1,10,10,1,0,15,0,0,10,1,0,10,1,6.0,10,1,7,10,1,21.95,38.75
2026-07-28,475150,SK이터닉스,59.2,16,0.0,85,1,1,1,46.7,15,15,1,5.3,20,1,10,10,1,0,15,0,0,10,1,0,10,1,10.0,10,1,10,10,1,14.58,8.21
2026-07-28,017670,SK텔레콤,59.2,17,0.0,85,0,1,1,40.3,12,15,1,8.3,20,1,10,10,1,0,15,0,0,10,1,4,10,1,6.0,10,1,10,10,1,11.19,6.81
2026-07-28,317400,자이에스앤디,56.5,18,0.0,85,1,1,1,55.2,4,15,1,20.0,20,1,10,10,1,0,15,0,0,10,1,4,10,1,10.0,10,1,0,10,1,29.12,47.64
2026-07-28,402340,SK스퀘어,56.0,19,0.0,75,0,0,0,34.6,15,15,1,20.0,20,1,0,10,0,0,15,0,0,10,1,0,10,1,0.0,10,1,7,10,1,14.59,10.7
2026-07-28,036930,주성엔지니어링,55.6,20,0.0,85,0,0,1,37.4,12,15,1,12.3,20,1,10,10,1,0,15,0,0,10,1,0,10,1,3.0,10,1,10,10,1,5.59,35.09
2026-07-28,352820,하이브,55.3,21,0.0,85,0,0,1,40.8,8,15,1,20.0,20,1,10,10,1,0,15,0,0,10,1,4,10,1,3.0,10,1,2,10,1,-4.13,-4.93
2026-07-28,004310,현대약품,55.3,22,0.0,85,0,1,1,42.7,4,15,1,20.0,20,1,10,10,1,0,15,0,0,10,1,0,10,1,6.0,10,1,7,10,1,5.86,20.98
2026-07-28,483650,달바글로벌,54.9,23,0.0,85,1,1,1,63.4,8,15,1,7.7,20,1,10,10,1,0,15,0,7,10,1,0,10,1,10.0,10,1,4,10,1,-6.45,2.34
2026-07-28,080220,제주반도체,54.8,24,0.0,85,0,0,1,38.0,8,15,1,18.6,20,1,10,10,1,0,15,0,0,10,1,0,10,1,3.0,10,1,7,10,1,12.18,39.42
2026-07-28,196170,알테오젠,54.7,25,0.0,75,0,1,1,45.1,8,15,1,20.0,20,1,0,10,0,0,15,0,0,10,1,0,10,1,6.0,10,1,7,10,1,17.03,7.08
2026-07-28,009540,HD한국조선해양,53.2,26,0.0,85,0,1,1,46.8,8,15,1,13.2,20,1,8,10,1,0,15,0,0,10,1,0,10,1,6.0,10,1,10,10,1,5.65,7.49
2026-07-28,086520,에코프로,53.2,27,0.0,85,0,1,1,37.5,8,15,1,13.2,20,1,8,10,1,0,15,0,0,10,1,0,10,1,6.0,10,1,10,10,1,12.79,25.58
2026-07-28,353200,대덕전자,52.9,28,0.0,85,0,0,0,34.2,8,15,1,20.0,20,1,10,10,1,0,15,0,0,10,1,0,10,1,0.0,10,1,7,10,1,7.12,17.42
2026-07-28,131970,두산테스나,52.9,29,0.0,85,0,0,0,31.3,8,15,1,20.0,20,1,10,10,1,0,15,0,0,10,1,7,10,1,0.0,10,1,0,10,1,1.81,27.11
2026-07-28,460930,현대힘스,52.7,30,0.0,85,0,1,1,54.3,8,15,1,5.8,20,1,8,10,1,0,15,0,0,10,1,10,10,1,6.0,10,1,7,10,1,-2.41,5.4
2026-07-28,006800,미래에셋증권,52.4,31,0.0,85,0,1,1,31.9,8,15,1,10.5,20,1,10,10,1,0,15,0,0,10,1,0,10,1,6.0,10,1,10,10,1,3.03,10.44
2026-07-28,034730,SK,52.0,32,0.0,75,0,0,0,40.1,12,15,1,20.0,20,1,0,10,0,0,15,0,0,10,1,0,10,1,0.0,10,1,7,10,1,-4.25,0.74
2026-07-28,277810,레인보우로보틱스,51.9,33,0.0,75,0,1,1,41.2,8,15,1,17.9,20,1,0,10,0,0,15,0,0,10,1,0,10,1,6.0,10,1,7,10,1,16.6,22.35
2026-07-28,440110,파두,51.1,34,0.0,75,0,0,1,35.5,8,15,1,16.3,20,1,0,10,0,0,15,0,0,10,1,4,10,1,3.0,10,1,7,10,1,9.95,15.45
2026-07-28,012450,한화에어로스페이스,50.8,35,0.0,85,0,0,1,38.5,12,15,1,8.2,20,1,10,10,1,0,15,0,0,10,1,0,10,1,3.0,10,1,10,10,1,14.74,32.11
2026-07-28,329180,HD현대중공업,50.7,36,0.0,85,0,1,1,33.7,12,15,1,14.1,20,1,1,10,1,0,15,0,0,10,1,0,10,1,6.0,10,1,10,10,1,7.1,9.98
2026-07-28,240810,원익IPS,50.7,37,0.0,75,0,0,0,36.1,8,15,1,20.0,20,1,0,10,0,0,15,0,0,10,1,0,10,1,0.0,10,1,10,10,1,7.82,24.58
2026-07-28,322000,HD현대에너지솔루션,50.7,38,0.0,75,0,1,0,43.0,8,15,1,20.0,20,1,0,10,0,0,15,0,0,10,1,0,10,1,3.0,10,1,7,10,1,15.49,8.77
2026-07-28,066570,LG전자,50.4,39,0.0,85,0,0,1,37.9,12,15,1,7.8,20,1,10,10,1,0,15,0,0,10,1,0,10,1,3.0,10,1,10,10,1,5.08,30.16
2026-07-28,010120,LS ELECTRIC,50.1,40,0.0,85,0,1,0,40.8,12,15,1,7.6,20,1,10,10,1,0,15,0,0,10,1,0,10,1,3.0,10,1,10,10,1,12.25,18.8
2026-07-28,267260,HD현대일렉트릭,48.9,41,0.0,85,0,1,0,34.5,12,15,1,6.6,20,1,10,10,1,0,15,0,0,10,1,0,10,1,3.0,10,1,10,10,1,1.56,10.92
2026-07-28,047040,대우건설,48.5,42,0.0,85,0,1,1,32.4,4,15,1,14.2,20,1,10,10,1,0,15,0,0,10,1,0,10,1,6.0,10,1,7,10,1,13.18,32.76
2026-07-28,078930,GS,48.5,43,0.0,85,1,1,1,58.9,4,15,1,6.2,20,1,10,10,1,0,15,0,4,10,1,0,10,1,10.0,10,1,7,10,1,10.74,15.43
2026-07-28,009150,삼성전기,48.1,44,0.0,85,0,0,0,34.8,15,15,1,8.9,20,1,10,10,1,0,15,0,0,10,1,0,10,1,0.0,10,1,7,10,1,6.37,19.84
2026-07-28,001440,대한전선,48.1,45,0.0,85,0,1,1,37.5,8,15,1,6.9,20,1,10,10,1,0,15,0,0,10,1,0,10,1,6.0,10,1,10,10,1,1.39,17.1
2026-07-28,373220,LG에너지솔루션,47.2,46,0.0,75,0,1,0,40.4,8,15,1,17.4,20,1,0,10,0,0,15,0,0,10,1,0,10,1,3.0,10,1,7,10,1,4.62,14.17
2026-07-28,267270,HD건설기계,47.1,47,0.0,85,0,1,1,44.1,4,15,1,20.0,20,1,10,10,1,0,15,0,0,10,1,0,10,1,6.0,10,1,0,10,1,3.5,12.79
2026-07-28,098460,고영,47.1,48,0.0,85,0,1,1,40.8,4,15,1,20.0,20,1,10,10,1,0,15,0,0,10,1,0,10,1,6.0,10,1,0,10,1,23.3,31.13
2026-07-28,043260,성호전자,47.1,49,0.0,85,0,1,1,32.3,4,15,1,20.0,20,1,10,10,1,0,15,0,0,10,1,0,10,1,6.0,10,1,0,10,1,11.92,32.69
2026-07-28,218410,RFHIC,47.1,50,0.0,85,0,1,1,33.0,4,15,1,20.0,20,1,10,10,1,0,15,0,0,10,1,0,10,1,6.0,10,1,0,10,1,21.88,35.0
2026-07-28,008770,호텔신라,47.1,51,0.0,85,0,1,1,40.8,4,15,1,20.0,20,1,10,10,1,0,15,0,0,10,1,0,10,1,6.0,10,1,0,10,1,-10.56,-5.06
2026-07-28,009830,한화솔루션,46.7,52,0.0,75,0,0,0,32.2,8,15,1,20.0,20,1,0,10,0,0,15,0,0,10,1,0,10,1,0.0,10,1,7,10,1,11.9,49.06
2026-07-28,222800,심텍,46.7,53,0.0,75,0,0,0,35.0,8,15,1,20.0,20,1,0,10,0,0,15,0,0,10,1,0,10,1,0.0,10,1,7,10,1,28.61,38.54
2026-07-28,278470,에이피알,46.6,54,0.0,85,0,0,0,37.4,8,15,1,14.6,20,1,10,10,1,0,15,0,0,10,1,0,10,1,0.0,10,1,7,10,1,7.8,19.04
2026-07-28,108860,셀바스AI,46.3,55,0.0,75,0,1,1,60.1,8,15,1,8.7,20,1,0,10,0,0,15,0,0,10,1,10,10,1,6.0,10,1,2,10,1,20.84,17.52
2026-07-28,059120,아진엑스텍,45.4,56,0.0,85,0,1,1,55.7,4,15,1,10.6,20,1,8,10,1,0,15,0,0,10,1,10,10,1,6.0,10,1,0,10,1,-0.64,19.71
2026-07-28,333430,일승,44.8,57,0.0,85,0,1,0,50.7,8,15,1,7.1,20,1,10,10,1,0,15,0,0,10,1,10,10,1,3.0,10,1,0,10,1,16.31,15.46
2026-07-28,005690,파미셀,44.7,58,0.0,85,0,1,1,34.2,4,15,1,20.0,20,1,8,10,1,0,15,0,0,10,1,0,10,1,6.0,10,1,0,10,1,13.41,20.57
2026-07-28,042700,한미반도체,44.5,59,0.0,85,0,0,1,36.0,8,15,1,6.8,20,1,10,10,1,0,15,0,0,10,1,0,10,1,3.0,10,1,10,10,1,13.09,21.17
2026-07-28,003230,삼양식품,44.5,60,0.0,85,0,1,1,55.2,8,15,1,6.8,20,1,10,10,1,0,15,0,0,10,1,0,10,1,6.0,10,1,7,10,1,3.04,1.78
2026-07-28,298040,효성중공업,44.4,61,0.0,85,0,0,0,34.8,8,15,1,9.7,20,1,10,10,1,0,15,0,0,10,1,0,10,1,0.0,10,1,10,10,1,14.24,24.44
2026-07-28,067310,하나마이크론,44.1,62,0.0,75,0,0,1,34.4,8,15,1,12.1,20,1,0,10,0,0,15,0,0,10,1,0,10,1,3.0,10,1,10,10,1,3.16,17.97
2026-07-28,011070,LG이노텍,43.8,63,0.0,85,0,0,0,28.8,12,15,1,8.2,20,1,10,10,1,0,15,0,0,10,1,0,10,1,0.0,10,1,7,10,1,2.14,17.51
2026-07-28,083650,비에이치아이,43.6,64,0.0,85,0,1,1,34.8,4,15,1,17.1,20,1,10,10,1,0,15,0,0,10,1,0,10,1,6.0,10,1,0,10,1,25.09,41.78
2026-07-28,053610,프로텍,43.6,65,0.0,85,0,1,0,36.7,0,15,1,17.1,20,1,10,10,1,0,15,0,0,10,1,7,10,1,3.0,10,1,0,10,1,3.32,11.54
2026-07-28,036570,NC,43.5,66,0.0,85,0,1,0,41.3,4,15,1,20.0,20,1,10,10,1,0,15,0,0,10,1,0,10,1,3.0,10,1,0,10,1,6.89,9.56
2026-07-28,263750,펄어비스,43.5,67,0.0,85,0,1,0,39.5,4,15,1,20.0,20,1,10,10,1,0,15,0,0,10,1,0,10,1,3.0,10,1,0,10,1,6.43,-5.68
2026-07-28,263800,데이타솔루션,43.5,68,0.0,85,1,0,1,46.6,0,15,1,20.0,20,1,10,10,1,0,15,0,0,10,1,0,10,1,7.0,10,1,0,10,1,-0.2,14.71
2026-07-28,126640,화신정공,43.5,69,0.0,85,1,0,1,48.2,0,15,1,20.0,20,1,10,10,1,0,15,0,0,10,1,0,10,1,7.0,10,1,0,10,1,10.32,7.67
2026-07-28,089970,브이엠,42.7,70,0.0,75,0,0,0,36.2,8,15,1,20.0,20,1,0,10,0,0,15,0,0,10,1,0,10,1,0.0,10,1,4,10,1,6.36,8.59
2026-07-28,178320,서진시스템,42.7,71,0.0,75,0,1,1,34.5,4,15,1,20.0,20,1,0,10,0,0,15,0,0,10,1,0,10,1,6.0,10,1,2,10,1,11.35,12.71
2026-07-28,108490,로보티즈,42.7,72,0.0,75,0,1,1,38.7,4,15,1,20.0,20,1,0,10,0,0,15,0,0,10,1,0,10,1,6.0,10,1,2,10,1,28.74,37.04
2026-07-28,010140,삼성중공업,42.4,73,0.0,75,0,1,1,38.8,8,15,1,7.8,20,1,0,10,0,0,15,0,0,10,1,0,10,1,6.0,10,1,10,10,1,4.59,5.07
2026-07-28,006910,보성파워텍,42.4,74,0.0,85,0,1,1,37.2,0,15,1,20.0,20,1,10,10,1,0,15,0,0,10,1,0,10,1,6.0,10,1,0,10,1,10.54,25.22
2026-07-28,124500,아이티센글로벌,42.4,75,0.0,85,0,1,1,38.2,0,15,1,20.0,20,1,10,10,1,0,15,0,0,10,1,0,10,1,6.0,10,1,0,10,1,16.97,37.05
2026-07-28,005490,POSCO홀딩스,42.0,76,0.0,85,0,1,0,39.3,8,15,1,7.7,20,1,10,10,1,0,15,0,0,10,1,0,10,1,3.0,10,1,7,10,1,4.68,8.7
2026-07-28,047810,한국항공우주,41.8,77,0.0,85,0,1,0,45.6,8,15,1,7.5,20,1,10,10,1,0,15,0,0,10,1,0,10,1,3.0,10,1,7,10,1,-3.85,0.77
2026-07-28,208640,썸에이지,41.6,78,0.0,75,0,1,1,68.1,4,15,1,1.2,20,1,0,10,0,0,15,0,10,10,1,10,10,1,6.0,10,1,0,10,1,-1.2,-33.17
2026-07-28,032830,삼성생명,41.3,79,0.0,85,0,0,1,35.6,8,15,1,7.1,20,1,10,10,1,0,15,0,0,10,1,0,10,1,3.0,10,1,7,10,1,-2.46,6.14
2026-07-28,089030,테크윙,41.3,80,0.0,75,0,0,0,38.0,4,15,1,20.0,20,1,0,10,0,0,15,0,0,10,1,0,10,1,0.0,10,1,7,10,1,23.49,24.13
2026-07-28,003545,대신증권우,41.1,81,0.0,85,0,0,0,36.7,0,15,1,17.9,20,1,10,10,1,0,15,0,0,10,1,7,10,1,0.0,10,1,0,10,1,4.64,8.01
2026-07-28,003540,대신증권,41.1,82,0.0,85,0,1,0,36.2,0,15,1,17.9,20,1,10,10,1,0,15,0,0,10,1,4,10,1,3.0,10,1,0,10,1,7.38,13.73
2026-07-28,035720,카카오,40.7,83,0.0,75,0,1,1,46.9,8,15,1,6.5,20,1,0,10,0,0,15,0,0,10,1,0,10,1,6.0,10,1,10,10,1,6.31,10.94
2026-07-28,319660,피에스케이,40.6,84,0.0,85,0,0,0,37.1,8,15,1,9.5,20,1,10,10,1,0,15,0,0,10,1,0,10,1,0.0,10,1,7,10,1,0.4,5.82
2026-07-28,003690,코리안리,40.6,85,0.0,85,1,1,0,51.6,4,15,1,5.5,20,1,10,10,1,0,15,0,4,10,1,4,10,1,7.0,10,1,0,10,1,1.03,5.81
2026-07-28,007660,이수페타시스,40.5,86,0.0,85,0,0,0,32.2,8,15,1,9.4,20,1,10,10,1,0,15,0,0,10,1,0,10,1,0.0,10,1,7,10,1,11.48,26.19
2026-07-28,079550,LIG디펜스앤에어로스페이스,40.4,87,0.0,85,0,1,0,44.7,8,15,1,6.3,20,1,10,10,1,0,15,0,0,10,1,0,10,1,3.0,10,1,7,10,1,14.92,13.06
2026-07-28,051910,LG화학,40.2,88,0.0,85,0,1,0,35.5,8,15,1,13.2,20,1,8,10,1,0,15,0,0,10,1,0,10,1,3.0,10,1,2,10,1,6.65,14.55
2026-07-28,010170,대한광통신,40.0,89,0.0,75,0,1,1,34.2,4,15,1,16.0,20,1,0,10,0,0,15,0,0,10,1,0,10,1,6.0,10,1,4,10,1,20.47,59.88
2026-07-28,247540,에코프로비엠,40.0,90,0.0,75,0,1,1,35.4,4,15,1,20.0,20,1,0,10,0,0,15,0,0,10,1,0,10,1,6.0,10,1,0,10,1,0.69,12.38
2026-07-28,420770,기가비스,40.0,91,0.0,85,0,0,0,31.1,4,15,1,20.0,20,1,10,10,1,0,15,0,0,10,1,0,10,1,0.0,10,1,0,10,1,14.8,17.7
2026-07-28,290650,엘앤씨바이오,40.0,92,0.0,85,0,0,0,31.8,4,15,1,20.0,20,1,10,10,1,0,15,0,0,10,1,0,10,1,0.0,10,1,0,10,1,11.6,7.98
2026-07-28,456010,아이씨티케이,40.0,93,0.0,75,0,1,0,35.3,4,15,1,16.0,20,1,0,10,0,0,15,0,0,10,1,7,10,1,3.0,10,1,0,10,1,7.67,35.92
2026-07-28,004710,한솔테크닉스,40.0,94,0.0,85,0,0,0,34.3,4,15,1,20.0,20,1,10,10,1,0,15,0,0,10,1,0,10,1,0.0,10,1,0,10,1,20.63,26.3
2026-07-28,033160,엠케이전자,40.0,95,0.0,75,0,1,1,37.1,4,15,1,20.0,20,1,0,10,0,0,15,0,0,10,1,0,10,1,6.0,10,1,0,10,1,12.04,32.48
2026-07-28,181710,NHN,40.0,96,0.0,75,0,1,1,46.4,4,15,1,20.0,20,1,0,10,0,0,15,0,0,10,1,0,10,1,6.0,10,1,0,10,1,20.89,69.57
2026-07-28,139480,이마트,40.0,97,0.0,75,0,1,1,42.8,4,15,1,20.0,20,1,0,10,0,0,15,0,0,10,1,0,10,1,6.0,10,1,0,10,1,1.01,0.76
2026-07-28,097230,HJ중공업,40.0,98,0.0,75,0,1,1,34.3,4,15,1,20.0,20,1,0,10,0,0,15,0,0,10,1,0,10,1,6.0,10,1,0,10,1,13.88,22.54
2026-07-28,171090,선익시스템,40.0,99,0.0,75,0,1,1,43.9,0,15,1,20.0,20,1,0,10,0,0,15,0,0,10,1,4,10,1,6.0,10,1,0,10,1,17.52,27.74
2026-07-28,035420,NAVER,39.9,100,0.0,85,0,1,1,52.2,15,15,1,4.9,20,1,1,10,1,0,15,0,0,10,1,7,10,1,6.0,10,1,0,10,1,7.86,2.62
2026-07-28,417860,오브젠,39.6,101,0.0,75,0,1,1,59.2,4,15,1,9.7,20,1,0,10,0,0,15,0,0,10,1,10,10,1,6.0,10,1,0,10,1,-4.41,-13.7
2026-07-28,018260,삼성에스디에스,39.3,102,0.0,75,0,1,1,48.9,8,15,1,5.5,20,1,0,10,0,0,15,0,0,10,1,0,10,1,6.0,10,1,10,10,1,9.48,17.46
2026-07-28,000500,가온전선,38.9,103,0.0,85,0,0,1,36.4,8,15,1,8.1,20,1,10,10,1,0,15,0,0,10,1,0,10,1,3.0,10,1,4,10,1,-3.49,6.72
2026-07-28,026960,동서,38.9,104,0.0,85,1,1,1,55.4,4,15,1,4.1,20,1,1,10,1,0,15,0,7,10,1,7,10,1,10.0,10,1,0,10,1,-2.5,-0.19
2026-07-28,316140,우리금융지주,38.8,105,0.0,85,0,1,1,54.5,8,15,1,5.0,20,1,10,10,1,0,15,0,4,10,1,0,10,1,6.0,10,1,0,10,1,4.57,3.94
2026-07-28,003530,한화투자증권,38.8,106,0.0,85,0,1,0,33.3,0,15,1,20.0,20,1,10,10,1,0,15,0,0,10,1,0,10,1,3.0,10,1,0,10,1,10.18,18.58
2026-07-28,077360,덕산하이메탈,38.8,107,0.0,85,0,1,0,38.0,0,15,1,20.0,20,1,10,10,1,0,15,0,0,10,1,0,10,1,3.0,10,1,0,10,1,20.95,28.41
2026-07-28,099320,쎄트렉아이,38.8,108,0.0,85,0,1,0,36.4,0,15,1,20.0,20,1,10,10,1,0,15,0,0,10,1,0,10,1,3.0,10,1,0,10,1,6.85,19.83
2026-07-28,011930,신성이엔지,38.8,109,0.0,85,0,1,0,32.8,0,15,1,20.0,20,1,10,10,1,0,15,0,0,10,1,0,10,1,3.0,10,1,0,10,1,14.57,22.99
2026-07-28,036540,SFA반도체,38.7,110,0.0,75,0,1,0,33.9,4,15,1,20.0,20,1,0,10,0,0,15,0,0,10,1,0,10,1,3.0,10,1,2,10,1,11.28,36.06
2026-07-28,232140,와이씨,38.5,111,0.0,85,0,1,0,30.3,4,15,1,15.7,20,1,10,10,1,0,15,0,0,10,1,0,10,1,3.0,10,1,0,10,1,11.86,31.42
2026-07-28,144960,뉴파워프라즈마,38.2,112,0.0,85,1,1,0,45.6,4,15,1,11.5,20,1,10,10,1,0,15,0,0,10,1,0,10,1,7.0,10,1,0,10,1,22.16,41.08
2026-07-28,064350,현대로템,38.1,113,0.0,85,0,0,0,31.0,8,15,1,10.4,20,1,3,10,1,0,15,0,0,10,1,4,10,1,0.0,10,1,7,10,1,14.11,19.49
2026-07-28,037070,파세코,38.1,114,0.0,85,0,0,1,48.9,4,15,1,10.4,20,1,8,10,1,0,15,0,0,10,1,0,10,1,3.0,10,1,7,10,1,3.87,-14.29
2026-07-28,439960,코스모로보틱스,37.9,115,0.0,75,0,1,1,48.9,12,15,1,0.4,20,1,0,10,0,0,15,0,0,10,1,10,10,1,6.0,10,1,0,10,1,18.92,12.37
2026-07-28,064260,다날,37.9,116,0.0,75,0,1,1,44.3,4,15,1,7.4,20,1,0,10,0,0,15,0,0,10,1,7,10,1,6.0,10,1,4,10,1,15.64,18.89
2026-07-28,015760,한국전력,37.7,117,0.0,75,0,1,1,40.6,8,15,1,7.3,20,1,0,10,0,0,15,0,0,10,1,0,10,1,6.0,10,1,7,10,1,4.46,5.35
2026-07-28,007810,코리아써키트,37.6,118,0.0,85,0,0,0,27.5,4,15,1,18.0,20,1,10,10,1,0,15,0,0,10,1,0,10,1,0.0,10,1,0,10,1,1.9,34.04
2026-07-28,356860,티엘비,37.6,119,0.0,85,0,0,0,27.3,4,15,1,20.0,20,1,8,10,1,0,15,0,0,10,1,0,10,1,0.0,10,1,0,10,1,9.15,24.12
2026-07-28,009420,한올바이오파마,37.6,120,0.0,85,0,0,0,38.8,4,15,1,20.0,20,1,8,10,1,0,15,0,0,10,1,0,10,1,0.0,10,1,0,10,1,15.04,23.23
2026-07-28,336260,두산퓨얼셀,37.5,121,0.0,75,0,0,0,26.9,8,15,1,10.1,20,1,0,10,0,0,15,0,0,10,1,10,10,1,0.0,10,1,0,10,1,21.44,52.02
2026-07-28,017960,한국카본,37.5,122,0.0,75,0,1,1,28.4,4,15,1,14.1,20,1,0,10,0,0,15,0,0,10,1,4,10,1,6.0,10,1,0,10,1,9.9,20.79
2026-07-28,101490,에스앤에스텍,37.4,123,0.0,85,0,1,0,34.5,4,15,1,7.8,20,1,10,10,1,0,15,0,0,10,1,7,10,1,3.0,10,1,0,10,1,6.08,13.54
2026-07-28,018880,한온시스템,37.4,124,0.0,85,0,1,1,39.9,4,15,1,13.8,20,1,8,10,1,0,15,0,0,10,1,0,10,1,6.0,10,1,0,10,1,0.45,15.2
2026-07-28,005090,SGC에너지,37.4,125,0.0,85,0,1,0,45.4,4,15,1,7.8,20,1,10,10,1,0,15,0,0,10,1,7,10,1,3.0,10,1,0,10,1,26.47,43.29
2026-07-28,044340,위닉스,37.3,126,0.0,75,0,1,1,61.0,8,15,1,0.0,20,1,0,10,0,0,15,0,7,10,1,7,10,1,6.0,10,1,0,10,1,10.4,-18.9
2026-07-28,093370,후성,37.3,127,0.0,75,0,0,0,34.2,8,15,1,20.0,20,1,0,10,0,0,15,0,0,10,1,0,10,1,0.0,10,1,0,10,1,19.75,35.19
2026-07-28,476060,온코닉테라퓨틱스,37.3,128,0.0,75,0,1,1,37.6,0,15,1,20.0,20,1,0,10,0,0,15,0,0,10,1,0,10,1,6.0,10,1,2,10,1,22.7,53.25
2026-07-28,189300,인텔리안테크,37.3,129,0.0,85,0,1,1,32.4,0,15,1,15.7,20,1,10,10,1,0,15,0,0,10,1,0,10,1,6.0,10,1,0,10,1,25.0,36.79
2026-07-28,016360,삼성증권,37.2,130,0.0,85,0,0,0,37.9,8,15,1,7.6,20,1,10,10,1,0,15,0,0,10,1,4,10,1,0.0,10,1,2,10,1,6.02,0.11
2026-07-28,272210,한화시스템,36.9,131,0.0,85,0,1,0,38.1,8,15,1,10.4,20,1,10,10,1,0,15,0,0,10,1,0,10,1,3.0,10,1,0,10,1,12.91,23.53
2026-07-28,111770,영원무역,36.9,132,0.0,85,1,1,1,56.6,0,15,1,7.4,20,1,10,10,1,0,15,0,4,10,1,0,10,1,10.0,10,1,0,10,1,3.24,-1.39
2026-07-28,028050,삼성E&A,36.8,133,0.0,85,0,1,1,47.8,8,15,1,5.3,20,1,10,10,1,0,15,0,0,10,1,0,10,1,6.0,10,1,2,10,1,8.15,11.66
2026-07-28,004170,신세계,36.8,134,0.0,85,0,0,0,33.2,8,15,1,7.3,20,1,10,10,1,0,15,0,0,10,1,4,10,1,0.0,10,1,2,10,1,-8.59,-14.29
2026-07-28,058470,리노공업,36.8,135,0.0,85,0,1,1,32.8,4,15,1,6.3,20,1,8,10,1,0,15,0,0,10,1,0,10,1,6.0,10,1,7,10,1,4.55,15.91
2026-07-28,000720,현대건설,36.6,136,0.0,85,0,1,0,39.3,4,15,1,12.1,20,1,10,10,1,0,15,0,0,10,1,0,10,1,3.0,10,1,2,10,1,7.64,20.68
2026-07-28,004370,농심,36.5,137,0.0,85,0,1,1,61.9,4,15,1,5.0,20,1,8,10,1,0,15,0,4,10,1,4,10,1,6.0,10,1,0,10,1,-0.13,3.45
2026-07-28,071970,HD현대마린엔진,36.4,138,0.0,85,0,1,1,41.4,4,15,1,10.9,20,1,10,10,1,0,15,0,0,10,1,0,10,1,6.0,10,1,0,10,1,-3.84,4.94
2026-07-28,033780,KT&G,36.1,139,0.0,85,0,1,1,55.2,8,15,1,4.7,20,1,8,10,1,0,15,0,4,10,1,0,10,1,6.0,10,1,0,10,1,-3.36,-2.37
2026-07-28,454910,두산로보틱스,36.1,140,0.0,75,0,1,1,34.4,4,15,1,15.1,20,1,0,10,0,0,15,0,0,10,1,0,10,1,6.0,10,1,2,10,1,13.41,26.32
2026-07-28,086790,하나금융지주,36.0,141,0.0,85,1,0,0,44.3,12,15,1,4.6,20,1,10,10,1,0,15,0,0,10,1,0,10,1,4.0,10,1,0,10,1,3.74,3.98
2026-07-28,094170,동운아나텍,36.0,142,0.0,75,0,1,0,34.8,0,15,1,20.0,20,1,0,10,0,0,15,0,0,10,1,4,10,1,3.0,10,1,0,10,1,3.75,27.53
2026-07-28,049720,고려신용정보,35.9,143,0.0,85,0,1,0,42.1,4,15,1,4.5,20,1,5,10,1,0,15,0,4,10,1,10,10,1,3.0,10,1,0,10,1,-2.75,0.0
2026-07-28,051900,LG생활건강,35.8,144,0.0,85,0,1,0,58.6,4,15,1,9.4,20,1,10,10,1,0,15,0,4,10,1,0,10,1,3.0,10,1,0,10,1,14.09,22.9
2026-07-28,175330,JB금융지주,35.8,145,0.0,85,1,1,1,53.3,4,15,1,4.4,20,1,8,10,1,0,15,0,4,10,1,0,10,1,10.0,10,1,0,10,1,-0.92,2.38
2026-07-28,126340,비나텍,35.5,146,0.0,85,0,1,0,33.8,0,15,1,17.2,20,1,10,10,1,0,15,0,0,10,1,0,10,1,3.0,10,1,0,10,1,23.26,36.24
2026-07-28,003670,포스코퓨처엠,35.3,147,0.0,85,0,1,0,35.3,4,15,1,20.0,20,1,3,10,1,0,15,0,0,10,1,0,10,1,3.0,10,1,0,10,1,7.45,20.39
2026-07-28,003160,디아이,35.3,148,0.0,85,0,0,0,36.1,0,15,1,20.0,20,1,10,10,1,0,15,0,0,10,1,0,10,1,0.0,10,1,0,10,1,25.14,38.12
2026-07-28,089890,코세스,35.3,149,0.0,85,0,0,0,34.8,0,15,1,20.0,20,1,10,10,1,0,15,0,0,10,1,0,10,1,0.0,10,1,0,10,1,12.26,21.76
2026-07-28,456040,OCI,35.3,150,0.0,85,0,0,0,29.3,0,15,1,20.0,20,1,10,10,1,0,15,0,0,10,1,0,10,1,0.0,10,1,0,10,1,8.52,18.09
2026-07-28,005070,코스모신소재,35.3,151,0.0,85,0,0,0,35.2,0,15,1,20.0,20,1,10,10,1,0,15,0,0,10,1,0,10,1,0.0,10,1,0,10,1,9.42,26.84
2026-07-28,002020,코오롱,35.3,152,0.0,85,0,0,0,23.5,0,15,1,20.0,20,1,10,10,1,0,15,0,0,10,1,0,10,1,0.0,10,1,0,10,1,9.03,19.78
2026-07-28,348210,넥스틴,35.3,153,0.0,85,0,0,0,29.8,0,15,1,20.0,20,1,10,10,1,0,15,0,0,10,1,0,10,1,0.0,10,1,0,10,1,11.0,26.8
2026-07-28,251970,펌텍코리아,35.2,154,0.0,85,1,1,1,63.5,0,15,1,4.9,20,1,8,10,1,0,15,0,7,10,1,0,10,1,10.0,10,1,0,10,1,1.79,23.87
2026-07-28,055550,신한지주,35.1,155,0.0,85,0,0,1,45.6,8,15,1,4.8,20,1,10,10,1,0,15,0,4,10,1,0,10,1,3.0,10,1,0,10,1,1.39,2.87
2026-07-28,012330,현대모비스,34.9,156,0.0,85,0,1,0,37.7,12,15,1,4.7,20,1,10,10,1,0,15,0,0,10,1,0,10,1,3.0,10,1,0,10,1,9.43,13.3
2026-07-28,052690,한전기술,34.9,157,0.0,85,0,1,1,36.9,4,15,1,9.7,20,1,10,10,1,0,15,0,0,10,1,0,10,1,6.0,10,1,0,10,1,11.49,11.71
2026-07-28,267250,HD현대,34.8,158,0.0,85,0,1,1,41.4,4,15,1,9.6,20,1,10,10,1,0,15,0,0,10,1,0,10,1,6.0,10,1,0,10,1,7.14,18.45
2026-07-28,034020,두산에너빌리티,34.7,159,0.0,85,0,1,0,33.1,12,15,1,6.5,20,1,1,10,1,0,15,0,0,10,1,0,10,1,3.0,10,1,7,10,1,12.83,24.11
2026-07-28,039200,오스코텍,34.7,160,0.0,75,0,1,1,38.8,0,15,1,20.0,20,1,0,10,0,0,15,0,0,10,1,0,10,1,6.0,10,1,0,10,1,14.38,28.26
2026-07-28,086390,유니테스트,34.6,161,0.0,85,0,0,0,29.7,0,15,1,15.4,20,1,10,10,1,0,15,0,0,10,1,4,10,1,0.0,10,1,0,10,1,14.89,30.05
2026-07-28,403870,HPSP,34.5,162,0.0,85,0,0,0,36.1,8,15,1,6.3,20,1,8,10,1,0,15,0,0,10,1,0,10,1,0.0,10,1,7,10,1,8.26,18.2
2026-07-28,298020,효성티앤씨,34.5,163,0.0,85,0,1,1,51.6,4,15,1,9.3,20,1,10,10,1,0,15,0,0,10,1,0,10,1,6.0,10,1,0,10,1,2.56,1.92
2026-07-28,060370,LS마린솔루션,34.4,164,0.0,85,0,1,0,47.6,0,15,1,16.2,20,1,10,10,1,0,15,0,0,10,1,0,10,1,3.0,10,1,0,10,1,6.7,17.03
2026-07-28,071050,한국금융지주,34.2,165,0.0,85,0,0,0,37.5,8,15,1,9.1,20,1,10,10,1,0,15,0,0,10,1,0,10,1,0.0,10,1,2,10,1,4.54,3.51
2026-07-28,100090,SK오션플랜트,34.2,166,0.0,85,0,1,1,41.7,4,15,1,7.1,20,1,8,10,1,0,15,0,0,10,1,0,10,1,6.0,10,1,4,10,1,4.43,12.83
2026-07-28,010130,고려아연,34.1,167,0.0,85,0,1,1,36.6,4,15,1,9.0,20,1,10,10,1,0,15,0,0,10,1,0,10,1,6.0,10,1,0,10,1,9.89,27.89
2026-07-28,241710,코스메카코리아,34.1,168,0.0,85,1,0,1,53.7,4,15,1,6.0,20,1,8,10,1,0,15,0,4,10,1,0,10,1,7.0,10,1,0,10,1,3.37,48.32
2026-07-28,041020,폴라리스오피스,33.9,169,0.0,85,0,1,1,42.4,0,15,1,8.8,20,1,10,10,1,0,15,0,0,10,1,4,10,1,6.0,10,1,0,10,1,13.16,16.09
2026-07-28,004020,현대제철,33.8,170,0.0,85,0,1,1,37.6,4,15,1,8.7,20,1,10,10,1,0,15,0,0,10,1,0,10,1,6.0,10,1,0,10,1,2.52,11.24
2026-07-28,000150,두산,33.6,171,0.0,75,0,0,1,35.6,8,15,1,7.2,20,1,0,10,0,0,15,0,0,10,1,0,10,1,3.0,10,1,7,10,1,21.8,19.89
2026-07-28,119850,지엔씨에너지,33.5,172,0.0,75,1,1,0,51.0,4,15,1,8.1,20,1,0,10,0,0,15,0,0,10,1,4,10,1,7.0,10,1,2,10,1,60.0,50.63
2026-07-28,039030,이오테크닉스,33.5,173,0.0,85,0,0,0,33.3,4,15,1,12.5,20,1,10,10,1,0,15,0,0,10,1,0,10,1,0.0,10,1,2,10,1,14.44,42.78
2026-07-28,030200,KT,33.2,174,0.0,75,0,1,1,50.3,4,15,1,14.9,20,1,0,10,0,0,15,0,0,10,1,0,10,1,6.0,10,1,0,10,1,-2.97,-2.23
2026-07-28,066970,엘앤에프,33.1,175,0.0,75,0,1,0,28.3,4,15,1,17.8,20,1,0,10,0,0,15,0,0,10,1,0,10,1,3.0,10,1,0,10,1,8.24,38.83
2026-07-28,006110,삼아알미늄,32.9,176,0.0,85,0,1,0,35.2,0,15,1,20.0,20,1,5,10,1,0,15,0,0,10,1,0,10,1,3.0,10,1,0,10,1,30.94,74.25
2026-07-28,010820,퍼스텍,32.8,177,0.0,85,0,1,1,33.4,0,15,1,11.9,20,1,10,10,1,0,15,0,0,10,1,0,10,1,6.0,10,1,0,10,1,13.61,27.42
2026-07-28,000880,한화,32.7,178,0.0,85,0,1,1,37.5,4,15,1,7.8,20,1,10,10,1,0,15,0,0,10,1,0,10,1,6.0,10,1,0,10,1,-3.46,-3.46
2026-07-28,003490,대한항공,32.5,179,0.0,75,0,0,0,43.1,8,15,1,9.4,20,1,0,10,0,0,15,0,0,10,1,0,10,1,0.0,10,1,7,10,1,3.37,4.95
2026-07-28,058730,다스코,32.5,180,0.0,85,0,0,0,41.8,0,15,1,15.6,20,1,10,10,1,0,15,0,0,10,1,0,10,1,0.0,10,1,2,10,1,-1.08,17.34
2026-07-28,034220,LG디스플레이,32.4,181,0.0,75,0,0,0,31.4,8,15,1,14.3,20,1,0,10,0,0,15,0,0,10,1,0,10,1,0.0,10,1,2,10,1,5.89,12.44
2026-07-28,005945,NH투자증권우,32.2,182,0.0,85,0,1,0,46.8,0,15,1,7.4,20,1,10,10,1,0,15,0,0,10,1,7,10,1,3.0,10,1,0,10,1,3.51,2.69
2026-07-28,000250,삼천당제약,32.1,183,0.0,75,0,0,0,34.4,4,15,1,16.1,20,1,0,10,0,0,15,0,0,10,1,0,10,1,0.0,10,1,4,10,1,19.93,33.48
2026-07-28,120110,코오롱인더,32.1,184,0.0,85,0,1,0,36.7,4,15,1,10.3,20,1,10,10,1,0,15,0,0,10,1,0,10,1,3.0,10,1,0,10,1,3.99,11.58
2026-07-28,054540,삼영엠텍,32.0,185,0.0,75,0,1,1,42.1,4,15,1,4.0,20,1,0,10,0,0,15,0,0,10,1,10,10,1,6.0,10,1,0,10,1,-0.62,11.18
2026-07-28,064290,인텍플러스,32.0,186,0.0,75,0,0,0,33.5,4,15,1,20.0,20,1,0,10,0,0,15,0,0,10,1,0,10,1,0.0,10,1,0,10,1,0.18,20.3
2026-07-28,122640,예스티,32.0,187,0.0,75,0,0,0,34.4,4,15,1,20.0,20,1,0,10,0,0,15,0,0,10,1,0,10,1,0.0,10,1,0,10,1,9.79,41.9
2026-07-28,417840,저스템,32.0,188,0.0,75,0,0,0,36.3,4,15,1,20.0,20,1,0,10,0,0,15,0,0,10,1,0,10,1,0.0,10,1,0,10,1,10.22,62.75
2026-07-28,459550,알트,32.0,189,0.0,75,0,1,1,52.6,4,15,1,4.0,20,1,0,10,0,0,15,0,0,10,1,10,10,1,6.0,10,1,0,10,1,31.01,50.62
2026-07-28,033640,네패스,32.0,190,0.0,75,0,0,0,29.1,0,15,1,20.0,20,1,0,10,0,0,15,0,0,10,1,4,10,1,0.0,10,1,0,10,1,5.94,23.57
2026-07-28,000270,기아,31.4,191,0.0,85,0,0,0,35.0,12,15,1,4.7,20,1,10,10,1,0,15,0,0,10,1,0,10,1,0.0,10,1,0,10,1,6.4,11.33
2026-07-28,105560,KB금융,31.3,192,0.0,85,0,0,0,45.5,12,15,1,4.6,20,1,10,10,1,0,15,0,0,10,1,0,10,1,0.0,10,1,0,10,1,2.18,0.48
2026-07-28,100790,미래에셋벤처투자,31.3,193,0.0,85,0,1,1,28.3,0,15,1,10.6,20,1,10,10,1,0,15,0,0,10,1,0,10,1,6.0,10,1,0,10,1,20.85,35.2
2026-07-28,340570,티앤엘,31.3,194,0.0,85,0,1,1,55.0,0,15,1,6.6,20,1,10,10,1,0,15,0,4,10,1,0,10,1,6.0,10,1,0,10,1,11.01,-42.05
2026-07-28,356680,엑스게이트,31.2,195,0.0,85,0,1,0,37.9,8,15,1,4.5,20,1,1,10,1,0,15,0,0,10,1,10,10,1,3.0,10,1,0,10,1,7.55,24.8
2026-07-28,000990,DB하이텍,31.1,196,0.0,85,0,0,0,30.5,8,15,1,6.4,20,1,10,10,1,0,15,0,0,10,1,0,10,1,0.0,10,1,2,10,1,0.24,12.15
2026-07-28,058610,에스피지,31.1,197,0.0,85,0,1,1,42.6,4,15,1,6.4,20,1,3,10,1,0,15,0,0,10,1,0,10,1,6.0,10,1,7,10,1,60.0,65.0
2026-07-28,375500,DL이앤씨,30.9,198,0.0,85,0,1,1,40.1,4,15,1,6.3,20,1,10,10,1,0,15,0,0,10,1,0,10,1,6.0,10,1,0,10,1,14.78,28.17
2026-07-28,074600,원익QnC,30.9,199,0.0,85,0,0,0,32.9,4,15,1,8.3,20,1,10,10,1,0,15,0,0,10,1,4,10,1,0.0,10,1,0,10,1,16.34,38.34
2026-07-28,259960,크래프톤,30.8,200,0.0,85,0,1,1,53.3,4,15,1,6.2,20,1,10,10,1,0,15,0,0,10,1,0,10,1,6.0,10,1,0,10,1,-2.46,-3.69
2026-07-29,214450,파마리서치,78.5,1,0.0,85,1,1,1,65.2,12,15,1,7.7,20,1,10,10,1,0,15,0,10,10,1,7,10,1,10.0,10,1,10,10,1,-3.32,8.82
2026-07-29,483650,달바글로벌,73.8,2,0.0,85,1,1,1,66.2,8,15,1,7.7,20,1,10,10,1,0,15,0,10,10,1,10,10,1,10.0,10,1,7,10,1,-12.45,-10.94
2026-07-29,005930,삼성전자,72.9,3,0.0,85,0,0,0,34.2,15,15,1,20.0,20,1,10,10,1,0,15,0,0,10,1,7,10,1,0.0,10,1,10,10,1,17.99,28.54
2026-07-29,052460,아이크래프트,71.8,4,0.0,85,1,1,1,66.4,4,15,1,20.0,20,1,10,10,1,0,15,0,7,10,1,10,10,1,10.0,10,1,0,10,1,29.77,60.23
2026-07-29,005935,삼성전자우,69.4,5,0.0,85,0,0,0,37.2,15,15,1,20.0,20,1,10,10,1,0,15,0,0,10,1,4,10,1,0.0,10,1,10,10,1,19.88,22.43
2026-07-29,068270,셀트리온,67.4,6,0.0,85,0,1,1,55.0,15,15,1,11.3,20,1,8,10,1,0,15,0,0,10,1,7,10,1,6.0,10,1,10,10,1,5.72,12.22
2026-07-29,277810,레인보우로보틱스,65.2,7,0.0,75,0,1,1,42.5,8,15,1,17.9,20,1,0,10,0,0,15,0,0,10,1,7,10,1,6.0,10,1,10,10,1,17.9,21.07
2026-07-29,042660,한화오션,64.7,8,0.0,85,0,1,0,36.0,12,15,1,20.0,20,1,10,10,1,0,15,0,0,10,1,0,10,1,3.0,10,1,10,10,1,23.19,21.58
2026-07-29,010060,OCI홀딩스,64.7,9,0.0,85,0,1,1,39.1,8,15,1,20.0,20,1,10,10,1,0,15,0,0,10,1,4,10,1,6.0,10,1,7,10,1,44.62,63.43
2026-07-29,000660,SK하이닉스,61.3,10,0.0,75,0,0,0,33.6,15,15,1,20.0,20,1,0,10,0,0,15,0,0,10,1,4,10,1,0.0,10,1,7,10,1,19.06,13.7
2026-07-29,006400,삼성SDI,61.2,11,0.0,85,0,0,0,35.2,12,15,1,20.0,20,1,10,10,1,0,15,0,0,10,1,0,10,1,0.0,10,1,10,10,1,17.86,33.79
2026-07-29,396300,세아메카닉스,61.2,12,0.0,85,0,1,1,54.6,4,15,1,20.0,20,1,10,10,1,0,15,0,0,10,1,10,10,1,6.0,10,1,2,10,1,13.85,9.89
2026-07-29,267270,HD건설기계,60.0,13,0.0,85,0,1,1,41.7,8,15,1,20.0,20,1,10,10,1,0,15,0,0,10,1,7,10,1,6.0,10,1,0,10,1,19.95,17.92
2026-07-29,010950,S-Oil,60.0,14,0.0,85,1,0,1,47.4,4,15,1,20.0,20,1,10,10,1,0,15,0,0,10,1,0,10,1,7.0,10,1,10,10,1,-3.09,11.47
2026-07-29,352820,하이브,58.8,15,0.0,85,0,0,0,35.1,8,15,1,20.0,20,1,10,10,1,0,15,0,0,10,1,10,10,1,0.0,10,1,2,10,1,6.28,3.58
2026-07-29,413630,씨피시스템,58.4,16,0.0,75,0,1,1,62.4,8,15,1,8.8,20,1,0,10,0,0,15,0,4,10,1,10,10,1,6.0,10,1,7,10,1,9.75,-1.39
2026-07-29,003230,삼양식품,57.4,17,0.0,85,0,1,1,58.6,12,15,1,6.8,20,1,10,10,1,0,15,0,0,10,1,7,10,1,6.0,10,1,7,10,1,-0.82,-0.08
2026-07-29,034730,SK,57.3,18,0.0,75,0,0,0,35.9,12,15,1,20.0,20,1,0,10,0,0,15,0,0,10,1,4,10,1,0.0,10,1,7,10,1,14.93,13.09
2026-07-29,096770,SK이노베이션,56.5,19,0.0,85,0,1,0,47.9,8,15,1,20.0,20,1,10,10,1,0,15,0,0,10,1,0,10,1,3.0,10,1,7,10,1,-0.27,11.14
2026-07-29,332570,PS일렉트로닉스,56.5,20,0.0,85,0,1,1,51.5,4,15,1,20.0,20,1,10,10,1,0,15,0,0,10,1,4,10,1,6.0,10,1,4,10,1,38.64,64.6
2026-07-29,317400,자이에스앤디,56.5,21,0.0,85,1,1,1,51.2,4,15,1,20.0,20,1,10,10,1,0,15,0,0,10,1,4,10,1,10.0,10,1,0,10,1,37.41,73.18
2026-07-29,080220,제주반도체,56.0,22,0.0,85,0,0,0,35.2,8,15,1,18.6,20,1,10,10,1,0,15,0,0,10,1,4,10,1,0.0,10,1,7,10,1,37.02,60.25
2026-07-29,009830,한화솔루션,56.0,23,0.0,75,0,0,0,30.3,8,15,1,20.0,20,1,0,10,0,0,15,0,0,10,1,7,10,1,0.0,10,1,7,10,1,31.95,59.96
2026-07-29,009540,HD한국조선해양,54.4,24,0.0,85,0,1,0,42.1,8,15,1,13.2,20,1,8,10,1,0,15,0,0,10,1,4,10,1,3.0,10,1,10,10,1,18.21,10.9
2026-07-29,267260,HD현대일렉트릭,53.6,25,0.0,85,0,0,0,28.3,15,15,1,6.6,20,1,10,10,1,0,15,0,0,10,1,7,10,1,0.0,10,1,7,10,1,31.74,33.96
2026-07-29,098460,고영,52.9,26,0.0,85,0,0,0,38.4,8,15,1,20.0,20,1,10,10,1,0,15,0,0,10,1,7,10,1,0.0,10,1,0,10,1,36.26,40.22
2026-07-29,475150,SK이터닉스,52.1,27,0.0,85,1,0,1,43.7,12,15,1,5.3,20,1,10,10,1,0,15,0,0,10,1,0,10,1,7.0,10,1,10,10,1,32.8,31.42
2026-07-29,402340,SK스퀘어,52.0,28,0.0,75,0,0,0,32.6,15,15,1,20.0,20,1,0,10,0,0,15,0,0,10,1,0,10,1,0.0,10,1,4,10,1,31.65,31.41
2026-07-29,329180,HD현대중공업,51.9,29,0.0,85,0,1,0,31.5,12,15,1,14.1,20,1,1,10,1,0,15,0,0,10,1,4,10,1,3.0,10,1,10,10,1,17.28,14.29
2026-07-29,263750,펄어비스,51.8,30,0.0,85,0,1,0,37.9,4,15,1,20.0,20,1,10,10,1,0,15,0,0,10,1,7,10,1,3.0,10,1,0,10,1,5.48,-4.11
2026-07-29,278470,에이피알,51.3,31,0.0,85,0,0,0,35.8,8,15,1,14.6,20,1,10,10,1,0,15,0,0,10,1,4,10,1,0.0,10,1,7,10,1,10.0,22.92
2026-07-29,064260,다날,51.2,32,0.0,75,0,1,1,49.0,8,15,1,7.4,20,1,0,10,0,0,15,0,0,10,1,10,10,1,6.0,10,1,7,10,1,10.54,13.83
2026-07-29,051900,LG생활건강,51.1,33,0.0,85,0,1,1,63.2,4,15,1,9.4,20,1,10,10,1,0,15,0,4,10,1,10,10,1,6.0,10,1,0,10,1,11.22,15.4
2026-07-29,196170,알테오젠,50.7,34,0.0,75,0,1,0,42.0,8,15,1,20.0,20,1,0,10,0,0,15,0,0,10,1,0,10,1,3.0,10,1,7,10,1,-1.95,12.39
2026-07-29,298040,효성중공업,50.2,35,0.0,85,0,0,0,30.3,12,15,1,9.7,20,1,10,10,1,0,15,0,0,10,1,4,10,1,0.0,10,1,7,10,1,48.8,50.4
2026-07-29,006800,미래에셋증권,50.0,36,0.0,85,0,0,0,29.3,8,15,1,10.5,20,1,10,10,1,0,15,0,0,10,1,4,10,1,0.0,10,1,10,10,1,14.66,23.94
2026-07-29,017670,SK텔레콤,49.8,37,0.0,85,0,1,1,37.5,8,15,1,8.3,20,1,10,10,1,0,15,0,0,10,1,0,10,1,6.0,10,1,10,10,1,18.32,15.9
2026-07-29,086520,에코프로,49.6,38,0.0,85,0,1,0,34.9,8,15,1,13.2,20,1,8,10,1,0,15,0,0,10,1,0,10,1,3.0,10,1,10,10,1,22.11,36.65
2026-07-29,353200,대덕전자,49.4,39,0.0,85,0,0,0,31.3,8,15,1,20.0,20,1,10,10,1,0,15,0,0,10,1,0,10,1,0.0,10,1,4,10,1,31.4,39.68
2026-07-29,108490,로보티즈,49.3,40,0.0,75,0,1,0,37.4,8,15,1,20.0,20,1,0,10,0,0,15,0,0,10,1,4,10,1,3.0,10,1,2,10,1,39.56,50.52
2026-07-29,319400,현대무벡스,48.8,41,0.0,85,0,1,1,49.7,12,15,1,5.5,20,1,1,10,1,0,15,0,0,10,1,10,10,1,6.0,10,1,7,10,1,4.26,7.89
2026-07-29,316140,우리금융지주,48.2,42,0.0,85,1,1,1,56.0,8,15,1,5.0,20,1,10,10,1,0,15,0,4,10,1,4,10,1,10.0,10,1,0,10,1,4.06,3.9
2026-07-29,131970,두산테스나,48.2,43,0.0,85,0,0,0,28.1,4,15,1,20.0,20,1,10,10,1,0,15,0,0,10,1,7,10,1,0.0,10,1,0,10,1,23.61,50.27
2026-07-29,009150,삼성전기,48.1,44,0.0,85,0,0,0,32.8,15,15,1,8.9,20,1,10,10,1,0,15,0,0,10,1,0,10,1,0.0,10,1,7,10,1,31.78,46.06
2026-07-29,058610,에스피지,47.5,45,0.0,85,0,1,1,52.3,8,15,1,6.4,20,1,3,10,1,0,15,0,0,10,1,10,10,1,6.0,10,1,7,10,1,33.13,37.16
2026-07-29,012450,한화에어로스페이스,47.3,46,0.0,85,0,0,0,34.4,12,15,1,8.2,20,1,10,10,1,0,15,0,0,10,1,0,10,1,0.0,10,1,10,10,1,24.32,46.3
2026-07-29,373220,LG에너지솔루션,47.2,47,0.0,75,0,1,0,37.4,8,15,1,17.4,20,1,0,10,0,0,15,0,0,10,1,0,10,1,3.0,10,1,7,10,1,11.65,21.63
2026-07-29,207940,삼성바이오로직스,47.1,48,0.0,85,1,1,1,56.3,8,15,1,7.0,20,1,1,10,1,0,15,0,4,10,1,0,10,1,10.0,10,1,10,10,1,0.81,5.75
2026-07-29,099320,쎄트렉아이,47.1,49,0.0,85,0,1,0,33.1,0,15,1,20.0,20,1,10,10,1,0,15,0,0,10,1,7,10,1,3.0,10,1,0,10,1,20.39,33.61
2026-07-29,100840,SNT에너지,47.1,50,0.0,85,0,1,0,33.7,0,15,1,20.0,20,1,10,10,1,0,15,0,0,10,1,7,10,1,3.0,10,1,0,10,1,30.5,30.05
2026-07-29,004310,현대약품,47.1,51,0.0,85,0,0,1,40.2,0,15,1,20.0,20,1,10,10,1,0,15,0,0,10,1,0,10,1,3.0,10,1,7,10,1,19.14,32.18
2026-07-29,187870,디바이스,47.1,52,0.0,85,0,0,0,28.7,0,15,1,20.0,20,1,10,10,1,0,15,0,0,10,1,10,10,1,0.0,10,1,0,10,1,28.32,41.6
2026-07-29,002900,TYM,46.9,53,0.0,85,0,0,0,36.4,0,15,1,19.9,20,1,10,10,1,0,15,0,0,10,1,10,10,1,0.0,10,1,0,10,1,16.49,26.42
2026-07-29,066570,LG전자,46.8,54,0.0,85,0,0,0,36.0,12,15,1,7.8,20,1,10,10,1,0,15,0,0,10,1,0,10,1,0.0,10,1,10,10,1,19.27,37.21
2026-07-29,240810,원익IPS,46.7,55,0.0,75,0,0,0,34.4,8,15,1,20.0,20,1,0,10,0,0,15,0,0,10,1,0,10,1,0.0,10,1,7,10,1,17.43,44.23
2026-07-29,005490,POSCO홀딩스,46.7,56,0.0,85,0,1,0,36.3,8,15,1,7.7,20,1,10,10,1,0,15,0,0,10,1,4,10,1,3.0,10,1,7,10,1,9.88,12.82
2026-07-29,222800,심텍,46.7,57,0.0,75,0,0,0,33.0,8,15,1,20.0,20,1,0,10,0,0,15,0,0,10,1,0,10,1,0.0,10,1,7,10,1,50.15,54.23
2026-07-29,036930,주성엔지니어링,46.6,58,0.0,85,0,0,0,35.0,12,15,1,10.6,20,1,10,10,1,0,15,0,0,10,1,0,10,1,0.0,10,1,7,10,1,23.08,54.44
2026-07-29,047810,한국항공우주,46.5,59,0.0,85,0,0,0,33.9,8,15,1,7.5,20,1,10,10,1,0,15,0,0,10,1,7,10,1,0.0,10,1,7,10,1,24.68,28.68
2026-07-29,047040,대우건설,46.2,60,0.0,85,0,0,0,29.2,8,15,1,14.3,20,1,10,10,1,0,15,0,0,10,1,0,10,1,0.0,10,1,7,10,1,35.02,53.08
2026-07-29,035720,카카오,46.0,61,0.0,75,0,1,0,45.6,8,15,1,6.5,20,1,0,10,0,0,15,0,0,10,1,7,10,1,3.0,10,1,10,10,1,8.07,13.6
2026-07-29,000720,현대건설,46.0,62,0.0,85,0,1,0,34.7,8,15,1,12.1,20,1,10,10,1,0,15,0,0,10,1,4,10,1,3.0,10,1,2,10,1,30.14,34.4
2026-07-29,322000,HD현대에너지솔루션,45.3,63,0.0,75,0,1,0,39.9,4,15,1,20.0,20,1,0,10,0,0,15,0,0,10,1,0,10,1,3.0,10,1,7,10,1,36.58,24.82
2026-07-29,139480,이마트,45.3,64,0.0,75,0,1,1,39.5,4,15,1,20.0,20,1,0,10,0,0,15,0,0,10,1,4,10,1,6.0,10,1,0,10,1,3.37,1.3
2026-07-29,083650,비에이치아이,44.8,65,0.0,85,0,1,0,31.4,4,15,1,17.1,20,1,10,10,1,0,15,0,0,10,1,4,10,1,3.0,10,1,0,10,1,40.47,57.16
2026-07-29,001440,대한전선,44.6,66,0.0,85,0,1,0,33.2,8,15,1,6.9,20,1,10,10,1,0,15,0,0,10,1,0,10,1,3.0,10,1,10,10,1,28.15,35.59
2026-07-29,003545,대신증권우,44.6,67,0.0,85,0,0,0,33.4,0,15,1,17.9,20,1,10,10,1,0,15,0,0,10,1,10,10,1,0.0,10,1,0,10,1,8.54,9.89
2026-07-29,011070,LG이노텍,44.5,68,0.0,85,0,0,0,26.4,12,15,1,8.8,20,1,10,10,1,0,15,0,0,10,1,0,10,1,0.0,10,1,7,10,1,31.22,34.28
2026-07-29,078930,GS,43.8,69,0.0,85,1,1,1,53.9,4,15,1,6.2,20,1,10,10,1,0,15,0,0,10,1,0,10,1,10.0,10,1,7,10,1,12.96,27.71
2026-07-29,010140,삼성중공업,43.7,70,0.0,75,0,1,0,35.0,8,15,1,7.8,20,1,0,10,0,0,15,0,0,10,1,4,10,1,3.0,10,1,10,10,1,14.43,13.4
2026-07-29,036570,NC,43.5,71,0.0,85,0,1,0,40.3,4,15,1,20.0,20,1,10,10,1,0,15,0,0,10,1,0,10,1,3.0,10,1,0,10,1,5.62,9.44
2026-07-29,043260,성호전자,43.5,72,0.0,85,0,1,0,30.0,4,15,1,20.0,20,1,10,10,1,0,15,0,0,10,1,0,10,1,3.0,10,1,0,10,1,45.04,60.31
2026-07-29,218410,RFHIC,43.5,73,0.0,85,0,1,0,30.8,4,15,1,20.0,20,1,10,10,1,0,15,0,0,10,1,0,10,1,3.0,10,1,0,10,1,41.16,46.56
2026-07-29,124500,아이티센글로벌,43.5,74,0.0,85,0,1,0,36.1,0,15,1,20.0,20,1,10,10,1,0,15,0,0,10,1,4,10,1,3.0,10,1,0,10,1,25.47,45.26
2026-07-29,126640,화신정공,43.5,75,0.0,85,1,0,1,48.8,0,15,1,20.0,20,1,10,10,1,0,15,0,0,10,1,0,10,1,7.0,10,1,0,10,1,16.49,8.64
2026-07-29,025980,아난티,43.5,76,0.0,85,0,1,0,28.7,0,15,1,20.0,20,1,10,10,1,0,15,0,0,10,1,4,10,1,3.0,10,1,0,10,1,14.88,16.37
2026-07-29,322310,오로스테크놀로지,43.5,77,0.0,85,0,0,0,29.2,0,15,1,20.0,20,1,10,10,1,0,15,0,0,10,1,7,10,1,0.0,10,1,0,10,1,21.7,29.46
2026-07-29,034020,두산에너빌리티,43.1,78,0.0,85,0,1,0,30.3,15,15,1,6.6,20,1,1,10,1,0,15,0,0,10,1,4,10,1,3.0,10,1,7,10,1,26.64,33.06
2026-07-29,010120,LS ELECTRIC,43.1,79,0.0,85,0,0,0,38.3,12,15,1,7.6,20,1,10,10,1,0,15,0,0,10,1,0,10,1,0.0,10,1,7,10,1,29.43,30.65
2026-07-29,121440,골프존홀딩스,42.7,80,0.0,75,1,0,1,77.1,4,15,1,4.0,20,1,0,10,0,0,15,0,10,10,1,7,10,1,7.0,10,1,0,10,1,-0.75,1.95
2026-07-29,005690,파미셀,42.4,81,0.0,85,0,0,0,30.9,4,15,1,20.0,20,1,8,10,1,0,15,0,0,10,1,4,10,1,0.0,10,1,0,10,1,27.17,32.74
2026-07-29,056190,SFA,42.1,82,0.0,85,0,0,0,33.8,0,15,1,18.8,20,1,10,10,1,0,15,0,0,10,1,7,10,1,0.0,10,1,0,10,1,19.24,33.22
2026-07-29,090430,아모레퍼시픽,40.9,83,0.0,85,0,0,1,54.2,8,15,1,6.8,20,1,5,10,1,0,15,0,4,10,1,4,10,1,3.0,10,1,4,10,1,7.71,10.34
2026-07-29,033780,KT&G,40.8,84,0.0,85,0,1,1,56.2,8,15,1,4.7,20,1,8,10,1,0,15,0,4,10,1,4,10,1,6.0,10,1,0,10,1,-3.61,-4.82
2026-07-29,018260,삼성에스디에스,40.7,85,0.0,75,0,1,1,47.7,8,15,1,5.5,20,1,0,10,0,0,15,0,0,10,1,4,10,1,6.0,10,1,7,10,1,16.83,20.12
2026-07-29,319660,피에스케이,40.6,86,0.0,85,0,0,0,34.6,8,15,1,9.5,20,1,10,10,1,0,15,0,0,10,1,0,10,1,0.0,10,1,7,10,1,11.14,17.15
2026-07-29,007660,이수페타시스,40.5,87,0.0,85,0,0,0,29.3,8,15,1,9.4,20,1,10,10,1,0,15,0,0,10,1,0,10,1,0.0,10,1,7,10,1,32.34,51.25
2026-07-29,111770,영원무역,40.5,88,0.0,85,1,1,1,59.0,0,15,1,7.4,20,1,10,10,1,0,15,0,7,10,1,0,10,1,10.0,10,1,0,10,1,0.68,-3.31
2026-07-29,009970,영원무역홀딩스,40.4,89,0.0,85,1,1,1,59.0,0,15,1,6.3,20,1,10,10,1,0,15,0,4,10,1,4,10,1,10.0,10,1,0,10,1,-4.95,-4.75
2026-07-29,051910,LG화학,40.2,90,0.0,85,0,1,0,33.5,8,15,1,13.2,20,1,8,10,1,0,15,0,0,10,1,0,10,1,3.0,10,1,2,10,1,9.89,18.49
2026-07-29,333430,일승,40.1,91,0.0,85,0,1,0,46.5,4,15,1,7.1,20,1,10,10,1,0,15,0,0,10,1,10,10,1,3.0,10,1,0,10,1,34.35,27.2
2026-07-29,168360,펨트론,40.1,92,0.0,85,0,0,0,29.2,0,15,1,14.1,20,1,10,10,1,0,15,0,0,10,1,10,10,1,0.0,10,1,0,10,1,20.53,34.76
2026-07-29,053610,프로텍,40.1,93,0.0,85,0,0,0,31.3,0,15,1,17.1,20,1,10,10,1,0,15,0,0,10,1,7,10,1,0.0,10,1,0,10,1,29.99,29.99
2026-07-29,089970,브이엠,40.0,94,0.0,75,0,0,0,34.1,8,15,1,20.0,20,1,0,10,0,0,15,0,0,10,1,0,10,1,0.0,10,1,2,10,1,19.44,19.96
2026-07-29,420770,기가비스,40.0,95,0.0,85,0,0,0,29.1,4,15,1,20.0,20,1,10,10,1,0,15,0,0,10,1,0,10,1,0.0,10,1,0,10,1,26.52,28.15
2026-07-29,004370,농심,40.0,96,0.0,85,0,1,1,62.3,4,15,1,5.0,20,1,8,10,1,0,15,0,4,10,1,7,10,1,6.0,10,1,0,10,1,-0.26,3.18
2026-07-29,290650,엘앤씨바이오,40.0,97,0.0,85,0,0,0,31.8,4,15,1,20.0,20,1,10,10,1,0,15,0,0,10,1,0,10,1,0.0,10,1,0,10,1,10.52,4.59
2026-07-29,008770,호텔신라,40.0,98,0.0,85,0,0,0,35.3,4,15,1,20.0,20,1,10,10,1,0,15,0,0,10,1,0,10,1,0.0,10,1,0,10,1,-3.44,-0.46
2026-07-29,006910,보성파워텍,40.0,99,0.0,85,0,0,0,33.1,0,15,1,20.0,20,1,10,10,1,0,15,0,0,10,1,4,10,1,0.0,10,1,0,10,1,33.01,52.43
2026-07-29,003530,한화투자증권,40.0,100,0.0,85,0,0,0,30.3,0,15,1,20.0,20,1,10,10,1,0,15,0,0,10,1,4,10,1,0.0,10,1,0,10,1,20.27,25.99
2026-07-29,456040,OCI,40.0,101,0.0,85,0,0,0,26.5,0,15,1,20.0,20,1,10,10,1,0,15,0,0,10,1,4,10,1,0.0,10,1,0,10,1,23.55,29.84
2026-07-29,425420,티에프이,40.0,102,0.0,85,0,0,0,28.5,0,15,1,20.0,20,1,10,10,1,0,15,0,0,10,1,4,10,1,0.0,10,1,0,10,1,25.83,49.9
2026-07-29,171090,선익시스템,40.0,103,0.0,75,0,1,1,39.1,0,15,1,20.0,20,1,0,10,0,0,15,0,0,10,1,4,10,1,6.0,10,1,0,10,1,32.46,39.88
2026-07-29,348210,넥스틴,40.0,104,0.0,85,0,0,0,27.6,0,15,1,20.0,20,1,10,10,1,0,15,0,0,10,1,4,10,1,0.0,10,1,0,10,1,22.73,33.71
2026-07-29,044490,태웅,40.0,105,0.0,85,0,0,0,35.5,0,15,1,20.0,20,1,10,10,1,0,15,0,0,10,1,4,10,1,0.0,10,1,0,10,1,37.47,74.22
2026-07-29,271560,오리온,39.8,106,0.0,85,0,1,1,55.2,4,15,1,4.8,20,1,8,10,1,0,15,0,4,10,1,7,10,1,6.0,10,1,0,10,1,-3.48,-2.37
2026-07-29,089860,롯데렌탈,39.8,107,0.0,85,1,1,1,59.4,0,15,1,4.8,20,1,8,10,1,0,15,0,4,10,1,7,10,1,10.0,10,1,0,10,1,6.49,14.86
2026-07-29,417860,오브젠,39.6,108,0.0,75,0,1,1,60.6,4,15,1,9.7,20,1,0,10,0,0,15,0,0,10,1,10,10,1,6.0,10,1,0,10,1,-7.71,-19.05
2026-07-29,232140,와이씨,39.6,109,0.0,85,0,0,0,27.6,4,15,1,15.7,20,1,10,10,1,0,15,0,0,10,1,4,10,1,0.0,10,1,0,10,1,30.48,47.35
2026-07-29,015760,한국전력,39.1,110,0.0,75,0,1,0,39.0,8,15,1,7.3,20,1,0,10,0,0,15,0,0,10,1,4,10,1,3.0,10,1,7,10,1,7.85,0.0
2026-07-29,077360,덕산하이메탈,38.8,111,0.0,85,0,1,0,36.1,0,15,1,20.0,20,1,10,10,1,0,15,0,0,10,1,0,10,1,3.0,10,1,0,10,1,33.97,41.78
2026-07-29,263800,데이타솔루션,38.8,112,0.0,85,0,0,1,41.6,0,15,1,20.0,20,1,10,10,1,0,15,0,0,10,1,0,10,1,3.0,10,1,0,10,1,18.94,27.13
2026-07-29,039440,에스티아이,38.8,113,0.0,85,0,0,0,33.9,0,15,1,19.0,20,1,10,10,1,0,15,0,0,10,1,4,10,1,0.0,10,1,0,10,1,20.9,28.69
2026-07-29,011930,신성이엔지,38.8,114,0.0,85,0,1,0,29.4,0,15,1,20.0,20,1,10,10,1,0,15,0,0,10,1,0,10,1,3.0,10,1,0,10,1,37.37,39.09
2026-07-29,000810,삼성화재,38.7,115,0.0,85,0,0,1,42.2,8,15,1,4.9,20,1,10,10,1,0,15,0,0,10,1,7,10,1,3.0,10,1,0,10,1,8.52,4.09
2026-07-29,251970,펌텍코리아,38.7,116,0.0,85,1,1,1,67.0,0,15,1,4.9,20,1,8,10,1,0,15,0,10,10,1,0,10,1,10.0,10,1,0,10,1,-6.41,9.71
2026-07-29,383220,F&F,38.6,117,0.0,85,0,0,1,51.5,4,15,1,4.8,20,1,10,10,1,0,15,0,4,10,1,7,10,1,3.0,10,1,0,10,1,-16.24,-11.34
2026-07-29,059120,아진엑스텍,38.4,118,0.0,85,0,1,1,53.3,4,15,1,10.6,20,1,8,10,1,0,15,0,0,10,1,4,10,1,6.0,10,1,0,10,1,14.61,22.17
2026-07-29,032830,삼성생명,38.2,119,0.0,85,0,0,0,32.7,8,15,1,7.5,20,1,10,10,1,0,15,0,0,10,1,0,10,1,0.0,10,1,7,10,1,10.73,9.79
2026-07-29,064350,현대로템,38.1,120,0.0,85,0,0,0,30.3,8,15,1,10.4,20,1,3,10,1,0,15,0,0,10,1,4,10,1,0.0,10,1,7,10,1,22.98,22.9
2026-07-29,086390,유니테스트,38.1,121,0.0,85,0,0,0,26.7,0,15,1,15.4,20,1,10,10,1,0,15,0,0,10,1,7,10,1,0.0,10,1,0,10,1,37.39,47.87
2026-07-29,009420,한올바이오파마,37.6,122,0.0,85,0,0,0,35.2,4,15,1,20.0,20,1,8,10,1,0,15,0,0,10,1,0,10,1,0.0,10,1,0,10,1,27.34,44.84
2026-07-29,017960,한국카본,37.5,123,0.0,75,0,1,1,26.5,4,15,1,14.1,20,1,0,10,0,0,15,0,0,10,1,4,10,1,6.0,10,1,0,10,1,20.47,25.91
2026-07-29,003540,대신증권,37.5,124,0.0,85,0,0,0,33.5,0,15,1,17.9,20,1,10,10,1,0,15,0,0,10,1,4,10,1,0.0,10,1,0,10,1,12.31,14.44
2026-07-29,000880,한화,37.4,125,0.0,85,0,1,0,35.4,4,15,1,7.8,20,1,10,10,1,0,15,0,0,10,1,7,10,1,3.0,10,1,0,10,1,0.0,0.0
2026-07-29,101490,에스앤에스텍,37.4,126,0.0,85,0,1,0,29.1,4,15,1,7.8,20,1,10,10,1,0,15,0,0,10,1,7,10,1,3.0,10,1,0,10,1,29.66,31.86
2026-07-29,141080,리가켐바이오,37.3,127,0.0,75,0,0,0,30.8,8,15,1,16.0,20,1,0,10,0,0,15,0,0,10,1,4,10,1,0.0,10,1,0,10,1,32.09,38.0
2026-07-29,089030,테크윙,37.3,128,0.0,75,0,0,0,34.2,4,15,1,20.0,20,1,0,10,0,0,15,0,0,10,1,0,10,1,0.0,10,1,4,10,1,39.24,43.46
2026-07-29,330860,네패스아크,37.3,129,0.0,75,0,0,0,28.4,4,15,1,20.0,20,1,0,10,0,0,15,0,0,10,1,4,10,1,0.0,10,1,0,10,1,37.46,51.31
2026-07-29,272210,한화시스템,37.2,130,0.0,85,0,1,0,33.2,8,15,1,10.6,20,1,10,10,1,0,15,0,0,10,1,0,10,1,3.0,10,1,0,10,1,33.58,46.86
2026-07-29,108860,셀바스AI,36.9,131,0.0,75,0,1,1,51.7,4,15,1,8.7,20,1,0,10,0,0,15,0,0,10,1,7,10,1,6.0,10,1,2,10,1,37.26,27.48
2026-07-29,028050,삼성E&A,36.8,132,0.0,85,0,1,1,41.2,8,15,1,5.3,20,1,10,10,1,0,15,0,0,10,1,0,10,1,6.0,10,1,2,10,1,23.52,23.27
2026-07-29,079550,LIG디펜스앤에어로스페이스,36.8,133,0.0,85,0,0,0,38.6,8,15,1,6.3,20,1,10,10,1,0,15,0,0,10,1,0,10,1,0.0,10,1,7,10,1,28.71,35.0
2026-07-29,004170,신세계,36.8,134,0.0,85,0,0,0,31.5,8,15,1,7.3,20,1,10,10,1,0,15,0,0,10,1,4,10,1,0.0,10,1,2,10,1,-3.26,-5.62
2026-07-29,000155,두산우,36.8,135,0.0,75,0,1,1,39.7,4,15,1,7.6,20,1,0,10,0,0,15,0,0,10,1,10,10,1,6.0,10,1,0,10,1,20.57,12.08
2026-07-29,230240,에치에프알,36.5,136,0.0,85,0,1,0,31.3,0,15,1,16.0,20,1,5,10,1,0,15,0,0,10,1,7,10,1,3.0,10,1,0,10,1,29.32,28.51
2026-07-29,035420,NAVER,36.4,137,0.0,85,0,1,1,48.6,15,15,1,4.9,20,1,1,10,1,0,15,0,0,10,1,4,10,1,6.0,10,1,0,10,1,13.65,12.41
2026-07-29,440110,파두,36.4,138,0.0,75,0,0,0,32.8,4,15,1,16.3,20,1,0,10,0,0,15,0,0,10,1,0,10,1,0.0,10,1,7,10,1,32.21,25.25
2026-07-29,042700,한미반도체,36.2,139,0.0,85,0,0,0,33.9,12,15,1,6.8,20,1,5,10,1,0,15,0,0,10,1,0,10,1,0.0,10,1,7,10,1,24.7,34.84
2026-07-29,460930,현대힘스,36.2,140,0.0,85,0,1,1,47.1,4,15,1,5.8,20,1,8,10,1,0,15,0,0,10,1,0,10,1,6.0,10,1,7,10,1,16.59,19.06
2026-07-29,000270,기아,36.1,141,0.0,85,0,0,0,34.5,12,15,1,4.7,20,1,10,10,1,0,15,0,0,10,1,4,10,1,0.0,10,1,0,10,1,10.47,14.12
2026-07-29,067310,하나마이크론,36.1,142,0.0,75,0,0,0,30.9,8,15,1,12.1,20,1,0,10,0,0,15,0,0,10,1,0,10,1,0.0,10,1,7,10,1,19.7,37.52
2026-07-29,454910,두산로보틱스,36.1,143,0.0,75,0,1,1,32.4,4,15,1,15.1,20,1,0,10,0,0,15,0,0,10,1,0,10,1,6.0,10,1,2,10,1,26.96,35.65
2026-07-29,052690,한전기술,36.1,144,0.0,85,0,1,0,33.3,4,15,1,9.7,20,1,10,10,1,0,15,0,0,10,1,4,10,1,3.0,10,1,0,10,1,24.39,21.12
2026-07-29,247540,에코프로비엠,36.0,145,0.0,75,0,1,0,32.1,4,15,1,20.0,20,1,0,10,0,0,15,0,0,10,1,0,10,1,3.0,10,1,0,10,1,9.83,23.65
2026-07-29,267250,HD현대,36.0,146,0.0,85,0,1,0,38.9,4,15,1,9.6,20,1,10,10,1,0,15,0,0,10,1,4,10,1,3.0,10,1,0,10,1,16.68,22.0
2026-07-29,033160,엠케이전자,36.0,147,0.0,75,0,1,0,34.2,4,15,1,20.0,20,1,0,10,0,0,15,0,0,10,1,0,10,1,3.0,10,1,0,10,1,39.22,46.65
2026-07-29,094170,동운아나텍,36.0,148,0.0,75,0,0,0,29.0,0,15,1,20.0,20,1,0,10,0,0,15,0,0,10,1,7,10,1,0.0,10,1,0,10,1,34.74,45.47
2026-07-29,033640,네패스,36.0,149,0.0,75,0,0,0,25.9,0,15,1,20.0,20,1,0,10,0,0,15,0,0,10,1,7,10,1,0.0,10,1,0,10,1,33.28,45.33
2026-07-29,032500,케이엠더블유,36.0,150,0.0,75,0,1,0,35.6,0,15,1,20.0,20,1,0,10,0,0,15,0,0,10,1,4,10,1,3.0,10,1,0,10,1,28.5,30.6
2026-07-29,126340,비나텍,35.5,151,0.0,85,0,1,0,32.2,0,15,1,17.2,20,1,10,10,1,0,15,0,0,10,1,0,10,1,3.0,10,1,0,10,1,50.26,62.33
2026-07-29,000500,가온전선,35.4,152,0.0,85,0,0,0,33.1,4,15,1,8.1,20,1,10,10,1,0,15,0,0,10,1,4,10,1,0.0,10,1,4,10,1,29.82,36.44
2026-07-29,003670,포스코퓨처엠,35.3,153,0.0,85,0,1,0,31.8,4,15,1,20.0,20,1,3,10,1,0,15,0,0,10,1,0,10,1,3.0,10,1,0,10,1,19.74,35.87
2026-07-29,004710,한솔테크닉스,35.3,154,0.0,85,0,0,0,32.7,0,15,1,20.0,20,1,10,10,1,0,15,0,0,10,1,0,10,1,0.0,10,1,0,10,1,32.14,39.49
2026-07-29,005070,코스모신소재,35.3,155,0.0,85,0,0,0,31.4,0,15,1,20.0,20,1,10,10,1,0,15,0,0,10,1,0,10,1,0.0,10,1,0,10,1,27.66,43.97
2026-07-29,003160,디아이,35.3,156,0.0,85,0,0,0,33.0,0,15,1,20.0,20,1,10,10,1,0,15,0,0,10,1,0,10,1,0.0,10,1,0,10,1,44.24,57.58
2026-07-29,089890,코세스,35.3,157,0.0,85,0,0,0,32.6,0,15,1,20.0,20,1,10,10,1,0,15,0,0,10,1,0,10,1,0.0,10,1,0,10,1,29.03,43.4
2026-07-29,092870,엑시콘,35.3,158,0.0,85,0,0,0,29.9,0,15,1,20.0,20,1,10,10,1,0,15,0,0,10,1,0,10,1,0.0,10,1,0,10,1,46.36,80.82
2026-07-29,002020,코오롱,35.3,159,0.0,85,0,0,0,22.5,0,15,1,20.0,20,1,10,10,1,0,15,0,0,10,1,0,10,1,0.0,10,1,0,10,1,18.76,29.98
2026-07-29,010170,대한광통신,34.7,160,0.0,75,0,0,0,31.6,8,15,1,16.0,20,1,0,10,0,0,15,0,0,10,1,0,10,1,0.0,10,1,2,10,1,62.01,77.72
2026-07-29,011200,HMM,34.7,161,0.0,75,1,1,1,52.0,4,15,1,4.0,20,1,0,10,0,0,15,0,4,10,1,4,10,1,10.0,10,1,0,10,1,4.2,3.95
2026-07-29,178320,서진시스템,34.7,162,0.0,75,0,0,0,31.8,4,15,1,20.0,20,1,0,10,0,0,15,0,0,10,1,0,10,1,0.0,10,1,2,10,1,26.9,25.04
2026-07-29,007810,코리아써키트,34.7,163,0.0,75,0,0,0,25.8,4,15,1,18.0,20,1,0,10,0,0,15,0,0,10,1,4,10,1,0.0,10,1,0,10,1,29.89,55.69
2026-07-29,144960,뉴파워프라즈마,34.7,164,0.0,85,1,0,0,43.0,4,15,1,11.5,20,1,10,10,1,0,15,0,0,10,1,0,10,1,4.0,10,1,0,10,1,33.12,58.5
2026-07-29,036540,SFA반도체,34.7,165,0.0,75,0,0,0,30.2,4,15,1,20.0,20,1,0,10,0,0,15,0,0,10,1,0,10,1,0.0,10,1,2,10,1,30.02,54.59
2026-07-29,097230,HJ중공업,34.7,166,0.0,75,0,1,1,31.6,0,15,1,20.0,20,1,0,10,0,0,15,0,0,10,1,0,10,1,6.0,10,1,0,10,1,25.73,30.92
2026-07-29,062040,산일전기,34.6,167,0.0,85,0,0,0,30.1,8,15,1,7.4,20,1,10,10,1,0,15,0,0,10,1,4,10,1,0.0,10,1,0,10,1,30.83,47.1
2026-07-29,403870,HPSP,34.5,168,0.0,85,0,0,0,33.6,8,15,1,6.3,20,1,8,10,1,0,15,0,0,10,1,0,10,1,0.0,10,1,7,10,1,23.44,38.95
2026-07-29,058470,리노공업,34.5,169,0.0,85,0,0,0,30.2,8,15,1,6.3,20,1,8,10,1,0,15,0,0,10,1,0,10,1,0.0,10,1,7,10,1,14.95,22.51
2026-07-29,060250,NHN KCP,34.5,170,0.0,85,0,1,1,36.5,4,15,1,5.3,20,1,8,10,1,0,15,0,0,10,1,4,10,1,6.0,10,1,2,10,1,18.06,29.54
2026-07-29,298020,효성티앤씨,34.5,171,0.0,85,0,1,1,43.2,4,15,1,9.3,20,1,10,10,1,0,15,0,0,10,1,0,10,1,6.0,10,1,0,10,1,15.18,12.74
2026-07-29,039830,오로라,34.5,172,0.0,85,0,0,1,53.9,0,15,1,6.3,20,1,10,10,1,0,15,0,0,10,1,10,10,1,3.0,10,1,0,10,1,20.85,18.29
2026-07-29,138930,BNK금융지주,34.4,173,0.0,85,0,0,0,30.0,4,15,1,5.2,20,1,10,10,1,0,15,0,0,10,1,10,10,1,0.0,10,1,0,10,1,-0.13,-0.74
2026-07-29,060370,LS마린솔루션,34.4,174,0.0,85,0,1,0,40.6,0,15,1,16.2,20,1,10,10,1,0,15,0,0,10,1,0,10,1,3.0,10,1,0,10,1,28.16,39.18
2026-07-29,071050,한국금융지주,34.2,175,0.0,85,0,0,0,34.7,8,15,1,9.1,20,1,10,10,1,0,15,0,0,10,1,0,10,1,0.0,10,1,2,10,1,14.17,8.83
2026-07-29,100090,SK오션플랜트,34.2,176,0.0,85,0,1,1,39.2,4,15,1,7.1,20,1,8,10,1,0,15,0,0,10,1,0,10,1,6.0,10,1,4,10,1,18.12,22.56
2026-07-29,028670,팬오션,34.2,177,0.0,85,0,1,0,45.0,4,15,1,5.1,20,1,10,10,1,0,15,0,0,10,1,7,10,1,3.0,10,1,0,10,1,18.15,13.51
2026-07-29,096530,씨젠,34.1,178,0.0,85,0,0,0,40.2,4,15,1,20.0,20,1,1,10,1,0,15,0,0,10,1,4,10,1,0.0,10,1,0,10,1,10.22,25.34
2026-07-29,071970,HD현대마린엔진,34.0,179,0.0,85,0,0,0,36.5,4,15,1,10.9,20,1,10,10,1,0,15,0,0,10,1,4,10,1,0.0,10,1,0,10,1,23.46,20.96
2026-07-29,018880,한온시스템,33.9,180,0.0,85,0,1,0,36.5,4,15,1,13.8,20,1,8,10,1,0,15,0,0,10,1,0,10,1,3.0,10,1,0,10,1,11.71,20.41
2026-07-29,066575,LG전자우,33.9,181,0.0,85,0,0,0,34.2,4,15,1,7.8,20,1,10,10,1,0,15,0,0,10,1,7,10,1,0.0,10,1,0,10,1,20.57,36.6
2026-07-29,031330,에스에이엠티,33.8,182,0.0,85,0,0,0,31.5,4,15,1,7.7,20,1,10,10,1,0,15,0,0,10,1,7,10,1,0.0,10,1,0,10,1,26.19,21.43
2026-07-29,189300,인텔리안테크,33.8,183,0.0,85,0,1,0,29.8,0,15,1,15.7,20,1,10,10,1,0,15,0,0,10,1,0,10,1,3.0,10,1,0,10,1,36.31,50.68
2026-07-29,039030,이오테크닉스,33.5,184,0.0,85,0,0,0,31.4,4,15,1,12.5,20,1,10,10,1,0,15,0,0,10,1,0,10,1,0.0,10,1,2,10,1,31.33,52.01
2026-07-29,139130,iM금융지주,33.5,185,0.0,85,0,0,0,35.0,4,15,1,10.5,20,1,10,10,1,0,15,0,0,10,1,4,10,1,0.0,10,1,0,10,1,9.99,7.95
2026-07-29,037070,파세코,33.4,186,0.0,85,0,0,1,43.6,0,15,1,10.4,20,1,8,10,1,0,15,0,0,10,1,0,10,1,3.0,10,1,7,10,1,23.08,-4.1
2026-07-29,476060,온코닉테라퓨틱스,33.3,187,0.0,75,0,0,1,34.9,0,15,1,20.0,20,1,0,10,0,0,15,0,0,10,1,0,10,1,3.0,10,1,2,10,1,36.87,62.61
2026-07-29,484870,엠앤씨솔루션,33.3,188,0.0,85,0,1,0,24.1,0,15,1,7.3,20,1,8,10,1,0,15,0,0,10,1,10,10,1,3.0,10,1,0,10,1,26.01,35.0
2026-07-29,003720,삼영,33.3,189,0.0,85,0,1,0,37.9,0,15,1,8.3,20,1,10,10,1,0,15,0,0,10,1,7,10,1,3.0,10,1,0,10,1,28.52,28.52
2026-07-29,237690,에스티팜,33.2,190,0.0,85,0,0,0,27.6,4,15,1,9.2,20,1,8,10,1,0,15,0,0,10,1,7,10,1,0.0,10,1,0,10,1,11.26,18.76
2026-07-29,030200,KT,33.2,191,0.0,75,0,1,1,49.7,4,15,1,14.9,20,1,0,10,0,0,15,0,0,10,1,0,10,1,6.0,10,1,0,10,1,-2.42,-2.42
2026-07-29,051915,LG화학우,33.2,192,0.0,85,0,1,0,29.4,0,15,1,13.2,20,1,8,10,1,0,15,0,0,10,1,4,10,1,3.0,10,1,0,10,1,13.07,15.01
2026-07-29,005180,빙그레,33.1,193,0.0,85,0,1,1,54.6,0,15,1,5.1,20,1,10,10,1,0,15,0,0,10,1,7,10,1,6.0,10,1,0,10,1,0.59,1.93
2026-07-29,192820,코스맥스,32.9,194,0.0,85,1,1,1,56.4,4,15,1,5.0,20,1,5,10,1,0,15,0,0,10,1,4,10,1,10.0,10,1,0,10,1,5.58,34.81
2026-07-29,356860,티엘비,32.9,195,0.0,85,0,0,0,26.4,0,15,1,20.0,20,1,8,10,1,0,15,0,0,10,1,0,10,1,0.0,10,1,0,10,1,31.07,45.79
2026-07-29,006110,삼아알미늄,32.9,196,0.0,85,0,1,0,32.6,0,15,1,20.0,20,1,5,10,1,0,15,0,0,10,1,0,10,1,3.0,10,1,0,10,1,46.11,101.11
2026-07-29,280360,롯데웰푸드,32.9,197,0.0,85,0,1,1,49.9,0,15,1,8.0,20,1,10,10,1,0,15,0,0,10,1,4,10,1,6.0,10,1,0,10,1,-0.68,16.29
2026-07-29,010820,퍼스텍,32.8,198,0.0,85,0,1,1,30.5,0,15,1,11.9,20,1,10,10,1,0,15,0,0,10,1,0,10,1,6.0,10,1,0,10,1,32.06,37.81
2026-07-29,000100,유한양행,32.7,199,0.0,85,0,1,1,46.1,4,15,1,8.8,20,1,5,10,1,0,15,0,0,10,1,4,10,1,6.0,10,1,0,10,1,6.83,17.35
2026-07-29,383310,에코프로에이치엔,32.6,200,0.0,85,0,0,0,32.6,0,15,1,13.7,20,1,10,10,1,0,15,0,0,10,1,4,10,1,0.0,10,1,0,10,1,14.73,24.64
2026-07-30,068270,셀트리온,72.1,1,0.0,85,0,1,1,64.1,15,15,1,11.3,20,1,8,10,1,0,15,0,4,10,1,7,10,1,6.0,10,1,10,10,1,4.89,5.79
2026-07-30,051900,LG생활건강,69.9,2,0.0,85,1,1,1,74.5,8,15,1,9.4,20,1,10,10,1,0,15,0,10,10,1,10,10,1,10.0,10,1,2,10,1,14.21,5.31
2026-07-30,005930,삼성전자,65.9,3,0.0,85,0,0,0,33.9,15,15,1,20.0,20,1,10,10,1,0,15,0,0,10,1,4,10,1,0.0,10,1,7,10,1,11.59,32.61
2026-07-30,006400,삼성SDI,65.9,4,0.0,85,0,0,0,34.5,15,15,1,20.0,20,1,10,10,1,0,15,0,0,10,1,4,10,1,0.0,10,1,7,10,1,28.03,43.93
2026-07-30,042660,한화오션,64.7,5,0.0,85,0,1,0,40.4,12,15,1,20.0,20,1,10,10,1,0,15,0,0,10,1,0,10,1,3.0,10,1,10,10,1,12.74,20.81
2026-07-30,010950,S-Oil,64.7,6,0.0,85,1,0,1,50.4,8,15,1,20.0,20,1,10,10,1,0,15,0,0,10,1,0,10,1,7.0,10,1,10,10,1,5.76,13.45
2026-07-30,005935,삼성전자우,61.2,7,0.0,85,0,0,0,36.3,15,15,1,20.0,20,1,10,10,1,0,15,0,0,10,1,0,10,1,0.0,10,1,7,10,1,12.65,29.54
2026-07-30,277810,레인보우로보틱스,61.2,8,0.0,75,0,1,1,38.9,8,15,1,17.9,20,1,0,10,0,0,15,0,0,10,1,4,10,1,6.0,10,1,10,10,1,24.66,34.32
2026-07-30,003230,삼양식품,60.9,9,0.0,85,0,1,1,60.7,12,15,1,6.8,20,1,10,10,1,0,15,0,0,10,1,7,10,1,6.0,10,1,10,10,1,5.07,2.17
2026-07-30,010060,OCI홀딩스,60.0,10,0.0,85,0,1,1,40.6,8,15,1,20.0,20,1,10,10,1,0,15,0,0,10,1,0,10,1,6.0,10,1,7,10,1,55.36,59.06
2026-07-30,090430,아모레퍼시픽,59.8,11,0.0,85,1,1,1,63.9,8,15,1,6.8,20,1,5,10,1,0,15,0,7,10,1,7,10,1,10.0,10,1,7,10,1,5.82,1.27
2026-07-30,009540,HD한국조선해양,59.1,12,0.0,85,0,1,0,51.4,12,15,1,13.2,20,1,8,10,1,0,15,0,0,10,1,4,10,1,3.0,10,1,10,10,1,8.14,4.75
2026-07-30,214450,파마리서치,58.5,13,0.0,85,1,1,1,52.1,8,15,1,7.7,20,1,10,10,1,0,15,0,0,10,1,4,10,1,10.0,10,1,10,10,1,8.76,14.37
2026-07-30,086520,에코프로,57.9,14,0.0,85,0,1,1,37.7,8,15,1,13.2,20,1,8,10,1,0,15,0,0,10,1,4,10,1,6.0,10,1,10,10,1,21.81,32.58
2026-07-30,396300,세아메카닉스,57.6,15,0.0,85,0,1,1,52.5,4,15,1,20.0,20,1,10,10,1,0,15,0,0,10,1,7,10,1,6.0,10,1,2,10,1,9.45,30.23
2026-07-30,096770,SK이노베이션,56.5,16,0.0,85,0,1,0,53.0,8,15,1,20.0,20,1,10,10,1,0,15,0,0,10,1,0,10,1,3.0,10,1,7,10,1,3.17,10.38
2026-07-30,000660,SK하이닉스,56.0,17,0.0,75,0,0,0,32.0,15,15,1,20.0,20,1,0,10,0,0,15,0,0,10,1,0,10,1,0.0,10,1,7,10,1,7.56,24.43
2026-07-30,483650,달바글로벌,54.9,18,0.0,85,1,1,1,52.4,8,15,1,7.7,20,1,10,10,1,0,15,0,0,10,1,4,10,1,10.0,10,1,7,10,1,5.35,-2.14
2026-07-30,298040,효성중공업,53.8,19,0.0,85,0,0,0,28.5,12,15,1,9.7,20,1,10,10,1,0,15,0,0,10,1,7,10,1,0.0,10,1,7,10,1,49.52,55.97
2026-07-30,078930,GS,53.2,20,0.0,85,1,1,1,56.7,8,15,1,6.2,20,1,10,10,1,0,15,0,4,10,1,0,10,1,10.0,10,1,7,10,1,14.34,35.26
2026-07-30,267270,HD건설기계,52.9,21,0.0,85,0,0,0,39.3,8,15,1,20.0,20,1,10,10,1,0,15,0,0,10,1,7,10,1,0.0,10,1,0,10,1,20.93,21.37
2026-07-30,373220,LG에너지솔루션,52.5,22,0.0,75,0,1,0,43.7,12,15,1,17.4,20,1,0,10,0,0,15,0,0,10,1,0,10,1,3.0,10,1,7,10,1,12.5,15.47
2026-07-30,316140,우리금융지주,51.8,23,0.0,85,1,1,1,59.2,8,15,1,5.0,20,1,10,10,1,0,15,0,7,10,1,4,10,1,10.0,10,1,0,10,1,6.42,3.06
2026-07-30,332570,PS일렉트로닉스,51.8,24,0.0,85,0,1,1,45.8,4,15,1,20.0,20,1,10,10,1,0,15,0,0,10,1,0,10,1,6.0,10,1,4,10,1,28.23,70.0
2026-07-30,052460,아이크래프트,51.8,25,0.0,85,1,1,1,59.7,0,15,1,20.0,20,1,10,10,1,0,15,0,4,10,1,0,10,1,10.0,10,1,0,10,1,55.14,85.87
2026-07-30,080220,제주반도체,51.3,26,0.0,85,0,0,0,33.3,8,15,1,18.6,20,1,10,10,1,0,15,0,0,10,1,0,10,1,0.0,10,1,7,10,1,50.5,62.67
2026-07-30,196170,알테오젠,50.7,27,0.0,75,0,1,0,41.3,8,15,1,20.0,20,1,0,10,0,0,15,0,0,10,1,0,10,1,3.0,10,1,7,10,1,9.12,12.34
2026-07-30,207940,삼성바이오로직스,50.6,28,0.0,85,1,1,1,60.1,8,15,1,7.0,20,1,1,10,1,0,15,0,7,10,1,0,10,1,10.0,10,1,10,10,1,1.9,1.38
2026-07-30,003670,포스코퓨처엠,50.6,29,0.0,85,0,1,1,36.8,8,15,1,20.0,20,1,3,10,1,0,15,0,0,10,1,4,10,1,6.0,10,1,2,10,1,19.66,30.95
2026-07-30,285130,SK케미칼,50.6,30,0.0,85,0,1,1,44.7,0,15,1,20.0,20,1,10,10,1,0,15,0,0,10,1,7,10,1,6.0,10,1,0,10,1,12.5,28.87
2026-07-30,041920,메디아나,50.6,31,0.0,85,0,1,0,28.3,0,15,1,20.0,20,1,10,10,1,0,15,0,0,10,1,10,10,1,3.0,10,1,0,10,1,26.79,36.26
2026-07-30,372910,한컴라이프케어,50.6,32,0.0,85,0,1,0,36.1,0,15,1,20.0,20,1,10,10,1,0,15,0,0,10,1,10,10,1,3.0,10,1,0,10,1,13.99,17.23
2026-07-30,267260,HD현대일렉트릭,50.1,33,0.0,85,0,0,0,28.0,12,15,1,6.6,20,1,10,10,1,0,15,0,0,10,1,7,10,1,0.0,10,1,7,10,1,30.7,37.74
2026-07-30,402340,SK스퀘어,49.3,34,0.0,75,0,0,0,31.1,15,15,1,20.0,20,1,0,10,0,0,15,0,0,10,1,0,10,1,0.0,10,1,2,10,1,17.52,44.43
2026-07-30,475150,SK이터닉스,48.6,35,0.0,85,1,0,1,42.8,12,15,1,5.3,20,1,10,10,1,0,15,0,0,10,1,0,10,1,7.0,10,1,7,10,1,20.81,39.47
2026-07-30,009150,삼성전기,48.1,36,0.0,85,0,0,0,29.3,15,15,1,8.9,20,1,10,10,1,0,15,0,0,10,1,0,10,1,0.0,10,1,7,10,1,45.39,77.25
2026-07-30,247540,에코프로비엠,48.0,37,0.0,75,0,1,1,34.8,8,15,1,20.0,20,1,0,10,0,0,15,0,0,10,1,0,10,1,6.0,10,1,2,10,1,10.88,20.93
2026-07-30,079160,CJ CGV,48.0,38,0.0,75,0,1,1,71.7,4,15,1,6.0,20,1,0,10,0,0,15,0,10,10,1,10,10,1,6.0,10,1,0,10,1,2.39,0.18
2026-07-30,036930,주성엔지니어링,47.6,39,0.0,85,0,0,0,32.0,12,15,1,11.5,20,1,10,10,1,0,15,0,0,10,1,0,10,1,0.0,10,1,7,10,1,30.01,80.87
2026-07-30,012450,한화에어로스페이스,47.3,40,0.0,85,0,0,0,40.1,12,15,1,8.2,20,1,10,10,1,0,15,0,0,10,1,0,10,1,0.0,10,1,10,10,1,26.82,34.1
2026-07-30,329180,HD현대중공업,47.2,41,0.0,85,0,1,0,35.4,12,15,1,14.1,20,1,1,10,1,0,15,0,0,10,1,0,10,1,3.0,10,1,10,10,1,12.95,13.84
2026-07-30,353200,대덕전자,47.1,42,0.0,85,0,0,0,29.6,8,15,1,20.0,20,1,10,10,1,0,15,0,0,10,1,0,10,1,0.0,10,1,2,10,1,39.33,59.87
2026-07-30,352820,하이브,47.1,43,0.0,85,0,0,0,33.2,8,15,1,20.0,20,1,10,10,1,0,15,0,0,10,1,0,10,1,0.0,10,1,2,10,1,13.5,10.06
2026-07-30,036570,NC,47.1,44,0.0,85,0,1,1,44.7,4,15,1,20.0,20,1,10,10,1,0,15,0,0,10,1,0,10,1,6.0,10,1,0,10,1,8.52,8.08
2026-07-30,005490,POSCO홀딩스,46.7,45,0.0,85,0,1,0,41.3,8,15,1,7.7,20,1,10,10,1,0,15,0,0,10,1,4,10,1,3.0,10,1,7,10,1,10.15,11.15
2026-07-30,034730,SK,46.7,46,0.0,75,0,0,0,34.3,8,15,1,20.0,20,1,0,10,0,0,15,0,0,10,1,0,10,1,0.0,10,1,7,10,1,8.43,24.87
2026-07-30,240810,원익IPS,46.7,47,0.0,75,0,0,0,32.4,8,15,1,20.0,20,1,0,10,0,0,15,0,0,10,1,0,10,1,0.0,10,1,7,10,1,15.73,52.82
2026-07-30,322000,HD현대에너지솔루션,46.7,48,0.0,75,0,0,0,40.6,8,15,1,20.0,20,1,0,10,0,0,15,0,0,10,1,0,10,1,0.0,10,1,7,10,1,26.41,21.96
2026-07-30,278470,에이피알,46.6,49,0.0,85,0,0,0,33.7,8,15,1,14.6,20,1,10,10,1,0,15,0,0,10,1,0,10,1,0.0,10,1,7,10,1,22.06,23.97
2026-07-30,051905,LG생활건강우,46.4,50,0.0,85,0,1,1,66.3,0,15,1,9.4,20,1,10,10,1,0,15,0,4,10,1,10,10,1,6.0,10,1,0,10,1,8.96,2.03
2026-07-30,047040,대우건설,46.2,51,0.0,85,0,0,0,27.6,8,15,1,14.3,20,1,10,10,1,0,15,0,0,10,1,0,10,1,0.0,10,1,7,10,1,46.52,60.8
2026-07-30,039830,오로라,46.2,52,0.0,85,0,1,1,62.4,0,15,1,6.3,20,1,10,10,1,0,15,0,10,10,1,7,10,1,6.0,10,1,0,10,1,3.64,4.77
2026-07-30,259960,크래프톤,46.1,53,0.0,85,0,1,1,60.7,8,15,1,6.2,20,1,10,10,1,0,15,0,0,10,1,7,10,1,6.0,10,1,2,10,1,-6.76,-8.11
2026-07-30,006110,삼아알미늄,45.9,54,0.0,85,0,1,0,34.6,4,15,1,20.0,20,1,5,10,1,0,15,0,0,10,1,7,10,1,3.0,10,1,0,10,1,69.18,89.61
2026-07-30,111770,영원무역,45.2,55,0.0,85,1,1,1,61.5,4,15,1,7.4,20,1,10,10,1,0,15,0,7,10,1,0,10,1,10.0,10,1,0,10,1,4.83,-3.59
2026-07-30,009830,한화솔루션,44.8,56,0.0,75,0,0,0,32.6,8,15,1,18.6,20,1,0,10,0,0,15,0,0,10,1,0,10,1,0.0,10,1,7,10,1,44.26,50.64
2026-07-30,004310,현대약품,44.7,57,0.0,85,0,0,0,41.8,4,15,1,20.0,20,1,10,10,1,0,15,0,0,10,1,0,10,1,0.0,10,1,4,10,1,21.3,24.46
2026-07-30,091590,남화토건,44.7,58,0.0,75,0,0,1,42.5,4,15,1,19.5,20,1,0,10,0,0,15,0,0,10,1,7,10,1,3.0,10,1,0,10,1,-5.73,32.92
2026-07-30,077360,덕산하이메탈,44.7,59,0.0,85,0,0,0,34.4,4,15,1,20.0,20,1,10,10,1,0,15,0,0,10,1,4,10,1,0.0,10,1,0,10,1,34.2,43.62
2026-07-30,011070,LG이노텍,44.5,60,0.0,85,0,0,0,24.9,12,15,1,8.8,20,1,10,10,1,0,15,0,0,10,1,0,10,1,0.0,10,1,7,10,1,30.19,54.25
2026-07-30,058610,에스피지,44.0,61,0.0,85,0,1,1,49.1,8,15,1,6.4,20,1,3,10,1,0,15,0,0,10,1,7,10,1,6.0,10,1,7,10,1,32.42,54.43
2026-07-30,010140,삼성중공업,43.7,62,0.0,75,0,1,0,40.7,8,15,1,7.8,20,1,0,10,0,0,15,0,0,10,1,4,10,1,3.0,10,1,10,10,1,7.3,8.52
2026-07-30,043260,성호전자,43.5,63,0.0,85,0,1,0,28.3,4,15,1,20.0,20,1,10,10,1,0,15,0,0,10,1,0,10,1,3.0,10,1,0,10,1,45.23,72.15
2026-07-30,218410,RFHIC,43.5,64,0.0,85,0,1,0,29.5,4,15,1,20.0,20,1,10,10,1,0,15,0,0,10,1,0,10,1,3.0,10,1,0,10,1,37.25,50.71
2026-07-30,263750,펄어비스,43.5,65,0.0,85,0,1,0,35.9,4,15,1,20.0,20,1,10,10,1,0,15,0,0,10,1,0,10,1,3.0,10,1,0,10,1,10.9,-2.65
2026-07-30,317400,자이에스앤디,43.5,66,0.0,85,1,0,1,52.0,0,15,1,20.0,20,1,10,10,1,0,15,0,0,10,1,0,10,1,7.0,10,1,0,10,1,49.37,80.07
2026-07-30,322310,오로스테크놀로지,43.5,67,0.0,85,0,0,0,26.1,0,15,1,20.0,20,1,10,10,1,0,15,0,0,10,1,7,10,1,0.0,10,1,0,10,1,21.88,42.42
2026-07-30,066570,LG전자,43.3,68,0.0,85,0,0,0,35.4,12,15,1,7.8,20,1,10,10,1,0,15,0,0,10,1,0,10,1,0.0,10,1,7,10,1,25.0,45.27
2026-07-30,010120,LS ELECTRIC,43.1,69,0.0,85,0,0,0,35.5,12,15,1,7.6,20,1,10,10,1,0,15,0,0,10,1,0,10,1,0.0,10,1,7,10,1,33.73,37.39
2026-07-30,267250,HD현대,43.1,70,0.0,85,0,1,0,42.1,8,15,1,9.6,20,1,10,10,1,0,15,0,0,10,1,4,10,1,3.0,10,1,2,10,1,16.04,21.45
2026-07-30,032830,삼성생명,42.9,71,0.0,85,0,0,0,32.4,12,15,1,7.5,20,1,10,10,1,0,15,0,0,10,1,0,10,1,0.0,10,1,7,10,1,4.36,14.02
2026-07-30,017670,SK텔레콤,42.7,72,0.0,85,0,0,0,37.1,8,15,1,8.3,20,1,10,10,1,0,15,0,0,10,1,0,10,1,0.0,10,1,10,10,1,12.79,28.52
2026-07-30,222800,심텍,42.7,73,0.0,75,0,0,0,31.6,8,15,1,20.0,20,1,0,10,0,0,15,0,0,10,1,0,10,1,0.0,10,1,4,10,1,72.41,70.38
2026-07-30,051910,LG화학,42.6,74,0.0,85,0,1,0,39.2,8,15,1,13.2,20,1,8,10,1,0,15,0,0,10,1,0,10,1,3.0,10,1,4,10,1,12.42,14.26
2026-07-30,009420,한올바이오파마,42.4,75,0.0,85,0,0,0,32.7,4,15,1,20.0,20,1,8,10,1,0,15,0,0,10,1,4,10,1,0.0,10,1,0,10,1,38.72,53.08
2026-07-30,042700,한미반도체,42.1,76,0.0,85,0,0,0,33.8,12,15,1,6.8,20,1,10,10,1,0,15,0,0,10,1,0,10,1,0.0,10,1,7,10,1,14.74,36.63
2026-07-30,006800,미래에셋증권,41.8,77,0.0,85,0,0,0,28.3,8,15,1,10.5,20,1,10,10,1,0,15,0,0,10,1,0,10,1,0.0,10,1,7,10,1,12.25,24.67
2026-07-30,003550,LG,41.4,78,0.0,85,0,1,0,45.3,8,15,1,8.2,20,1,10,10,1,0,15,0,0,10,1,4,10,1,3.0,10,1,2,10,1,12.14,24.48
2026-07-30,007660,이수페타시스,40.5,79,0.0,85,0,0,0,27.7,8,15,1,9.4,20,1,10,10,1,0,15,0,0,10,1,0,10,1,0.0,10,1,7,10,1,39.02,61.49
2026-07-30,333430,일승,40.1,80,0.0,85,0,1,0,53.3,4,15,1,7.1,20,1,10,10,1,0,15,0,0,10,1,10,10,1,3.0,10,1,0,10,1,8.7,13.86
2026-07-30,008930,한미사이언스,40.1,81,0.0,85,1,1,1,59.2,4,15,1,6.1,20,1,10,10,1,0,15,0,4,10,1,0,10,1,10.0,10,1,0,10,1,28.49,27.48
2026-07-30,098460,고영,40.0,82,0.0,85,0,0,0,38.2,4,15,1,20.0,20,1,10,10,1,0,15,0,0,10,1,0,10,1,0.0,10,1,0,10,1,31.26,43.46
2026-07-30,131970,두산테스나,40.0,83,0.0,85,0,0,0,26.9,4,15,1,20.0,20,1,10,10,1,0,15,0,0,10,1,0,10,1,0.0,10,1,0,10,1,22.97,62.16
2026-07-30,008770,호텔신라,40.0,84,0.0,85,0,0,0,33.9,4,15,1,20.0,20,1,10,10,1,0,15,0,0,10,1,0,10,1,0.0,10,1,0,10,1,-0.35,5.95
2026-07-30,420770,기가비스,40.0,85,0.0,85,0,0,0,27.1,4,15,1,20.0,20,1,10,10,1,0,15,0,0,10,1,0,10,1,0.0,10,1,0,10,1,31.0,42.64
2026-07-30,290650,엘앤씨바이오,40.0,86,0.0,85,0,0,0,31.3,4,15,1,20.0,20,1,10,10,1,0,15,0,0,10,1,0,10,1,0.0,10,1,0,10,1,20.39,6.21
2026-07-30,139480,이마트,40.0,87,0.0,75,0,1,1,41.1,4,15,1,20.0,20,1,0,10,0,0,15,0,0,10,1,0,10,1,6.0,10,1,0,10,1,4.88,1.41
2026-07-30,097230,HJ중공업,40.0,88,0.0,75,0,1,1,35.5,4,15,1,20.0,20,1,0,10,0,0,15,0,0,10,1,0,10,1,6.0,10,1,0,10,1,16.86,25.26
2026-07-30,044490,태웅,40.0,89,0.0,85,0,0,0,35.5,0,15,1,20.0,20,1,10,10,1,0,15,0,0,10,1,4,10,1,0.0,10,1,0,10,1,46.57,66.43
2026-07-30,348210,넥스틴,40.0,90,0.0,85,0,0,0,26.5,0,15,1,20.0,20,1,10,10,1,0,15,0,0,10,1,4,10,1,0.0,10,1,0,10,1,22.73,41.5
2026-07-30,033780,KT&G,39.6,91,0.0,85,0,1,1,59.9,8,15,1,4.7,20,1,8,10,1,0,15,0,7,10,1,0,10,1,6.0,10,1,0,10,1,1.61,-5.27
2026-07-30,018260,삼성에스디에스,39.3,92,0.0,75,0,1,1,48.3,8,15,1,5.5,20,1,0,10,0,0,15,0,0,10,1,0,10,1,6.0,10,1,10,10,1,11.47,22.55
2026-07-30,028050,삼성E&A,39.2,93,0.0,85,0,1,1,43.5,8,15,1,5.3,20,1,10,10,1,0,15,0,0,10,1,0,10,1,6.0,10,1,4,10,1,17.32,21.46
2026-07-30,124500,아이티센글로벌,38.8,94,0.0,85,0,1,0,34.8,0,15,1,20.0,20,1,10,10,1,0,15,0,0,10,1,0,10,1,3.0,10,1,0,10,1,22.97,46.26
2026-07-30,272210,한화시스템,38.7,95,0.0,85,0,1,0,34.3,8,15,1,9.9,20,1,10,10,1,0,15,0,0,10,1,0,10,1,3.0,10,1,2,10,1,28.31,45.74
2026-07-30,001430,세아베스틸지주,38.5,96,0.0,85,0,1,1,41.6,4,15,1,8.7,20,1,10,10,1,0,15,0,0,10,1,4,10,1,6.0,10,1,0,10,1,30.41,41.07
2026-07-30,439260,대한조선,38.4,97,0.0,85,0,1,1,46.7,4,15,1,8.6,20,1,10,10,1,0,15,0,0,10,1,4,10,1,6.0,10,1,0,10,1,0.2,11.52
2026-07-30,047810,한국항공우주,38.2,98,0.0,85,0,0,0,35.9,8,15,1,7.5,20,1,10,10,1,0,15,0,0,10,1,0,10,1,0.0,10,1,7,10,1,27.75,21.29
2026-07-30,039030,이오테크닉스,38.2,99,0.0,85,0,0,0,30.6,8,15,1,12.5,20,1,10,10,1,0,15,0,0,10,1,0,10,1,0.0,10,1,2,10,1,35.21,68.33
2026-07-30,037070,파세코,38.1,100,0.0,85,0,0,1,45.8,4,15,1,10.4,20,1,8,10,1,0,15,0,0,10,1,0,10,1,3.0,10,1,7,10,1,-0.97,-7.63
2026-07-30,000720,현대건설,37.8,101,0.0,85,0,0,0,33.5,8,15,1,12.1,20,1,10,10,1,0,15,0,0,10,1,0,10,1,0.0,10,1,2,10,1,34.52,41.74
2026-07-30,001440,대한전선,37.5,102,0.0,85,0,0,0,31.2,8,15,1,6.9,20,1,10,10,1,0,15,0,0,10,1,0,10,1,0.0,10,1,7,10,1,30.29,43.99
2026-07-30,018880,한온시스템,37.4,103,0.0,85,0,1,1,39.1,4,15,1,13.8,20,1,8,10,1,0,15,0,0,10,1,0,10,1,6.0,10,1,0,10,1,11.03,17.0
2026-07-30,319660,피에스케이,37.1,104,0.0,85,0,0,0,31.4,8,15,1,9.5,20,1,10,10,1,0,15,0,0,10,1,0,10,1,0.0,10,1,4,10,1,16.77,32.25
2026-07-30,319400,현대무벡스,37.1,105,0.0,85,0,1,1,41.0,8,15,1,5.5,20,1,1,10,1,0,15,0,0,10,1,4,10,1,6.0,10,1,7,10,1,20.41,44.7
2026-07-30,003690,코리안리,37.1,106,0.0,85,1,0,0,50.5,4,15,1,5.5,20,1,10,10,1,0,15,0,4,10,1,4,10,1,4.0,10,1,0,10,1,7.63,13.26
2026-07-30,079550,LIG디펜스앤에어로스페이스,36.9,107,0.0,85,0,0,0,40.8,8,15,1,6.4,20,1,10,10,1,0,15,0,0,10,1,0,10,1,0.0,10,1,7,10,1,15.6,27.15
2026-07-30,004170,신세계,36.8,108,0.0,85,0,0,0,27.9,8,15,1,7.3,20,1,10,10,1,0,15,0,0,10,1,4,10,1,0.0,10,1,2,10,1,6.06,7.83
2026-07-30,035720,카카오,36.7,109,0.0,75,0,1,0,49.4,8,15,1,6.5,20,1,0,10,0,0,15,0,0,10,1,0,10,1,3.0,10,1,10,10,1,10.37,10.65
2026-07-30,005830,DB손해보험,36.7,110,0.0,75,1,0,1,57.3,8,15,1,4.5,20,1,0,10,0,0,15,0,4,10,1,4,10,1,7.0,10,1,0,10,1,1.84,8.53
2026-07-30,083650,비에이치아이,36.6,111,0.0,85,0,0,0,30.1,4,15,1,17.1,20,1,10,10,1,0,15,0,0,10,1,0,10,1,0.0,10,1,0,10,1,44.22,77.17
2026-07-30,055550,신한지주,36.2,112,0.0,85,0,0,0,46.5,12,15,1,4.8,20,1,10,10,1,0,15,0,4,10,1,0,10,1,0.0,10,1,0,10,1,9.13,6.55
2026-07-30,460930,현대힘스,36.2,113,0.0,85,0,1,1,49.3,4,15,1,5.8,20,1,8,10,1,0,15,0,0,10,1,0,10,1,6.0,10,1,7,10,1,11.15,20.0
2026-07-30,032640,LG유플러스,35.6,114,0.0,85,0,1,0,58.5,4,15,1,5.3,20,1,10,10,1,0,15,0,4,10,1,4,10,1,3.0,10,1,0,10,1,-2.6,-1.95
2026-07-30,009970,영원무역홀딩스,35.6,115,0.0,85,1,1,1,62.3,0,15,1,6.3,20,1,10,10,1,0,15,0,4,10,1,0,10,1,10.0,10,1,0,10,1,0.98,-7.38
2026-07-30,126340,비나텍,35.5,116,0.0,85,0,1,0,30.8,0,15,1,17.2,20,1,10,10,1,0,15,0,0,10,1,0,10,1,3.0,10,1,0,10,1,51.25,65.31
2026-07-30,006910,보성파워텍,35.3,117,0.0,85,0,0,0,30.9,0,15,1,20.0,20,1,10,10,1,0,15,0,0,10,1,0,10,1,0.0,10,1,0,10,1,34.14,60.28
2026-07-30,089890,코세스,35.3,118,0.0,85,0,0,0,31.4,0,15,1,20.0,20,1,10,10,1,0,15,0,0,10,1,0,10,1,0.0,10,1,0,10,1,30.8,47.19
2026-07-30,003530,한화투자증권,35.3,119,0.0,85,0,0,0,29.8,0,15,1,20.0,20,1,10,10,1,0,15,0,0,10,1,0,10,1,0.0,10,1,0,10,1,19.32,30.07
2026-07-30,003160,디아이,35.3,120,0.0,85,0,0,0,32.9,0,15,1,20.0,20,1,10,10,1,0,15,0,0,10,1,0,10,1,0.0,10,1,0,10,1,41.47,56.65
2026-07-30,456040,OCI,35.3,121,0.0,85,0,0,0,26.9,0,15,1,20.0,20,1,10,10,1,0,15,0,0,10,1,0,10,1,0.0,10,1,0,10,1,24.44,30.06
2026-07-30,005070,코스모신소재,35.3,122,0.0,85,0,0,0,30.8,0,15,1,20.0,20,1,10,10,1,0,15,0,0,10,1,0,10,1,0.0,10,1,0,10,1,30.54,50.71
2026-07-30,099320,쎄트렉아이,35.3,123,0.0,85,0,0,0,31.5,0,15,1,20.0,20,1,10,10,1,0,15,0,0,10,1,0,10,1,0.0,10,1,0,10,1,29.86,41.32
2026-07-30,004710,한솔테크닉스,35.3,124,0.0,85,0,0,0,32.1,0,15,1,20.0,20,1,10,10,1,0,15,0,0,10,1,0,10,1,0.0,10,1,0,10,1,24.11,40.6
2026-07-30,051600,한전KPS,35.2,125,0.0,85,0,1,1,43.5,4,15,1,5.9,20,1,10,10,1,0,15,0,0,10,1,4,10,1,6.0,10,1,0,10,1,8.75,6.67
2026-07-30,103590,일진전기,35.1,126,0.0,85,0,0,0,28.0,4,15,1,8.8,20,1,10,10,1,0,15,0,0,10,1,7,10,1,0.0,10,1,0,10,1,27.71,62.76
2026-07-30,213500,한솔제지,35.1,127,0.0,85,0,1,1,61.4,0,15,1,10.8,20,1,3,10,1,0,15,0,0,10,1,10,10,1,6.0,10,1,0,10,1,8.46,8.6
2026-07-30,012330,현대모비스,34.9,128,0.0,85,0,0,1,39.3,12,15,1,4.7,20,1,10,10,1,0,15,0,0,10,1,0,10,1,3.0,10,1,0,10,1,11.57,22.92
2026-07-30,105560,KB금융,34.8,129,0.0,85,0,0,0,48.6,15,15,1,4.6,20,1,10,10,1,0,15,0,0,10,1,0,10,1,0.0,10,1,0,10,1,5.02,0.66
2026-07-30,058730,다스코,34.8,130,0.0,85,0,0,0,39.6,4,15,1,15.6,20,1,10,10,1,0,15,0,0,10,1,0,10,1,0.0,10,1,0,10,1,10.37,22.74
2026-07-30,108490,로보티즈,34.7,131,0.0,75,0,0,0,34.8,4,15,1,20.0,20,1,0,10,0,0,15,0,0,10,1,0,10,1,0.0,10,1,2,10,1,44.89,76.77
2026-07-30,089030,테크윙,34.7,132,0.0,75,0,0,0,32.0,4,15,1,20.0,20,1,0,10,0,0,15,0,0,10,1,0,10,1,0.0,10,1,2,10,1,36.68,54.39
2026-07-30,298020,효성티앤씨,34.5,133,0.0,85,0,1,1,47.4,4,15,1,9.3,20,1,10,10,1,0,15,0,0,10,1,0,10,1,6.0,10,1,0,10,1,13.57,10.72
2026-07-30,413630,씨피시스템,34.4,134,0.0,75,0,1,1,55.7,4,15,1,8.8,20,1,0,10,0,0,15,0,0,10,1,0,10,1,6.0,10,1,7,10,1,7.89,6.2
2026-07-30,103140,풍산,34.2,135,0.0,85,0,1,1,41.6,4,15,1,5.1,20,1,10,10,1,0,15,0,0,10,1,4,10,1,6.0,10,1,0,10,1,39.57,36.89
2026-07-30,383220,F&F,33.9,136,0.0,85,0,1,1,53.5,4,15,1,4.8,20,1,10,10,1,0,15,0,4,10,1,0,10,1,6.0,10,1,0,10,1,-15.08,-15.08
2026-07-30,004020,현대제철,33.8,137,0.0,85,0,1,1,37.5,4,15,1,8.7,20,1,10,10,1,0,15,0,0,10,1,0,10,1,6.0,10,1,0,10,1,12.52,18.89
2026-07-30,189300,인텔리안테크,33.8,138,0.0,85,0,1,0,28.3,0,15,1,15.7,20,1,10,10,1,0,15,0,0,10,1,0,10,1,3.0,10,1,0,10,1,43.35,60.41
2026-07-30,064350,현대로템,33.4,139,0.0,85,0,0,0,30.5,8,15,1,10.4,20,1,3,10,1,0,15,0,0,10,1,0,10,1,0.0,10,1,7,10,1,21.91,21.91
2026-07-30,003720,삼영,33.3,140,0.0,85,0,1,0,33.6,0,15,1,8.3,20,1,10,10,1,0,15,0,0,10,1,7,10,1,3.0,10,1,0,10,1,32.08,36.23
2026-07-30,005690,파미셀,32.9,141,0.0,85,0,0,0,29.3,0,15,1,20.0,20,1,8,10,1,0,15,0,0,10,1,0,10,1,0.0,10,1,0,10,1,27.74,35.96
2026-07-30,356860,티엘비,32.9,142,0.0,85,0,0,0,26.0,0,15,1,20.0,20,1,8,10,1,0,15,0,0,10,1,0,10,1,0.0,10,1,0,10,1,36.74,52.8
2026-07-30,280360,롯데웰푸드,32.9,143,0.0,85,0,1,1,55.8,0,15,1,8.0,20,1,10,10,1,0,15,0,0,10,1,4,10,1,6.0,10,1,0,10,1,10.28,21.98
2026-07-30,000155,두산우,32.8,144,0.0,75,0,1,1,36.6,4,15,1,7.6,20,1,0,10,0,0,15,0,0,10,1,7,10,1,6.0,10,1,0,10,1,19.45,20.41
2026-07-30,016360,삼성증권,32.5,145,0.0,85,0,0,0,36.5,8,15,1,7.6,20,1,10,10,1,0,15,0,0,10,1,0,10,1,0.0,10,1,2,10,1,0.78,2.99
2026-07-30,064260,다날,32.5,146,0.0,75,0,1,1,45.9,4,15,1,7.4,20,1,0,10,0,0,15,0,0,10,1,0,10,1,6.0,10,1,7,10,1,7.46,19.76
2026-07-30,440110,파두,32.4,147,0.0,75,0,0,0,32.2,4,15,1,16.3,20,1,0,10,0,0,15,0,0,10,1,0,10,1,0.0,10,1,4,10,1,17.01,34.22
2026-07-30,002790,아모레퍼시픽홀딩스,32.4,148,0.0,85,1,1,0,59.1,0,15,1,6.5,20,1,10,10,1,0,15,0,0,10,1,4,10,1,7.0,10,1,0,10,1,6.45,2.93
2026-07-30,032350,롯데관광개발,32.4,149,0.0,75,0,1,1,30.7,0,15,1,18.3,20,1,0,10,0,0,15,0,0,10,1,0,10,1,6.0,10,1,0,10,1,15.41,21.88
2026-07-30,175330,JB금융지주,32.2,150,0.0,85,1,1,0,51.6,4,15,1,4.4,20,1,8,10,1,0,15,0,4,10,1,0,10,1,7.0,10,1,0,10,1,7.25,4.09
2026-07-30,454910,두산로보틱스,32.1,151,0.0,75,0,0,1,31.3,4,15,1,15.1,20,1,0,10,0,0,15,0,0,10,1,0,10,1,3.0,10,1,2,10,1,27.62,42.96
2026-07-30,000250,삼천당제약,32.1,152,0.0,75,0,0,0,33.6,4,15,1,16.1,20,1,0,10,0,0,15,0,0,10,1,0,10,1,0.0,10,1,4,10,1,26.79,45.5
2026-07-30,017960,한국카본,32.1,153,0.0,75,0,1,1,29.3,4,15,1,14.1,20,1,0,10,0,0,15,0,0,10,1,0,10,1,6.0,10,1,0,10,1,16.73,27.08
2026-07-30,089970,브이엠,32.0,154,0.0,75,0,0,0,31.8,4,15,1,20.0,20,1,0,10,0,0,15,0,0,10,1,0,10,1,0.0,10,1,0,10,1,19.57,34.78
2026-07-30,001450,현대해상,32.0,155,0.0,75,1,1,0,54.6,4,15,1,5.0,20,1,0,10,0,0,15,0,4,10,1,4,10,1,7.0,10,1,0,10,1,1.42,17.03
2026-07-30,093370,후성,32.0,156,0.0,75,0,0,0,31.5,4,15,1,20.0,20,1,0,10,0,0,15,0,0,10,1,0,10,1,0.0,10,1,0,10,1,43.43,78.93
2026-07-30,178320,서진시스템,32.0,157,0.0,75,0,0,0,30.6,4,15,1,20.0,20,1,0,10,0,0,15,0,0,10,1,0,10,1,0.0,10,1,0,10,1,22.22,32.44
2026-07-30,064290,인텍플러스,32.0,158,0.0,75,0,0,0,29.2,4,15,1,20.0,20,1,0,10,0,0,15,0,0,10,1,0,10,1,0.0,10,1,0,10,1,32.88,39.19
2026-07-30,036540,SFA반도체,32.0,159,0.0,75,0,0,0,29.1,4,15,1,20.0,20,1,0,10,0,0,15,0,0,10,1,0,10,1,0.0,10,1,0,10,1,28.57,55.47
2026-07-30,122640,예스티,32.0,160,0.0,75,0,0,0,32.0,4,15,1,20.0,20,1,0,10,0,0,15,0,0,10,1,0,10,1,0.0,10,1,0,10,1,18.6,66.86
2026-07-30,003030,세아제강지주,32.0,161,0.0,75,0,1,1,40.9,0,15,1,11.0,20,1,0,10,0,0,15,0,0,10,1,7,10,1,6.0,10,1,0,10,1,9.88,3.65
2026-07-30,094170,동운아나텍,32.0,162,0.0,75,0,0,0,28.6,0,15,1,20.0,20,1,0,10,0,0,15,0,0,10,1,4,10,1,0.0,10,1,0,10,1,34.26,41.33
2026-07-30,028260,삼성물산,31.9,163,0.0,85,0,0,0,35.2,12,15,1,5.1,20,1,8,10,1,0,15,0,0,10,1,0,10,1,0.0,10,1,2,10,1,14.46,25.51
2026-07-30,071050,한국금융지주,31.9,164,0.0,85,0,0,0,33.8,8,15,1,9.1,20,1,10,10,1,0,15,0,0,10,1,0,10,1,0.0,10,1,0,10,1,3.47,12.27
2026-07-30,052710,아모텍,31.9,165,0.0,75,0,0,0,32.9,4,15,1,15.9,20,1,0,10,0,0,15,0,0,10,1,4,10,1,0.0,10,1,0,10,1,9.53,19.5
2026-07-30,004370,농심,31.8,166,0.0,85,0,1,1,66.8,4,15,1,5.0,20,1,8,10,1,0,15,0,4,10,1,0,10,1,6.0,10,1,0,10,1,4.65,13.05
2026-07-30,251970,펌텍코리아,31.6,167,0.0,85,1,1,1,58.1,0,15,1,4.9,20,1,8,10,1,0,15,0,4,10,1,0,10,1,10.0,10,1,0,10,1,6.68,14.22
2026-07-30,271560,오리온,31.5,168,0.0,85,0,1,1,55.7,4,15,1,4.8,20,1,8,10,1,0,15,0,4,10,1,0,10,1,6.0,10,1,0,10,1,1.7,-0.96
2026-07-30,089860,롯데렌탈,31.5,169,0.0,85,1,1,1,61.4,0,15,1,4.8,20,1,8,10,1,0,15,0,4,10,1,0,10,1,10.0,10,1,0,10,1,7.59,19.84
2026-07-30,000270,기아,31.4,170,0.0,85,0,0,0,34.9,12,15,1,4.7,20,1,10,10,1,0,15,0,0,10,1,0,10,1,0.0,10,1,0,10,1,11.67,17.3
2026-07-30,052690,한전기술,31.4,171,0.0,85,0,1,0,32.0,4,15,1,9.7,20,1,10,10,1,0,15,0,0,10,1,0,10,1,3.0,10,1,0,10,1,27.53,26.41
2026-07-30,034020,두산에너빌리티,31.3,172,0.0,85,0,0,0,29.9,12,15,1,6.6,20,1,1,10,1,0,15,0,0,10,1,0,10,1,0.0,10,1,7,10,1,28.07,37.21
2026-07-30,086790,하나금융지주,31.3,173,0.0,85,0,0,0,47.5,8,15,1,4.6,20,1,10,10,1,0,15,0,4,10,1,0,10,1,0.0,10,1,0,10,1,8.11,6.74
2026-07-30,403870,HPSP,30.9,174,0.0,85,0,0,0,32.7,8,15,1,6.3,20,1,8,10,1,0,15,0,0,10,1,0,10,1,0.0,10,1,4,10,1,20.49,41.51
2026-07-30,004000,롯데정밀화학,30.9,175,0.0,85,0,1,0,47.8,0,15,1,9.3,20,1,10,10,1,0,15,0,0,10,1,4,10,1,3.0,10,1,0,10,1,6.7,3.52
2026-07-30,067310,하나마이크론,30.8,176,0.0,75,0,0,0,29.0,4,15,1,12.1,20,1,0,10,0,0,15,0,0,10,1,0,10,1,0.0,10,1,7,10,1,21.21,47.88
2026-07-30,000500,가온전선,30.7,177,0.0,85,0,0,0,31.4,4,15,1,8.1,20,1,10,10,1,0,15,0,0,10,1,0,10,1,0.0,10,1,4,10,1,37.27,55.3
2026-07-30,028670,팬오션,30.7,178,0.0,85,0,0,0,44.1,4,15,1,5.1,20,1,10,10,1,0,15,0,0,10,1,7,10,1,0.0,10,1,0,10,1,22.39,17.33
2026-07-30,100090,SK오션플랜트,30.7,179,0.0,85,0,0,1,39.4,4,15,1,7.1,20,1,8,10,1,0,15,0,0,10,1,0,10,1,3.0,10,1,4,10,1,14.3,22.89
2026-07-30,123330,제닉,30.7,180,0.0,75,0,0,1,54.1,4,15,1,12.0,20,1,0,10,0,0,15,0,4,10,1,0,10,1,3.0,10,1,0,10,1,12.11,6.64
2026-07-30,039200,오스코텍,30.7,181,0.0,75,0,1,0,34.3,0,15,1,20.0,20,1,0,10,0,0,15,0,0,10,1,0,10,1,3.0,10,1,0,10,1,23.06,31.69
2026-07-30,010130,고려아연,30.6,182,0.0,85,0,1,0,34.7,4,15,1,9.0,20,1,10,10,1,0,15,0,0,10,1,0,10,1,3.0,10,1,0,10,1,19.57,29.3
2026-07-30,007340,DN오토모티브,30.6,183,0.0,85,0,1,0,50.0,4,15,1,5.0,20,1,10,10,1,0,15,0,0,10,1,4,10,1,3.0,10,1,0,10,1,23.0,52.2
2026-07-30,000810,삼성화재,30.5,184,0.0,85,0,0,1,47.8,8,15,1,4.9,20,1,10,10,1,0,15,0,0,10,1,0,10,1,3.0,10,1,0,10,1,4.37,-0.49
2026-07-30,294870,IPARK현대산업개발,30.5,185,0.0,85,0,1,1,50.4,0,15,1,9.9,20,1,10,10,1,0,15,0,0,10,1,0,10,1,6.0,10,1,0,10,1,16.93,14.09
2026-07-30,417860,오브젠,30.3,186,0.0,75,0,1,1,48.9,0,15,1,9.7,20,1,0,10,0,0,15,0,0,10,1,7,10,1,6.0,10,1,0,10,1,-1.23,-2.05
2026-07-30,281820,케이씨텍,30.2,187,0.0,85,0,0,0,33.9,4,15,1,11.7,20,1,10,10,1,0,15,0,0,10,1,0,10,1,0.0,10,1,0,10,1,7.62,30.49
2026-07-30,232140,와이씨,30.2,188,0.0,85,0,0,0,26.8,0,15,1,15.7,20,1,10,10,1,0,15,0,0,10,1,0,10,1,0.0,10,1,0,10,1,28.85,55.46
2026-07-30,030000,제일기획,30.0,189,0.0,75,0,1,1,54.5,4,15,1,4.5,20,1,0,10,0,0,15,0,4,10,1,4,10,1,6.0,10,1,0,10,1,0.0,-0.99
2026-07-30,144960,뉴파워프라즈마,30.0,190,0.0,85,0,0,0,42.5,4,15,1,11.5,20,1,10,10,1,0,15,0,0,10,1,0,10,1,0.0,10,1,0,10,1,35.64,43.21
2026-07-30,015760,한국전력,29.7,191,0.0,75,0,0,0,38.7,8,15,1,7.3,20,1,0,10,0,0,15,0,0,10,1,0,10,1,0.0,10,1,7,10,1,7.72,0.61
2026-07-30,377300,카카오페이,29.4,192,0.0,85,0,1,1,45.8,4,15,1,14.0,20,1,1,10,1,0,15,0,0,10,1,0,10,1,6.0,10,1,0,10,1,5.26,13.16
2026-07-30,096530,씨젠,29.4,193,0.0,85,0,0,0,39.3,4,15,1,20.0,20,1,1,10,1,0,15,0,0,10,1,0,10,1,0.0,10,1,0,10,1,14.91,27.83
2026-07-30,230240,에치에프알,29.4,194,0.0,85,0,0,0,29.2,0,15,1,16.0,20,1,5,10,1,0,15,0,0,10,1,4,10,1,0.0,10,1,0,10,1,27.17,29.68
2026-07-30,011200,HMM,29.3,195,0.0,75,1,1,1,55.0,4,15,1,4.0,20,1,0,10,0,0,15,0,4,10,1,0,10,1,10.0,10,1,0,10,1,5.57,2.91
2026-07-30,071970,HD현대마린엔진,29.3,196,0.0,85,0,0,0,36.4,4,15,1,10.9,20,1,10,10,1,0,15,0,0,10,1,0,10,1,0.0,10,1,0,10,1,15.24,21.5
2026-07-30,007810,코리아써키트,29.3,197,0.0,75,0,0,0,24.3,4,15,1,18.0,20,1,0,10,0,0,15,0,0,10,1,0,10,1,0.0,10,1,0,10,1,44.68,63.9
2026-07-30,476060,온코닉테라퓨틱스,29.3,198,0.0,75,0,0,0,34.8,0,15,1,20.0,20,1,0,10,0,0,15,0,0,10,1,0,10,1,0.0,10,1,2,10,1,47.74,55.73
2026-07-30,030200,KT,29.2,199,0.0,75,0,1,0,45.6,4,15,1,14.9,20,1,0,10,0,0,15,0,0,10,1,0,10,1,3.0,10,1,0,10,1,0.95,1.14
2026-07-30,120110,코오롱인더,29.2,200,0.0,85,0,0,0,32.6,4,15,1,10.8,20,1,10,10,1,0,15,0,0,10,1,0,10,1,0.0,10,1,0,10,1,27.25,20.09
2026-07-31,005930,삼성전자,69.4,1,0.0,85,0,0,0,48.7,15,15,1,20.0,20,1,10,10,1,0,15,0,0,10,1,4,10,1,0.0,10,1,10,10,1,-12.38,2.29
2026-07-31,005935,삼성전자우,69.4,2,0.0,85,0,0,0,52.1,15,15,1,20.0,20,1,10,10,1,0,15,0,0,10,1,4,10,1,0.0,10,1,10,10,1,-9.95,-1.41
2026-07-31,096770,SK이노베이션,65.9,3,0.0,85,0,0,0,48.5,12,15,1,20.0,20,1,10,10,1,0,15,0,0,10,1,7,10,1,0.0,10,1,7,10,1,12.67,19.0
2026-07-31,068270,셀트리온,65.1,4,0.0,85,0,1,1,59.9,12,15,1,11.3,20,1,8,10,1,0,15,0,4,10,1,4,10,1,6.0,10,1,10,10,1,7.66,4.71
2026-07-31,042660,한화오션,63.5,5,0.0,85,0,1,1,45.5,8,15,1,20.0,20,1,10,10,1,0,15,0,0,10,1,0,10,1,6.0,10,1,10,10,1,10.8,6.69
2026-07-31,098460,고영,62.4,6,0.0,85,0,1,1,49.1,8,15,1,20.0,20,1,10,10,1,0,15,0,0,10,1,7,10,1,6.0,10,1,2,10,1,16.33,11.19
2026-07-31,078930,GS,61.4,7,0.0,85,1,1,1,59.7,8,15,1,6.2,20,1,10,10,1,0,15,0,4,10,1,4,10,1,10.0,10,1,10,10,1,9.33,34.04
2026-07-31,000660,SK하이닉스,61.3,8,0.0,75,0,0,0,44.7,15,15,1,20.0,20,1,0,10,0,0,15,0,0,10,1,4,10,1,0.0,10,1,7,10,1,-17.35,-3.26
2026-07-31,006400,삼성SDI,61.2,9,0.0,85,0,0,0,42.3,12,15,1,20.0,20,1,10,10,1,0,15,0,0,10,1,0,10,1,0.0,10,1,10,10,1,21.28,22.92
2026-07-31,277810,레인보우로보틱스,61.2,10,0.0,75,0,1,1,46.6,8,15,1,17.9,20,1,0,10,0,0,15,0,0,10,1,4,10,1,6.0,10,1,10,10,1,12.93,8.55
2026-07-31,042700,한미반도체,60.9,11,0.0,85,0,1,1,47.1,15,15,1,6.8,20,1,10,10,1,0,15,0,0,10,1,7,10,1,6.0,10,1,7,10,1,-4.2,6.76
2026-07-31,080220,제주반도체,60.7,12,0.0,85,0,0,0,43.2,12,15,1,18.6,20,1,10,10,1,0,15,0,0,10,1,4,10,1,0.0,10,1,7,10,1,34.72,16.44
2026-07-31,010060,OCI홀딩스,60.0,13,0.0,85,0,1,1,44.7,8,15,1,20.0,20,1,10,10,1,0,15,0,0,10,1,0,10,1,6.0,10,1,7,10,1,49.5,43.19
2026-07-31,052460,아이크래프트,58.8,14,0.0,85,1,1,1,65.6,0,15,1,20.0,20,1,10,10,1,0,15,0,10,10,1,0,10,1,10.0,10,1,0,10,1,53.68,63.42
2026-07-31,047040,대우건설,58.0,15,0.0,85,0,0,1,35.8,8,15,1,14.3,20,1,10,10,1,0,15,0,0,10,1,7,10,1,3.0,10,1,7,10,1,33.26,34.35
2026-07-31,034730,SK,57.3,16,0.0,75,0,0,0,45.0,12,15,1,20.0,20,1,0,10,0,0,15,0,0,10,1,4,10,1,0.0,10,1,7,10,1,-7.9,5.92
2026-07-31,010950,S-Oil,56.5,17,0.0,85,0,0,0,48.4,8,15,1,20.0,20,1,10,10,1,0,15,0,0,10,1,0,10,1,0.0,10,1,10,10,1,9.66,20.66
2026-07-31,090430,아모레퍼시픽,56.2,18,0.0,85,1,1,1,59.5,8,15,1,6.8,20,1,5,10,1,0,15,0,7,10,1,4,10,1,10.0,10,1,7,10,1,4.46,1.69
2026-07-31,058610,에스피지,55.8,19,0.0,85,0,1,1,58.8,12,15,1,6.4,20,1,3,10,1,0,15,0,0,10,1,10,10,1,6.0,10,1,10,10,1,13.53,14.16
2026-07-31,051900,LG생활건강,55.6,20,0.0,85,1,1,1,70.6,4,15,1,10.3,20,1,10,10,1,0,15,0,7,10,1,4,10,1,10.0,10,1,2,10,1,11.5,4.53
2026-07-31,009540,HD한국조선해양,55.5,21,0.0,85,0,1,1,55.3,8,15,1,13.2,20,1,10,10,1,0,15,0,0,10,1,0,10,1,6.0,10,1,10,10,1,5.07,-2.6
2026-07-31,078340,컴투스,55.3,22,0.0,85,0,1,1,67.0,0,15,1,20.0,20,1,10,10,1,0,15,0,4,10,1,7,10,1,6.0,10,1,0,10,1,11.15,4.56
2026-07-31,483650,달바글로벌,54.9,23,0.0,85,1,1,1,48.1,8,15,1,7.7,20,1,10,10,1,0,15,0,0,10,1,4,10,1,10.0,10,1,7,10,1,9.28,-0.45
2026-07-31,373220,LG에너지솔루션,54.8,24,0.0,75,0,1,1,46.0,8,15,1,17.1,20,1,0,10,0,0,15,0,0,10,1,0,10,1,6.0,10,1,10,10,1,12.04,7.01
2026-07-31,012450,한화에어로스페이스,54.4,25,0.0,85,0,1,1,45.1,12,15,1,8.2,20,1,10,10,1,0,15,0,0,10,1,0,10,1,6.0,10,1,10,10,1,25.63,24.97
2026-07-31,352820,하이브,54.1,26,0.0,85,0,0,0,36.3,8,15,1,20.0,20,1,10,10,1,0,15,0,0,10,1,4,10,1,0.0,10,1,4,10,1,8.95,1.78
2026-07-31,214450,파마리서치,53.8,27,0.0,85,1,1,1,49.7,8,15,1,7.7,20,1,10,10,1,0,15,0,0,10,1,0,10,1,10.0,10,1,10,10,1,21.12,16.1
2026-07-31,086520,에코프로,53.2,28,0.0,85,0,1,1,44.5,8,15,1,13.2,20,1,8,10,1,0,15,0,0,10,1,0,10,1,6.0,10,1,10,10,1,18.2,10.11
2026-07-31,402340,SK스퀘어,52.0,29,0.0,75,0,0,0,42.8,15,15,1,20.0,20,1,0,10,0,0,15,0,0,10,1,0,10,1,0.0,10,1,4,10,1,-8.57,9.34
2026-07-31,240810,원익IPS,52.0,30,0.0,75,0,0,0,42.7,12,15,1,20.0,20,1,0,10,0,0,15,0,0,10,1,0,10,1,0.0,10,1,7,10,1,0.82,15.16
2026-07-31,000720,현대건설,51.9,31,0.0,85,0,0,1,43.4,8,15,1,12.1,20,1,10,10,1,0,15,0,0,10,1,7,10,1,3.0,10,1,4,10,1,16.91,16.38
2026-07-31,332570,PS일렉트로닉스,51.8,32,0.0,85,0,1,1,54.9,4,15,1,20.0,20,1,10,10,1,0,15,0,0,10,1,0,10,1,6.0,10,1,4,10,1,20.22,32.74
2026-07-31,475150,SK이터닉스,50.9,33,0.0,85,0,0,1,45.6,15,15,1,5.3,20,1,10,10,1,0,15,0,0,10,1,0,10,1,3.0,10,1,10,10,1,12.87,28.71
2026-07-31,196170,알테오젠,50.7,34,0.0,75,0,1,0,49.7,8,15,1,20.0,20,1,0,10,0,0,15,0,0,10,1,0,10,1,3.0,10,1,7,10,1,12.8,-3.4
2026-07-31,316140,우리금융지주,50.6,35,0.0,85,1,1,1,63.2,8,15,1,5.0,20,1,10,10,1,0,15,0,10,10,1,0,10,1,10.0,10,1,0,10,1,-0.74,0.45
2026-07-31,044490,태웅,50.6,36,0.0,85,0,1,1,49.1,0,15,1,20.0,20,1,10,10,1,0,15,0,0,10,1,7,10,1,6.0,10,1,0,10,1,16.58,11.66
2026-07-31,108670,LX하우시스,50.6,37,0.0,85,0,1,0,43.9,0,15,1,20.0,20,1,10,10,1,0,15,0,0,10,1,10,10,1,3.0,10,1,0,10,1,11.11,9.82
2026-07-31,066570,LG전자,50.4,38,0.0,85,0,0,1,42.2,12,15,1,7.8,20,1,10,10,1,0,15,0,0,10,1,0,10,1,3.0,10,1,10,10,1,17.21,28.32
2026-07-31,298040,효성중공업,50.2,39,0.0,85,0,0,0,42.1,12,15,1,9.7,20,1,10,10,1,0,15,0,0,10,1,4,10,1,0.0,10,1,7,10,1,21.39,23.46
2026-07-31,009150,삼성전기,50.0,40,0.0,85,0,0,0,40.9,15,15,1,10.5,20,1,10,10,1,0,15,0,0,10,1,0,10,1,0.0,10,1,7,10,1,11.56,26.09
2026-07-31,051910,LG화학,49.5,41,0.0,85,0,1,1,44.6,8,15,1,13.1,20,1,8,10,1,0,15,0,0,10,1,0,10,1,6.0,10,1,7,10,1,7.75,4.84
2026-07-31,353200,대덕전자,49.4,42,0.0,85,0,0,0,41.5,8,15,1,20.0,20,1,10,10,1,0,15,0,0,10,1,0,10,1,0.0,10,1,4,10,1,11.16,21.49
2026-07-31,396300,세아메카닉스,49.4,43,0.0,85,0,1,1,56.6,4,15,1,20.0,20,1,10,10,1,0,15,0,0,10,1,0,10,1,6.0,10,1,2,10,1,6.08,20.03
2026-07-31,001440,대한전선,49.3,44,0.0,85,0,0,1,36.5,8,15,1,6.9,20,1,10,10,1,0,15,0,0,10,1,4,10,1,3.0,10,1,10,10,1,24.57,23.71
2026-07-31,011070,LG이노텍,49.2,45,0.0,85,0,0,0,35.1,12,15,1,8.8,20,1,10,10,1,0,15,0,0,10,1,4,10,1,0.0,10,1,7,10,1,7.98,23.15
2026-07-31,005490,POSCO홀딩스,49.1,46,0.0,85,0,1,1,46.4,8,15,1,7.7,20,1,10,10,1,0,15,0,0,10,1,0,10,1,6.0,10,1,10,10,1,7.52,3.84
2026-07-31,003160,디아이,48.2,47,0.0,85,0,0,0,45.5,4,15,1,20.0,20,1,10,10,1,0,15,0,0,10,1,7,10,1,0.0,10,1,0,10,1,23.57,29.03
2026-07-31,077360,덕산하이메탈,48.2,48,0.0,85,0,1,0,45.4,4,15,1,20.0,20,1,10,10,1,0,15,0,0,10,1,4,10,1,3.0,10,1,0,10,1,11.64,12.56
2026-07-31,425420,티에프이,48.2,49,0.0,85,0,0,0,36.8,4,15,1,20.0,20,1,10,10,1,0,15,0,0,10,1,7,10,1,0.0,10,1,0,10,1,13.16,31.62
2026-07-31,003230,삼양식품,48.0,50,0.0,85,0,1,1,51.8,8,15,1,6.8,20,1,10,10,1,0,15,0,0,10,1,0,10,1,6.0,10,1,10,10,1,10.27,14.21
2026-07-31,010120,LS ELECTRIC,47.8,51,0.0,85,0,0,0,45.7,12,15,1,7.6,20,1,10,10,1,0,15,0,0,10,1,4,10,1,0.0,10,1,7,10,1,12.82,13.1
2026-07-31,036930,주성엔지니어링,47.6,52,0.0,85,0,0,0,40.5,12,15,1,11.5,20,1,10,10,1,0,15,0,0,10,1,0,10,1,0.0,10,1,7,10,1,16.31,44.02
2026-07-31,039830,오로라,47.4,53,0.0,85,1,1,1,62.4,0,15,1,6.3,20,1,10,10,1,0,15,0,7,10,1,7,10,1,10.0,10,1,0,10,1,4.1,-22.46
2026-07-31,207940,삼성바이오로직스,47.1,54,0.0,85,1,1,1,55.5,8,15,1,7.0,20,1,1,10,1,0,15,0,4,10,1,0,10,1,10.0,10,1,10,10,1,5.66,3.1
2026-07-31,043260,성호전자,47.1,55,0.0,85,0,1,1,37.0,4,15,1,20.0,20,1,10,10,1,0,15,0,0,10,1,0,10,1,6.0,10,1,0,10,1,38.22,43.57
2026-07-31,036570,NC,47.1,56,0.0,85,0,1,1,48.3,4,15,1,20.0,20,1,10,10,1,0,15,0,0,10,1,0,10,1,6.0,10,1,0,10,1,3.84,-1.92
2026-07-31,218410,RFHIC,47.1,57,0.0,85,0,1,1,40.3,4,15,1,20.0,20,1,10,10,1,0,15,0,0,10,1,0,10,1,6.0,10,1,0,10,1,27.4,19.44
2026-07-31,009830,한화솔루션,46.7,58,0.0,75,0,0,0,39.0,8,15,1,20.0,20,1,0,10,0,0,15,0,0,10,1,0,10,1,0.0,10,1,7,10,1,38.24,33.33
2026-07-31,222800,심텍,46.7,59,0.0,75,0,0,0,42.3,8,15,1,20.0,20,1,0,10,0,0,15,0,0,10,1,0,10,1,0.0,10,1,7,10,1,39.81,33.78
2026-07-31,278470,에이피알,46.6,60,0.0,85,0,0,0,35.8,8,15,1,14.6,20,1,10,10,1,0,15,0,0,10,1,0,10,1,0.0,10,1,7,10,1,20.94,23.91
2026-07-31,017670,SK텔레콤,46.2,61,0.0,85,0,0,1,41.5,8,15,1,8.3,20,1,10,10,1,0,15,0,0,10,1,0,10,1,3.0,10,1,10,10,1,4.42,22.6
2026-07-31,329180,HD현대중공업,46.0,62,0.0,85,0,1,1,43.6,8,15,1,14.1,20,1,1,10,1,0,15,0,0,10,1,0,10,1,6.0,10,1,10,10,1,10.6,1.77
2026-07-31,003670,포스코퓨처엠,45.9,63,0.0,85,0,1,1,40.9,8,15,1,20.0,20,1,3,10,1,0,15,0,0,10,1,0,10,1,6.0,10,1,2,10,1,20.19,16.49
2026-07-31,018880,한온시스템,45.6,64,0.0,85,0,1,1,39.8,4,15,1,13.8,20,1,8,10,1,0,15,0,0,10,1,7,10,1,6.0,10,1,0,10,1,13.92,10.59
2026-07-31,006800,미래에셋증권,45.3,65,0.0,85,0,0,0,38.4,8,15,1,10.5,20,1,10,10,1,0,15,0,0,10,1,0,10,1,0.0,10,1,10,10,1,5.35,5.21
2026-07-31,108490,로보티즈,45.3,66,0.0,75,0,0,0,42.4,8,15,1,20.0,20,1,0,10,0,0,15,0,0,10,1,4,10,1,0.0,10,1,2,10,1,34.39,51.8
2026-07-31,111770,영원무역,45.2,67,0.0,85,1,1,1,62.4,4,15,1,7.4,20,1,10,10,1,0,15,0,7,10,1,0,10,1,10.0,10,1,0,10,1,1.23,-9.51
2026-07-31,003550,LG,44.9,68,0.0,85,0,1,1,51.2,8,15,1,8.2,20,1,10,10,1,0,15,0,0,10,1,4,10,1,6.0,10,1,2,10,1,6.43,11.47
2026-07-31,489460,바이오비쥬,44.9,69,5.0,85,1,1,1,83.6,0,15,1,12.4,20,1,10,10,1,0,15,0,10,10,1,0,10,1,10.0,10,1,0,10,1,4.29,6.67
2026-07-31,131970,두산테스나,44.7,70,0.0,85,0,0,0,35.9,4,15,1,20.0,20,1,10,10,1,0,15,0,0,10,1,4,10,1,0.0,10,1,0,10,1,9.52,22.78
2026-07-31,420770,기가비스,44.7,71,0.0,85,0,0,0,38.1,4,15,1,20.0,20,1,10,10,1,0,15,0,0,10,1,4,10,1,0.0,10,1,0,10,1,13.33,23.77
2026-07-31,290650,엘앤씨바이오,44.7,72,0.0,85,0,0,0,32.0,4,15,1,20.0,20,1,10,10,1,0,15,0,0,10,1,4,10,1,0.0,10,1,0,10,1,24.47,1.73
2026-07-31,008770,호텔신라,44.7,73,0.0,85,0,0,0,36.5,4,15,1,20.0,20,1,10,10,1,0,15,0,0,10,1,4,10,1,0.0,10,1,0,10,1,1.61,0.23
2026-07-31,004710,한솔테크닉스,44.7,74,0.0,85,0,0,0,41.3,4,15,1,20.0,20,1,10,10,1,0,15,0,0,10,1,4,10,1,0.0,10,1,0,10,1,5.44,9.16
2026-07-31,079550,LIG디펜스앤에어로스페이스,44.0,75,0.0,85,0,0,1,47.0,8,15,1,6.4,20,1,10,10,1,0,15,0,0,10,1,0,10,1,3.0,10,1,10,10,1,17.74,13.73
2026-07-31,126340,비나텍,43.8,76,0.0,85,0,1,1,40.0,4,15,1,17.2,20,1,10,10,1,0,15,0,0,10,1,0,10,1,6.0,10,1,0,10,1,24.78,17.88
2026-07-31,000500,가온전선,43.6,77,0.0,85,0,0,1,36.5,8,15,1,8.1,20,1,10,10,1,0,15,0,0,10,1,4,10,1,3.0,10,1,4,10,1,16.62,21.09
2026-07-31,333430,일승,43.6,78,0.0,85,0,1,1,58.1,4,15,1,7.1,20,1,10,10,1,0,15,0,0,10,1,10,10,1,6.0,10,1,0,10,1,3.62,0.12
2026-07-31,267270,HD건설기계,43.5,79,0.0,85,0,1,0,47.3,4,15,1,20.0,20,1,10,10,1,0,15,0,0,10,1,0,10,1,3.0,10,1,0,10,1,15.13,6.89
2026-07-31,263750,펄어비스,43.5,80,0.0,85,0,1,0,41.1,4,15,1,20.0,20,1,10,10,1,0,15,0,0,10,1,0,10,1,3.0,10,1,0,10,1,8.89,-7.98
2026-07-31,317400,자이에스앤디,43.5,81,0.0,85,1,0,1,58.4,0,15,1,20.0,20,1,10,10,1,0,15,0,0,10,1,0,10,1,7.0,10,1,0,10,1,36.72,57.81
2026-07-31,100840,SNT에너지,43.5,82,0.0,85,0,1,0,43.1,0,15,1,20.0,20,1,10,10,1,0,15,0,0,10,1,4,10,1,3.0,10,1,0,10,1,15.26,8.84
2026-07-31,126640,화신정공,43.5,83,0.0,85,1,0,1,50.3,0,15,1,20.0,20,1,10,10,1,0,15,0,0,10,1,0,10,1,7.0,10,1,0,10,1,5.24,6.01
2026-07-31,028260,삼성물산,43.3,84,0.0,85,0,0,1,46.9,15,15,1,4.8,20,1,8,10,1,0,15,0,0,10,1,4,10,1,3.0,10,1,2,10,1,-4.41,4.98
2026-07-31,383220,F&F,43.3,85,0.0,85,1,1,1,56.5,4,15,1,4.8,20,1,10,10,1,0,15,0,4,10,1,4,10,1,10.0,10,1,0,10,1,-15.65,-19.38
2026-07-31,232140,와이씨,43.2,86,0.0,85,0,1,0,38.3,4,15,1,15.7,20,1,10,10,1,0,15,0,0,10,1,4,10,1,3.0,10,1,0,10,1,18.29,22.8
2026-07-31,032830,삼성생명,42.9,87,0.0,85,0,0,0,45.2,12,15,1,7.5,20,1,10,10,1,0,15,0,0,10,1,0,10,1,0.0,10,1,7,10,1,-9.95,-0.32
2026-07-31,028050,삼성E&A,42.7,88,0.0,85,0,1,1,48.7,8,15,1,5.3,20,1,10,10,1,0,15,0,0,10,1,0,10,1,6.0,10,1,7,10,1,11.42,9.36
2026-07-31,093370,후성,42.7,89,0.0,75,0,0,0,40.7,8,15,1,20.0,20,1,0,10,0,0,15,0,0,10,1,4,10,1,0.0,10,1,0,10,1,13.67,44.11
2026-07-31,247540,에코프로비엠,42.7,90,0.0,75,0,1,1,39.4,4,15,1,20.0,20,1,0,10,0,0,15,0,0,10,1,0,10,1,6.0,10,1,2,10,1,10.92,5.41
2026-07-31,010140,삼성중공업,42.4,91,0.0,75,0,1,1,44.4,8,15,1,7.8,20,1,0,10,0,0,15,0,0,10,1,0,10,1,6.0,10,1,10,10,1,5.62,-0.47
2026-07-31,356860,티엘비,42.4,92,0.0,85,0,0,0,31.8,4,15,1,20.0,20,1,8,10,1,0,15,0,0,10,1,4,10,1,0.0,10,1,0,10,1,9.09,30.11
2026-07-31,004310,현대약품,42.4,93,0.0,85,0,0,0,44.7,4,15,1,20.0,20,1,10,10,1,0,15,0,0,10,1,0,10,1,0.0,10,1,2,10,1,18.66,14.37
2026-07-31,047810,한국항공우주,42.2,94,0.0,85,0,0,0,40.4,8,15,1,6.9,20,1,10,10,1,0,15,0,0,10,1,4,10,1,0.0,10,1,7,10,1,21.05,9.98
2026-07-31,189300,인텔리안테크,42.0,95,0.0,85,0,1,1,39.3,0,15,1,15.7,20,1,10,10,1,0,15,0,0,10,1,4,10,1,6.0,10,1,0,10,1,35.05,20.1
2026-07-31,267260,HD현대일렉트릭,41.9,96,0.0,85,0,0,0,38.5,12,15,1,6.6,20,1,10,10,1,0,15,0,0,10,1,0,10,1,0.0,10,1,7,10,1,11.7,14.77
2026-07-31,067310,하나마이크론,41.5,97,0.0,75,0,0,0,39.1,8,15,1,12.1,20,1,0,10,0,0,15,0,0,10,1,4,10,1,0.0,10,1,7,10,1,13.97,31.99
2026-07-31,454910,두산로보틱스,41.5,98,0.0,75,0,1,1,38.7,8,15,1,15.1,20,1,0,10,0,0,15,0,0,10,1,0,10,1,6.0,10,1,2,10,1,21.27,20.78
2026-07-31,322000,HD현대에너지솔루션,41.3,99,0.0,75,0,0,0,44.6,4,15,1,20.0,20,1,0,10,0,0,15,0,0,10,1,0,10,1,0.0,10,1,7,10,1,7.31,11.15
2026-07-31,033160,엠케이전자,41.3,100,0.0,75,0,1,0,43.6,4,15,1,20.0,20,1,0,10,0,0,15,0,0,10,1,4,10,1,3.0,10,1,0,10,1,23.19,8.14
2026-07-31,327260,RF머트리얼즈,41.3,101,0.0,75,0,0,1,33.2,4,15,1,20.0,20,1,0,10,0,0,15,0,0,10,1,4,10,1,3.0,10,1,0,10,1,82.77,57.27
2026-07-31,033780,KT&G,40.8,102,0.0,85,0,1,1,50.5,8,15,1,4.7,20,1,8,10,1,0,15,0,4,10,1,4,10,1,6.0,10,1,0,10,1,3.69,-1.4
2026-07-31,035720,카카오,40.7,103,0.0,75,0,1,1,54.4,8,15,1,6.5,20,1,0,10,0,0,15,0,0,10,1,0,10,1,6.0,10,1,10,10,1,5.75,2.27
2026-07-31,194480,데브시스터즈,40.7,104,0.0,75,0,1,1,58.3,4,15,1,10.5,20,1,0,10,0,0,15,0,0,10,1,10,10,1,6.0,10,1,0,10,1,21.61,-3.79
2026-07-31,319660,피에스케이,40.6,105,0.0,85,0,0,0,42.6,8,15,1,9.5,20,1,10,10,1,0,15,0,0,10,1,0,10,1,0.0,10,1,7,10,1,2.39,1.85
2026-07-31,007660,이수페타시스,40.5,106,0.0,85,0,0,0,39.3,8,15,1,9.4,20,1,10,10,1,0,15,0,0,10,1,0,10,1,0.0,10,1,7,10,1,24.83,38.12
2026-07-31,034220,LG디스플레이,40.4,107,0.0,75,0,0,0,37.6,8,15,1,14.3,20,1,0,10,0,0,15,0,0,10,1,4,10,1,0.0,10,1,4,10,1,7.93,6.19
2026-07-31,009970,영원무역홀딩스,40.4,108,0.0,85,1,1,1,50.7,0,15,1,6.3,20,1,10,10,1,0,15,0,4,10,1,4,10,1,10.0,10,1,0,10,1,4.95,-4.53
2026-07-31,083650,비에이치아이,40.1,109,0.0,85,0,1,0,39.9,4,15,1,17.1,20,1,10,10,1,0,15,0,0,10,1,0,10,1,3.0,10,1,0,10,1,39.21,46.15
2026-07-31,010170,대한광통신,40.0,110,0.0,75,0,1,1,38.4,8,15,1,16.0,20,1,0,10,0,0,15,0,0,10,1,0,10,1,6.0,10,1,0,10,1,64.6,51.11
2026-07-31,089970,브이엠,40.0,111,0.0,75,0,0,0,41.4,8,15,1,20.0,20,1,0,10,0,0,15,0,0,10,1,0,10,1,0.0,10,1,2,10,1,3.21,1.83
2026-07-31,089030,테크윙,40.0,112,0.0,75,0,0,0,45.0,8,15,1,20.0,20,1,0,10,0,0,15,0,0,10,1,0,10,1,0.0,10,1,2,10,1,11.94,18.94
2026-07-31,139480,이마트,40.0,113,0.0,75,0,1,1,45.6,4,15,1,20.0,20,1,0,10,0,0,15,0,0,10,1,0,10,1,6.0,10,1,0,10,1,2.51,-4.64
2026-07-31,089890,코세스,40.0,114,0.0,85,0,0,0,39.3,4,15,1,20.0,20,1,10,10,1,0,15,0,0,10,1,0,10,1,0.0,10,1,0,10,1,15.23,15.99
2026-07-31,171090,선익시스템,40.0,115,0.0,75,0,1,1,51.4,0,15,1,20.0,20,1,0,10,0,0,15,0,0,10,1,4,10,1,6.0,10,1,0,10,1,18.55,12.31
2026-07-31,413630,씨피시스템,39.7,116,0.0,75,0,1,1,59.5,4,15,1,8.8,20,1,0,10,0,0,15,0,4,10,1,0,10,1,6.0,10,1,7,10,1,6.21,-6.47
2026-07-31,475400,씨메스로보틱스,39.7,117,0.0,75,0,1,1,52.1,4,15,1,9.8,20,1,0,10,0,0,15,0,0,10,1,10,10,1,6.0,10,1,0,10,1,9.95,8.08
2026-07-31,052690,한전기술,39.6,118,0.0,85,0,1,1,41.2,4,15,1,9.7,20,1,10,10,1,0,15,0,0,10,1,4,10,1,6.0,10,1,0,10,1,13.37,8.43
2026-07-31,105560,KB금융,39.5,119,0.0,85,0,0,1,49.6,12,15,1,4.6,20,1,10,10,1,0,15,0,4,10,1,0,10,1,3.0,10,1,0,10,1,1.9,0.0
2026-07-31,018260,삼성에스디에스,39.3,120,0.0,75,0,1,1,51.5,8,15,1,5.5,20,1,0,10,0,0,15,0,0,10,1,0,10,1,6.0,10,1,10,10,1,8.01,10.92
2026-07-31,403870,HPSP,39.2,121,0.0,85,0,0,0,41.8,8,15,1,6.3,20,1,8,10,1,0,15,0,0,10,1,4,10,1,0.0,10,1,7,10,1,6.79,23.27
2026-07-31,010130,고려아연,38.8,122,0.0,85,0,1,1,43.7,4,15,1,9.0,20,1,10,10,1,0,15,0,0,10,1,4,10,1,6.0,10,1,0,10,1,23.62,22.02
2026-07-31,003530,한화투자증권,38.8,123,0.0,85,0,1,0,40.7,0,15,1,20.0,20,1,10,10,1,0,15,0,0,10,1,0,10,1,3.0,10,1,0,10,1,9.76,9.64
2026-07-31,006910,보성파워텍,38.8,124,0.0,85,0,0,1,39.9,0,15,1,20.0,20,1,10,10,1,0,15,0,0,10,1,0,10,1,3.0,10,1,0,10,1,24.7,27.48
2026-07-31,092870,엑시콘,38.8,125,0.0,85,0,1,0,37.9,0,15,1,20.0,20,1,10,10,1,0,15,0,0,10,1,0,10,1,3.0,10,1,0,10,1,27.2,76.47
2026-07-31,011930,신성이엔지,38.8,126,0.0,85,0,1,0,39.0,0,15,1,20.0,20,1,10,10,1,0,15,0,0,10,1,0,10,1,3.0,10,1,0,10,1,16.6,17.73
2026-07-31,124500,아이티센글로벌,38.8,127,0.0,85,0,1,0,43.0,0,15,1,20.0,20,1,10,10,1,0,15,0,0,10,1,0,10,1,3.0,10,1,0,10,1,25.65,23.04
2026-07-31,039440,에스티아이,38.8,128,0.0,85,0,0,0,44.1,0,15,1,19.0,20,1,10,10,1,0,15,0,0,10,1,4,10,1,0.0,10,1,0,10,1,7.74,0.91
2026-07-31,263800,데이타솔루션,38.8,129,0.0,85,0,0,1,44.1,0,15,1,20.0,20,1,10,10,1,0,15,0,0,10,1,0,10,1,3.0,10,1,0,10,1,15.63,17.77
2026-07-31,039030,이오테크닉스,38.2,130,0.0,85,0,0,0,41.7,8,15,1,12.5,20,1,10,10,1,0,15,0,0,10,1,0,10,1,0.0,10,1,2,10,1,20.61,39.86
2026-07-31,058470,리노공업,38.0,131,0.0,85,0,0,1,40.4,8,15,1,6.3,20,1,8,10,1,0,15,0,0,10,1,0,10,1,3.0,10,1,7,10,1,10.3,5.77
2026-07-31,236200,슈프리마,37.9,132,0.0,85,1,1,0,61.7,0,15,1,6.2,20,1,8,10,1,0,15,0,4,10,1,7,10,1,7.0,10,1,0,10,1,24.66,11.74
2026-07-31,028670,팬오션,37.8,133,0.0,85,0,1,0,59.8,4,15,1,5.1,20,1,10,10,1,0,15,0,0,10,1,10,10,1,3.0,10,1,0,10,1,6.58,10.42
2026-07-31,103140,풍산,37.8,134,0.0,85,0,1,1,57.1,4,15,1,5.1,20,1,10,10,1,0,15,0,0,10,1,7,10,1,6.0,10,1,0,10,1,21.63,12.92
2026-07-31,440110,파두,37.7,135,0.0,75,0,0,0,44.4,8,15,1,16.3,20,1,0,10,0,0,15,0,0,10,1,0,10,1,0.0,10,1,4,10,1,-3.15,7.73
2026-07-31,259960,크래프톤,37.6,136,0.0,85,0,1,1,51.2,4,15,1,6.0,20,1,10,10,1,0,15,0,0,10,1,4,10,1,6.0,10,1,2,10,1,-0.41,-6.79
2026-07-31,009420,한올바이오파마,37.6,137,0.0,85,0,0,0,40.5,4,15,1,20.0,20,1,8,10,1,0,15,0,0,10,1,0,10,1,0.0,10,1,0,10,1,31.11,35.25
2026-07-31,005690,파미셀,37.6,138,0.0,85,0,0,0,41.3,4,15,1,20.0,20,1,8,10,1,0,15,0,0,10,1,0,10,1,0.0,10,1,0,10,1,15.5,17.18
2026-07-31,071970,HD현대마린엔진,37.5,139,0.0,85,0,0,0,38.5,4,15,1,10.9,20,1,10,10,1,0,15,0,0,10,1,7,10,1,0.0,10,1,0,10,1,19.72,11.63
2026-07-31,036540,SFA반도체,37.3,140,0.0,75,0,0,0,43.5,4,15,1,20.0,20,1,0,10,0,0,15,0,0,10,1,4,10,1,0.0,10,1,0,10,1,13.76,23.0
2026-07-31,383310,에코프로에이치엔,37.3,141,0.0,85,0,0,0,44.1,4,15,1,13.7,20,1,10,10,1,0,15,0,0,10,1,4,10,1,0.0,10,1,0,10,1,8.6,1.89
2026-07-31,254490,미래반도체,37.3,142,0.0,85,0,1,1,41.1,0,15,1,8.7,20,1,10,10,1,0,15,0,0,10,1,7,10,1,6.0,10,1,0,10,1,25.75,17.36
2026-07-31,267250,HD현대,37.2,143,0.0,85,0,1,1,45.2,4,15,1,9.6,20,1,10,10,1,0,15,0,0,10,1,0,10,1,6.0,10,1,2,10,1,13.23,17.48
2026-07-31,064350,현대로템,36.9,144,0.0,85,0,0,0,37.8,8,15,1,10.4,20,1,3,10,1,0,15,0,0,10,1,0,10,1,0.0,10,1,10,10,1,12.34,7.11
2026-07-31,006110,삼아알미늄,36.5,145,0.0,85,0,1,1,39.6,0,15,1,20.0,20,1,5,10,1,0,15,0,0,10,1,0,10,1,6.0,10,1,0,10,1,75.37,90.48
2026-07-31,487570,HS효성,36.4,146,0.0,55,0,1,1,47.1,4,15,1,0.0,20,0,0,10,0,0,15,0,0,10,1,10,10,1,6.0,10,1,0,10,1,6.66,5.42
2026-07-31,055550,신한지주,36.2,147,0.0,85,0,0,0,46.4,12,15,1,4.8,20,1,10,10,1,0,15,0,4,10,1,0,10,1,0.0,10,1,0,10,1,5.66,5.76
2026-07-31,460930,현대힘스,36.2,148,0.0,85,0,1,1,52.3,4,15,1,5.8,20,1,8,10,1,0,15,0,0,10,1,0,10,1,6.0,10,1,7,10,1,13.99,11.94
2026-07-31,014620,성광벤드,36.2,149,0.0,85,0,1,1,47.6,4,15,1,5.8,20,1,8,10,1,0,15,0,0,10,1,7,10,1,6.0,10,1,0,10,1,6.92,-8.04
2026-07-31,490470,세미파이브,36.0,150,0.0,75,0,1,0,42.4,4,15,1,16.0,20,1,0,10,0,0,15,0,0,10,1,4,10,1,3.0,10,1,0,10,1,5.52,-2.37
2026-07-31,491000,리브스메드,36.0,151,0.0,75,0,1,0,49.5,4,15,1,16.0,20,1,0,10,0,0,15,0,0,10,1,4,10,1,3.0,10,1,0,10,1,33.24,3.74
2026-07-31,094170,동운아나텍,36.0,152,0.0,75,0,0,0,40.8,0,15,1,20.0,20,1,0,10,0,0,15,0,0,10,1,7,10,1,0.0,10,1,0,10,1,23.42,17.47
2026-07-31,100790,미래에셋벤처투자,36.0,153,0.0,85,0,1,1,34.7,0,15,1,10.6,20,1,10,10,1,0,15,0,0,10,1,4,10,1,6.0,10,1,0,10,1,30.8,29.04
2026-07-31,000990,DB하이텍,35.8,154,0.0,85,0,0,0,35.1,8,15,1,6.4,20,1,10,10,1,0,15,0,0,10,1,4,10,1,0.0,10,1,2,10,1,10.59,17.45
2026-07-31,000150,두산,35.5,155,0.0,75,0,0,0,45.5,8,15,1,7.6,20,1,0,10,0,0,15,0,0,10,1,4,10,1,0.0,10,1,7,10,1,5.38,6.84
2026-07-31,008930,한미사이언스,35.4,156,0.0,85,1,1,1,63.3,0,15,1,6.1,20,1,10,10,1,0,15,0,4,10,1,0,10,1,10.0,10,1,0,10,1,27.48,24.41
2026-07-31,091590,남화토건,35.3,157,0.0,75,0,0,1,40.7,4,15,1,19.5,20,1,0,10,0,0,15,0,0,10,1,0,10,1,3.0,10,1,0,10,1,-1.8,35.73
2026-07-31,456040,OCI,35.3,158,0.0,85,0,0,0,35.4,0,15,1,20.0,20,1,10,10,1,0,15,0,0,10,1,0,10,1,0.0,10,1,0,10,1,12.34,15.82
2026-07-31,099320,쎄트렉아이,35.3,159,0.0,85,0,0,0,37.4,0,15,1,20.0,20,1,10,10,1,0,15,0,0,10,1,0,10,1,0.0,10,1,0,10,1,27.22,20.37
2026-07-31,005070,코스모신소재,35.3,160,0.0,85,0,0,0,41.4,0,15,1,20.0,20,1,10,10,1,0,15,0,0,10,1,0,10,1,0.0,10,1,0,10,1,20.96,20.18
2026-07-31,348210,넥스틴,35.3,161,0.0,85,0,0,0,34.2,0,15,1,20.0,20,1,10,10,1,0,15,0,0,10,1,0,10,1,0.0,10,1,0,10,1,18.89,22.01
2026-07-31,089860,롯데렌탈,35.1,162,0.0,85,1,1,1,67.0,0,15,1,4.8,20,1,8,10,1,0,15,0,7,10,1,0,10,1,10.0,10,1,0,10,1,8.77,15.12
2026-07-31,034020,두산에너빌리티,34.8,163,0.0,85,0,1,0,40.2,12,15,1,6.6,20,1,1,10,1,0,15,0,0,10,1,0,10,1,3.0,10,1,7,10,1,19.08,16.1
2026-07-31,007810,코리아써키트,34.7,164,0.0,75,0,0,0,32.7,4,15,1,18.0,20,1,0,10,0,0,15,0,0,10,1,4,10,1,0.0,10,1,0,10,1,27.23,40.8
2026-07-31,097230,HJ중공업,34.7,165,0.0,75,0,1,1,43.6,0,15,1,20.0,20,1,0,10,0,0,15,0,0,10,1,0,10,1,6.0,10,1,0,10,1,11.4,12.29
2026-07-31,037070,파세코,34.6,166,0.0,85,0,0,1,49.0,4,15,1,10.4,20,1,8,10,1,0,15,0,0,10,1,0,10,1,3.0,10,1,4,10,1,-10.74,-13.77
2026-07-31,121600,나노신소재,34.6,167,0.0,85,0,1,1,41.5,0,15,1,13.4,20,1,10,10,1,0,15,0,0,10,1,0,10,1,6.0,10,1,0,10,1,29.16,20.4
2026-07-31,298020,효성티앤씨,34.5,168,0.0,85,0,1,1,50.6,4,15,1,9.3,20,1,10,10,1,0,15,0,0,10,1,0,10,1,6.0,10,1,0,10,1,13.47,4.71
2026-07-31,082740,한화엔진,34.0,169,0.0,75,0,0,0,36.2,8,15,1,8.5,20,1,0,10,0,0,15,0,0,10,1,7,10,1,0.0,10,1,2,10,1,18.95,20.61
2026-07-31,272210,한화시스템,34.0,170,0.0,85,0,1,0,42.9,4,15,1,9.9,20,1,10,10,1,0,15,0,0,10,1,0,10,1,3.0,10,1,2,10,1,23.52,27.84
2026-07-31,101490,에스앤에스텍,33.9,171,0.0,85,0,1,0,42.3,4,15,1,7.8,20,1,10,10,1,0,15,0,0,10,1,4,10,1,3.0,10,1,0,10,1,8.2,7.1
2026-07-31,012330,현대모비스,33.8,172,0.0,85,0,1,1,46.7,8,15,1,4.7,20,1,10,10,1,0,15,0,0,10,1,0,10,1,6.0,10,1,0,10,1,6.09,8.82
2026-07-31,004020,현대제철,33.8,173,0.0,85,0,1,1,43.5,4,15,1,8.7,20,1,10,10,1,0,15,0,0,10,1,0,10,1,6.0,10,1,0,10,1,9.68,8.73
2026-07-31,015760,한국전력,33.7,174,0.0,75,0,1,0,46.6,8,15,1,7.3,20,1,0,10,0,0,15,0,0,10,1,0,10,1,3.0,10,1,7,10,1,2.59,-6.32
2026-07-31,006650,대한유화,33.5,175,0.0,75,0,0,0,30.5,0,15,1,18.1,20,1,0,10,0,0,15,0,0,10,1,7,10,1,0.0,10,1,0,10,1,7.13,1.05
2026-07-31,232680,라온로보틱스,33.2,176,0.0,85,0,1,1,43.9,0,15,1,7.2,20,1,8,10,1,0,15,0,0,10,1,7,10,1,6.0,10,1,0,10,1,21.83,17.37
2026-07-31,006360,GS건설,33.1,177,0.0,75,0,0,1,41.9,8,15,1,6.8,20,1,0,10,0,0,15,0,0,10,1,0,10,1,3.0,10,1,7,10,1,48.83,45.63
2026-07-31,192820,코스맥스,32.9,178,0.0,85,1,1,1,56.0,4,15,1,5.0,20,1,5,10,1,0,15,0,0,10,1,4,10,1,10.0,10,1,0,10,1,10.18,29.4
2026-07-31,010820,퍼스텍,32.8,179,0.0,85,0,1,1,40.7,0,15,1,11.9,20,1,10,10,1,0,15,0,0,10,1,0,10,1,6.0,10,1,0,10,1,21.72,20.22
2026-07-31,069620,대웅제약,32.7,180,0.0,85,0,0,0,39.9,4,15,1,5.8,20,1,8,10,1,0,15,0,0,10,1,10,10,1,0.0,10,1,0,10,1,13.8,4.13
2026-07-31,090460,비에이치,32.7,181,0.0,85,0,0,0,37.9,4,15,1,9.8,20,1,10,10,1,0,15,0,0,10,1,4,10,1,0.0,10,1,0,10,1,2.92,18.51
2026-07-31,000370,한화손해보험,32.7,182,0.0,85,0,1,1,46.4,0,15,1,4.8,20,1,10,10,1,0,15,0,0,10,1,7,10,1,6.0,10,1,0,10,1,6.54,24.03
2026-07-31,073240,금호타이어,32.6,183,0.0,85,0,0,1,62.9,8,15,1,4.7,20,1,1,10,1,0,15,0,4,10,1,7,10,1,3.0,10,1,0,10,1,1.1,6.86
2026-07-31,001510,SK증권,32.6,184,0.0,85,0,1,1,38.2,0,15,1,9.7,20,1,8,10,1,0,15,0,0,10,1,4,10,1,6.0,10,1,0,10,1,14.14,12.41
2026-07-31,023160,태광,32.6,185,0.0,85,0,1,1,42.8,0,15,1,7.7,20,1,10,10,1,0,15,0,0,10,1,4,10,1,6.0,10,1,0,10,1,13.53,2.75
2026-07-31,064260,다날,32.5,186,0.0,75,0,1,1,50.7,4,15,1,7.4,20,1,0,10,0,0,15,0,0,10,1,0,10,1,6.0,10,1,7,10,1,9.51,6.42
2026-07-31,001120,LX인터내셔널,32.5,187,0.0,85,0,1,1,49.0,0,15,1,7.6,20,1,10,10,1,0,15,0,0,10,1,4,10,1,6.0,10,1,0,10,1,0.67,2.94
2026-07-31,139130,iM금융지주,32.4,188,0.0,85,0,0,1,46.0,4,15,1,10.5,20,1,10,10,1,0,15,0,0,10,1,0,10,1,3.0,10,1,0,10,1,1.89,2.54
2026-07-31,002790,아모레퍼시픽홀딩스,32.4,189,0.0,85,1,1,0,58.6,0,15,1,6.5,20,1,10,10,1,0,15,0,4,10,1,0,10,1,7.0,10,1,0,10,1,3.73,-0.98
2026-07-31,004170,신세계,32.1,190,0.0,85,0,0,0,32.7,8,15,1,7.3,20,1,10,10,1,0,15,0,0,10,1,0,10,1,0.0,10,1,2,10,1,2.13,0.35
2026-07-31,000250,삼천당제약,32.1,191,0.0,75,0,0,0,39.9,4,15,1,16.1,20,1,0,10,0,0,15,0,0,10,1,0,10,1,0.0,10,1,4,10,1,26.2,23.46
2026-07-31,178320,서진시스템,32.0,192,0.0,75,0,0,0,38.4,4,15,1,20.0,20,1,0,10,0,0,15,0,0,10,1,0,10,1,0.0,10,1,0,10,1,13.48,12.27
2026-07-31,064290,인텍플러스,32.0,193,0.0,75,0,0,0,38.9,4,15,1,20.0,20,1,0,10,0,0,15,0,0,10,1,0,10,1,0.0,10,1,0,10,1,10.14,31.34
2026-07-31,122640,예스티,32.0,194,0.0,75,0,0,0,41.8,4,15,1,20.0,20,1,0,10,0,0,15,0,0,10,1,0,10,1,0.0,10,1,0,10,1,2.33,27.91
2026-07-31,417840,저스템,32.0,195,0.0,75,0,0,0,41.6,4,15,1,20.0,20,1,0,10,0,0,15,0,0,10,1,0,10,1,0.0,10,1,0,10,1,29.98,56.53
2026-07-31,200710,에이디테크놀로지,32.0,196,0.0,75,0,0,0,45.2,4,15,1,20.0,20,1,0,10,0,0,15,0,0,10,1,0,10,1,0.0,10,1,0,10,1,14.02,0.37
2026-07-31,330860,네패스아크,32.0,197,0.0,75,0,0,0,37.3,4,15,1,20.0,20,1,0,10,0,0,15,0,0,10,1,0,10,1,0.0,10,1,0,10,1,13.14,17.58
2026-07-31,138080,오이솔루션,32.0,198,0.0,75,0,0,0,36.2,0,15,1,20.0,20,1,0,10,0,0,15,0,0,10,1,4,10,1,0.0,10,1,0,10,1,77.07,42.04
2026-07-31,071050,한국금융지주,31.9,199,0.0,85,0,0,0,45.3,8,15,1,9.1,20,1,10,10,1,0,15,0,0,10,1,0,10,1,0.0,10,1,0,10,1,-6.1,-7.22
2026-07-31,053610,프로텍,31.9,200,0.0,85,0,0,0,42.6,0,15,1,17.1,20,1,10,10,1,0,15,0,0,10,1,0,10,1,0.0,10,1,0,10,1,10.57,15.94
2026-08-03,052460,아이크래프트,71.8,1,0.0,85,1,1,1,70.1,4,15,1,20.0,20,1,10,10,1,0,15,0,10,10,1,7,10,1,10.0,10,1,0,10,1,34.87,54.34
2026-08-03,005935,삼성전자우,68.2,2,0.0,85,0,1,0,47.9,15,15,1,20.0,20,1,10,10,1,0,15,0,0,10,1,0,10,1,3.0,10,1,10,10,1,1.24,-2.42
2026-08-03,277810,레인보우로보틱스,66.5,3,0.0,75,0,1,1,49.5,12,15,1,17.9,20,1,0,10,0,0,15,0,0,10,1,4,10,1,6.0,10,1,10,10,1,4.69,0.87
2026-08-03,108490,로보티즈,65.3,4,0.0,75,0,1,1,50.2,12,15,1,20.0,20,1,0,10,0,0,15,0,0,10,1,7,10,1,6.0,10,1,4,10,1,12.99,23.9
2026-08-03,005930,삼성전자,64.7,5,0.0,85,0,0,0,44.2,15,15,1,20.0,20,1,10,10,1,0,15,0,0,10,1,0,10,1,0.0,10,1,10,10,1,0.0,3.34
2026-08-03,006400,삼성SDI,64.7,6,0.0,85,0,1,0,41.3,12,15,1,20.0,20,1,10,10,1,0,15,0,0,10,1,0,10,1,3.0,10,1,10,10,1,17.97,25.03
2026-08-03,042660,한화오션,63.5,7,0.0,85,0,1,1,44.1,8,15,1,20.0,20,1,10,10,1,0,15,0,0,10,1,0,10,1,6.0,10,1,10,10,1,7.23,6.14
2026-08-03,010060,OCI홀딩스,60.0,8,0.0,85,0,1,1,46.5,8,15,1,20.0,20,1,10,10,1,0,15,0,0,10,1,0,10,1,6.0,10,1,7,10,1,38.9,40.93
2026-08-03,058610,에스피지,59.3,9,0.0,85,0,1,1,64.6,15,15,1,6.4,20,1,3,10,1,0,15,0,0,10,1,10,10,1,6.0,10,1,10,10,1,4.88,-6.62
2026-08-03,373220,LG에너지솔루션,58.7,10,0.0,75,0,1,1,43.0,8,15,1,20.0,20,1,0,10,0,0,15,0,0,10,1,0,10,1,6.0,10,1,10,10,1,12.18,13.13
2026-08-03,214450,파마리서치,58.5,11,0.0,85,1,1,1,57.1,8,15,1,7.7,20,1,10,10,1,0,15,0,4,10,1,0,10,1,10.0,10,1,10,10,1,12.1,5.11
2026-08-03,098460,고영,56.5,12,0.0,85,0,1,1,49.9,8,15,1,20.0,20,1,10,10,1,0,15,0,0,10,1,0,10,1,6.0,10,1,4,10,1,18.84,5.98
2026-08-03,000660,SK하이닉스,56.0,13,0.0,75,0,0,0,41.5,15,15,1,20.0,20,1,0,10,0,0,15,0,0,10,1,0,10,1,0.0,10,1,7,10,1,-9.06,-4.28
2026-08-03,009540,HD한국조선해양,55.5,14,0.0,85,0,1,1,50.9,8,15,1,13.2,20,1,10,10,1,0,15,0,0,10,1,0,10,1,6.0,10,1,10,10,1,8.01,-0.41
2026-08-03,036930,주성엔지니어링,54.7,15,0.0,85,0,0,0,41.4,15,15,1,11.5,20,1,10,10,1,0,15,0,0,10,1,0,10,1,0.0,10,1,10,10,1,27.07,34.27
2026-08-03,196170,알테오젠,54.7,16,0.0,75,0,1,0,52.0,8,15,1,20.0,20,1,0,10,0,0,15,0,0,10,1,0,10,1,3.0,10,1,10,10,1,3.15,-4.41
2026-08-03,012450,한화에어로스페이스,54.4,17,0.0,85,0,1,1,45.6,12,15,1,8.2,20,1,10,10,1,0,15,0,0,10,1,0,10,1,6.0,10,1,10,10,1,19.48,28.07
2026-08-03,353200,대덕전자,54.1,18,0.0,85,0,0,0,41.6,12,15,1,20.0,20,1,10,10,1,0,15,0,0,10,1,0,10,1,0.0,10,1,4,10,1,8.27,18.1
2026-08-03,396300,세아메카닉스,54.1,19,0.0,85,0,1,1,59.0,4,15,1,20.0,20,1,10,10,1,0,15,0,0,10,1,4,10,1,6.0,10,1,2,10,1,2.93,16.95
2026-08-03,047040,대우건설,53.3,20,0.0,85,0,0,1,38.1,8,15,1,14.3,20,1,10,10,1,0,15,0,0,10,1,0,10,1,3.0,10,1,10,10,1,30.23,29.32
2026-08-03,247540,에코프로비엠,53.3,21,0.0,75,0,1,1,36.4,8,15,1,20.0,20,1,0,10,0,0,15,0,0,10,1,4,10,1,6.0,10,1,2,10,1,13.43,13.43
2026-08-03,086520,에코프로,53.2,22,0.0,85,0,1,1,43.5,8,15,1,13.2,20,1,8,10,1,0,15,0,0,10,1,0,10,1,6.0,10,1,10,10,1,16.67,11.37
2026-08-03,096770,SK이노베이션,52.9,23,0.0,85,0,0,0,46.9,8,15,1,20.0,20,1,10,10,1,0,15,0,0,10,1,0,10,1,0.0,10,1,7,10,1,14.91,19.35
2026-08-03,352820,하이브,52.9,24,0.0,85,0,0,0,39.1,8,15,1,20.0,20,1,10,10,1,0,15,0,0,10,1,0,10,1,0.0,10,1,7,10,1,3.44,-1.2
2026-08-03,010950,S-Oil,52.9,25,0.0,85,0,0,0,44.4,8,15,1,20.0,20,1,10,10,1,0,15,0,0,10,1,0,10,1,0.0,10,1,7,10,1,16.35,24.57
2026-08-03,009150,삼성전기,52.8,26,0.0,85,0,0,0,42.5,15,15,1,9.9,20,1,10,10,1,0,15,0,0,10,1,0,10,1,0.0,10,1,10,10,1,6.86,17.44
2026-08-03,402340,SK스퀘어,52.0,27,0.0,75,0,0,0,42.4,15,15,1,20.0,20,1,0,10,0,0,15,0,0,10,1,0,10,1,0.0,10,1,4,10,1,-7.8,-2.05
2026-08-03,240810,원익IPS,52.0,28,0.0,75,0,0,0,41.4,12,15,1,20.0,20,1,0,10,0,0,15,0,0,10,1,0,10,1,0.0,10,1,7,10,1,11.74,16.65
2026-08-03,034730,SK,52.0,29,0.0,75,0,0,0,42.1,12,15,1,20.0,20,1,0,10,0,0,15,0,0,10,1,0,10,1,0.0,10,1,7,10,1,0.19,5.35
2026-08-03,332570,PS일렉트로닉스,51.8,30,0.0,85,0,1,1,57.7,4,15,1,20.0,20,1,10,10,1,0,15,0,0,10,1,0,10,1,6.0,10,1,4,10,1,17.06,11.98
2026-08-03,080220,제주반도체,51.3,31,0.0,85,0,0,0,43.3,8,15,1,18.6,20,1,10,10,1,0,15,0,0,10,1,0,10,1,0.0,10,1,7,10,1,38.86,13.06
2026-08-03,475150,SK이터닉스,50.9,32,0.0,85,0,0,1,46.5,15,15,1,5.3,20,1,10,10,1,0,15,0,0,10,1,0,10,1,3.0,10,1,10,10,1,9.77,24.17
2026-08-03,017670,SK텔레콤,50.9,33,0.0,85,0,0,1,42.4,12,15,1,8.3,20,1,10,10,1,0,15,0,0,10,1,0,10,1,3.0,10,1,10,10,1,4.88,19.51
2026-08-03,068270,셀트리온,50.9,34,0.0,85,0,1,1,54.3,8,15,1,11.3,20,1,8,10,1,0,15,0,0,10,1,0,10,1,6.0,10,1,10,10,1,15.53,6.53
2026-08-03,051900,LG생활건강,50.9,35,0.0,85,1,1,1,67.6,4,15,1,10.3,20,1,10,10,1,0,15,0,7,10,1,0,10,1,10.0,10,1,2,10,1,12.35,6.53
2026-08-03,010170,대한광통신,50.7,36,0.0,75,0,1,1,41.6,12,15,1,16.0,20,1,0,10,0,0,15,0,0,10,1,4,10,1,6.0,10,1,0,10,1,45.41,37.3
2026-08-03,000720,현대건설,50.7,37,0.0,85,0,1,1,44.0,8,15,1,12.1,20,1,10,10,1,0,15,0,0,10,1,0,10,1,6.0,10,1,7,10,1,17.47,21.86
2026-08-03,010120,LS ELECTRIC,50.1,38,0.0,85,0,1,0,46.6,12,15,1,7.6,20,1,10,10,1,0,15,0,0,10,1,0,10,1,3.0,10,1,10,10,1,7.75,7.22
2026-08-03,001440,대한전선,49.5,39,0.0,85,0,1,1,38.5,8,15,1,8.1,20,1,10,10,1,0,15,0,0,10,1,0,10,1,6.0,10,1,10,10,1,18.16,16.91
2026-08-03,093370,후성,49.3,40,0.0,75,0,0,1,42.8,8,15,1,20.0,20,1,0,10,0,0,15,0,0,10,1,4,10,1,3.0,10,1,2,10,1,11.76,31.41
2026-08-03,051910,LG화학,49.3,41,0.0,85,0,1,1,41.1,8,15,1,12.9,20,1,8,10,1,0,15,0,0,10,1,0,10,1,6.0,10,1,7,10,1,10.93,7.69
2026-08-03,005490,POSCO홀딩스,49.2,42,0.0,85,0,1,1,42.8,8,15,1,7.8,20,1,10,10,1,0,15,0,0,10,1,0,10,1,6.0,10,1,10,10,1,7.58,5.44
2026-08-03,298040,효성중공업,49.1,43,0.0,85,0,0,0,43.8,12,15,1,9.7,20,1,10,10,1,0,15,0,0,10,1,0,10,1,0.0,10,1,10,10,1,13.47,16.55
2026-08-03,108860,셀바스AI,48.9,44,0.0,75,0,1,1,61.4,8,15,1,8.7,20,1,0,10,0,0,15,0,0,10,1,10,10,1,6.0,10,1,4,10,1,12.89,-7.94
2026-08-03,006800,미래에셋증권,48.8,45,0.0,85,0,1,0,36.8,8,15,1,10.5,20,1,10,10,1,0,15,0,0,10,1,0,10,1,3.0,10,1,10,10,1,6.77,4.36
2026-08-03,008770,호텔신라,48.2,46,0.0,85,0,0,0,32.0,4,15,1,20.0,20,1,10,10,1,0,15,0,0,10,1,7,10,1,0.0,10,1,0,10,1,8.12,2.67
2026-08-03,290650,엘앤씨바이오,48.2,47,0.0,85,0,0,0,29.7,4,15,1,20.0,20,1,10,10,1,0,15,0,0,10,1,7,10,1,0.0,10,1,0,10,1,30.79,6.69
2026-08-03,003230,삼양식품,48.0,48,0.0,85,0,1,1,50.1,8,15,1,6.8,20,1,10,10,1,0,15,0,0,10,1,0,10,1,6.0,10,1,10,10,1,8.95,13.29
2026-08-03,000150,두산,47.7,49,0.0,75,0,1,1,48.5,12,15,1,7.8,20,1,0,10,0,0,15,0,0,10,1,0,10,1,6.0,10,1,10,10,1,-4.93,-3.63
2026-08-03,066570,LG전자,47.6,50,0.0,85,0,0,0,41.3,12,15,1,8.5,20,1,10,10,1,0,15,0,0,10,1,0,10,1,0.0,10,1,10,10,1,14.42,26.89
2026-08-03,079550,LIG디펜스앤에어로스페이스,47.5,51,0.0,85,0,1,1,47.3,8,15,1,6.4,20,1,10,10,1,0,15,0,0,10,1,0,10,1,6.0,10,1,10,10,1,8.73,13.88
2026-08-03,146320,비씨엔씨,47.3,52,0.0,85,0,0,1,44.8,0,15,1,19.2,20,1,8,10,1,0,15,0,0,10,1,10,10,1,3.0,10,1,0,10,1,9.61,2.32
2026-08-03,207940,삼성바이오로직스,47.1,53,0.0,85,1,1,1,49.5,8,15,1,7.0,20,1,1,10,1,0,15,0,4,10,1,0,10,1,10.0,10,1,10,10,1,13.07,8.5
2026-08-03,316140,우리금융지주,47.1,54,0.0,85,1,1,1,61.3,8,15,1,5.0,20,1,10,10,1,0,15,0,7,10,1,0,10,1,10.0,10,1,0,10,1,1.35,0.45
2026-08-03,043260,성호전자,47.1,55,0.0,85,0,1,1,39.2,4,15,1,20.0,20,1,10,10,1,0,15,0,0,10,1,0,10,1,6.0,10,1,0,10,1,24.13,24.07
2026-08-03,036570,NC,47.1,56,0.0,85,0,1,1,47.1,4,15,1,20.0,20,1,10,10,1,0,15,0,0,10,1,0,10,1,6.0,10,1,0,10,1,10.13,-5.39
2026-08-03,218410,RFHIC,47.1,57,0.0,85,0,1,1,41.1,4,15,1,20.0,20,1,10,10,1,0,15,0,0,10,1,0,10,1,6.0,10,1,0,10,1,20.05,14.17
2026-08-03,003160,디아이,47.1,58,0.0,85,0,1,1,48.3,4,15,1,20.0,20,1,10,10,1,0,15,0,0,10,1,0,10,1,6.0,10,1,0,10,1,18.96,19.91
2026-08-03,119850,지엔씨에너지,46.8,59,0.0,75,1,1,0,62.5,8,15,1,8.1,20,1,0,10,0,0,15,0,4,10,1,4,10,1,7.0,10,1,4,10,1,18.81,30.71
2026-08-03,090430,아모레퍼시픽,46.8,60,0.0,85,1,1,1,59.2,4,15,1,6.8,20,1,8,10,1,0,15,0,4,10,1,0,10,1,10.0,10,1,7,10,1,5.78,2.54
2026-08-03,222800,심텍,46.7,61,0.0,75,0,0,0,44.3,8,15,1,20.0,20,1,0,10,0,0,15,0,0,10,1,0,10,1,0.0,10,1,7,10,1,30.17,26.51
2026-08-03,009830,한화솔루션,46.7,62,0.0,75,0,0,0,37.7,8,15,1,20.0,20,1,0,10,0,0,15,0,0,10,1,0,10,1,0.0,10,1,7,10,1,46.57,39.72
2026-08-03,044340,위닉스,46.7,63,0.0,75,1,1,1,62.9,8,15,1,0.0,20,1,0,10,0,0,15,0,10,10,1,7,10,1,10.0,10,1,0,10,1,-23.63,-35.58
2026-08-03,278470,에이피알,46.6,64,0.0,85,0,0,0,42.6,8,15,1,14.6,20,1,10,10,1,0,15,0,0,10,1,0,10,1,0.0,10,1,7,10,1,14.05,13.46
2026-08-03,329180,HD현대중공업,46.0,65,0.0,85,0,1,1,41.5,8,15,1,14.1,20,1,1,10,1,0,15,0,0,10,1,0,10,1,6.0,10,1,10,10,1,6.91,0.74
2026-08-03,006110,삼아알미늄,45.9,66,0.0,85,0,1,1,46.5,4,15,1,20.0,20,1,5,10,1,0,15,0,0,10,1,4,10,1,6.0,10,1,0,10,1,47.41,55.75
2026-08-03,042700,한미반도체,45.6,67,0.0,85,0,1,0,44.6,12,15,1,6.8,20,1,10,10,1,0,15,0,0,10,1,0,10,1,3.0,10,1,7,10,1,5.19,9.14
2026-08-03,413630,씨피시스템,45.1,68,0.0,75,1,1,1,61.8,4,15,1,8.8,20,1,0,10,0,0,15,0,4,10,1,0,10,1,10.0,10,1,7,10,1,-2.83,-16.71
2026-08-03,011070,LG이노텍,44.5,69,0.0,85,0,0,0,35.1,12,15,1,8.8,20,1,10,10,1,0,15,0,0,10,1,0,10,1,0.0,10,1,7,10,1,7.02,17.54
2026-08-03,454910,두산로보틱스,44.1,70,0.0,75,0,1,1,41.9,8,15,1,15.1,20,1,0,10,0,0,15,0,0,10,1,0,10,1,6.0,10,1,4,10,1,15.06,11.02
2026-08-03,126340,비나텍,43.8,71,0.0,85,0,1,1,42.7,4,15,1,17.2,20,1,10,10,1,0,15,0,0,10,1,0,10,1,6.0,10,1,0,10,1,15.42,6.8
2026-08-03,083650,비에이치아이,43.6,72,0.0,85,0,1,1,43.3,4,15,1,17.1,20,1,10,10,1,0,15,0,0,10,1,0,10,1,6.0,10,1,0,10,1,28.02,42.09
2026-08-03,008930,한미사이언스,43.6,73,0.0,85,1,1,1,63.9,4,15,1,6.1,20,1,10,10,1,0,15,0,7,10,1,0,10,1,10.0,10,1,0,10,1,28.16,25.24
2026-08-03,267270,HD건설기계,43.5,74,0.0,85,0,1,0,48.3,4,15,1,20.0,20,1,10,10,1,0,15,0,0,10,1,0,10,1,3.0,10,1,0,10,1,12.25,2.13
2026-08-03,263750,펄어비스,43.5,75,0.0,85,0,1,0,44.0,4,15,1,20.0,20,1,10,10,1,0,15,0,0,10,1,0,10,1,3.0,10,1,0,10,1,9.01,-9.31
2026-08-03,317400,자이에스앤디,43.5,76,0.0,85,1,0,1,60.2,0,15,1,20.0,20,1,10,10,1,0,15,0,0,10,1,0,10,1,7.0,10,1,0,10,1,26.39,63.42
2026-08-03,009155,삼성전기우,43.4,77,0.0,85,0,0,1,42.1,8,15,1,9.9,20,1,10,10,1,0,15,0,0,10,1,4,10,1,3.0,10,1,2,10,1,3.8,15.58
2026-08-03,037070,파세코,42.8,78,0.0,85,0,0,1,53.4,8,15,1,10.4,20,1,8,10,1,0,15,0,0,10,1,0,10,1,3.0,10,1,7,10,1,-19.59,-25.34
2026-08-03,028050,삼성E&A,42.7,79,0.0,85,0,1,1,49.1,8,15,1,5.3,20,1,10,10,1,0,15,0,0,10,1,0,10,1,6.0,10,1,7,10,1,10.25,9.23
2026-08-03,089030,테크윙,42.7,80,0.0,75,0,0,0,50.3,8,15,1,20.0,20,1,0,10,0,0,15,0,0,10,1,0,10,1,0.0,10,1,4,10,1,3.24,5.51
2026-08-03,004310,현대약품,42.4,81,0.0,85,0,0,0,45.3,4,15,1,20.0,20,1,10,10,1,0,15,0,0,10,1,0,10,1,0.0,10,1,2,10,1,18.3,11.09
2026-08-03,044490,태웅,42.4,82,0.0,85,0,1,1,47.9,0,15,1,20.0,20,1,10,10,1,0,15,0,0,10,1,0,10,1,6.0,10,1,0,10,1,20.04,14.79
2026-08-03,124500,아이티센글로벌,42.4,83,0.0,85,0,1,1,48.1,0,15,1,20.0,20,1,10,10,1,0,15,0,0,10,1,0,10,1,6.0,10,1,0,10,1,22.93,11.57
2026-08-03,100840,SNT에너지,42.4,84,0.0,85,0,1,1,47.3,0,15,1,20.0,20,1,10,10,1,0,15,0,0,10,1,0,10,1,6.0,10,1,0,10,1,8.95,2.1
2026-08-03,006910,보성파워텍,42.4,85,0.0,85,0,1,1,41.1,0,15,1,20.0,20,1,10,10,1,0,15,0,0,10,1,0,10,1,6.0,10,1,0,10,1,20.31,17.41
2026-08-03,483650,달바글로벌,42.0,86,0.0,85,1,0,1,49.1,4,15,1,7.7,20,1,10,10,1,0,15,0,0,10,1,0,10,1,7.0,10,1,7,10,1,10.07,-2.46
2026-08-03,439960,코스모로보틱스,41.9,87,0.0,75,0,1,1,55.4,15,15,1,0.4,20,1,0,10,0,0,15,0,0,10,1,10,10,1,6.0,10,1,0,10,1,-5.26,-17.73
2026-08-03,194370,제이에스코퍼레이션,41.6,88,0.0,85,1,1,1,64.3,0,15,1,5.4,20,1,10,10,1,0,15,0,0,10,1,10,10,1,10.0,10,1,0,10,1,2.42,-4.23
2026-08-03,322000,HD현대에너지솔루션,41.3,89,0.0,75,0,0,0,47.3,4,15,1,20.0,20,1,0,10,0,0,15,0,0,10,1,0,10,1,0.0,10,1,7,10,1,-0.92,8.19
2026-08-03,003670,포스코퓨처엠,41.2,90,0.0,85,0,1,1,40.3,4,15,1,20.0,20,1,3,10,1,0,15,0,0,10,1,0,10,1,6.0,10,1,2,10,1,14.69,17.18
2026-08-03,035720,카카오,40.7,91,0.0,75,0,1,1,53.6,8,15,1,6.5,20,1,0,10,0,0,15,0,0,10,1,0,10,1,6.0,10,1,10,10,1,9.41,0.54
2026-08-03,100790,미래에셋벤처투자,40.7,92,0.0,85,0,1,1,37.8,4,15,1,10.6,20,1,10,10,1,0,15,0,0,10,1,4,10,1,6.0,10,1,0,10,1,26.47,16.44
2026-08-03,319660,피에스케이,40.6,93,0.0,85,0,0,0,41.6,8,15,1,9.5,20,1,10,10,1,0,15,0,0,10,1,0,10,1,0.0,10,1,7,10,1,2.87,2.87
2026-08-03,007660,이수페타시스,40.5,94,0.0,85,0,0,0,39.4,8,15,1,9.4,20,1,10,10,1,0,15,0,0,10,1,0,10,1,0.0,10,1,7,10,1,17.85,40.13
2026-08-03,111770,영원무역,40.5,95,0.0,85,1,1,1,57.9,0,15,1,7.4,20,1,10,10,1,0,15,0,7,10,1,0,10,1,10.0,10,1,0,10,1,3.19,-12.29
2026-08-03,078930,GS,40.2,96,0.0,85,1,0,1,53.1,4,15,1,6.2,20,1,10,10,1,0,15,0,0,10,1,0,10,1,7.0,10,1,7,10,1,15.25,41.49
2026-08-03,089970,브이엠,40.0,97,0.0,75,0,0,0,40.8,8,15,1,20.0,20,1,0,10,0,0,15,0,0,10,1,0,10,1,0.0,10,1,2,10,1,13.13,-1.41
2026-08-03,420770,기가비스,40.0,98,0.0,85,0,0,0,44.2,4,15,1,20.0,20,1,10,10,1,0,15,0,0,10,1,0,10,1,0.0,10,1,0,10,1,0.95,10.66
2026-08-03,178320,서진시스템,40.0,99,0.0,75,0,1,1,38.3,4,15,1,20.0,20,1,0,10,0,0,15,0,0,10,1,0,10,1,6.0,10,1,0,10,1,15.54,15.38
2026-08-03,131970,두산테스나,40.0,100,0.0,85,0,0,0,36.6,4,15,1,20.0,20,1,10,10,1,0,15,0,0,10,1,0,10,1,0.0,10,1,0,10,1,12.94,17.57
2026-08-03,491000,리브스메드,40.0,101,0.0,75,0,1,1,55.1,4,15,1,16.0,20,1,0,10,0,0,15,0,0,10,1,4,10,1,6.0,10,1,0,10,1,12.08,-7.61
2026-08-03,139480,이마트,40.0,102,0.0,75,0,1,1,42.5,4,15,1,20.0,20,1,0,10,0,0,15,0,0,10,1,0,10,1,6.0,10,1,0,10,1,3.07,-7.29
2026-08-03,138080,오이솔루션,40.0,103,0.0,75,0,1,1,40.8,0,15,1,20.0,20,1,0,10,0,0,15,0,0,10,1,4,10,1,6.0,10,1,0,10,1,44.69,27.57
2026-08-03,105560,KB금융,39.5,104,0.0,85,0,0,1,50.5,12,15,1,4.6,20,1,10,10,1,0,15,0,4,10,1,0,10,1,3.0,10,1,0,10,1,-1.71,-1.83
2026-08-03,018260,삼성에스디에스,39.5,105,0.0,75,0,1,1,50.1,8,15,1,5.6,20,1,0,10,0,0,15,0,0,10,1,0,10,1,6.0,10,1,10,10,1,16.75,11.33
2026-08-03,000210,DL,39.4,106,0.0,85,0,0,1,49.0,4,15,1,9.5,20,1,10,10,1,0,15,0,0,10,1,7,10,1,3.0,10,1,0,10,1,10.12,9.03
2026-08-03,077360,덕산하이메탈,38.8,107,0.0,85,0,1,0,46.3,0,15,1,20.0,20,1,10,10,1,0,15,0,0,10,1,0,10,1,3.0,10,1,0,10,1,8.09,8.09
2026-08-03,126640,화신정공,38.8,108,0.0,85,0,0,1,51.8,0,15,1,20.0,20,1,10,10,1,0,15,0,0,10,1,0,10,1,3.0,10,1,0,10,1,3.49,34.16
2026-08-03,099320,쎄트렉아이,38.8,109,0.0,85,0,1,0,39.7,0,15,1,20.0,20,1,10,10,1,0,15,0,0,10,1,0,10,1,3.0,10,1,0,10,1,17.19,14.95
2026-08-03,003530,한화투자증권,38.8,110,0.0,85,0,1,0,41.7,0,15,1,20.0,20,1,10,10,1,0,15,0,0,10,1,0,10,1,3.0,10,1,0,10,1,9.58,5.27
2026-08-03,089890,코세스,38.8,111,0.0,85,0,0,1,40.2,0,15,1,20.0,20,1,10,10,1,0,15,0,0,10,1,0,10,1,3.0,10,1,0,10,1,16.46,10.97
2026-08-03,012330,현대모비스,38.5,112,0.0,85,0,1,1,50.4,12,15,1,4.7,20,1,10,10,1,0,15,0,0,10,1,0,10,1,6.0,10,1,0,10,1,0.41,3.14
2026-08-03,034020,두산에너빌리티,38.4,113,0.0,85,0,1,0,40.5,12,15,1,6.6,20,1,1,10,1,0,15,0,0,10,1,0,10,1,3.0,10,1,10,10,1,15.07,12.56
2026-08-03,010140,삼성중공업,38.4,114,0.0,75,0,1,0,42.5,8,15,1,7.8,20,1,0,10,0,0,15,0,0,10,1,0,10,1,3.0,10,1,10,10,1,4.31,-1.44
2026-08-03,295310,에이치브이엠,38.4,115,0.0,75,0,1,1,41.0,4,15,1,14.8,20,1,0,10,0,0,15,0,0,10,1,4,10,1,6.0,10,1,0,10,1,38.87,20.84
2026-08-03,032830,삼성생명,38.2,116,0.0,85,0,0,0,40.9,8,15,1,7.5,20,1,10,10,1,0,15,0,0,10,1,0,10,1,0.0,10,1,7,10,1,0.7,-4.0
2026-08-03,194480,데브시스터즈,38.0,117,0.0,75,1,1,1,60.8,0,15,1,10.5,20,1,0,10,0,0,15,0,4,10,1,4,10,1,10.0,10,1,0,10,1,14.7,-9.91
2026-08-03,047810,한국항공우주,37.8,118,0.0,85,0,0,0,38.9,8,15,1,7.1,20,1,10,10,1,0,15,0,0,10,1,0,10,1,0.0,10,1,7,10,1,9.54,9.7
2026-08-03,009420,한올바이오파마,37.6,119,0.0,85,0,0,0,44.6,4,15,1,20.0,20,1,8,10,1,0,15,0,0,10,1,0,10,1,0.0,10,1,0,10,1,23.83,28.84
2026-08-03,356860,티엘비,37.6,120,0.0,85,0,0,0,31.8,4,15,1,20.0,20,1,8,10,1,0,15,0,0,10,1,0,10,1,0.0,10,1,0,10,1,8.22,29.45
2026-08-03,189300,인텔리안테크,37.6,121,0.0,85,0,1,1,44.7,0,15,1,16.0,20,1,10,10,1,0,15,0,0,10,1,0,10,1,6.0,10,1,0,10,1,24.21,8.07
2026-08-03,061090,세나테크놀로지,37.5,122,0.0,85,0,0,1,53.0,0,15,1,11.9,20,1,10,10,1,0,15,0,0,10,1,7,10,1,3.0,10,1,0,10,1,13.86,4.22
2026-08-03,018880,한온시스템,37.4,123,0.0,85,0,1,1,39.1,4,15,1,13.8,20,1,8,10,1,0,15,0,0,10,1,0,10,1,6.0,10,1,0,10,1,16.46,7.38
2026-08-03,267260,HD현대일렉트릭,37.2,124,0.0,85,0,0,0,37.7,8,15,1,6.6,20,1,10,10,1,0,15,0,0,10,1,0,10,1,0.0,10,1,7,10,1,9.81,11.74
2026-08-03,319400,현대무벡스,37.1,125,0.0,85,0,1,1,50.1,8,15,1,5.5,20,1,1,10,1,0,15,0,0,10,1,4,10,1,6.0,10,1,7,10,1,6.26,3.24
2026-08-03,006360,GS건설,37.1,126,0.0,75,0,0,1,43.4,8,15,1,6.8,20,1,0,10,0,0,15,0,0,10,1,0,10,1,3.0,10,1,10,10,1,43.3,44.12
2026-08-03,001120,LX인터내셔널,37.1,127,0.0,85,0,0,0,36.9,4,15,1,7.5,20,1,10,10,1,0,15,0,0,10,1,10,10,1,0.0,10,1,0,10,1,12.52,14.61
2026-08-03,005690,파미셀,36.5,128,0.0,85,0,1,0,42.8,0,15,1,20.0,20,1,8,10,1,0,15,0,0,10,1,0,10,1,3.0,10,1,0,10,1,12.52,10.49
2026-08-03,003620,KG모빌리티,36.5,129,0.0,85,0,1,0,43.2,0,15,1,20.0,20,1,1,10,1,0,15,0,0,10,1,7,10,1,3.0,10,1,0,10,1,8.35,0.56
2026-08-03,204320,HL만도,36.2,130,0.0,85,0,1,1,49.9,8,15,1,4.8,20,1,8,10,1,0,15,0,0,10,1,4,10,1,6.0,10,1,0,10,1,15.35,10.87
2026-08-03,120110,코오롱인더,36.2,131,0.0,85,0,1,1,38.0,4,15,1,10.8,20,1,10,10,1,0,15,0,0,10,1,0,10,1,6.0,10,1,0,10,1,16.34,12.02
2026-08-03,000250,삼천당제약,36.1,132,0.0,75,0,1,0,42.5,4,15,1,16.1,20,1,0,10,0,0,15,0,0,10,1,0,10,1,3.0,10,1,4,10,1,21.1,13.46
2026-08-03,033160,엠케이전자,36.0,133,0.0,75,0,1,0,43.6,4,15,1,20.0,20,1,0,10,0,0,15,0,0,10,1,0,10,1,3.0,10,1,0,10,1,23.75,5.33
2026-08-03,153890,져스텍,36.0,134,0.0,75,0,0,1,37.6,4,15,1,20.0,20,1,0,10,0,0,15,0,0,10,1,0,10,1,3.0,10,1,0,10,1,58.15,107.92
2026-08-03,036810,에프에스티,36.0,135,0.0,75,0,1,0,42.2,0,15,1,20.0,20,1,0,10,0,0,15,0,0,10,1,4,10,1,3.0,10,1,0,10,1,18.26,21.63
2026-08-03,052710,아모텍,35.9,136,0.0,75,0,0,1,44.1,4,15,1,15.9,20,1,0,10,0,0,15,0,0,10,1,4,10,1,3.0,10,1,0,10,1,-5.06,-20.39
2026-08-03,003550,LG,35.5,137,0.0,85,0,1,1,49.5,4,15,1,8.2,20,1,10,10,1,0,15,0,0,10,1,0,10,1,6.0,10,1,2,10,1,8.63,10.53
2026-08-03,348210,넥스틴,35.3,138,0.0,85,0,0,0,36.7,0,15,1,20.0,20,1,10,10,1,0,15,0,0,10,1,0,10,1,0.0,10,1,0,10,1,18.64,16.14
2026-08-03,004710,한솔테크닉스,35.3,139,0.0,85,0,0,0,40.8,0,15,1,20.0,20,1,10,10,1,0,15,0,0,10,1,0,10,1,0.0,10,1,0,10,1,13.58,6.5
2026-08-03,005070,코스모신소재,35.3,140,0.0,85,0,0,0,41.2,0,15,1,20.0,20,1,10,10,1,0,15,0,0,10,1,0,10,1,0.0,10,1,0,10,1,21.33,20.09
2026-08-03,089860,롯데렌탈,35.1,141,0.0,85,1,1,1,64.8,0,15,1,4.8,20,1,8,10,1,0,15,0,7,10,1,0,10,1,10.0,10,1,0,10,1,15.53,20.28
2026-08-03,052690,한전기술,34.9,142,0.0,85,0,1,1,42.6,4,15,1,9.7,20,1,10,10,1,0,15,0,0,10,1,0,10,1,6.0,10,1,0,10,1,9.81,3.09
2026-08-03,097230,HJ중공업,34.7,143,0.0,75,0,1,1,42.9,0,15,1,20.0,20,1,0,10,0,0,15,0,0,10,1,0,10,1,6.0,10,1,0,10,1,9.85,9.46
2026-08-03,032500,케이엠더블유,34.7,144,0.0,75,0,1,1,43.7,0,15,1,20.0,20,1,0,10,0,0,15,0,0,10,1,0,10,1,6.0,10,1,0,10,1,14.29,1.46
2026-08-03,171090,선익시스템,34.7,145,0.0,75,0,1,1,53.2,0,15,1,20.0,20,1,0,10,0,0,15,0,0,10,1,0,10,1,6.0,10,1,0,10,1,15.57,6.56
2026-08-03,403870,HPSP,34.5,146,0.0,85,0,0,0,41.2,8,15,1,6.3,20,1,8,10,1,0,15,0,0,10,1,0,10,1,0.0,10,1,7,10,1,13.11,34.61
2026-08-03,058470,리노공업,34.5,147,0.0,85,0,0,0,38.3,8,15,1,6.3,20,1,8,10,1,0,15,0,0,10,1,0,10,1,0.0,10,1,7,10,1,16.45,10.59
2026-08-03,298020,효성티앤씨,34.5,148,0.0,85,0,1,1,52.7,4,15,1,9.3,20,1,10,10,1,0,15,0,0,10,1,0,10,1,6.0,10,1,0,10,1,5.41,2.55
2026-08-03,246710,티앤알바이오팹,34.3,149,0.0,75,1,1,1,61.7,0,15,1,1.7,20,1,0,10,0,0,15,0,4,10,1,10,10,1,10.0,10,1,0,10,1,-3.88,-11.09
2026-08-03,028670,팬오션,34.2,150,0.0,85,0,1,0,45.6,4,15,1,5.1,20,1,10,10,1,0,15,0,0,10,1,7,10,1,3.0,10,1,0,10,1,17.12,21.78
2026-08-03,000500,가온전선,34.2,151,0.0,85,0,0,1,35.9,4,15,1,8.1,20,1,10,10,1,0,15,0,0,10,1,0,10,1,3.0,10,1,4,10,1,15.93,16.37
2026-08-03,010130,고려아연,34.1,152,0.0,85,0,1,1,46.7,4,15,1,9.0,20,1,10,10,1,0,15,0,0,10,1,0,10,1,6.0,10,1,0,10,1,20.49,12.25
2026-08-03,272210,한화시스템,34.0,153,0.0,85,0,1,0,43.7,4,15,1,9.9,20,1,10,10,1,0,15,0,0,10,1,0,10,1,3.0,10,1,2,10,1,15.53,20.44
2026-08-03,383220,F&F,33.9,154,0.0,85,0,0,0,30.4,4,15,1,4.8,20,1,10,10,1,0,15,0,0,10,1,10,10,1,0.0,10,1,0,10,1,8.41,1.78
2026-08-03,005090,SGC에너지,33.9,155,0.0,85,0,1,0,51.5,4,15,1,7.8,20,1,10,10,1,0,15,0,0,10,1,4,10,1,3.0,10,1,0,10,1,27.15,37.33
2026-08-03,004020,현대제철,33.8,156,0.0,85,0,1,1,38.4,4,15,1,8.7,20,1,10,10,1,0,15,0,0,10,1,0,10,1,6.0,10,1,0,10,1,15.73,13.1
2026-08-03,232140,와이씨,33.8,157,0.0,85,0,1,0,39.2,0,15,1,15.7,20,1,10,10,1,0,15,0,0,10,1,0,10,1,3.0,10,1,0,10,1,20.48,17.05
2026-08-03,267250,HD현대,33.6,158,0.0,85,0,1,0,44.7,4,15,1,9.6,20,1,10,10,1,0,15,0,0,10,1,0,10,1,3.0,10,1,2,10,1,13.04,14.8
2026-08-03,039030,이오테크닉스,33.5,159,0.0,85,0,0,0,41.3,4,15,1,12.5,20,1,10,10,1,0,15,0,0,10,1,0,10,1,0.0,10,1,2,10,1,26.2,42.12
2026-08-03,232680,라온로보틱스,33.2,160,0.0,85,0,1,1,45.5,0,15,1,7.2,20,1,8,10,1,0,15,0,0,10,1,7,10,1,6.0,10,1,0,10,1,16.65,12.63
2026-08-03,066970,엘앤에프,33.1,161,0.0,75,0,1,0,33.1,4,15,1,17.8,20,1,0,10,0,0,15,0,0,10,1,0,10,1,3.0,10,1,0,10,1,35.49,44.43
2026-08-03,333430,일승,33.1,162,0.0,85,0,1,0,57.1,4,15,1,7.1,20,1,10,10,1,0,15,0,0,10,1,4,10,1,3.0,10,1,0,10,1,2.4,-3.41
2026-08-03,071970,HD현대마린엔진,32.8,163,0.0,85,0,0,1,39.2,4,15,1,10.9,20,1,10,10,1,0,15,0,0,10,1,0,10,1,3.0,10,1,0,10,1,13.4,8.2
2026-08-03,018670,SK가스,32.8,164,0.0,85,0,0,0,38.0,4,15,1,6.9,20,1,10,10,1,0,15,0,0,10,1,7,10,1,0.0,10,1,0,10,1,20.45,20.96
2026-08-03,010820,퍼스텍,32.8,165,0.0,85,0,1,1,40.9,0,15,1,11.9,20,1,10,10,1,0,15,0,0,10,1,0,10,1,6.0,10,1,0,10,1,19.29,14.04
2026-08-03,460930,현대힘스,32.7,166,0.0,85,0,1,1,51.1,4,15,1,5.8,20,1,8,10,1,0,15,0,0,10,1,0,10,1,6.0,10,1,4,10,1,12.01,8.43
2026-08-03,204270,제이앤티씨,32.7,167,0.0,85,0,0,1,48.1,0,15,1,14.8,20,1,10,10,1,0,15,0,0,10,1,0,10,1,3.0,10,1,0,10,1,4.99,29.07
2026-08-03,033780,KT&G,32.6,168,0.0,85,0,1,0,46.3,8,15,1,4.7,20,1,8,10,1,0,15,0,4,10,1,0,10,1,3.0,10,1,0,10,1,2.45,-0.06
2026-08-03,064260,다날,32.5,169,0.0,75,0,1,1,51.8,4,15,1,7.4,20,1,0,10,0,0,15,0,0,10,1,0,10,1,6.0,10,1,7,10,1,7.54,1.53
2026-08-03,139130,iM금융지주,32.4,170,0.0,85,0,0,1,46.0,4,15,1,10.5,20,1,10,10,1,0,15,0,0,10,1,0,10,1,3.0,10,1,0,10,1,0.59,2.36
2026-08-03,032350,롯데관광개발,32.4,171,0.0,75,0,1,1,35.1,0,15,1,18.3,20,1,0,10,0,0,15,0,0,10,1,0,10,1,6.0,10,1,0,10,1,14.16,12.53
2026-08-03,009450,경동나비엔,32.4,172,0.0,85,0,1,1,54.1,0,15,1,7.5,20,1,10,10,1,0,15,0,0,10,1,4,10,1,6.0,10,1,0,10,1,17.74,-0.92
2026-08-03,064350,현대로템,32.2,173,0.0,85,0,0,0,36.9,4,15,1,10.4,20,1,3,10,1,0,15,0,0,10,1,0,10,1,0.0,10,1,10,10,1,9.02,5.09
2026-08-03,175330,JB금융지주,32.2,174,0.0,85,1,0,1,52.5,4,15,1,4.4,20,1,8,10,1,0,15,0,4,10,1,0,10,1,7.0,10,1,0,10,1,6.09,0.37
2026-08-03,030530,원익홀딩스,32.0,175,0.0,75,0,1,1,53.8,8,15,1,0.0,20,1,0,10,0,0,15,0,0,10,1,10,10,1,6.0,10,1,0,10,1,2.22,-1.36
2026-08-03,122640,예스티,32.0,176,0.0,75,0,0,0,42.2,4,15,1,20.0,20,1,0,10,0,0,15,0,0,10,1,0,10,1,0.0,10,1,0,10,1,15.94,29.33
2026-08-03,036540,SFA반도체,32.0,177,0.0,75,0,0,0,43.3,4,15,1,20.0,20,1,0,10,0,0,15,0,0,10,1,0,10,1,0.0,10,1,0,10,1,28.08,18.55
2026-08-03,032940,원익,32.0,178,0.0,75,0,1,1,47.9,4,15,1,4.0,20,1,0,10,0,0,15,0,0,10,1,10,10,1,6.0,10,1,0,10,1,10.18,4.64
2026-08-03,071050,한국금융지주,31.9,179,0.0,85,0,0,0,42.2,8,15,1,9.1,20,1,10,10,1,0,15,0,0,10,1,0,10,1,0.0,10,1,0,10,1,0.61,-7.01
2026-08-03,195870,해성디에스,31.9,180,0.0,85,0,1,0,43.1,4,15,1,10.1,20,1,10,10,1,0,15,0,0,10,1,0,10,1,3.0,10,1,0,10,1,15.1,14.08
2026-08-03,004370,농심,31.8,181,0.0,85,0,1,1,57.2,4,15,1,5.0,20,1,8,10,1,0,15,0,4,10,1,0,10,1,6.0,10,1,0,10,1,5.47,15.33
2026-08-03,055550,신한지주,31.5,182,0.0,85,0,0,0,50.1,8,15,1,4.8,20,1,10,10,1,0,15,0,4,10,1,0,10,1,0.0,10,1,0,10,1,1.75,2.24
2026-08-03,003490,대한항공,31.5,183,0.0,85,0,0,0,49.6,8,15,1,8.8,20,1,3,10,1,0,15,0,0,10,1,0,10,1,0.0,10,1,7,10,1,1.72,-4.39
2026-08-03,271560,오리온,31.5,184,0.0,85,0,1,1,52.2,4,15,1,4.8,20,1,8,10,1,0,15,0,4,10,1,0,10,1,6.0,10,1,0,10,1,1.87,-7.04
2026-08-03,086790,하나금융지주,31.3,185,0.0,85,0,0,0,50.5,8,15,1,4.6,20,1,10,10,1,0,15,0,4,10,1,0,10,1,0.0,10,1,0,10,1,0.63,0.47
2026-08-03,375500,DL이앤씨,31.3,186,0.0,85,0,1,1,47.7,4,15,1,6.6,20,1,10,10,1,0,15,0,0,10,1,0,10,1,6.0,10,1,0,10,1,19.28,17.32
2026-08-03,067310,하나마이크론,30.8,187,0.0,75,0,0,0,40.0,4,15,1,12.1,20,1,0,10,0,0,15,0,0,10,1,0,10,1,0.0,10,1,7,10,1,16.09,21.39
2026-08-03,050890,쏠리드,30.8,188,0.0,85,0,1,1,42.9,4,15,1,6.2,20,1,10,10,1,0,15,0,0,10,1,0,10,1,6.0,10,1,0,10,1,13.13,5.05
2026-08-03,100090,SK오션플랜트,30.7,189,0.0,85,0,0,1,43.3,4,15,1,7.1,20,1,8,10,1,0,15,0,0,10,1,0,10,1,3.0,10,1,4,10,1,10.51,6.25
2026-08-03,039200,오스코텍,30.7,190,0.0,75,0,1,0,44.5,0,15,1,20.0,20,1,0,10,0,0,15,0,0,10,1,0,10,1,3.0,10,1,0,10,1,21.23,23.5
2026-08-03,327260,RF머트리얼즈,30.7,191,0.0,75,0,0,1,33.7,0,15,1,20.0,20,1,0,10,0,0,15,0,0,10,1,0,10,1,3.0,10,1,0,10,1,66.59,43.17
2026-08-03,200710,에이디테크놀로지,30.7,192,0.0,75,0,1,0,45.0,0,15,1,20.0,20,1,0,10,0,0,15,0,0,10,1,0,10,1,3.0,10,1,0,10,1,12.81,-2.26
2026-08-03,166090,하나머티리얼즈,30.6,193,0.0,85,0,1,0,48.7,4,15,1,9.0,20,1,10,10,1,0,15,0,0,10,1,0,10,1,3.0,10,1,0,10,1,17.01,2.4
2026-08-03,021240,코웨이,30.5,194,0.0,85,0,0,1,51.3,4,15,1,4.9,20,1,10,10,1,0,15,0,4,10,1,0,10,1,3.0,10,1,0,10,1,5.86,1.41
2026-08-03,294870,IPARK현대산업개발,30.5,195,0.0,85,0,1,1,54.1,0,15,1,9.9,20,1,10,10,1,0,15,0,0,10,1,0,10,1,6.0,10,1,0,10,1,11.97,9.98
2026-08-03,028260,삼성물산,30.4,196,0.0,85,0,0,1,43.3,8,15,1,4.8,20,1,8,10,1,0,15,0,0,10,1,0,10,1,3.0,10,1,2,10,1,4.71,5.47
2026-08-03,347700,스피어,30.4,197,0.0,75,0,1,0,41.0,4,15,1,15.8,20,1,0,10,0,0,15,0,0,10,1,0,10,1,3.0,10,1,0,10,1,58.54,56.97
2026-08-03,475400,씨메스로보틱스,30.4,198,0.0,75,0,1,1,55.9,0,15,1,9.8,20,1,0,10,0,0,15,0,0,10,1,7,10,1,6.0,10,1,0,10,1,2.51,0.1
2026-08-03,090460,비에이치,30.4,199,0.0,85,0,1,1,40.4,0,15,1,9.8,20,1,10,10,1,0,15,0,0,10,1,0,10,1,6.0,10,1,0,10,1,16.15,8.97
2026-08-03,281820,케이씨텍,30.2,200,0.0,85,0,0,0,43.1,4,15,1,11.7,20,1,10,10,1,0,15,0,0,10,1,0,10,1,0.0,10,1,0,10,1,0.58,-3.34
2026-08-04,119850,지엔씨에너지,76.1,1,0.0,75,1,1,1,69.6,12,15,1,8.1,20,1,0,10,0,0,15,0,10,10,1,10,10,1,10.0,10,1,7,10,1,-5.86,
2026-08-04,005930,삼성전자,68.2,2,0.0,85,0,1,0,44.4,15,15,1,20.0,20,1,10,10,1,0,15,0,0,10,1,0,10,1,3.0,10,1,10,10,1,6.46,
2026-08-04,010060,OCI홀딩스,68.2,3,0.0,85,0,1,1,53.1,8,15,1,20.0,20,1,10,10,1,0,15,0,0,10,1,4,10,1,6.0,10,1,10,10,1,13.78,
2026-08-04,052460,아이크래프트,68.2,4,0.0,85,1,1,1,75.7,4,15,1,20.0,20,1,10,10,1,0,15,0,10,10,1,4,10,1,10.0,10,1,0,10,1,3.43,
2026-08-04,078340,컴투스,67.1,5,0.0,85,1,1,1,73.7,0,15,1,20.0,20,1,10,10,1,0,15,0,10,10,1,7,10,1,10.0,10,1,0,10,1,4.09,
2026-08-04,047040,대우건설,66.2,6,0.0,85,0,1,1,46.3,12,15,1,14.3,20,1,10,10,1,0,15,0,0,10,1,4,10,1,6.0,10,1,10,10,1,17.3,
2026-08-04,005935,삼성전자우,64.7,7,0.0,85,0,1,0,47.4,15,15,1,20.0,20,1,10,10,1,0,15,0,0,10,1,0,10,1,3.0,10,1,7,10,1,5.5,
2026-08-04,006400,삼성SDI,64.7,8,0.0,85,0,1,0,47.0,12,15,1,20.0,20,1,10,10,1,0,15,0,0,10,1,0,10,1,3.0,10,1,10,10,1,15.73,
2026-08-04,196170,알테오젠,64.0,9,0.0,75,0,1,1,58.8,12,15,1,20.0,20,1,0,10,0,0,15,0,0,10,1,0,10,1,6.0,10,1,10,10,1,-8.5,
2026-08-04,078930,GS,63.8,10,0.0,85,1,1,1,64.6,8,15,1,6.2,20,1,10,10,1,0,15,0,10,10,1,0,10,1,10.0,10,1,10,10,1,4.23,
2026-08-04,413630,씨피시스템,63.7,11,0.0,75,1,1,1,63.8,8,15,1,8.8,20,1,0,10,0,0,15,0,10,10,1,4,10,1,10.0,10,1,7,10,1,-6.21,
2026-08-04,042660,한화오션,63.5,12,0.0,85,0,1,1,47.9,8,15,1,20.0,20,1,10,10,1,0,15,0,0,10,1,0,10,1,6.0,10,1,10,10,1,2.97,
2026-08-04,214450,파마리서치,62.0,13,0.0,85,1,1,1,59.3,8,15,1,7.7,20,1,10,10,1,0,15,0,7,10,1,0,10,1,10.0,10,1,10,10,1,6.11,
2026-08-04,317400,자이에스앤디,61.2,14,0.0,85,1,1,1,66.2,4,15,1,20.0,20,1,10,10,1,0,15,0,4,10,1,4,10,1,10.0,10,1,0,10,1,14.34,
2026-08-04,108490,로보티즈,60.0,15,0.0,75,0,1,1,53.5,8,15,1,20.0,20,1,0,10,0,0,15,0,0,10,1,4,10,1,6.0,10,1,7,10,1,6.45,
2026-08-04,080220,제주반도체,59.5,16,0.0,85,0,0,1,46.4,12,15,1,18.6,20,1,10,10,1,0,15,0,0,10,1,0,10,1,3.0,10,1,7,10,1,24.29,
2026-08-04,017670,SK텔레콤,59.2,17,0.0,85,0,0,1,53.0,15,15,1,8.3,20,1,10,10,1,0,15,0,0,10,1,4,10,1,3.0,10,1,10,10,1,-3.94,
2026-08-04,009830,한화솔루션,58.7,18,0.0,75,0,1,1,43.6,8,15,1,20.0,20,1,0,10,0,0,15,0,0,10,1,0,10,1,6.0,10,1,10,10,1,33.21,
2026-08-04,373220,LG에너지솔루션,58.7,19,0.0,75,0,1,1,46.9,8,15,1,20.0,20,1,0,10,0,0,15,0,0,10,1,0,10,1,6.0,10,1,10,10,1,9.13,
2026-08-04,012450,한화에어로스페이스,57.9,20,0.0,85,0,1,1,53.1,15,15,1,8.2,20,1,10,10,1,0,15,0,0,10,1,0,10,1,6.0,10,1,10,10,1,15.14,
2026-08-04,098460,고영,56.5,21,0.0,85,0,1,1,54.4,8,15,1,20.0,20,1,10,10,1,0,15,0,0,10,1,0,10,1,6.0,10,1,4,10,1,6.35,
2026-08-04,000660,SK하이닉스,56.0,22,0.0,75,0,0,0,41.8,15,15,1,20.0,20,1,0,10,0,0,15,0,0,10,1,0,10,1,0.0,10,1,7,10,1,-4.63,
2026-08-04,322000,HD현대에너지솔루션,56.0,23,0.0,75,0,1,0,50.4,8,15,1,20.0,20,1,0,10,0,0,15,0,0,10,1,4,10,1,3.0,10,1,7,10,1,-5.81,
2026-08-04,277810,레인보우로보틱스,55.9,24,0.0,75,0,1,1,50.1,8,15,1,17.9,20,1,0,10,0,0,15,0,0,10,1,0,10,1,6.0,10,1,10,10,1,4.93,
2026-08-04,347700,스피어,55.7,25,0.0,75,0,1,1,50.0,8,15,1,15.8,20,1,0,10,0,0,15,0,0,10,1,10,10,1,6.0,10,1,2,10,1,35.09,
2026-08-04,475150,SK이터닉스,55.6,26,0.0,85,0,0,1,53.2,15,15,1,5.3,20,1,10,10,1,0,15,0,0,10,1,4,10,1,3.0,10,1,10,10,1,-5.56,
2026-08-04,068270,셀트리온,55.6,27,0.0,85,0,1,1,57.7,8,15,1,11.3,20,1,8,10,1,0,15,0,4,10,1,0,10,1,6.0,10,1,10,10,1,8.72,
2026-08-04,009540,HD한국조선해양,55.5,28,0.0,85,0,1,1,52.4,8,15,1,13.2,20,1,10,10,1,0,15,0,0,10,1,0,10,1,6.0,10,1,10,10,1,1.74,
2026-08-04,090430,아모레퍼시픽,55.1,29,0.0,85,1,1,1,60.9,8,15,1,6.8,20,1,8,10,1,0,15,0,7,10,1,0,10,1,10.0,10,1,7,10,1,2.88,
2026-08-04,340570,티앤엘,54.8,30,0.0,85,0,1,1,64.1,4,15,1,6.6,20,1,10,10,1,0,15,0,10,10,1,10,10,1,6.0,10,1,0,10,1,-47.8,
2026-08-04,278470,에이피알,53.6,31,0.0,85,0,0,1,49.0,8,15,1,14.6,20,1,10,10,1,0,15,0,0,10,1,0,10,1,3.0,10,1,10,10,1,10.43,
2026-08-04,181710,NHN,53.3,32,0.0,75,0,1,1,62.3,4,15,1,20.0,20,1,0,10,0,0,15,0,0,10,1,10,10,1,6.0,10,1,0,10,1,40.27,
2026-08-04,086520,에코프로,53.2,33,0.0,85,0,1,1,47.2,8,15,1,13.2,20,1,8,10,1,0,15,0,0,10,1,0,10,1,6.0,10,1,10,10,1,11.34,
2026-08-04,353200,대덕전자,52.9,34,0.0,85,0,0,0,42.2,8,15,1,20.0,20,1,10,10,1,0,15,0,0,10,1,0,10,1,0.0,10,1,7,10,1,9.61,
2026-08-04,352820,하이브,52.9,35,0.0,85,0,0,0,42.4,8,15,1,20.0,20,1,10,10,1,0,15,0,0,10,1,0,10,1,0.0,10,1,7,10,1,-0.83,
2026-08-04,096770,SK이노베이션,52.9,36,0.0,85,0,0,0,49.5,8,15,1,20.0,20,1,10,10,1,0,15,0,0,10,1,0,10,1,0.0,10,1,7,10,1,9.97,
2026-08-04,267270,HD건설기계,52.9,37,0.0,85,0,1,0,48.8,8,15,1,20.0,20,1,10,10,1,0,15,0,0,10,1,4,10,1,3.0,10,1,0,10,1,8.97,
2026-08-04,010950,S-Oil,52.9,38,0.0,85,0,0,0,47.9,8,15,1,20.0,20,1,10,10,1,0,15,0,0,10,1,0,10,1,0.0,10,1,7,10,1,12.48,
2026-08-04,009150,삼성전기,52.8,39,0.0,85,0,0,0,42.7,15,15,1,9.9,20,1,10,10,1,0,15,0,0,10,1,0,10,1,0.0,10,1,10,10,1,12.66,
2026-08-04,298040,효성중공업,52.6,40,0.0,85,0,1,0,47.4,12,15,1,9.7,20,1,10,10,1,0,15,0,0,10,1,0,10,1,3.0,10,1,10,10,1,8.93,
2026-08-04,079550,LIG디펜스앤에어로스페이스,52.2,41,0.0,85,0,1,1,56.6,12,15,1,6.4,20,1,10,10,1,0,15,0,0,10,1,0,10,1,6.0,10,1,10,10,1,-1.62,
2026-08-04,402340,SK스퀘어,52.0,42,0.0,75,0,0,0,44.1,15,15,1,20.0,20,1,0,10,0,0,15,0,0,10,1,0,10,1,0.0,10,1,4,10,1,-3.4,
2026-08-04,083650,비에이치아이,51.9,43,0.0,85,0,1,1,52.6,4,15,1,17.1,20,1,10,10,1,0,15,0,0,10,1,7,10,1,6.0,10,1,0,10,1,13.34,
2026-08-04,332570,PS일렉트로닉스,51.8,44,0.0,85,0,1,1,61.1,4,15,1,20.0,20,1,10,10,1,0,15,0,0,10,1,0,10,1,6.0,10,1,4,10,1,4.25,
2026-08-04,006910,보성파워텍,51.8,45,0.0,85,0,1,1,46.9,4,15,1,20.0,20,1,10,10,1,0,15,0,0,10,1,4,10,1,6.0,10,1,0,10,1,13.28,
2026-08-04,066570,LG전자,51.2,46,0.0,85,0,1,0,44.4,12,15,1,8.5,20,1,10,10,1,0,15,0,0,10,1,0,10,1,3.0,10,1,10,10,1,23.87,
2026-08-04,028050,삼성E&A,50.9,47,0.0,85,0,1,1,54.7,12,15,1,5.3,20,1,10,10,1,0,15,0,0,10,1,0,10,1,6.0,10,1,10,10,1,3.25,
2026-08-04,051900,LG생활건강,50.9,48,0.0,85,1,1,1,70.4,4,15,1,10.3,20,1,10,10,1,0,15,0,7,10,1,0,10,1,10.0,10,1,2,10,1,7.72,
2026-08-04,222800,심텍,50.7,49,0.0,75,0,0,1,48.7,8,15,1,20.0,20,1,0,10,0,0,15,0,0,10,1,0,10,1,3.0,10,1,7,10,1,7.72,
2026-08-04,000720,현대건설,50.7,50,0.0,85,0,1,1,48.1,8,15,1,12.1,20,1,10,10,1,0,15,0,0,10,1,0,10,1,6.0,10,1,7,10,1,12.12,
2026-08-04,441270,파인엠텍,50.6,51,0.0,85,0,1,1,61.9,0,15,1,20.0,20,1,10,10,1,0,15,0,0,10,1,7,10,1,6.0,10,1,0,10,1,9.4,
2026-08-04,010120,LS ELECTRIC,50.1,52,0.0,85,0,1,0,48.9,12,15,1,7.6,20,1,10,10,1,0,15,0,0,10,1,0,10,1,3.0,10,1,10,10,1,5.84,
2026-08-04,001440,대한전선,49.5,53,0.0,85,0,1,1,41.5,8,15,1,8.1,20,1,10,10,1,0,15,0,0,10,1,0,10,1,6.0,10,1,10,10,1,15.49,
2026-08-04,327260,RF머트리얼즈,49.3,54,0.0,75,0,0,1,40.9,4,15,1,20.0,20,1,0,10,0,0,15,0,0,10,1,10,10,1,3.0,10,1,0,10,1,32.22,
2026-08-04,005490,POSCO홀딩스,49.1,55,0.0,85,0,1,1,46.9,8,15,1,7.7,20,1,10,10,1,0,15,0,0,10,1,0,10,1,6.0,10,1,10,10,1,3.83,
2026-08-04,058610,에스피지,48.7,56,0.0,85,0,1,1,64.4,12,15,1,6.4,20,1,3,10,1,0,15,0,0,10,1,4,10,1,6.0,10,1,10,10,1,3.12,
2026-08-04,008770,호텔신라,48.2,57,0.0,85,0,0,0,33.0,4,15,1,20.0,20,1,10,10,1,0,15,0,0,10,1,7,10,1,0.0,10,1,0,10,1,6.14,
2026-08-04,003230,삼양식품,48.0,58,0.0,85,0,1,1,56.3,8,15,1,6.8,20,1,10,10,1,0,15,0,0,10,1,0,10,1,6.0,10,1,10,10,1,-1.23,
2026-08-04,247540,에코프로비엠,48.0,59,0.0,75,0,1,1,40.3,8,15,1,20.0,20,1,0,10,0,0,15,0,0,10,1,0,10,1,6.0,10,1,2,10,1,11.61,
2026-08-04,488280,에스투더블유,48.0,60,0.0,75,0,1,1,51.1,0,15,1,20.0,20,1,0,10,0,0,15,0,0,10,1,10,10,1,6.0,10,1,0,10,1,2.8,
2026-08-04,006360,GS건설,47.7,61,0.0,75,0,0,1,52.4,12,15,1,6.8,20,1,0,10,0,0,15,0,0,10,1,4,10,1,3.0,10,1,10,10,1,22.43,
2026-08-04,039830,오로라,47.4,62,0.0,85,1,1,1,64.9,0,15,1,6.3,20,1,10,10,1,0,15,0,10,10,1,4,10,1,10.0,10,1,0,10,1,-3.06,
2026-08-04,008930,한미사이언스,47.2,63,0.0,85,1,1,1,72.4,4,15,1,6.1,20,1,10,10,1,0,15,0,10,10,1,0,10,1,10.0,10,1,0,10,1,11.61,
2026-08-04,207940,삼성바이오로직스,47.1,64,0.0,85,1,1,1,54.0,8,15,1,7.0,20,1,1,10,1,0,15,0,4,10,1,0,10,1,10.0,10,1,10,10,1,4.95,
2026-08-04,316140,우리금융지주,47.1,65,0.0,85,1,1,1,60.2,8,15,1,5.0,20,1,10,10,1,0,15,0,7,10,1,0,10,1,10.0,10,1,0,10,1,-0.6,
2026-08-04,043260,성호전자,47.1,66,0.0,85,0,1,1,41.4,4,15,1,20.0,20,1,10,10,1,0,15,0,0,10,1,0,10,1,6.0,10,1,0,10,1,18.56,
2026-08-04,218410,RFHIC,47.1,67,0.0,85,0,1,1,47.7,4,15,1,20.0,20,1,10,10,1,0,15,0,0,10,1,0,10,1,6.0,10,1,0,10,1,10.77,
2026-08-04,036570,NC,47.1,68,0.0,85,0,1,1,52.3,4,15,1,20.0,20,1,10,10,1,0,15,0,0,10,1,0,10,1,6.0,10,1,0,10,1,2.49,
2026-08-04,263750,펄어비스,47.1,69,0.0,85,0,1,1,50.7,4,15,1,20.0,20,1,10,10,1,0,15,0,0,10,1,0,10,1,6.0,10,1,0,10,1,-11.38,
2026-08-04,189300,인텔리안테크,47.1,70,0.0,85,0,1,1,50.6,4,15,1,16.0,20,1,10,10,1,0,15,0,0,10,1,4,10,1,6.0,10,1,0,10,1,9.43,
2026-08-04,003160,디아이,47.1,71,0.0,85,0,1,1,52.6,4,15,1,20.0,20,1,10,10,1,0,15,0,0,10,1,0,10,1,6.0,10,1,0,10,1,10.38,
2026-08-04,126640,화신정공,47.1,72,0.0,85,1,1,1,54.1,0,15,1,20.0,20,1,10,10,1,0,15,0,0,10,1,0,10,1,10.0,10,1,0,10,1,-2.4,
2026-08-04,240810,원익IPS,46.7,73,0.0,75,0,0,0,42.7,8,15,1,20.0,20,1,0,10,0,0,15,0,0,10,1,0,10,1,0.0,10,1,7,10,1,15.54,
2026-08-04,034730,SK,46.7,74,0.0,75,0,0,0,41.7,8,15,1,20.0,20,1,0,10,0,0,15,0,0,10,1,0,10,1,0.0,10,1,7,10,1,5.21,
2026-08-04,051910,LG화학,46.7,75,0.0,85,0,1,1,44.9,8,15,1,13.7,20,1,5,10,1,0,15,0,0,10,1,0,10,1,6.0,10,1,7,10,1,7.41,
2026-08-04,295310,에이치브이엠,46.4,76,0.0,75,0,1,1,48.5,4,15,1,14.8,20,1,0,10,0,0,15,0,0,10,1,10,10,1,6.0,10,1,0,10,1,21.32,
2026-08-04,329180,HD현대중공업,46.0,77,0.0,85,0,1,1,44.7,8,15,1,14.1,20,1,1,10,1,0,15,0,0,10,1,0,10,1,6.0,10,1,10,10,1,2.69,
2026-08-04,194480,데브시스터즈,46.0,78,0.0,75,1,1,1,66.3,0,15,1,10.5,20,1,0,10,0,0,15,0,10,10,1,4,10,1,10.0,10,1,0,10,1,4.51,
2026-08-04,051160,지어소프트,45.7,79,5.0,75,1,1,1,81.3,4,15,1,4.0,20,1,0,10,0,0,15,0,10,10,1,10,10,1,10.0,10,1,0,10,1,11.33,
2026-08-04,006800,미래에셋증권,45.3,80,0.0,85,0,1,0,38.6,8,15,1,10.5,20,1,10,10,1,0,15,0,0,10,1,0,10,1,3.0,10,1,7,10,1,7.2,
2026-08-04,089030,테크윙,45.3,81,0.0,75,0,1,1,52.1,4,15,1,20.0,20,1,0,10,0,0,15,0,0,10,1,0,10,1,6.0,10,1,4,10,1,0.52,
2026-08-04,039200,오스코텍,45.3,82,0.0,75,0,1,1,55.9,4,15,1,20.0,20,1,0,10,0,0,15,0,0,10,1,4,10,1,6.0,10,1,0,10,1,12.14,
2026-08-04,290650,엘앤씨바이오,44.7,83,0.0,85,0,0,0,43.5,4,15,1,20.0,20,1,10,10,1,0,15,0,0,10,1,4,10,1,0.0,10,1,0,10,1,-3.24,
2026-08-04,396300,세아메카닉스,44.7,84,0.0,85,0,1,1,59.0,0,15,1,20.0,20,1,10,10,1,0,15,0,0,10,1,0,10,1,6.0,10,1,2,10,1,3.16,
2026-08-04,011070,LG이노텍,44.5,85,0.0,85,0,0,0,36.6,12,15,1,8.8,20,1,10,10,1,0,15,0,0,10,1,0,10,1,0.0,10,1,7,10,1,15.05,
2026-08-04,036930,주성엔지니어링,44.1,86,0.0,85,0,0,1,43.9,12,15,1,11.5,20,1,1,10,1,0,15,0,0,10,1,0,10,1,3.0,10,1,10,10,1,27.94,
2026-08-04,397030,에이프릴바이오,44.0,87,0.0,75,0,1,1,43.5,4,15,1,16.0,20,1,0,10,0,0,15,0,0,10,1,7,10,1,6.0,10,1,0,10,1,12.2,
2026-08-04,108860,셀바스AI,43.6,88,0.0,75,0,1,1,66.4,4,15,1,8.7,20,1,0,10,0,0,15,0,0,10,1,10,10,1,6.0,10,1,4,10,1,-2.75,
2026-08-04,131970,두산테스나,43.5,89,0.0,85,0,1,0,38.3,4,15,1,20.0,20,1,10,10,1,0,15,0,0,10,1,0,10,1,3.0,10,1,0,10,1,24.85,
2026-08-04,263800,데이타솔루션,43.5,90,0.0,85,0,0,1,48.8,4,15,1,20.0,20,1,10,10,1,0,15,0,0,10,1,0,10,1,3.0,10,1,0,10,1,14.93,
2026-08-04,483650,달바글로벌,43.2,91,0.0,85,1,0,1,54.5,4,15,1,7.7,20,1,10,10,1,0,15,0,4,10,1,0,10,1,7.0,10,1,4,10,1,9.39,
2026-08-04,032830,삼성생명,42.9,92,0.0,85,0,0,0,39.4,12,15,1,7.5,20,1,10,10,1,0,15,0,0,10,1,0,10,1,0.0,10,1,7,10,1,8.81,
2026-08-04,044340,위닉스,42.7,93,0.0,75,1,1,1,62.7,8,15,1,0.0,20,1,0,10,0,0,15,0,7,10,1,7,10,1,10.0,10,1,0,10,1,-26.54,
2026-08-04,000150,두산,42.4,94,0.0,75,0,1,1,50.2,8,15,1,7.8,20,1,0,10,0,0,15,0,0,10,1,0,10,1,6.0,10,1,10,10,1,-1.57,
2026-08-04,010140,삼성중공업,42.4,95,0.0,75,0,1,1,46.2,8,15,1,7.8,20,1,0,10,0,0,15,0,0,10,1,0,10,1,6.0,10,1,10,10,1,0.46,
2026-08-04,009420,한올바이오파마,42.4,96,0.0,85,0,0,0,52.8,4,15,1,20.0,20,1,8,10,1,0,15,0,0,10,1,4,10,1,0.0,10,1,0,10,1,7.12,
2026-08-04,077360,덕산하이메탈,42.4,97,0.0,85,0,1,1,49.0,0,15,1,20.0,20,1,10,10,1,0,15,0,0,10,1,0,10,1,6.0,10,1,0,10,1,6.16,
2026-08-04,100840,SNT에너지,42.4,98,0.0,85,0,1,1,51.3,0,15,1,20.0,20,1,10,10,1,0,15,0,0,10,1,0,10,1,6.0,10,1,0,10,1,3.61,
2026-08-04,044490,태웅,42.4,99,0.0,85,0,1,1,49.6,0,15,1,20.0,20,1,10,10,1,0,15,0,0,10,1,0,10,1,6.0,10,1,0,10,1,20.47,
2026-08-04,124500,아이티센글로벌,42.4,100,0.0,85,0,1,1,49.0,0,15,1,20.0,20,1,10,10,1,0,15,0,0,10,1,0,10,1,6.0,10,1,0,10,1,17.17,
2026-08-04,073490,LIG아큐버,42.4,101,0.0,85,0,1,1,57.4,0,15,1,20.0,20,1,10,10,1,0,15,0,0,10,1,0,10,1,6.0,10,1,0,10,1,2.24,
2026-08-04,348210,넥스틴,42.4,102,0.0,85,0,1,1,41.1,0,15,1,20.0,20,1,10,10,1,0,15,0,0,10,1,0,10,1,6.0,10,1,0,10,1,14.24,
2026-08-04,078600,대주전자재료,42.2,103,0.0,85,0,1,1,52.2,8,15,1,8.9,20,1,1,10,1,0,15,0,0,10,1,10,10,1,6.0,10,1,2,10,1,11.74,
2026-08-04,004870,티웨이홀딩스,42.1,104,0.0,75,0,0,0,,0,15,1,1.6,20,1,10,10,1,0,15,0,10,10,1,10,10,1,0.0,10,0,0,10,1,-12.27,
2026-08-04,037070,파세코,41.6,105,0.0,85,0,1,1,51.1,4,15,1,10.4,20,1,8,10,1,0,15,0,0,10,1,0,10,1,6.0,10,1,7,10,1,-17.48,
2026-08-04,047810,한국항공우주,41.3,106,0.0,85,0,0,0,47.4,8,15,1,7.1,20,1,10,10,1,0,15,0,0,10,1,0,10,1,0.0,10,1,10,10,1,4.8,
2026-08-04,003670,포스코퓨처엠,41.2,107,0.0,85,0,1,1,44.0,4,15,1,20.0,20,1,3,10,1,0,15,0,0,10,1,0,10,1,6.0,10,1,2,10,1,12.04,
2026-08-04,006110,삼아알미늄,41.2,108,0.0,85,0,1,1,52.5,4,15,1,20.0,20,1,5,10,1,0,15,0,0,10,1,0,10,1,6.0,10,1,0,10,1,33.08,
2026-08-04,035720,카카오,40.7,109,0.0,75,0,1,1,56.1,8,15,1,6.5,20,1,0,10,0,0,15,0,0,10,1,0,10,1,6.0,10,1,10,10,1,4.35,
2026-08-04,100790,미래에셋벤처투자,40.7,110,0.0,85,0,1,1,41.9,4,15,1,10.6,20,1,10,10,1,0,15,0,0,10,1,4,10,1,6.0,10,1,0,10,1,11.87,
2026-08-04,319660,피에스케이,40.6,111,0.0,85,0,0,0,41.8,8,15,1,9.5,20,1,10,10,1,0,15,0,0,10,1,0,10,1,0.0,10,1,7,10,1,5.4,
2026-08-04,298020,효성티앤씨,40.6,112,0.0,85,0,1,1,54.6,4,15,1,10.5,20,1,10,10,1,0,15,0,0,10,1,4,10,1,6.0,10,1,0,10,1,-0.62,
2026-08-04,007660,이수페타시스,40.5,113,0.0,85,0,0,0,43.0,8,15,1,9.4,20,1,10,10,1,0,15,0,0,10,1,0,10,1,0.0,10,1,7,10,1,13.19,
2026-08-04,111770,영원무역,40.5,114,0.0,85,1,1,1,60.3,0,15,1,7.4,20,1,10,10,1,0,15,0,7,10,1,0,10,1,10.0,10,1,0,10,1,-4.48,
2026-08-04,000250,삼천당제약,40.1,115,0.0,75,0,1,1,45.0,4,15,1,16.1,20,1,0,10,0,0,15,0,0,10,1,0,10,1,6.0,10,1,4,10,1,11.3,
2026-08-04,333430,일승,40.1,116,0.0,85,0,1,1,59.2,4,15,1,7.1,20,1,10,10,1,0,15,0,0,10,1,7,10,1,6.0,10,1,0,10,1,-0.73,
2026-08-04,010170,대한광통신,40.0,117,0.0,75,0,1,1,46.0,8,15,1,16.0,20,1,0,10,0,0,15,0,0,10,1,0,10,1,6.0,10,1,0,10,1,32.71,
2026-08-04,141080,리가켐바이오,40.0,118,0.0,75,0,1,1,50.1,8,15,1,16.0,20,1,0,10,0,0,15,0,0,10,1,0,10,1,6.0,10,1,0,10,1,4.73,
2026-08-04,178320,서진시스템,40.0,119,0.0,75,0,1,1,43.6,4,15,1,20.0,20,1,0,10,0,0,15,0,0,10,1,0,10,1,6.0,10,1,0,10,1,1.22,
2026-08-04,420770,기가비스,40.0,120,0.0,85,0,0,0,43.7,4,15,1,20.0,20,1,10,10,1,0,15,0,0,10,1,0,10,1,0.0,10,1,0,10,1,2.53,
2026-08-04,491000,리브스메드,40.0,121,0.0,75,0,1,1,59.3,4,15,1,16.0,20,1,0,10,0,0,15,0,0,10,1,4,10,1,6.0,10,1,0,10,1,-0.56,
2026-08-04,004710,한솔테크닉스,40.0,122,0.0,85,0,0,0,45.1,4,15,1,20.0,20,1,10,10,1,0,15,0,0,10,1,0,10,1,0.0,10,1,0,10,1,4.7,
2026-08-04,476060,온코닉테라퓨틱스,40.0,123,0.0,75,0,1,1,52.5,4,15,1,20.0,20,1,0,10,0,0,15,0,0,10,1,0,10,1,6.0,10,1,0,10,1,24.9,
2026-08-04,097230,HJ중공업,40.0,124,0.0,75,0,1,1,48.3,4,15,1,20.0,20,1,0,10,0,0,15,0,0,10,1,0,10,1,6.0,10,1,0,10,1,7.6,
2026-08-04,138080,오이솔루션,40.0,125,0.0,75,0,1,1,46.0,0,15,1,20.0,20,1,0,10,0,0,15,0,0,10,1,4,10,1,6.0,10,1,0,10,1,25.71,
2026-08-04,388790,라이콤,39.9,126,0.0,75,0,1,1,48.0,4,15,1,9.9,20,1,0,10,0,0,15,0,0,10,1,10,10,1,6.0,10,1,0,10,1,6.81,
2026-08-04,052710,아모텍,39.9,127,0.0,75,0,1,1,41.0,4,15,1,15.9,20,1,0,10,0,0,15,0,0,10,1,4,10,1,6.0,10,1,0,10,1,12.71,
2026-08-04,090460,비에이치,39.8,128,0.0,85,0,1,0,39.1,4,15,1,9.8,20,1,10,10,1,0,15,0,0,10,1,7,10,1,3.0,10,1,0,10,1,21.51,
2026-08-04,028670,팬오션,39.6,129,0.0,85,0,1,0,59.1,4,15,1,5.7,20,1,10,10,1,0,15,0,4,10,1,7,10,1,3.0,10,1,0,10,1,2.84,
2026-08-04,018260,삼성에스디에스,39.5,130,0.0,75,0,1,1,57.0,8,15,1,5.6,20,1,0,10,0,0,15,0,0,10,1,0,10,1,6.0,10,1,10,10,1,7.29,
2026-08-04,020000,한섬,39.2,131,0.0,85,0,0,0,27.7,4,15,1,9.3,20,1,10,10,1,0,15,0,0,10,1,10,10,1,0.0,10,1,0,10,1,-2.31,
2026-08-04,126340,비나텍,39.1,132,0.0,85,0,1,1,45.0,0,15,1,17.2,20,1,10,10,1,0,15,0,0,10,1,0,10,1,6.0,10,1,0,10,1,10.53,
2026-08-04,454910,두산로보틱스,38.8,133,0.0,75,0,1,1,46.0,4,15,1,15.1,20,1,0,10,0,0,15,0,0,10,1,0,10,1,6.0,10,1,4,10,1,11.39,
2026-08-04,099320,쎄트렉아이,38.8,134,0.0,85,0,1,0,44.6,0,15,1,20.0,20,1,10,10,1,0,15,0,0,10,1,0,10,1,3.0,10,1,0,10,1,12.14,
2026-08-04,456040,OCI,38.8,135,0.0,85,0,0,1,39.9,0,15,1,20.0,20,1,10,10,1,0,15,0,0,10,1,0,10,1,3.0,10,1,0,10,1,8.82,
2026-08-04,005070,코스모신소재,38.8,136,0.0,85,0,1,0,45.5,0,15,1,20.0,20,1,10,10,1,0,15,0,0,10,1,0,10,1,3.0,10,1,0,10,1,15.91,
2026-08-04,011930,신성이엔지,38.8,137,0.0,85,0,1,0,45.4,0,15,1,20.0,20,1,10,10,1,0,15,0,0,10,1,0,10,1,3.0,10,1,0,10,1,7.35,
2026-08-04,093370,후성,38.7,138,0.0,75,0,0,1,43.6,4,15,1,20.0,20,1,0,10,0,0,15,0,0,10,1,0,10,1,3.0,10,1,2,10,1,12.89,
2026-08-04,042700,한미반도체,38.6,139,0.0,85,0,1,1,44.7,12,15,1,6.8,20,1,1,10,1,0,15,0,0,10,1,0,10,1,6.0,10,1,7,10,1,7.14,
2026-08-04,012330,현대모비스,38.5,140,0.0,85,0,1,1,47.7,12,15,1,4.7,20,1,10,10,1,0,15,0,0,10,1,0,10,1,6.0,10,1,0,10,1,3.53,
2026-08-04,001430,세아베스틸지주,38.5,141,0.0,85,0,1,1,54.6,4,15,1,8.7,20,1,10,10,1,0,15,0,0,10,1,4,10,1,6.0,10,1,0,10,1,7.79,
2026-08-04,034020,두산에너빌리티,38.4,142,0.0,85,0,1,0,47.4,12,15,1,6.6,20,1,1,10,1,0,15,0,0,10,1,0,10,1,3.0,10,1,10,10,1,10.0,
2026-08-04,403870,HPSP,38.0,143,0.0,85,0,1,0,43.3,8,15,1,6.3,20,1,8,10,1,0,15,0,0,10,1,0,10,1,3.0,10,1,7,10,1,9.18,
2026-08-04,452280,한선엔지니어링,38.0,144,0.0,85,0,1,1,52.3,0,15,1,9.3,20,1,10,10,1,0,15,0,0,10,1,7,10,1,6.0,10,1,0,10,1,4.9,
2026-08-04,377300,카카오페이,37.6,145,0.0,85,0,1,1,54.7,4,15,1,14.0,20,1,1,10,1,0,15,0,0,10,1,7,10,1,6.0,10,1,0,10,1,0.34,
2026-08-04,356860,티엘비,37.6,146,0.0,85,0,0,0,31.8,4,15,1,20.0,20,1,8,10,1,0,15,0,0,10,1,0,10,1,0.0,10,1,0,10,1,13.71,
2026-08-04,021240,코웨이,37.5,147,0.0,85,0,1,1,55.7,4,15,1,4.9,20,1,10,10,1,0,15,0,7,10,1,0,10,1,6.0,10,1,0,10,1,1.59,
2026-08-04,018880,한온시스템,37.4,148,0.0,85,0,1,1,43.1,4,15,1,13.8,20,1,8,10,1,0,15,0,0,10,1,0,10,1,6.0,10,1,0,10,1,14.69,
2026-08-04,005090,SGC에너지,37.4,149,0.0,85,0,1,1,57.7,4,15,1,7.8,20,1,10,10,1,0,15,0,0,10,1,4,10,1,6.0,10,1,0,10,1,13.29,
2026-08-04,459550,알트,37.3,150,0.0,75,0,1,1,65.2,8,15,1,4.0,20,1,0,10,0,0,15,0,0,10,1,10,10,1,6.0,10,1,0,10,1,14.97,
2026-08-04,232140,와이씨,37.3,151,0.0,85,0,1,1,42.2,0,15,1,15.7,20,1,10,10,1,0,15,0,0,10,1,0,10,1,6.0,10,1,0,10,1,17.49,
2026-08-04,267260,HD현대일렉트릭,37.2,152,0.0,85,0,0,0,41.9,8,15,1,6.6,20,1,10,10,1,0,15,0,0,10,1,0,10,1,0.0,10,1,7,10,1,9.22,
2026-08-04,194700,노바렉스,37.2,153,0.0,85,0,1,1,62.3,0,15,1,8.6,20,1,10,10,1,0,15,0,0,10,1,7,10,1,6.0,10,1,0,10,1,5.29,
2026-08-04,064350,현대로템,36.9,154,0.0,85,0,0,0,42.3,8,15,1,10.4,20,1,3,10,1,0,15,0,0,10,1,0,10,1,0.0,10,1,10,10,1,4.72,
2026-08-04,005690,파미셀,36.5,155,0.0,85,0,1,0,48.3,0,15,1,20.0,20,1,8,10,1,0,15,0,0,10,1,0,10,1,3.0,10,1,0,10,1,6.32,
2026-08-04,035420,NAVER,36.4,156,0.0,85,0,1,1,58.7,15,15,1,4.9,20,1,1,10,1,0,15,0,0,10,1,4,10,1,6.0,10,1,0,10,1,-4.86,
2026-08-04,204270,제이앤티씨,36.2,157,0.0,85,0,1,1,49.7,0,15,1,14.8,20,1,10,10,1,0,15,0,0,10,1,0,10,1,6.0,10,1,0,10,1,25.3,
2026-08-04,033160,엠케이전자,36.0,158,0.0,75,0,1,0,46.1,4,15,1,20.0,20,1,0,10,0,0,15,0,0,10,1,0,10,1,3.0,10,1,0,10,1,18.24,
2026-08-04,319400,현대무벡스,35.9,159,0.0,85,0,1,1,50.8,8,15,1,5.5,20,1,1,10,1,0,15,0,0,10,1,0,10,1,6.0,10,1,10,10,1,5.91,
2026-08-04,003550,LG,35.5,160,0.0,85,0,1,1,52.1,4,15,1,8.2,20,1,10,10,1,0,15,0,0,10,1,0,10,1,6.0,10,1,2,10,1,7.45,
2026-08-04,000210,DL,35.3,161,0.0,75,0,1,1,59.0,4,15,1,9.5,20,1,0,10,0,0,15,0,0,10,1,7,10,1,6.0,10,1,0,10,1,-3.47,
2026-08-04,089890,코세스,35.3,162,0.0,85,0,0,0,42.7,0,15,1,20.0,20,1,10,10,1,0,15,0,0,10,1,0,10,1,0.0,10,1,0,10,1,8.47,
2026-08-04,004310,현대약품,35.3,163,0.0,85,0,0,0,47.2,0,15,1,20.0,20,1,10,10,1,0,15,0,0,10,1,0,10,1,0.0,10,1,0,10,1,14.29,
2026-08-04,458870,씨어스,35.2,164,0.0,75,0,0,1,48.7,4,15,1,19.4,20,1,0,10,0,0,15,0,0,10,1,0,10,1,3.0,10,1,0,10,1,-11.19,
2026-08-04,294870,IPARK현대산업개발,35.2,165,0.0,85,0,1,1,60.4,0,15,1,9.9,20,1,10,10,1,0,15,0,4,10,1,0,10,1,6.0,10,1,0,10,1,2.82,
2026-08-04,028260,삼성물산,35.1,166,0.0,85,0,1,0,42.3,12,15,1,4.8,20,1,8,10,1,0,15,0,0,10,1,0,10,1,3.0,10,1,2,10,1,10.85,
2026-08-04,082920,비츠로셀,35.1,167,0.0,85,0,1,1,46.6,4,15,1,5.8,20,1,10,10,1,0,15,0,0,10,1,4,10,1,6.0,10,1,0,10,1,10.16,
2026-08-04,052690,한전기술,34.9,168,0.0,85,0,1,1,49.8,4,15,1,9.7,20,1,10,10,1,0,15,0,0,10,1,0,10,1,6.0,10,1,0,10,1,0.2,
2026-08-04,105560,KB금융,34.8,169,0.0,85,0,0,1,49.7,8,15,1,4.6,20,1,10,10,1,0,15,0,4,10,1,0,10,1,3.0,10,1,0,10,1,-1.66,
2026-08-04,086790,하나금융지주,34.8,170,0.0,85,0,0,1,51.6,8,15,1,4.6,20,1,10,10,1,0,15,0,4,10,1,0,10,1,3.0,10,1,0,10,1,0.24,
2026-08-04,089970,브이엠,34.7,171,0.0,75,0,0,0,42.7,4,15,1,20.0,20,1,0,10,0,0,15,0,0,10,1,0,10,1,0.0,10,1,2,10,1,2.09,
2026-08-04,039030,이오테크닉스,34.7,172,0.0,85,0,1,0,44.3,4,15,1,12.5,20,1,10,10,1,0,15,0,0,10,1,0,10,1,3.0,10,1,0,10,1,24.76,
2026-08-04,139480,이마트,34.7,173,0.0,75,0,1,1,46.2,0,15,1,20.0,20,1,0,10,0,0,15,0,0,10,1,0,10,1,6.0,10,1,0,10,1,-0.25,
2026-08-04,171090,선익시스템,34.7,174,0.0,75,0,1,1,56.5,0,15,1,20.0,20,1,0,10,0,0,15,0,0,10,1,0,10,1,6.0,10,1,0,10,1,8.7,
2026-08-04,032500,케이엠더블유,34.7,175,0.0,75,0,1,1,47.7,0,15,1,20.0,20,1,0,10,0,0,15,0,0,10,1,0,10,1,6.0,10,1,0,10,1,5.17,
2026-08-04,121600,나노신소재,34.6,176,0.0,85,0,1,1,48.7,0,15,1,13.4,20,1,10,10,1,0,15,0,0,10,1,0,10,1,6.0,10,1,0,10,1,15.68,
2026-08-04,060370,LS마린솔루션,34.4,177,0.0,85,0,1,0,53.3,0,15,1,16.2,20,1,10,10,1,0,15,0,0,10,1,0,10,1,3.0,10,1,0,10,1,9.68,
2026-08-04,010130,고려아연,34.1,178,0.0,85,0,1,1,49.4,4,15,1,9.0,20,1,10,10,1,0,15,0,0,10,1,0,10,1,6.0,10,1,0,10,1,16.38,
2026-08-04,272210,한화시스템,34.0,179,0.0,85,0,1,0,49.9,4,15,1,9.9,20,1,10,10,1,0,15,0,0,10,1,0,10,1,3.0,10,1,2,10,1,9.41,
2026-08-04,009155,삼성전기우,34.0,180,0.0,85,0,0,1,44.3,4,15,1,9.9,20,1,10,10,1,0,15,0,0,10,1,0,10,1,3.0,10,1,2,10,1,4.88,
2026-08-04,383220,F&F,33.9,181,0.0,85,0,0,1,32.9,4,15,1,4.8,20,1,10,10,1,0,15,0,0,10,1,7,10,1,3.0,10,1,0,10,1,4.58,
2026-08-04,034220,LG디스플레이,33.7,182,0.0,75,0,1,0,42.0,4,15,1,14.3,20,1,0,10,0,0,15,0,0,10,1,0,10,1,3.0,10,1,4,10,1,6.19,
2026-08-04,267250,HD현대,33.6,183,0.0,85,0,1,0,49.6,4,15,1,9.6,20,1,10,10,1,0,15,0,0,10,1,0,10,1,3.0,10,1,2,10,1,10.55,
2026-08-04,058730,다스코,33.6,184,0.0,85,0,0,1,43.2,0,15,1,15.6,20,1,10,10,1,0,15,0,0,10,1,0,10,1,3.0,10,1,0,10,1,18.62,
2026-08-04,006260,LS,33.5,185,0.0,85,0,1,0,47.9,8,15,1,7.5,20,1,10,10,1,0,15,0,0,10,1,0,10,1,3.0,10,1,0,10,1,12.15,
2026-08-04,144960,뉴파워프라즈마,33.5,186,0.0,85,0,1,0,56.8,4,15,1,11.5,20,1,10,10,1,0,15,0,0,10,1,0,10,1,3.0,10,1,0,10,1,15.49,
2026-08-04,004020,현대제철,33.2,187,0.0,85,0,1,1,45.6,4,15,1,8.2,20,1,10,10,1,0,15,0,0,10,1,0,10,1,6.0,10,1,0,10,1,8.51,
2026-08-04,041830,인바디,33.2,188,0.0,85,0,0,0,60.6,4,15,1,6.2,20,1,10,10,1,0,15,0,4,10,1,4,10,1,0.0,10,1,0,10,1,17.42,
2026-08-04,066970,엘앤에프,33.1,189,0.0,75,0,1,0,38.2,4,15,1,17.8,20,1,0,10,0,0,15,0,0,10,1,0,10,1,3.0,10,1,0,10,1,28.26,
2026-08-04,259960,크래프톤,32.9,190,0.0,85,0,1,1,48.9,4,15,1,6.0,20,1,10,10,1,0,15,0,0,10,1,0,10,1,6.0,10,1,2,10,1,-1.26,
2026-08-04,010820,퍼스텍,32.8,191,0.0,85,0,1,1,46.8,0,15,1,11.9,20,1,10,10,1,0,15,0,0,10,1,0,10,1,6.0,10,1,0,10,1,12.15,
2026-08-04,460930,현대힘스,32.7,192,0.0,85,0,1,1,52.7,4,15,1,5.8,20,1,8,10,1,0,15,0,0,10,1,0,10,1,6.0,10,1,4,10,1,8.01,
2026-08-04,101490,에스앤에스텍,32.7,193,0.0,85,0,1,1,44.3,4,15,1,7.8,20,1,10,10,1,0,15,0,0,10,1,0,10,1,6.0,10,1,0,10,1,7.04,
2026-08-04,257720,실리콘투,32.5,194,0.0,85,0,0,1,54.3,4,15,1,6.6,20,1,10,10,1,0,15,0,0,10,1,4,10,1,3.0,10,1,0,10,1,21.15,
2026-08-04,064260,다날,32.5,195,0.0,75,0,1,1,55.6,4,15,1,7.4,20,1,0,10,0,0,15,0,0,10,1,0,10,1,6.0,10,1,7,10,1,2.81,
2026-08-04,139130,iM금융지주,32.4,196,0.0,85,0,0,1,48.5,4,15,1,10.5,20,1,10,10,1,0,15,0,0,10,1,0,10,1,3.0,10,1,0,10,1,-2.61,
2026-08-04,032350,롯데관광개발,32.4,197,0.0,75,0,1,1,41.6,0,15,1,18.3,20,1,0,10,0,0,15,0,0,10,1,0,10,1,6.0,10,1,0,10,1,10.4,
2026-08-04,009450,경동나비엔,32.4,198,0.0,85,0,1,1,60.3,0,15,1,7.5,20,1,10,10,1,0,15,0,0,10,1,4,10,1,6.0,10,1,0,10,1,-0.29,
2026-08-04,030530,원익홀딩스,32.0,199,0.0,75,0,1,1,55.0,8,15,1,0.0,20,1,0,10,0,0,15,0,0,10,1,10,10,1,6.0,10,1,0,10,1,-1.47,
2026-08-04,078590,휴림에이텍,32.0,200,0.0,75,0,1,1,60.1,4,15,1,4.0,20,1,0,10,0,0,15,0,0,10,1,10,10,1,6.0,10,1,0,10,1,-2.3,
2026-08-05,009830,한화솔루션,73.3,1,0.0,75,0,1,1,51.9,12,15,1,20.0,20,1,0,10,0,0,15,0,0,10,1,7,10,1,6.0,10,1,10,10,1,21.23,
2026-08-05,278470,에이피알,70.1,2,0.0,85,0,1,0,48.4,15,15,1,14.6,20,1,10,10,1,0,15,0,0,10,1,7,10,1,3.0,10,1,10,10,1,11.75,
2026-08-05,005930,삼성전자,68.2,3,0.0,85,0,1,0,45.7,15,15,1,20.0,20,1,10,10,1,0,15,0,0,10,1,0,10,1,3.0,10,1,10,10,1,8.94,
2026-08-05,080220,제주반도체,66.6,4,0.0,85,0,1,1,49.7,12,15,1,18.6,20,1,10,10,1,0,15,0,0,10,1,0,10,1,6.0,10,1,10,10,1,16.95,
2026-08-05,047040,대우건설,66.2,5,0.0,85,0,1,1,50.1,12,15,1,14.3,20,1,10,10,1,0,15,0,0,10,1,4,10,1,6.0,10,1,10,10,1,13.37,
2026-08-05,043260,성호전자,65.9,6,0.0,85,0,1,1,46.2,8,15,1,20.0,20,1,10,10,1,0,15,0,0,10,1,10,10,1,6.0,10,1,2,10,1,10.53,
2026-08-05,218410,RFHIC,65.9,7,0.0,85,0,1,1,51.3,8,15,1,20.0,20,1,10,10,1,0,15,0,0,10,1,10,10,1,6.0,10,1,2,10,1,3.82,
2026-08-05,005935,삼성전자우,64.7,8,0.0,85,0,1,0,50.0,15,15,1,20.0,20,1,10,10,1,0,15,0,0,10,1,0,10,1,3.0,10,1,7,10,1,2.12,
2026-08-05,042660,한화오션,63.5,9,0.0,85,0,1,1,51.3,8,15,1,20.0,20,1,10,10,1,0,15,0,0,10,1,0,10,1,6.0,10,1,10,10,1,-1.31,
2026-08-05,010060,OCI홀딩스,63.5,10,0.0,85,0,1,1,57.3,8,15,1,20.0,20,1,10,10,1,0,15,0,0,10,1,0,10,1,6.0,10,1,10,10,1,13.01,
2026-08-05,010170,대한광통신,62.7,11,0.0,75,0,1,1,53.1,15,15,1,16.0,20,1,0,10,0,0,15,0,0,10,1,10,10,1,6.0,10,1,0,10,1,9.69,
2026-08-05,332570,PS일렉트로닉스,61.2,12,0.0,85,0,1,1,67.2,8,15,1,20.0,20,1,10,10,1,0,15,0,0,10,1,4,10,1,6.0,10,1,4,10,1,18.72,
2026-08-05,078930,GS,60.2,13,0.0,85,1,1,1,62.1,8,15,1,6.2,20,1,10,10,1,0,15,0,7,10,1,0,10,1,10.0,10,1,10,10,1,13.05,
2026-08-05,000660,SK하이닉스,60.0,14,0.0,75,0,0,0,44.4,15,15,1,20.0,20,1,0,10,0,0,15,0,0,10,1,0,10,1,0.0,10,1,10,10,1,-4.5,
2026-08-05,402340,SK스퀘어,60.0,15,0.0,75,0,1,0,46.7,15,15,1,20.0,20,1,0,10,0,0,15,0,0,10,1,0,10,1,3.0,10,1,7,10,1,-0.18,
2026-08-05,196170,알테오젠,60.0,16,0.0,75,0,1,0,43.6,12,15,1,20.0,20,1,0,10,0,0,15,0,0,10,1,0,10,1,3.0,10,1,10,10,1,14.62,
2026-08-05,006400,삼성SDI,60.0,17,0.0,85,0,1,0,48.6,8,15,1,20.0,20,1,10,10,1,0,15,0,0,10,1,0,10,1,3.0,10,1,10,10,1,13.52,
2026-08-05,017510,세명전기,58.8,18,0.0,85,0,1,1,54.0,4,15,1,20.0,20,1,10,10,1,0,15,0,0,10,1,10,10,1,6.0,10,1,0,10,1,7.15,
2026-08-05,373220,LG에너지솔루션,58.7,19,0.0,75,0,1,1,49.1,8,15,1,20.0,20,1,0,10,0,0,15,0,0,10,1,0,10,1,6.0,10,1,10,10,1,8.94,
2026-08-05,222800,심텍,58.7,20,0.0,75,0,1,1,51.3,8,15,1,20.0,20,1,0,10,0,0,15,0,0,10,1,0,10,1,6.0,10,1,10,10,1,2.72,
2026-08-05,214450,파마리서치,58.5,21,0.0,85,1,1,1,57.6,8,15,1,7.7,20,1,10,10,1,0,15,0,4,10,1,0,10,1,10.0,10,1,10,10,1,12.57,
2026-08-05,009150,삼성전기,56.4,22,0.0,85,0,1,0,49.3,15,15,1,9.9,20,1,10,10,1,0,15,0,0,10,1,0,10,1,3.0,10,1,10,10,1,10.84,
2026-08-05,277810,레인보우로보틱스,55.9,23,0.0,75,0,1,1,51.7,8,15,1,17.9,20,1,0,10,0,0,15,0,0,10,1,0,10,1,6.0,10,1,10,10,1,2.69,
2026-08-05,068270,셀트리온,55.6,24,0.0,85,0,1,1,61.7,8,15,1,11.3,20,1,8,10,1,0,15,0,4,10,1,0,10,1,6.0,10,1,10,10,1,6.15,
2026-08-05,009540,HD한국조선해양,55.5,25,0.0,85,0,1,1,57.2,8,15,1,13.2,20,1,10,10,1,0,15,0,0,10,1,0,10,1,6.0,10,1,10,10,1,-6.19,
2026-08-05,267270,HD건설기계,55.3,26,0.0,85,0,1,0,58.2,8,15,1,20.0,20,1,10,10,1,0,15,0,0,10,1,4,10,1,3.0,10,1,2,10,1,-1.69,
2026-08-05,090430,아모레퍼시픽,55.1,27,0.0,85,1,1,1,60.1,8,15,1,6.8,20,1,8,10,1,0,15,0,7,10,1,0,10,1,10.0,10,1,7,10,1,2.44,
2026-08-05,036930,주성엔지니어링,54.7,28,0.0,85,0,0,1,45.8,12,15,1,11.5,20,1,10,10,1,0,15,0,0,10,1,0,10,1,3.0,10,1,10,10,1,25.47,
2026-08-05,108490,로보티즈,54.7,29,0.0,75,0,1,1,55.1,8,15,1,20.0,20,1,0,10,0,0,15,0,0,10,1,0,10,1,6.0,10,1,7,10,1,7.85,
2026-08-05,051900,LG생활건강,54.6,30,0.0,85,1,1,1,70.8,4,15,1,10.4,20,1,10,10,1,0,15,0,10,10,1,0,10,1,10.0,10,1,2,10,1,3.76,
2026-08-05,017670,SK텔레콤,54.5,31,0.0,85,0,1,1,54.4,12,15,1,8.3,20,1,10,10,1,0,15,0,0,10,1,0,10,1,6.0,10,1,10,10,1,-2.04,
2026-08-05,001440,대한전선,54.2,32,0.0,85,0,1,1,47.9,8,15,1,8.1,20,1,10,10,1,0,15,0,0,10,1,4,10,1,6.0,10,1,10,10,1,5.8,
2026-08-05,119850,지엔씨에너지,53.5,33,0.0,75,1,1,1,67.8,8,15,1,8.1,20,1,0,10,0,0,15,0,7,10,1,0,10,1,10.0,10,1,7,10,1,10.8,
2026-08-05,153890,져스텍,53.3,34,0.0,75,0,1,1,46.5,4,15,1,20.0,20,1,0,10,0,0,15,0,0,10,1,10,10,1,6.0,10,1,0,10,1,56.67,
2026-08-05,086520,에코프로,53.2,35,0.0,85,0,1,1,47.6,8,15,1,13.2,20,1,8,10,1,0,15,0,0,10,1,0,10,1,6.0,10,1,10,10,1,11.91,
2026-08-05,413630,씨피시스템,53.1,36,0.0,75,1,1,1,64.5,4,15,1,8.8,20,1,0,10,0,0,15,0,10,10,1,0,10,1,10.0,10,1,7,10,1,-10.15,
2026-08-05,353200,대덕전자,52.9,37,0.0,85,0,0,0,46.6,8,15,1,20.0,20,1,10,10,1,0,15,0,0,10,1,0,10,1,0.0,10,1,7,10,1,6.3,
2026-08-05,096770,SK이노베이션,52.9,38,0.0,85,0,0,0,48.0,8,15,1,20.0,20,1,10,10,1,0,15,0,0,10,1,0,10,1,0.0,10,1,7,10,1,11.45,
2026-08-05,010950,S-Oil,52.9,39,0.0,85,0,0,0,45.6,8,15,1,20.0,20,1,10,10,1,0,15,0,0,10,1,0,10,1,0.0,10,1,7,10,1,15.02,
2026-08-05,352820,하이브,52.9,40,0.0,85,0,0,0,42.4,8,15,1,20.0,20,1,10,10,1,0,15,0,0,10,1,0,10,1,0.0,10,1,7,10,1,-2.54,
2026-08-05,317400,자이에스앤디,52.9,41,0.0,85,1,1,0,64.8,4,15,1,20.0,20,1,10,10,1,0,15,0,4,10,1,0,10,1,7.0,10,1,0,10,1,26.03,
2026-08-05,298040,효성중공업,52.6,42,0.0,85,0,1,0,53.9,12,15,1,9.7,20,1,10,10,1,0,15,0,0,10,1,0,10,1,3.0,10,1,10,10,1,1.07,
2026-08-05,098460,고영,51.8,43,0.0,85,0,1,1,56.3,4,15,1,20.0,20,1,10,10,1,0,15,0,0,10,1,0,10,1,6.0,10,1,4,10,1,2.9,
2026-08-05,126640,화신정공,51.8,44,0.0,85,1,1,1,58.1,4,15,1,20.0,20,1,10,10,1,0,15,0,0,10,1,0,10,1,10.0,10,1,0,10,1,-6.74,
2026-08-05,046440,KG파이낸셜,51.8,45,0.0,85,0,1,1,60.1,0,15,1,20.0,20,1,8,10,1,0,15,0,0,10,1,10,10,1,6.0,10,1,0,10,1,-0.95,
2026-08-05,052460,아이크래프트,51.8,46,0.0,85,1,1,1,69.4,0,15,1,20.0,20,1,10,10,1,0,15,0,4,10,1,0,10,1,10.0,10,1,0,10,1,23.47,
2026-08-05,006360,GS건설,51.7,47,0.0,75,0,1,1,56.4,12,15,1,6.8,20,1,0,10,0,0,15,0,0,10,1,4,10,1,6.0,10,1,10,10,1,14.61,
2026-08-05,419050,삼기에너지솔루션즈,51.6,48,0.0,85,0,1,1,57.8,4,15,1,13.9,20,1,10,10,1,0,15,0,0,10,1,10,10,1,6.0,10,1,0,10,1,16.55,
2026-08-05,066570,LG전자,51.2,49,0.0,85,0,1,0,50.5,12,15,1,8.5,20,1,10,10,1,0,15,0,0,10,1,0,10,1,3.0,10,1,10,10,1,15.04,
2026-08-05,475150,SK이터닉스,50.9,50,0.0,85,0,0,1,54.4,15,15,1,5.3,20,1,10,10,1,0,15,0,0,10,1,0,10,1,3.0,10,1,10,10,1,-1.04,
2026-08-05,240810,원익IPS,50.7,51,0.0,75,0,0,0,43.1,8,15,1,20.0,20,1,0,10,0,0,15,0,0,10,1,0,10,1,0.0,10,1,10,10,1,22.82,
2026-08-05,000720,현대건설,50.7,52,0.0,85,0,1,1,53.4,8,15,1,12.1,20,1,10,10,1,0,15,0,0,10,1,0,10,1,6.0,10,1,7,10,1,3.27,
2026-08-05,322000,HD현대에너지솔루션,50.7,53,0.0,75,0,1,0,52.7,8,15,1,20.0,20,1,0,10,0,0,15,0,0,10,1,0,10,1,3.0,10,1,7,10,1,-8.61,
2026-08-05,010120,LS ELECTRIC,50.1,54,0.0,85,0,1,0,52.8,12,15,1,7.6,20,1,10,10,1,0,15,0,0,10,1,0,10,1,3.0,10,1,10,10,1,0.94,
2026-08-05,147830,제룡산업,50.0,55,0.0,85,0,1,1,53.6,4,15,1,12.5,20,1,10,10,1,0,15,0,0,10,1,10,10,1,6.0,10,1,0,10,1,2.34,
2026-08-05,012450,한화에어로스페이스,49.6,56,0.0,85,0,1,1,53.2,8,15,1,8.2,20,1,10,10,1,0,15,0,0,10,1,0,10,1,6.0,10,1,10,10,1,17.68,
2026-08-05,396300,세아메카닉스,49.4,57,0.0,85,0,1,1,62.3,4,15,1,20.0,20,1,10,10,1,0,15,0,0,10,1,0,10,1,6.0,10,1,2,10,1,-3.48,
2026-08-05,033160,엠케이전자,49.3,58,0.0,75,0,1,1,51.0,4,15,1,20.0,20,1,0,10,0,0,15,0,0,10,1,7,10,1,6.0,10,1,0,10,1,5.34,
2026-08-05,327260,RF머트리얼즈,49.3,59,0.0,75,0,1,1,44.3,4,15,1,20.0,20,1,0,10,0,0,15,0,0,10,1,7,10,1,6.0,10,1,0,10,1,12.15,
2026-08-05,005490,POSCO홀딩스,49.1,60,0.0,85,0,1,1,48.6,8,15,1,7.7,20,1,10,10,1,0,15,0,0,10,1,0,10,1,6.0,10,1,10,10,1,2.68,
2026-08-05,083650,비에이치아이,48.4,61,0.0,85,0,1,1,53.5,4,15,1,17.1,20,1,10,10,1,0,15,0,0,10,1,4,10,1,6.0,10,1,0,10,1,11.88,
2026-08-05,006340,대원전선,48.0,62,0.0,75,1,1,1,60.4,15,15,1,4.0,20,1,0,10,0,0,15,0,0,10,1,7,10,1,10.0,10,1,0,10,1,-2.2,
2026-08-05,011070,LG이노텍,48.0,63,0.0,85,0,1,0,44.3,12,15,1,8.8,20,1,10,10,1,0,15,0,0,10,1,0,10,1,3.0,10,1,7,10,1,2.33,
2026-08-05,042700,한미반도체,48.0,64,0.0,85,0,1,1,46.2,8,15,1,6.8,20,1,10,10,1,0,15,0,0,10,1,0,10,1,6.0,10,1,10,10,1,8.13,
2026-08-05,003230,삼양식품,48.0,65,0.0,85,0,1,1,55.4,8,15,1,6.8,20,1,10,10,1,0,15,0,0,10,1,0,10,1,6.0,10,1,10,10,1,0.74,
2026-08-05,355150,코스텍시스,48.0,66,0.0,75,0,1,1,46.8,0,15,1,20.0,20,1,0,10,0,0,15,0,0,10,1,10,10,1,6.0,10,1,0,10,1,8.51,
2026-08-05,079550,LIG디펜스앤에어로스페이스,47.5,67,0.0,85,0,1,1,56.2,8,15,1,6.4,20,1,10,10,1,0,15,0,0,10,1,0,10,1,6.0,10,1,10,10,1,4.89,
2026-08-05,008930,한미사이언스,47.2,68,0.0,85,1,1,1,75.1,4,15,1,6.1,20,1,10,10,1,0,15,0,10,10,1,0,10,1,10.0,10,1,0,10,1,9.91,
2026-08-05,207940,삼성바이오로직스,47.1,69,0.0,85,1,1,1,55.3,8,15,1,7.0,20,1,1,10,1,0,15,0,4,10,1,0,10,1,10.0,10,1,10,10,1,4.9,
2026-08-05,316140,우리금융지주,47.1,70,0.0,85,1,1,1,61.0,8,15,1,5.0,20,1,10,10,1,0,15,0,7,10,1,0,10,1,10.0,10,1,0,10,1,-0.15,
2026-08-05,036570,NC,47.1,71,0.0,85,0,1,1,49.1,4,15,1,20.0,20,1,10,10,1,0,15,0,0,10,1,0,10,1,6.0,10,1,0,10,1,3.62,
2026-08-05,004710,한솔테크닉스,47.1,72,0.0,85,0,1,1,44.8,4,15,1,20.0,20,1,10,10,1,0,15,0,0,10,1,0,10,1,6.0,10,1,0,10,1,5.56,
2026-08-05,003160,디아이,47.1,73,0.0,85,0,1,1,55.6,4,15,1,20.0,20,1,10,10,1,0,15,0,0,10,1,0,10,1,6.0,10,1,0,10,1,9.24,
2026-08-05,080580,오킨스전자,47.1,74,0.0,85,0,1,1,51.3,0,15,1,20.0,20,1,10,10,1,0,15,0,0,10,1,4,10,1,6.0,10,1,0,10,1,19.1,
2026-08-05,441270,파인엠텍,47.1,75,0.0,85,0,1,1,65.5,0,15,1,20.0,20,1,10,10,1,0,15,0,0,10,1,4,10,1,6.0,10,1,0,10,1,7.44,
2026-08-05,034730,SK,46.7,76,0.0,75,0,0,0,46.7,8,15,1,20.0,20,1,0,10,0,0,15,0,0,10,1,0,10,1,0.0,10,1,7,10,1,-1.6,
2026-08-05,028050,삼성E&A,46.2,77,0.0,85,0,1,1,56.9,8,15,1,5.3,20,1,10,10,1,0,15,0,0,10,1,0,10,1,6.0,10,1,10,10,1,-0.2,
2026-08-05,329180,HD현대중공업,46.0,78,0.0,85,0,1,1,50.0,8,15,1,14.1,20,1,1,10,1,0,15,0,0,10,1,0,10,1,6.0,10,1,10,10,1,-2.55,
2026-08-05,059120,아진엑스텍,45.4,79,0.0,85,0,1,1,58.7,4,15,1,10.6,20,1,8,10,1,0,15,0,0,10,1,10,10,1,6.0,10,1,0,10,1,6.59,
2026-08-05,072950,빛샘전자,44.8,80,0.0,85,0,1,1,55.6,4,15,1,8.1,20,1,10,10,1,0,15,0,0,10,1,10,10,1,6.0,10,1,0,10,1,21.29,
2026-08-05,368770,파이버프로,44.7,81,0.0,85,0,1,1,52.7,4,15,1,8.0,20,1,10,10,1,0,15,0,0,10,1,10,10,1,6.0,10,1,0,10,1,4.24,
2026-08-05,007660,이수페타시스,44.0,82,0.0,85,0,1,0,46.4,8,15,1,9.4,20,1,10,10,1,0,15,0,0,10,1,0,10,1,3.0,10,1,7,10,1,14.29,
2026-08-05,126340,비나텍,43.8,83,0.0,85,0,1,1,49.6,4,15,1,17.2,20,1,10,10,1,0,15,0,0,10,1,0,10,1,6.0,10,1,0,10,1,8.03,
2026-08-05,217590,티엠씨,43.6,84,0.0,75,0,1,1,53.5,8,15,1,8.7,20,1,0,10,0,0,15,0,0,10,1,10,10,1,6.0,10,1,0,10,1,1.75,
2026-08-05,003670,포스코퓨처엠,43.5,85,0.0,85,0,1,1,46.2,4,15,1,20.0,20,1,5,10,1,0,15,0,0,10,1,0,10,1,6.0,10,1,2,10,1,13.47,
2026-08-05,131970,두산테스나,43.5,86,0.0,85,0,1,0,39.2,4,15,1,20.0,20,1,10,10,1,0,15,0,0,10,1,0,10,1,3.0,10,1,0,10,1,21.56,
2026-08-05,004310,현대약품,43.5,87,0.0,85,0,1,0,49.8,4,15,1,20.0,20,1,10,10,1,0,15,0,0,10,1,0,10,1,3.0,10,1,0,10,1,10.94,
2026-08-05,263750,펄어비스,43.5,88,0.0,85,0,1,0,47.2,4,15,1,20.0,20,1,10,10,1,0,15,0,0,10,1,0,10,1,3.0,10,1,0,10,1,-9.09,
2026-08-05,090460,비에이치,43.1,89,0.0,85,0,1,0,37.8,4,15,1,9.6,20,1,10,10,1,0,15,0,0,10,1,10,10,1,3.0,10,1,0,10,1,31.04,
2026-08-05,340570,티앤엘,43.1,90,0.0,85,0,1,1,66.7,0,15,1,6.6,20,1,10,10,1,0,15,0,10,10,1,4,10,1,6.0,10,1,0,10,1,-51.22,
2026-08-05,032830,삼성생명,42.9,91,0.0,85,0,0,0,43.5,12,15,1,7.5,20,1,10,10,1,0,15,0,0,10,1,0,10,1,0.0,10,1,7,10,1,-0.85,
2026-08-05,144960,뉴파워프라즈마,42.9,92,0.0,85,1,1,0,58.2,4,15,1,11.5,20,1,10,10,1,0,15,0,4,10,1,0,10,1,7.0,10,1,0,10,1,19.07,
2026-08-05,093370,후성,42.7,93,0.0,75,0,1,1,45.8,4,15,1,20.0,20,1,0,10,0,0,15,0,0,10,1,0,10,1,6.0,10,1,2,10,1,16.91,
2026-08-05,039830,오로라,42.7,94,0.0,85,1,1,1,67.1,0,15,1,6.3,20,1,10,10,1,0,15,0,10,10,1,0,10,1,10.0,10,1,0,10,1,-2.11,
2026-08-05,044490,태웅,42.4,95,0.0,85,0,1,1,51.9,0,15,1,20.0,20,1,10,10,1,0,15,0,0,10,1,0,10,1,6.0,10,1,0,10,1,26.74,
2026-08-05,077360,덕산하이메탈,42.4,96,0.0,85,0,1,1,50.9,0,15,1,20.0,20,1,10,10,1,0,15,0,0,10,1,0,10,1,6.0,10,1,0,10,1,5.83,
2026-08-05,073490,LIG아큐버,42.4,97,0.0,85,0,1,1,58.7,0,15,1,20.0,20,1,10,10,1,0,15,0,0,10,1,0,10,1,6.0,10,1,0,10,1,1.09,
2026-08-05,003530,한화투자증권,42.4,98,0.0,85,0,1,1,47.2,0,15,1,20.0,20,1,10,10,1,0,15,0,0,10,1,0,10,1,6.0,10,1,0,10,1,4.75,
2026-08-05,092870,엑시콘,42.4,99,0.0,85,0,1,1,48.7,0,15,1,20.0,20,1,10,10,1,0,15,0,0,10,1,0,10,1,6.0,10,1,0,10,1,23.54,
2026-08-05,100840,SNT에너지,42.4,100,0.0,85,0,1,1,53.5,0,15,1,20.0,20,1,10,10,1,0,15,0,0,10,1,0,10,1,6.0,10,1,0,10,1,-0.35,
2026-08-05,199820,제일일렉트릭,42.0,101,0.0,85,0,1,1,52.5,4,15,1,5.7,20,1,10,10,1,0,15,0,0,10,1,10,10,1,6.0,10,1,0,10,1,5.58,
2026-08-05,000990,DB하이텍,41.6,102,0.0,85,0,1,0,40.2,8,15,1,6.4,20,1,10,10,1,0,15,0,0,10,1,4,10,1,3.0,10,1,4,10,1,10.78,
2026-08-05,111770,영원무역,41.6,103,0.0,85,1,0,1,57.7,4,15,1,7.4,20,1,10,10,1,0,15,0,7,10,1,0,10,1,7.0,10,1,0,10,1,-3.97,
2026-08-05,403870,HPSP,41.5,104,0.0,85,0,1,0,45.0,8,15,1,6.3,20,1,8,10,1,0,15,0,0,10,1,0,10,1,3.0,10,1,10,10,1,12.57,
2026-08-05,047810,한국항공우주,41.3,105,0.0,85,0,0,0,52.1,8,15,1,7.1,20,1,10,10,1,0,15,0,0,10,1,0,10,1,0.0,10,1,10,10,1,3.21,
2026-08-05,089030,테크윙,41.3,106,0.0,75,0,1,0,51.9,4,15,1,20.0,20,1,0,10,0,0,15,0,0,10,1,0,10,1,3.0,10,1,4,10,1,3.03,
2026-08-05,009420,한올바이오파마,41.2,107,0.0,85,0,1,0,54.0,4,15,1,20.0,20,1,8,10,1,0,15,0,0,10,1,0,10,1,3.0,10,1,0,10,1,13.75,
2026-08-05,356860,티엘비,41.2,108,0.0,85,0,1,0,33.9,4,15,1,20.0,20,1,8,10,1,0,15,0,0,10,1,0,10,1,3.0,10,1,0,10,1,11.23,
2026-08-05,102940,코오롱생명과학,40.8,109,0.0,75,0,0,1,25.9,4,15,1,13.6,20,1,0,10,0,0,15,0,0,10,1,10,10,1,3.0,10,1,0,10,1,7.25,
2026-08-05,267260,HD현대일렉트릭,40.7,110,0.0,85,0,1,0,47.0,8,15,1,6.6,20,1,10,10,1,0,15,0,0,10,1,0,10,1,3.0,10,1,7,10,1,1.68,
2026-08-05,035720,카카오,40.7,111,0.0,75,0,1,1,57.3,8,15,1,6.5,20,1,0,10,0,0,15,0,0,10,1,0,10,1,6.0,10,1,10,10,1,5.11,
2026-08-05,319660,피에스케이,40.6,112,0.0,85,0,0,0,42.3,8,15,1,9.5,20,1,10,10,1,0,15,0,0,10,1,0,10,1,0.0,10,1,7,10,1,5.4,
2026-08-05,006800,미래에셋증권,40.6,113,0.0,85,0,1,0,41.4,4,15,1,10.5,20,1,10,10,1,0,15,0,0,10,1,0,10,1,3.0,10,1,7,10,1,8.1,
2026-08-05,064350,현대로템,40.5,114,0.0,85,0,1,0,46.1,8,15,1,10.4,20,1,3,10,1,0,15,0,0,10,1,0,10,1,3.0,10,1,10,10,1,-0.07,
2026-08-05,051160,지어소프트,40.3,115,5.0,75,1,1,1,85.4,0,15,1,4.0,20,1,0,10,0,0,15,0,10,10,1,10,10,1,10.0,10,1,0,10,1,0.3,
2026-08-05,336260,두산퓨얼셀,40.1,116,0.0,75,0,1,0,43.8,8,15,1,9.1,20,1,0,10,0,0,15,0,0,10,1,10,10,1,3.0,10,1,0,10,1,10.12,
2026-08-05,000250,삼천당제약,40.1,117,0.0,75,0,1,1,44.7,4,15,1,16.1,20,1,0,10,0,0,15,0,0,10,1,0,10,1,6.0,10,1,4,10,1,13.93,
2026-08-05,008770,호텔신라,40.0,118,0.0,85,0,0,0,35.2,4,15,1,20.0,20,1,10,10,1,0,15,0,0,10,1,0,10,1,0.0,10,1,0,10,1,3.09,
2026-08-05,290650,엘앤씨바이오,40.0,119,0.0,85,0,0,0,42.8,4,15,1,20.0,20,1,10,10,1,0,15,0,0,10,1,0,10,1,0.0,10,1,0,10,1,-5.36,
2026-08-05,420770,기가비스,40.0,120,0.0,85,0,0,0,44.4,4,15,1,20.0,20,1,10,10,1,0,15,0,0,10,1,0,10,1,0.0,10,1,0,10,1,1.29,
2026-08-05,032500,케이엠더블유,40.0,121,0.0,75,0,1,1,50.3,0,15,1,20.0,20,1,0,10,0,0,15,0,0,10,1,4,10,1,6.0,10,1,0,10,1,1.64,
2026-08-05,028670,팬오션,39.9,122,0.0,85,0,1,1,62.3,4,15,1,5.9,20,1,10,10,1,0,15,0,4,10,1,4,10,1,6.0,10,1,0,10,1,-3.92,
2026-08-05,388790,라이콤,39.9,123,0.0,75,0,1,1,50.1,4,15,1,9.9,20,1,0,10,0,0,15,0,0,10,1,10,10,1,6.0,10,1,0,10,1,3.61,
2026-08-05,105560,KB금융,39.5,124,0.0,85,0,0,1,51.7,12,15,1,4.6,20,1,10,10,1,0,15,0,4,10,1,0,10,1,3.0,10,1,0,10,1,-1.52,
2026-08-05,018260,삼성에스디에스,39.5,125,0.0,75,0,1,1,60.9,8,15,1,5.6,20,1,0,10,0,0,15,0,0,10,1,0,10,1,6.0,10,1,10,10,1,2.82,
2026-08-05,058610,에스피지,39.3,126,0.0,85,0,1,1,64.3,8,15,1,6.4,20,1,3,10,1,0,15,0,0,10,1,0,10,1,6.0,10,1,10,10,1,3.03,
2026-08-05,004170,신세계,39.2,127,0.0,85,0,0,0,35.5,8,15,1,7.3,20,1,10,10,1,0,15,0,0,10,1,4,10,1,0.0,10,1,4,10,1,-2.44,
2026-08-05,103140,풍산,39.2,128,0.0,85,0,1,1,64.8,4,15,1,6.3,20,1,10,10,1,0,15,0,0,10,1,7,10,1,6.0,10,1,0,10,1,4.09,
2026-08-05,050890,쏠리드,39.1,129,0.0,85,0,1,1,51.7,4,15,1,6.2,20,1,10,10,1,0,15,0,0,10,1,7,10,1,6.0,10,1,0,10,1,3.28,
2026-08-05,024840,KBI메탈,38.9,130,0.0,85,0,1,1,55.3,8,15,1,6.1,20,1,1,10,1,0,15,0,0,10,1,10,10,1,6.0,10,1,2,10,1,13.74,
2026-08-05,263800,데이타솔루션,38.8,131,0.0,85,0,0,1,51.7,0,15,1,20.0,20,1,10,10,1,0,15,0,0,10,1,0,10,1,3.0,10,1,0,10,1,6.89,
2026-08-05,006910,보성파워텍,38.8,132,0.0,85,0,1,0,51.1,0,15,1,20.0,20,1,10,10,1,0,15,0,0,10,1,0,10,1,3.0,10,1,0,10,1,14.6,
2026-08-05,089890,코세스,38.8,133,0.0,85,0,1,0,44.4,0,15,1,20.0,20,1,10,10,1,0,15,0,0,10,1,0,10,1,3.0,10,1,0,10,1,11.14,
2026-08-05,011930,신성이엔지,38.8,134,0.0,85,0,1,0,49.3,0,15,1,20.0,20,1,10,10,1,0,15,0,0,10,1,0,10,1,3.0,10,1,0,10,1,1.26,
2026-08-05,002020,코오롱,38.8,135,0.0,85,0,1,0,33.8,0,15,1,20.0,20,1,10,10,1,0,15,0,0,10,1,0,10,1,3.0,10,1,0,10,1,9.44,
2026-08-05,456040,OCI,38.8,136,0.0,85,0,1,0,44.4,0,15,1,20.0,20,1,10,10,1,0,15,0,0,10,1,0,10,1,3.0,10,1,0,10,1,5.09,
2026-08-05,099320,쎄트렉아이,38.8,137,0.0,85,0,1,0,44.8,0,15,1,20.0,20,1,10,10,1,0,15,0,0,10,1,0,10,1,3.0,10,1,0,10,1,10.98,
2026-08-05,005070,코스모신소재,38.8,138,0.0,85,0,1,0,49.1,0,15,1,20.0,20,1,10,10,1,0,15,0,0,10,1,0,10,1,3.0,10,1,0,10,1,12.78,
2026-08-05,124500,아이티센글로벌,38.8,139,0.0,85,0,1,0,49.5,0,15,1,20.0,20,1,10,10,1,0,15,0,0,10,1,0,10,1,3.0,10,1,0,10,1,15.78,
2026-08-05,247540,에코프로비엠,38.7,140,0.0,75,0,1,0,40.2,4,15,1,20.0,20,1,0,10,0,0,15,0,0,10,1,0,10,1,3.0,10,1,2,10,1,12.59,
2026-08-05,007810,코리아써키트,38.7,141,0.0,75,0,1,0,41.8,4,15,1,18.0,20,1,0,10,0,0,15,0,0,10,1,4,10,1,3.0,10,1,0,10,1,19.86,
2026-08-05,021240,코웨이,38.7,142,0.0,85,1,1,1,51.7,4,15,1,4.9,20,1,10,10,1,0,15,0,4,10,1,0,10,1,10.0,10,1,0,10,1,4.74,
2026-08-05,003490,대한항공,38.6,143,0.0,85,0,1,1,53.8,8,15,1,8.8,20,1,3,10,1,0,15,0,0,10,1,0,10,1,6.0,10,1,7,10,1,-2.97,
2026-08-05,012330,현대모비스,38.5,144,0.0,85,0,1,1,51.9,12,15,1,4.7,20,1,10,10,1,0,15,0,0,10,1,0,10,1,6.0,10,1,0,10,1,1.59,
2026-08-05,483650,달바글로벌,38.5,145,0.0,85,1,0,1,51.6,4,15,1,7.7,20,1,10,10,1,0,15,0,0,10,1,0,10,1,7.0,10,1,4,10,1,1.72,
2026-08-05,034020,두산에너빌리티,38.4,146,0.0,85,0,1,0,51.9,12,15,1,6.6,20,1,1,10,1,0,15,0,0,10,1,0,10,1,3.0,10,1,10,10,1,5.06,
2026-08-05,010140,삼성중공업,38.4,147,0.0,75,0,1,0,48.3,8,15,1,7.8,20,1,0,10,0,0,15,0,0,10,1,0,10,1,3.0,10,1,10,10,1,-0.9,
2026-08-05,295310,에이치브이엠,38.4,148,0.0,75,0,1,1,45.7,4,15,1,14.8,20,1,0,10,0,0,15,0,0,10,1,4,10,1,6.0,10,1,0,10,1,23.56,
2026-08-05,377300,카카오페이,37.6,149,0.0,85,0,1,0,48.7,4,15,1,14.0,20,1,1,10,1,0,15,0,0,10,1,10,10,1,3.0,10,1,0,10,1,7.58,
2026-08-05,189300,인텔리안테크,37.6,150,0.0,85,0,1,1,50.4,0,15,1,16.0,20,1,10,10,1,0,15,0,0,10,1,0,10,1,6.0,10,1,0,10,1,10.54,
2026-08-05,009155,삼성전기우,37.5,151,0.0,85,0,1,1,47.8,4,15,1,9.9,20,1,10,10,1,0,15,0,0,10,1,0,10,1,6.0,10,1,2,10,1,7.51,
2026-08-05,018880,한온시스템,37.4,152,0.0,85,0,1,1,47.0,4,15,1,13.8,20,1,8,10,1,0,15,0,0,10,1,0,10,1,6.0,10,1,0,10,1,7.79,
2026-08-05,017900,광전자,37.3,153,0.0,75,0,1,1,56.3,8,15,1,4.0,20,1,0,10,0,0,15,0,0,10,1,10,10,1,6.0,10,1,0,10,1,23.37,
2026-08-05,264850,이랜시스,37.3,154,0.0,75,0,1,1,65.9,8,15,1,4.0,20,1,0,10,0,0,15,0,0,10,1,10,10,1,6.0,10,1,0,10,1,0.61,
2026-08-05,073240,금호타이어,37.3,155,0.0,85,1,1,1,61.4,8,15,1,4.7,20,1,5,10,1,0,15,0,4,10,1,0,10,1,10.0,10,1,0,10,1,10.3,
2026-08-05,037070,파세코,36.9,156,0.0,85,0,1,1,52.6,0,15,1,10.4,20,1,8,10,1,0,15,0,0,10,1,0,10,1,6.0,10,1,7,10,1,-22.08,
2026-08-05,007610,선도전기,36.7,157,0.0,75,0,1,1,49.9,4,15,1,10.5,20,1,0,10,0,0,15,0,0,10,1,7,10,1,6.0,10,1,0,10,1,-0.86,
2026-08-05,333430,일승,36.6,158,0.0,85,0,1,1,63.5,4,15,1,7.1,20,1,10,10,1,0,15,0,0,10,1,4,10,1,6.0,10,1,0,10,1,-5.32,
2026-08-05,006110,삼아알미늄,36.5,159,0.0,85,0,1,1,52.5,0,15,1,20.0,20,1,5,10,1,0,15,0,0,10,1,0,10,1,6.0,10,1,0,10,1,37.64,
2026-08-05,005690,파미셀,36.5,160,0.0,85,0,1,0,50.8,0,15,1,20.0,20,1,8,10,1,0,15,0,0,10,1,0,10,1,3.0,10,1,0,10,1,4.38,
2026-08-05,271560,오리온,36.2,161,0.0,85,0,1,1,46.4,4,15,1,4.8,20,1,8,10,1,0,15,0,4,10,1,4,10,1,6.0,10,1,0,10,1,1.15,
2026-08-05,454910,두산로보틱스,36.1,162,0.0,75,0,1,1,50.2,4,15,1,15.1,20,1,0,10,0,0,15,0,0,10,1,0,10,1,6.0,10,1,2,10,1,6.85,
2026-08-05,016360,삼성증권,36.0,163,0.0,85,0,1,0,44.2,8,15,1,7.6,20,1,10,10,1,0,15,0,0,10,1,0,10,1,3.0,10,1,2,10,1,-5.23,
2026-08-05,178320,서진시스템,36.0,164,0.0,75,0,1,0,44.5,4,15,1,20.0,20,1,0,10,0,0,15,0,0,10,1,0,10,1,3.0,10,1,0,10,1,-1.47,
2026-08-05,417840,저스템,36.0,165,0.0,75,0,1,0,46.9,4,15,1,20.0,20,1,0,10,0,0,15,0,0,10,1,0,10,1,3.0,10,1,0,10,1,32.68,
2026-08-05,094170,동운아나텍,36.0,166,0.0,75,0,1,0,54.0,0,15,1,20.0,20,1,0,10,0,0,15,0,0,10,1,4,10,1,3.0,10,1,0,10,1,7.97,
2026-08-05,419530,SAMG엔터,36.0,167,0.0,75,0,0,0,50.2,0,15,1,20.0,20,1,0,10,0,0,15,0,0,10,1,7,10,1,0.0,10,1,0,10,1,-12.48,
2026-08-05,354320,알멕,36.0,168,0.0,75,0,1,0,43.6,0,15,1,20.0,20,1,0,10,0,0,15,0,0,10,1,4,10,1,3.0,10,1,0,10,1,26.03,
2026-08-05,006260,LS,35.9,169,0.0,85,0,1,0,53.0,8,15,1,7.5,20,1,10,10,1,0,15,0,0,10,1,0,10,1,3.0,10,1,2,10,1,-0.91,
2026-08-05,006730,서부T&D,35.9,170,0.0,85,0,1,1,52.6,4,15,1,6.5,20,1,10,10,1,0,15,0,0,10,1,4,10,1,6.0,10,1,0,10,1,6.56,
2026-08-05,108860,셀바스AI,35.6,171,0.0,75,0,1,1,66.7,4,15,1,8.7,20,1,0,10,0,0,15,0,0,10,1,4,10,1,6.0,10,1,4,10,1,-7.13,
2026-08-05,003550,LG,35.5,172,0.0,85,0,1,1,57.7,4,15,1,8.2,20,1,10,10,1,0,15,0,0,10,1,0,10,1,6.0,10,1,2,10,1,6.46,
2026-08-05,195870,해성디에스,35.4,173,0.0,85,0,1,1,46.7,4,15,1,10.1,20,1,10,10,1,0,15,0,0,10,1,0,10,1,6.0,10,1,0,10,1,12.07,
2026-08-05,294870,IPARK현대산업개발,35.2,174,0.0,85,0,1,1,62.4,0,15,1,9.9,20,1,10,10,1,0,15,0,4,10,1,0,10,1,6.0,10,1,0,10,1,0.46,
2026-08-05,347850,디앤디파마텍,35.1,175,0.0,75,0,0,0,41.0,15,15,1,1.3,20,1,0,10,0,0,15,0,0,10,1,10,10,1,0.0,10,1,0,10,1,16.2,
2026-08-05,051910,LG화학,35.1,176,0.0,85,0,1,0,44.6,4,15,1,14.8,20,1,1,10,1,0,15,0,0,10,1,0,10,1,3.0,10,1,7,10,1,7.83,
2026-08-05,052690,한전기술,34.9,177,0.0,85,0,1,1,52.4,4,15,1,9.7,20,1,10,10,1,0,15,0,0,10,1,0,10,1,6.0,10,1,0,10,1,-2.63,
2026-08-05,086790,하나금융지주,34.8,178,0.0,85,0,0,1,53.0,8,15,1,4.6,20,1,10,10,1,0,15,0,4,10,1,0,10,1,3.0,10,1,0,10,1,1.87,
2026-08-05,067310,하나마이크론,34.8,179,0.0,75,0,1,1,43.4,4,15,1,12.1,20,1,0,10,0,0,15,0,0,10,1,0,10,1,6.0,10,1,4,10,1,14.89,
2026-08-05,089970,브이엠,34.7,180,0.0,75,0,0,0,43.4,4,15,1,20.0,20,1,0,10,0,0,15,0,0,10,1,0,10,1,0.0,10,1,2,10,1,0.44,
2026-08-05,039030,이오테크닉스,34.7,181,0.0,85,0,1,0,47.3,4,15,1,12.5,20,1,10,10,1,0,15,0,0,10,1,0,10,1,3.0,10,1,0,10,1,15.75,
2026-08-05,077970,STX엔진,34.7,182,0.0,85,0,1,1,54.5,4,15,1,7.5,20,1,8,10,1,0,15,0,0,10,1,4,10,1,6.0,10,1,0,10,1,1.6,
2026-08-05,491000,리브스메드,34.7,183,0.0,75,0,1,1,61.8,4,15,1,16.0,20,1,0,10,0,0,15,0,0,10,1,0,10,1,6.0,10,1,0,10,1,0.11,
2026-08-05,097230,HJ중공업,34.7,184,0.0,75,0,1,1,51.2,0,15,1,20.0,20,1,0,10,0,0,15,0,0,10,1,0,10,1,6.0,10,1,0,10,1,4.13,
2026-08-05,181710,NHN,34.7,185,0.0,75,0,1,1,60.2,0,15,1,20.0,20,1,0,10,0,0,15,0,0,10,1,0,10,1,6.0,10,1,0,10,1,55.84,
2026-08-05,039200,오스코텍,34.7,186,0.0,75,0,1,1,53.0,0,15,1,20.0,20,1,0,10,0,0,15,0,0,10,1,0,10,1,6.0,10,1,0,10,1,13.99,
2026-08-05,476060,온코닉테라퓨틱스,34.7,187,0.0,75,0,1,1,54.2,0,15,1,20.0,20,1,0,10,0,0,15,0,0,10,1,0,10,1,6.0,10,1,0,10,1,18.8,
2026-08-05,138080,오이솔루션,34.7,188,0.0,75,0,1,1,58.3,0,15,1,20.0,20,1,0,10,0,0,15,0,0,10,1,0,10,1,6.0,10,1,0,10,1,-1.59,
2026-08-05,171090,선익시스템,34.7,189,0.0,75,0,1,1,58.1,0,15,1,20.0,20,1,0,10,0,0,15,0,0,10,1,0,10,1,6.0,10,1,0,10,1,5.6,
2026-08-05,084370,유진테크,34.5,190,0.0,85,0,1,1,47.1,4,15,1,9.3,20,1,10,10,1,0,15,0,0,10,1,0,10,1,6.0,10,1,0,10,1,9.49,
2026-08-05,000150,두산,34.4,191,0.0,75,0,1,0,49.7,8,15,1,7.8,20,1,0,10,0,0,15,0,0,10,1,0,10,1,3.0,10,1,7,10,1,0.16,
2026-08-05,037460,삼지전자,34.4,192,0.0,85,0,1,1,53.4,0,15,1,6.2,20,1,10,10,1,0,15,0,0,10,1,7,10,1,6.0,10,1,0,10,1,0.84,
2026-08-05,060370,LS마린솔루션,34.4,193,0.0,85,0,1,0,57.5,0,15,1,16.2,20,1,10,10,1,0,15,0,0,10,1,0,10,1,3.0,10,1,0,10,1,8.6,
2026-08-05,100090,SK오션플랜트,34.2,194,0.0,85,0,1,1,48.3,4,15,1,7.1,20,1,8,10,1,0,15,0,0,10,1,0,10,1,6.0,10,1,4,10,1,3.76,
2026-08-05,010130,고려아연,34.1,195,0.0,85,0,1,1,54.7,4,15,1,9.0,20,1,10,10,1,0,15,0,0,10,1,0,10,1,6.0,10,1,0,10,1,12.6,
2026-08-05,007340,DN오토모티브,34.1,196,0.0,85,0,1,1,64.8,4,15,1,5.0,20,1,10,10,1,0,15,0,4,10,1,0,10,1,6.0,10,1,0,10,1,6.57,
2026-08-05,166090,하나머티리얼즈,34.1,197,0.0,85,0,1,1,50.9,4,15,1,9.0,20,1,10,10,1,0,15,0,0,10,1,0,10,1,6.0,10,1,0,10,1,7.33,
2026-08-05,272210,한화시스템,34.0,198,0.0,85,0,1,0,52.9,4,15,1,9.9,20,1,10,10,1,0,15,0,0,10,1,0,10,1,3.0,10,1,2,10,1,9.94,
2026-08-05,001430,세아베스틸지주,33.8,199,0.0,85,0,1,1,59.7,4,15,1,8.7,20,1,10,10,1,0,15,0,0,10,1,0,10,1,6.0,10,1,0,10,1,6.74,
2026-08-05,232140,와이씨,33.8,200,0.0,85,0,1,0,45.2,0,15,1,15.7,20,1,10,10,1,0,15,0,0,10,1,0,10,1,3.0,10,1,0,10,1,12.93,
2026-08-07,009830,한화솔루션,81.3,1,0.0,75,0,1,1,59.6,15,15,1,20.0,20,1,0,10,0,0,15,0,0,10,1,10,10,1,6.0,10,1,10,10,1,4.42,
2026-08-07,010060,OCI홀딩스,80.0,2,0.0,85,0,1,1,61.9,15,15,1,20.0,20,1,10,10,1,0,15,0,0,10,1,7,10,1,6.0,10,1,10,10,1,2.39,
2026-08-07,068270,셀트리온,72.1,3,0.0,85,1,1,1,67.9,12,15,1,11.3,20,1,8,10,1,0,15,0,10,10,1,0,10,1,10.0,10,1,10,10,1,0.85,
2026-08-07,006400,삼성SDI,68.2,4,0.0,85,0,1,0,54.1,15,15,1,20.0,20,1,10,10,1,0,15,0,0,10,1,0,10,1,3.0,10,1,10,10,1,12.42,
2026-08-07,317400,자이에스앤디,68.2,5,0.0,85,1,1,1,69.1,4,15,1,20.0,20,1,10,10,1,0,15,0,10,10,1,4,10,1,10.0,10,1,0,10,1,20.55,
2026-08-07,214450,파마리서치,67.9,6,0.0,85,1,1,0,56.5,12,15,1,7.7,20,1,10,10,1,0,15,0,4,10,1,7,10,1,7.0,10,1,10,10,1,5.15,
2026-08-07,003670,포스코퓨처엠,67.1,7,0.0,85,0,1,1,52.3,12,15,1,20.0,20,1,5,10,1,0,15,0,0,10,1,10,10,1,6.0,10,1,4,10,1,9.44,
2026-08-07,322000,HD현대에너지솔루션,65.3,8,0.0,75,0,1,1,49.4,12,15,1,20.0,20,1,0,10,0,0,15,0,0,10,1,4,10,1,6.0,10,1,7,10,1,-3.52,
2026-08-07,005930,삼성전자,64.7,9,0.0,85,0,1,0,42.8,15,15,1,20.0,20,1,10,10,1,0,15,0,0,10,1,0,10,1,3.0,10,1,7,10,1,18.83,
2026-08-07,005935,삼성전자우,64.7,10,0.0,85,0,1,0,45.5,15,15,1,20.0,20,1,10,10,1,0,15,0,0,10,1,0,10,1,3.0,10,1,7,10,1,14.99,
2026-08-07,373220,LG에너지솔루션,64.0,11,0.0,75,0,1,1,56.3,12,15,1,20.0,20,1,0,10,0,0,15,0,0,10,1,0,10,1,6.0,10,1,10,10,1,2.64,
2026-08-07,196170,알테오젠,64.0,12,0.0,75,0,1,1,49.3,12,15,1,20.0,20,1,0,10,0,0,15,0,0,10,1,0,10,1,6.0,10,1,10,10,1,2.95,
2026-08-07,222800,심텍,64.0,13,0.0,75,0,1,1,54.4,8,15,1,20.0,20,1,0,10,0,0,15,0,0,10,1,4,10,1,6.0,10,1,10,10,1,-1.18,
2026-08-07,042660,한화오션,63.5,14,0.0,85,0,1,1,49.4,8,15,1,20.0,20,1,10,10,1,0,15,0,0,10,1,0,10,1,6.0,10,1,10,10,1,7.16,
2026-08-07,078340,컴투스,63.5,15,0.0,85,1,1,1,74.9,0,15,1,20.0,20,1,10,10,1,0,15,0,10,10,1,4,10,1,10.0,10,1,0,10,1,-4.61,
2026-08-07,086520,에코프로,62.6,16,0.0,85,0,1,1,51.0,12,15,1,13.2,20,1,8,10,1,0,15,0,0,10,1,4,10,1,6.0,10,1,10,10,1,8.84,
2026-08-07,096770,SK이노베이션,62.4,17,0.0,85,0,0,0,56.5,12,15,1,20.0,20,1,10,10,1,0,15,0,4,10,1,0,10,1,0.0,10,1,7,10,1,6.98,
2026-08-07,278470,에이피알,61.9,18,0.0,85,0,1,1,56.4,8,15,1,14.6,20,1,10,10,1,0,15,0,4,10,1,0,10,1,6.0,10,1,10,10,1,1.56,
2026-08-07,122900,아이마켓코리아,61.8,19,0.0,85,0,1,1,73.3,0,15,1,16.5,20,1,10,10,1,0,15,0,10,10,1,10,10,1,6.0,10,1,0,10,1,-0.25,
2026-08-07,051900,LG생활건강,61.5,20,5.0,85,1,1,1,81.2,8,15,1,10.5,20,1,10,10,1,0,15,0,10,10,1,4,10,1,10.0,10,1,4,10,1,-7.8,
2026-08-07,138080,오이솔루션,61.3,21,0.0,75,0,1,1,59.2,8,15,1,20.0,20,1,0,10,0,0,15,0,0,10,1,10,10,1,6.0,10,1,2,10,1,-11.11,
2026-08-07,066970,엘앤에프,58.8,22,0.0,75,0,1,1,50.5,8,15,1,18.1,20,1,0,10,0,0,15,0,0,10,1,10,10,1,6.0,10,1,2,10,1,21.62,
2026-08-07,441270,파인엠텍,58.8,23,0.0,85,0,1,1,66.0,4,15,1,20.0,20,1,10,10,1,0,15,0,0,10,1,10,10,1,6.0,10,1,0,10,1,0.46,
2026-08-07,052460,아이크래프트,58.8,24,0.0,85,1,1,1,73.0,0,15,1,20.0,20,1,10,10,1,0,15,0,10,10,1,0,10,1,10.0,10,1,0,10,1,19.81,
2026-08-07,090430,아모레퍼시픽,58.6,25,0.0,85,1,1,1,68.0,8,15,1,6.8,20,1,8,10,1,0,15,0,10,10,1,0,10,1,10.0,10,1,7,10,1,-4.3,
2026-08-07,080220,제주반도체,58.4,26,0.0,85,0,1,1,49.7,8,15,1,18.6,20,1,10,10,1,0,15,0,0,10,1,0,10,1,6.0,10,1,7,10,1,8.09,
2026-08-07,066570,LG전자,58.2,27,0.0,85,0,1,1,52.7,15,15,1,8.5,20,1,10,10,1,0,15,0,0,10,1,0,10,1,6.0,10,1,10,10,1,16.22,
2026-08-07,010950,S-Oil,57.6,28,0.0,85,0,0,0,56.9,8,15,1,20.0,20,1,10,10,1,0,15,0,4,10,1,0,10,1,0.0,10,1,7,10,1,7.27,
2026-08-07,119850,지엔씨에너지,57.5,29,0.0,75,1,1,1,69.4,8,15,1,8.1,20,1,0,10,0,0,15,0,10,10,1,0,10,1,10.0,10,1,7,10,1,4.97,
2026-08-07,047040,대우건설,57.4,30,0.0,85,0,1,1,50.8,8,15,1,14.8,20,1,10,10,1,0,15,0,0,10,1,0,10,1,6.0,10,1,10,10,1,9.75,
2026-08-07,353200,대덕전자,56.5,31,0.0,85,0,1,0,45.8,8,15,1,20.0,20,1,10,10,1,0,15,0,0,10,1,0,10,1,3.0,10,1,7,10,1,14.74,
2026-08-07,352820,하이브,56.5,32,0.0,85,0,0,0,44.8,8,15,1,20.0,20,1,10,10,1,0,15,0,0,10,1,0,10,1,0.0,10,1,10,10,1,-3.03,
2026-08-07,000660,SK하이닉스,56.0,33,0.0,75,0,0,0,38.9,15,15,1,20.0,20,1,0,10,0,0,15,0,0,10,1,0,10,1,0.0,10,1,7,10,1,15.68,
2026-08-07,402340,SK스퀘어,56.0,34,0.0,75,0,0,0,40.2,15,15,1,20.0,20,1,0,10,0,0,15,0,0,10,1,0,10,1,0.0,10,1,7,10,1,22.9,
2026-08-07,277810,레인보우로보틱스,55.9,35,0.0,75,0,1,1,49.1,8,15,1,17.9,20,1,0,10,0,0,15,0,0,10,1,0,10,1,6.0,10,1,10,10,1,7.74,
2026-08-07,041830,인바디,55.6,36,0.0,85,1,1,1,71.9,4,15,1,6.3,20,1,10,10,1,0,15,0,10,10,1,7,10,1,10.0,10,1,0,10,1,-9.04,
2026-08-07,009540,HD한국조선해양,55.5,37,0.0,85,0,1,1,57.6,8,15,1,13.2,20,1,10,10,1,0,15,0,0,10,1,0,10,1,6.0,10,1,10,10,1,-3.14,
2026-08-07,078930,GS,55.5,38,0.0,85,1,1,1,65.4,4,15,1,6.2,20,1,10,10,1,0,15,0,10,10,1,0,10,1,10.0,10,1,7,10,1,18.3,
2026-08-07,044490,태웅,55.3,39,0.0,85,0,1,1,56.3,4,15,1,20.0,20,1,10,10,1,0,15,0,0,10,1,7,10,1,6.0,10,1,0,10,1,13.55,
2026-08-07,055550,신한지주,55.1,40,0.0,85,1,1,1,62.3,12,15,1,4.8,20,1,10,10,1,0,15,0,10,10,1,0,10,1,10.0,10,1,0,10,1,-2.36,
2026-08-07,347700,스피어,54.5,41,0.0,75,0,1,1,57.0,8,15,1,15.9,20,1,0,10,0,0,15,0,0,10,1,7,10,1,6.0,10,1,4,10,1,14.75,
2026-08-07,012450,한화에어로스페이스,54.4,42,0.0,85,0,1,1,60.1,12,15,1,8.2,20,1,10,10,1,0,15,0,0,10,1,0,10,1,6.0,10,1,10,10,1,5.74,
2026-08-07,207940,삼성바이오로직스,54.1,43,0.0,85,1,1,1,60.6,8,15,1,7.0,20,1,1,10,1,0,15,0,10,10,1,0,10,1,10.0,10,1,10,10,1,-0.51,
2026-08-07,009150,삼성전기,52.8,44,0.0,85,0,1,0,47.1,15,15,1,9.9,20,1,10,10,1,0,15,0,0,10,1,0,10,1,3.0,10,1,7,10,1,21.91,
2026-08-07,003230,삼양식품,52.7,45,0.0,85,0,1,1,63.5,8,15,1,6.8,20,1,10,10,1,0,15,0,4,10,1,0,10,1,6.0,10,1,10,10,1,-2.76,
2026-08-07,298040,효성중공업,52.6,46,0.0,85,0,1,1,50.9,12,15,1,9.7,20,1,10,10,1,0,15,0,0,10,1,0,10,1,6.0,10,1,7,10,1,4.31,
2026-08-07,098460,고영,51.8,47,0.0,85,0,1,1,52.6,4,15,1,20.0,20,1,10,10,1,0,15,0,0,10,1,0,10,1,6.0,10,1,4,10,1,9.29,
2026-08-07,332570,PS일렉트로닉스,51.8,48,0.0,85,0,1,1,54.6,4,15,1,20.0,20,1,10,10,1,0,15,0,0,10,1,0,10,1,6.0,10,1,4,10,1,32.58,
2026-08-07,124500,아이티센글로벌,51.8,49,0.0,85,0,1,1,47.4,4,15,1,20.0,20,1,10,10,1,0,15,0,0,10,1,4,10,1,6.0,10,1,0,10,1,18.94,
2026-08-07,035720,카카오,51.3,50,0.0,75,0,1,1,63.9,12,15,1,6.5,20,1,0,10,0,0,15,0,0,10,1,4,10,1,6.0,10,1,10,10,1,0.25,
2026-08-07,010170,대한광통신,50.7,51,0.0,75,0,1,1,50.9,12,15,1,16.0,20,1,0,10,0,0,15,0,0,10,1,4,10,1,6.0,10,1,0,10,1,16.67,
2026-08-07,247540,에코프로비엠,50.7,52,0.0,75,0,1,1,44.5,8,15,1,20.0,20,1,0,10,0,0,15,0,0,10,1,0,10,1,6.0,10,1,4,10,1,9.07,
2026-08-07,000720,현대건설,50.7,53,0.0,85,0,1,1,52.9,8,15,1,12.1,20,1,10,10,1,0,15,0,0,10,1,0,10,1,6.0,10,1,7,10,1,5.37,
2026-08-07,222040,코스맥스엔비티,50.7,54,0.0,75,1,1,1,61.3,0,15,1,20.0,20,1,0,10,0,0,15,0,4,10,1,4,10,1,10.0,10,1,0,10,1,10.08,
2026-08-07,316140,우리금융지주,50.6,55,0.0,85,1,1,1,68.0,8,15,1,5.0,20,1,10,10,1,0,15,0,10,10,1,0,10,1,10.0,10,1,0,10,1,-3.16,
2026-08-07,282330,BGF리테일,50.5,56,0.0,85,0,1,1,72.7,4,15,1,4.9,20,1,8,10,1,0,15,0,10,10,1,10,10,1,6.0,10,1,0,10,1,-5.16,
2026-08-07,011780,금호석유화학,50.0,57,0.0,85,0,1,1,61.1,8,15,1,6.5,20,1,10,10,1,0,15,0,0,10,1,10,10,1,6.0,10,1,2,10,1,0.77,
2026-08-07,043260,성호전자,49.4,58,0.0,85,0,1,1,43.1,4,15,1,20.0,20,1,10,10,1,0,15,0,0,10,1,0,10,1,6.0,10,1,2,10,1,18.54,
2026-08-07,218410,RFHIC,49.4,59,0.0,85,0,1,1,47.0,4,15,1,20.0,20,1,10,10,1,0,15,0,0,10,1,0,10,1,6.0,10,1,2,10,1,9.8,
2026-08-07,280360,롯데웰푸드,49.4,60,0.0,85,0,1,1,67.5,4,15,1,8.0,20,1,10,10,1,0,15,0,4,10,1,10,10,1,6.0,10,1,0,10,1,10.61,
2026-08-07,108490,로보티즈,49.3,61,0.0,75,0,1,1,52.2,4,15,1,20.0,20,1,0,10,0,0,15,0,0,10,1,0,10,1,6.0,10,1,7,10,1,22.0,
2026-08-07,153890,져스텍,49.3,62,0.0,75,0,1,1,48.2,4,15,1,20.0,20,1,0,10,0,0,15,0,0,10,1,7,10,1,6.0,10,1,0,10,1,48.34,
2026-08-07,005490,POSCO홀딩스,49.1,63,0.0,85,0,1,1,54.5,8,15,1,7.7,20,1,10,10,1,0,15,0,0,10,1,0,10,1,6.0,10,1,10,10,1,0.91,
2026-08-07,047810,한국항공우주,48.4,64,0.0,85,0,1,1,55.9,8,15,1,7.1,20,1,10,10,1,0,15,0,0,10,1,0,10,1,6.0,10,1,10,10,1,-5.06,
2026-08-07,011930,신성이엔지,48.2,65,0.0,85,0,1,0,44.0,4,15,1,20.0,20,1,10,10,1,0,15,0,0,10,1,4,10,1,3.0,10,1,0,10,1,11.56,
2026-08-07,025900,동화기업,48.0,66,0.0,75,0,1,1,70.4,4,15,1,16.0,20,1,0,10,0,0,15,0,0,10,1,10,10,1,6.0,10,1,0,10,1,-4.96,
2026-08-07,009835,한화솔루션우,48.0,67,0.0,75,0,1,1,52.1,0,15,1,20.0,20,1,0,10,0,0,15,0,0,10,1,10,10,1,6.0,10,1,0,10,1,4.21,
2026-08-07,079550,LIG디펜스앤에어로스페이스,47.5,68,0.0,85,0,1,1,50.6,8,15,1,6.4,20,1,10,10,1,0,15,0,0,10,1,0,10,1,6.0,10,1,10,10,1,9.99,
2026-08-07,475150,SK이터닉스,47.4,69,0.0,85,0,0,1,48.8,12,15,1,5.3,20,1,10,10,1,0,15,0,0,10,1,0,10,1,3.0,10,1,10,10,1,15.45,
2026-08-07,387690,레메디,47.1,70,0.0,75,0,1,1,47.6,8,15,1,15.3,20,1,0,10,0,0,15,0,0,10,1,4,10,1,6.0,10,1,2,10,1,5.13,
2026-08-07,036570,NC,47.1,71,0.0,85,0,1,1,56.7,4,15,1,20.0,20,1,10,10,1,0,15,0,0,10,1,0,10,1,6.0,10,1,0,10,1,-0.4,
2026-08-07,456040,OCI,47.1,72,0.0,85,0,1,1,45.4,4,15,1,20.0,20,1,10,10,1,0,15,0,0,10,1,0,10,1,6.0,10,1,0,10,1,4.52,
2026-08-07,126640,화신정공,47.1,73,0.0,85,1,1,1,49.0,0,15,1,20.0,20,1,10,10,1,0,15,0,0,10,1,0,10,1,10.0,10,1,0,10,1,13.35,
2026-08-07,003490,대한항공,46.8,74,0.0,85,0,1,1,54.6,8,15,1,8.8,20,1,3,10,1,0,15,0,4,10,1,0,10,1,6.0,10,1,10,10,1,-3.13,
2026-08-07,240810,원익IPS,46.7,75,0.0,75,0,0,0,39.6,8,15,1,20.0,20,1,0,10,0,0,15,0,0,10,1,0,10,1,0.0,10,1,7,10,1,32.05,
2026-08-07,010120,LS ELECTRIC,46.6,76,0.0,85,0,1,0,50.0,12,15,1,7.6,20,1,10,10,1,0,15,0,0,10,1,0,10,1,3.0,10,1,7,10,1,2.74,
2026-08-07,086790,하나금융지주,46.6,77,0.0,85,1,1,1,60.9,8,15,1,4.6,20,1,10,10,1,0,15,0,7,10,1,0,10,1,10.0,10,1,0,10,1,-1.26,
2026-08-07,036930,주성엔지니어링,46.5,78,0.0,85,0,0,0,42.1,8,15,1,11.5,20,1,10,10,1,0,15,0,0,10,1,0,10,1,0.0,10,1,10,10,1,39.12,
2026-08-07,144960,뉴파워프라즈마,46.5,79,0.0,85,1,1,1,57.0,4,15,1,11.5,20,1,10,10,1,0,15,0,4,10,1,0,10,1,10.0,10,1,0,10,1,5.58,
2026-08-07,091580,상신이디피,46.5,80,0.0,85,0,1,1,55.8,0,15,1,16.5,20,1,10,10,1,0,15,0,0,10,1,7,10,1,6.0,10,1,0,10,1,15.4,
2026-08-07,017670,SK텔레콤,46.4,81,0.0,85,0,1,0,48.8,8,15,1,8.4,20,1,10,10,1,0,15,0,0,10,1,0,10,1,3.0,10,1,10,10,1,13.95,
2026-08-07,006360,GS건설,46.4,82,0.0,75,0,1,1,56.7,8,15,1,6.8,20,1,0,10,0,0,15,0,4,10,1,0,10,1,6.0,10,1,10,10,1,11.69,
2026-08-07,295310,에이치브이엠,46.4,83,0.0,75,0,1,1,53.8,4,15,1,14.8,20,1,0,10,0,0,15,0,0,10,1,10,10,1,6.0,10,1,0,10,1,7.17,
2026-08-07,028050,삼성E&A,46.2,84,0.0,85,0,1,1,54.9,8,15,1,5.3,20,1,10,10,1,0,15,0,0,10,1,0,10,1,6.0,10,1,10,10,1,3.53,
2026-08-07,003010,혜인,46.2,85,0.0,85,0,1,1,74.9,4,15,1,5.3,20,1,10,10,1,0,15,0,4,10,1,10,10,1,6.0,10,1,0,10,1,63.96,
2026-08-07,267270,HD건설기계,45.9,86,0.0,85,0,1,0,55.1,4,15,1,20.0,20,1,10,10,1,0,15,0,0,10,1,0,10,1,3.0,10,1,2,10,1,0.36,
2026-08-07,194700,노바렉스,45.4,87,0.0,85,0,1,1,68.1,4,15,1,8.6,20,1,10,10,1,0,15,0,0,10,1,10,10,1,6.0,10,1,0,10,1,-10.51,
2026-08-07,001440,대한전선,44.8,88,0.0,85,0,1,1,45.5,4,15,1,8.1,20,1,10,10,1,0,15,0,0,10,1,0,10,1,6.0,10,1,10,10,1,10.52,
2026-08-07,009420,한올바이오파마,44.7,89,0.0,85,0,1,1,54.8,4,15,1,20.0,20,1,8,10,1,0,15,0,0,10,1,0,10,1,6.0,10,1,0,10,1,10.35,
2026-08-07,356860,티엘비,44.7,90,0.0,85,0,1,1,34.6,4,15,1,20.0,20,1,8,10,1,0,15,0,0,10,1,0,10,1,6.0,10,1,0,10,1,11.74,
2026-08-07,419050,삼기에너지솔루션즈,44.6,91,0.0,85,0,1,0,56.0,4,15,1,13.9,20,1,10,10,1,0,15,0,0,10,1,7,10,1,3.0,10,1,0,10,1,17.14,
2026-08-07,355150,코스텍시스,44.0,92,0.0,75,0,1,1,50.4,0,15,1,20.0,20,1,0,10,0,0,15,0,0,10,1,7,10,1,6.0,10,1,0,10,1,1.96,
2026-08-07,083650,비에이치아이,43.6,93,0.0,85,0,1,1,52.2,4,15,1,17.1,20,1,10,10,1,0,15,0,0,10,1,0,10,1,6.0,10,1,0,10,1,22.85,
2026-08-07,028670,팬오션,43.5,94,0.0,85,1,1,1,64.5,4,15,1,6.0,20,1,10,10,1,0,15,0,7,10,1,0,10,1,10.0,10,1,0,10,1,-4.14,
2026-08-07,004370,농심,43.5,95,0.0,85,0,1,1,71.3,4,15,1,5.0,20,1,8,10,1,0,15,0,10,10,1,4,10,1,6.0,10,1,0,10,1,8.02,
2026-08-07,131970,두산테스나,43.5,96,0.0,85,0,1,0,35.8,4,15,1,20.0,20,1,10,10,1,0,15,0,0,10,1,0,10,1,3.0,10,1,0,10,1,31.87,
2026-08-07,290650,엘앤씨바이오,43.5,97,0.0,85,0,1,0,47.8,4,15,1,20.0,20,1,10,10,1,0,15,0,0,10,1,0,10,1,3.0,10,1,0,10,1,-11.77,
2026-08-07,011070,LG이노텍,43.3,98,0.0,85,0,1,0,41.0,8,15,1,8.8,20,1,10,10,1,0,15,0,0,10,1,0,10,1,3.0,10,1,7,10,1,18.48,
2026-08-07,051910,LG화학,43.3,99,0.0,85,0,1,1,53.3,8,15,1,14.8,20,1,1,10,1,0,15,0,0,10,1,0,10,1,6.0,10,1,7,10,1,1.63,
2026-08-07,483650,달바글로벌,43.2,100,0.0,85,1,1,0,55.6,4,15,1,7.7,20,1,10,10,1,0,15,0,4,10,1,0,10,1,7.0,10,1,4,10,1,-7.11,
2026-08-07,121600,나노신소재,42.8,101,0.0,85,0,1,1,54.9,0,15,1,13.4,20,1,10,10,1,0,15,0,0,10,1,7,10,1,6.0,10,1,0,10,1,6.82,
2026-08-07,017900,광전자,42.7,102,0.0,75,0,1,1,60.9,12,15,1,4.0,20,1,0,10,0,0,15,0,0,10,1,10,10,1,6.0,10,1,0,10,1,9.09,
2026-08-07,034730,SK,42.7,103,0.0,75,0,0,0,42.0,8,15,1,20.0,20,1,0,10,0,0,15,0,0,10,1,0,10,1,0.0,10,1,4,10,1,15.16,
2026-08-07,093370,후성,42.7,104,0.0,75,0,1,1,45.0,4,15,1,20.0,20,1,0,10,0,0,15,0,0,10,1,0,10,1,6.0,10,1,2,10,1,24.75,
2026-08-07,123330,제닉,42.7,105,0.0,75,1,1,1,61.9,0,15,1,12.0,20,1,0,10,0,0,15,0,10,10,1,0,10,1,10.0,10,1,0,10,1,-4.88,
2026-08-07,329180,HD현대중공업,42.5,106,0.0,85,0,1,0,49.0,8,15,1,14.1,20,1,1,10,1,0,15,0,0,10,1,0,10,1,3.0,10,1,10,10,1,0.79,
2026-08-07,003160,디아이,42.4,107,0.0,85,0,1,1,53.9,0,15,1,20.0,20,1,10,10,1,0,15,0,0,10,1,0,10,1,6.0,10,1,0,10,1,10.73,
2026-08-07,004310,현대약품,42.4,108,0.0,85,0,1,1,52.1,0,15,1,20.0,20,1,10,10,1,0,15,0,0,10,1,0,10,1,6.0,10,1,0,10,1,2.6,
2026-08-07,004710,한솔테크닉스,42.4,109,0.0,85,0,1,1,40.8,0,15,1,20.0,20,1,10,10,1,0,15,0,0,10,1,0,10,1,6.0,10,1,0,10,1,13.29,
2026-08-07,099320,쎄트렉아이,42.4,110,0.0,85,0,1,1,46.0,0,15,1,20.0,20,1,10,10,1,0,15,0,0,10,1,0,10,1,6.0,10,1,0,10,1,8.82,
2026-08-07,236200,슈프리마,42.3,111,5.0,85,1,1,1,78.1,0,15,1,6.2,20,1,10,10,1,0,15,0,10,10,1,4,10,1,10.0,10,1,0,10,1,-3.51,
2026-08-07,021240,코웨이,42.2,112,0.0,85,1,1,1,56.7,4,15,1,4.9,20,1,10,10,1,0,15,0,7,10,1,0,10,1,10.0,10,1,0,10,1,2.61,
2026-08-07,008930,한미사이언스,42.2,113,5.0,85,1,1,1,81.6,4,15,1,6.1,20,1,10,10,1,0,15,0,10,10,1,0,10,1,10.0,10,1,0,10,1,-0.78,
2026-08-07,005090,SGC에너지,42.1,114,0.0,85,0,1,1,60.8,4,15,1,7.8,20,1,10,10,1,0,15,0,4,10,1,4,10,1,6.0,10,1,0,10,1,18.33,
2026-08-07,006800,미래에셋증권,41.8,115,0.0,85,0,1,0,39.4,8,15,1,10.5,20,1,10,10,1,0,15,0,0,10,1,0,10,1,3.0,10,1,4,10,1,11.06,
2026-08-07,162300,신스틸,41.3,116,0.0,75,0,1,1,70.0,4,15,1,4.0,20,1,0,10,0,0,15,0,7,10,1,10,10,1,6.0,10,1,0,10,1,-5.13,
2026-08-07,072950,빛샘전자,41.3,117,0.0,85,0,1,1,52.0,4,15,1,8.1,20,1,10,10,1,0,15,0,0,10,1,7,10,1,6.0,10,1,0,10,1,24.22,
2026-08-07,006110,삼아알미늄,41.2,118,0.0,85,0,1,1,61.5,4,15,1,20.0,20,1,5,10,1,0,15,0,0,10,1,0,10,1,6.0,10,1,0,10,1,12.08,
2026-08-07,241710,코스메카코리아,41.2,119,0.0,85,1,1,0,64.8,4,15,1,6.0,20,1,8,10,1,0,15,0,10,10,1,0,10,1,7.0,10,1,0,10,1,32.64,
2026-08-07,096530,씨젠,41.2,120,0.0,85,0,1,1,55.7,4,15,1,20.0,20,1,1,10,1,0,15,0,4,10,1,0,10,1,6.0,10,1,0,10,1,11.25,
2026-08-07,079940,가비아,40.9,121,0.0,85,1,0,0,56.8,4,15,1,4.8,20,1,8,10,1,0,15,0,4,10,1,10,10,1,4.0,10,1,0,10,1,4.19,
2026-08-07,073240,금호타이어,40.8,122,0.0,85,1,1,1,63.7,8,15,1,4.7,20,1,5,10,1,0,15,0,7,10,1,0,10,1,10.0,10,1,0,10,1,4.23,
2026-08-07,023530,롯데쇼핑,40.8,123,0.0,85,0,0,0,24.6,8,15,1,6.7,20,1,10,10,1,0,15,0,0,10,1,10,10,1,0.0,10,1,0,10,1,3.21,
2026-08-07,267260,HD현대일렉트릭,40.7,124,0.0,85,0,1,0,46.4,8,15,1,6.6,20,1,10,10,1,0,15,0,0,10,1,0,10,1,3.0,10,1,7,10,1,5.38,
2026-08-07,194480,데브시스터즈,40.7,125,0.0,75,1,1,1,65.3,0,15,1,10.5,20,1,0,10,0,0,15,0,10,10,1,0,10,1,10.0,10,1,0,10,1,-7.96,
2026-08-07,139130,iM금융지주,40.6,126,0.0,85,0,1,1,54.0,4,15,1,10.5,20,1,10,10,1,0,15,0,4,10,1,0,10,1,6.0,10,1,0,10,1,-2.24,
2026-08-07,111770,영원무역,40.5,127,0.0,85,1,1,1,64.7,0,15,1,7.4,20,1,10,10,1,0,15,0,7,10,1,0,10,1,10.0,10,1,0,10,1,-8.03,
2026-08-07,477850,마키나락스,40.0,128,0.0,75,0,1,1,54.2,8,15,1,16.0,20,1,0,10,0,0,15,0,0,10,1,0,10,1,6.0,10,1,0,10,1,-1.72,
2026-08-07,089970,브이엠,40.0,129,0.0,75,0,0,0,39.7,8,15,1,20.0,20,1,0,10,0,0,15,0,0,10,1,0,10,1,0.0,10,1,2,10,1,12.73,
2026-08-07,033160,엠케이전자,40.0,130,0.0,75,0,1,1,50.2,4,15,1,20.0,20,1,0,10,0,0,15,0,0,10,1,0,10,1,6.0,10,1,0,10,1,-6.06,
2026-08-07,192820,코스맥스,40.0,131,0.0,85,1,1,1,69.1,4,15,1,5.0,20,1,5,10,1,0,15,0,10,10,1,0,10,1,10.0,10,1,0,10,1,20.44,
2026-08-07,476060,온코닉테라퓨틱스,40.0,132,0.0,75,0,1,1,55.4,4,15,1,20.0,20,1,0,10,0,0,15,0,0,10,1,0,10,1,6.0,10,1,0,10,1,5.41,
2026-08-07,327260,RF머트리얼즈,40.0,133,0.0,75,0,1,1,45.4,4,15,1,20.0,20,1,0,10,0,0,15,0,0,10,1,0,10,1,6.0,10,1,0,10,1,-2.73,
2026-08-07,008770,호텔신라,40.0,134,0.0,85,0,0,0,37.9,4,15,1,20.0,20,1,10,10,1,0,15,0,0,10,1,0,10,1,0.0,10,1,0,10,1,6.32,
2026-08-07,420770,기가비스,40.0,135,0.0,85,0,0,0,41.7,4,15,1,20.0,20,1,10,10,1,0,15,0,0,10,1,0,10,1,0.0,10,1,0,10,1,8.88,
2026-08-07,139480,이마트,40.0,136,0.0,75,0,1,1,49.7,4,15,1,20.0,20,1,0,10,0,0,15,0,0,10,1,0,10,1,6.0,10,1,0,10,1,-3.31,
2026-08-07,365340,성일하이텍,40.0,137,0.0,85,0,1,1,49.9,0,15,1,11.0,20,1,10,10,1,0,15,0,0,10,1,7,10,1,6.0,10,1,0,10,1,14.46,
2026-08-07,042700,한미반도체,39.8,138,0.0,85,0,1,0,42.2,12,15,1,6.8,20,1,5,10,1,0,15,0,0,10,1,0,10,1,3.0,10,1,7,10,1,19.08,
2026-08-07,033780,KT&G,39.6,139,0.0,85,0,1,1,61.7,8,15,1,4.7,20,1,8,10,1,0,15,0,7,10,1,0,10,1,6.0,10,1,0,10,1,-6.78,
2026-08-07,105560,KB금융,39.5,140,0.0,85,0,0,1,57.1,12,15,1,4.6,20,1,10,10,1,0,15,0,4,10,1,0,10,1,3.0,10,1,0,10,1,-4.15,
2026-08-07,018260,삼성에스디에스,39.5,141,0.0,75,0,1,1,56.1,8,15,1,5.6,20,1,0,10,0,0,15,0,0,10,1,0,10,1,6.0,10,1,10,10,1,9.93,
2026-08-07,058610,에스피지,39.3,142,0.0,85,0,1,1,58.9,8,15,1,6.4,20,1,3,10,1,0,15,0,0,10,1,0,10,1,6.0,10,1,10,10,1,16.62,
2026-08-07,175330,JB금융지주,39.3,143,0.0,85,1,1,0,59.4,4,15,1,4.4,20,1,8,10,1,0,15,0,10,10,1,0,10,1,7.0,10,1,0,10,1,-2.95,
2026-08-07,126340,비나텍,39.1,144,0.0,85,0,1,1,47.4,0,15,1,17.2,20,1,10,10,1,0,15,0,0,10,1,0,10,1,6.0,10,1,0,10,1,9.3,
2026-08-07,010130,고려아연,38.8,145,0.0,85,0,1,1,53.0,4,15,1,9.0,20,1,10,10,1,0,15,0,0,10,1,4,10,1,6.0,10,1,0,10,1,8.14,
2026-08-07,005440,현대지에프홀딩스,38.8,146,0.0,85,0,1,1,44.9,4,15,1,6.0,20,1,10,10,1,0,15,0,0,10,1,7,10,1,6.0,10,1,0,10,1,-2.21,
2026-08-07,263750,펄어비스,38.8,147,0.0,85,0,1,0,50.8,0,15,1,20.0,20,1,10,10,1,0,15,0,0,10,1,0,10,1,3.0,10,1,0,10,1,-12.22,
2026-08-07,077360,덕산하이메탈,38.8,148,0.0,85,0,1,0,47.9,0,15,1,20.0,20,1,10,10,1,0,15,0,0,10,1,0,10,1,3.0,10,1,0,10,1,7.02,
2026-08-07,005070,코스모신소재,38.8,149,0.0,85,0,1,0,50.5,0,15,1,20.0,20,1,10,10,1,0,15,0,0,10,1,0,10,1,3.0,10,1,0,10,1,15.46,
2026-08-07,089890,코세스,38.8,150,0.0,85,0,1,0,42.8,0,15,1,20.0,20,1,10,10,1,0,15,0,0,10,1,0,10,1,3.0,10,1,0,10,1,12.53,
2026-08-07,089030,테크윙,38.7,151,0.0,75,0,1,0,46.9,4,15,1,20.0,20,1,0,10,0,0,15,0,0,10,1,0,10,1,3.0,10,1,2,10,1,12.96,
2026-08-07,083450,GST,38.6,152,0.0,85,0,1,1,54.3,4,15,1,5.8,20,1,10,10,1,0,15,0,0,10,1,7,10,1,6.0,10,1,0,10,1,1.44,
2026-08-07,001430,세아베스틸지주,38.5,153,0.0,85,0,1,1,60.5,4,15,1,8.7,20,1,10,10,1,0,15,0,0,10,1,4,10,1,6.0,10,1,0,10,1,8.17,
2026-08-07,089860,롯데렌탈,38.5,154,0.0,85,1,1,1,69.3,0,15,1,4.7,20,1,8,10,1,0,15,0,10,10,1,0,10,1,10.0,10,1,0,10,1,11.39,
2026-08-07,010140,삼성중공업,38.4,155,0.0,75,0,1,1,48.0,8,15,1,7.8,20,1,0,10,0,0,15,0,0,10,1,0,10,1,6.0,10,1,7,10,1,1.13,
2026-08-07,032830,삼성생명,38.2,156,0.0,85,0,1,0,40.1,8,15,1,7.5,20,1,10,10,1,0,15,0,0,10,1,0,10,1,3.0,10,1,4,10,1,9.26,
2026-08-07,003690,코리안리,38.2,157,0.0,85,1,1,1,63.5,0,15,1,5.5,20,1,10,10,1,0,15,0,7,10,1,0,10,1,10.0,10,1,0,10,1,5.23,
2026-08-07,403870,HPSP,38.0,158,0.0,85,0,1,0,42.2,8,15,1,6.3,20,1,8,10,1,0,15,0,0,10,1,0,10,1,3.0,10,1,7,10,1,17.44,
2026-08-07,112610,씨에스윈드,37.9,159,0.0,75,0,1,1,56.9,8,15,1,5.4,20,1,0,10,0,0,15,0,0,10,1,7,10,1,6.0,10,1,2,10,1,6.84,
2026-08-07,189300,인텔리안테크,37.6,160,0.0,85,0,1,1,50.2,0,15,1,16.0,20,1,10,10,1,0,15,0,0,10,1,0,10,1,6.0,10,1,0,10,1,11.9,
2026-08-07,272210,한화시스템,37.5,161,0.0,85,0,1,1,51.3,4,15,1,9.9,20,1,10,10,1,0,15,0,0,10,1,0,10,1,6.0,10,1,2,10,1,13.58,
2026-08-07,000250,삼천당제약,37.5,162,0.0,75,0,1,1,44.2,4,15,1,16.1,20,1,0,10,0,0,15,0,0,10,1,0,10,1,6.0,10,1,2,10,1,14.75,
2026-08-07,009155,삼성전기우,37.5,163,0.0,85,0,1,1,45.8,4,15,1,9.9,20,1,10,10,1,0,15,0,0,10,1,0,10,1,6.0,10,1,2,10,1,24.22,
2026-08-07,018880,한온시스템,37.4,164,0.0,85,0,1,1,50.3,4,15,1,13.8,20,1,8,10,1,0,15,0,0,10,1,0,10,1,6.0,10,1,0,10,1,5.38,
2026-08-07,463020,뉴엔AI,37.3,165,0.0,75,0,1,1,69.2,8,15,1,0.0,20,1,0,10,0,0,15,0,4,10,1,10,10,1,6.0,10,1,0,10,1,-15.36,
2026-08-07,264850,이랜시스,37.3,166,0.0,75,0,1,1,64.9,8,15,1,4.0,20,1,0,10,0,0,15,0,0,10,1,10,10,1,6.0,10,1,0,10,1,3.51,
2026-08-07,092790,넥스틸,37.3,167,0.0,75,0,1,1,54.7,8,15,1,4.0,20,1,0,10,0,0,15,0,0,10,1,10,10,1,6.0,10,1,0,10,1,5.04,
2026-08-07,007810,코리아써키트,37.3,168,0.0,75,0,1,1,42.0,4,15,1,18.0,20,1,0,10,0,0,15,0,0,10,1,0,10,1,6.0,10,1,0,10,1,13.29,
2026-08-07,267250,HD현대,37.2,169,0.0,85,0,1,1,56.6,4,15,1,9.6,20,1,10,10,1,0,15,0,0,10,1,0,10,1,6.0,10,1,2,10,1,4.67,
2026-08-07,257720,실리콘투,37.2,170,0.0,85,1,1,0,59.0,4,15,1,6.6,20,1,10,10,1,0,15,0,4,10,1,0,10,1,7.0,10,1,0,10,1,9.03,
2026-08-07,009450,경동나비엔,37.1,171,0.0,85,0,1,1,67.8,0,15,1,7.5,20,1,10,10,1,0,15,0,4,10,1,4,10,1,6.0,10,1,0,10,1,-6.71,
2026-08-07,064350,현대로템,36.9,172,0.0,85,0,1,0,46.1,8,15,1,10.4,20,1,3,10,1,0,15,0,0,10,1,0,10,1,3.0,10,1,7,10,1,0.0,
2026-08-07,071050,한국금융지주,36.6,173,0.0,85,0,0,0,40.3,8,15,1,9.1,20,1,10,10,1,0,15,0,0,10,1,4,10,1,0.0,10,1,0,10,1,8.51,
2026-08-07,007070,GS리테일,36.5,174,0.0,85,1,1,1,67.0,4,15,1,5.0,20,1,1,10,1,0,15,0,4,10,1,7,10,1,10.0,10,1,0,10,1,-2.29,
2026-08-07,458870,씨어스,36.5,175,0.0,75,0,0,0,38.2,4,15,1,19.4,20,1,0,10,0,0,15,0,0,10,1,4,10,1,0.0,10,1,0,10,1,4.13,
2026-08-07,005690,파미셀,36.5,176,0.0,85,0,1,0,49.1,0,15,1,20.0,20,1,8,10,1,0,15,0,0,10,1,0,10,1,3.0,10,1,0,10,1,6.43,
2026-08-07,071970,HD현대마린엔진,36.4,177,0.0,85,0,1,1,46.3,4,15,1,10.9,20,1,10,10,1,0,15,0,0,10,1,0,10,1,6.0,10,1,0,10,1,5.43,
2026-08-07,033790,피노,36.4,178,0.0,55,0,1,1,43.0,4,15,1,0.0,20,0,0,10,0,0,15,0,0,10,1,10,10,1,6.0,10,1,0,10,1,14.82,
2026-08-07,120110,코오롱인더,36.2,179,0.0,85,0,1,1,55.8,4,15,1,10.8,20,1,10,10,1,0,15,0,0,10,1,0,10,1,6.0,10,1,0,10,1,-5.63,
2026-08-07,204270,제이앤티씨,36.2,180,0.0,85,0,1,1,47.6,0,15,1,14.8,20,1,10,10,1,0,15,0,0,10,1,0,10,1,6.0,10,1,0,10,1,28.04,
2026-08-07,454910,두산로보틱스,36.1,181,0.0,75,0,1,1,48.4,4,15,1,15.1,20,1,0,10,0,0,15,0,0,10,1,0,10,1,6.0,10,1,2,10,1,12.02,
2026-08-07,178320,서진시스템,36.0,182,0.0,75,0,1,0,40.9,4,15,1,20.0,20,1,0,10,0,0,15,0,0,10,1,0,10,1,3.0,10,1,0,10,1,8.36,
2026-08-07,417840,저스템,36.0,183,0.0,75,0,1,0,46.0,4,15,1,20.0,20,1,0,10,0,0,15,0,0,10,1,0,10,1,3.0,10,1,0,10,1,36.38,
2026-08-07,200710,에이디테크놀로지,36.0,184,0.0,75,0,1,0,51.1,4,15,1,20.0,20,1,0,10,0,0,15,0,0,10,1,0,10,1,3.0,10,1,0,10,1,1.68,
2026-08-07,006260,LS,35.9,185,0.0,85,0,1,0,50.6,8,15,1,7.5,20,1,10,10,1,0,15,0,0,10,1,0,10,1,3.0,10,1,2,10,1,2.05,
2026-08-07,298020,효성티앤씨,35.9,186,0.0,85,0,1,1,59.3,4,15,1,10.5,20,1,10,10,1,0,15,0,0,10,1,0,10,1,6.0,10,1,0,10,1,-2.51,
2026-08-07,007660,이수페타시스,35.8,187,0.0,85,0,1,0,45.2,4,15,1,9.4,20,1,10,10,1,0,15,0,0,10,1,0,10,1,3.0,10,1,4,10,1,16.16,
2026-08-07,195870,해성디에스,35.8,188,0.0,85,0,1,1,47.4,4,15,1,10.4,20,1,10,10,1,0,15,0,0,10,1,0,10,1,6.0,10,1,0,10,1,11.55,
2026-08-07,108860,셀바스AI,35.6,189,0.0,75,0,1,1,64.5,4,15,1,8.7,20,1,0,10,0,0,15,0,4,10,1,0,10,1,6.0,10,1,4,10,1,-7.21,
2026-08-07,103140,풍산,35.6,190,0.0,85,0,1,1,66.7,4,15,1,6.3,20,1,10,10,1,0,15,0,4,10,1,0,10,1,6.0,10,1,0,10,1,-1.91,
2026-08-07,003550,LG,35.5,191,0.0,85,0,1,1,58.4,4,15,1,8.2,20,1,10,10,1,0,15,0,0,10,1,0,10,1,6.0,10,1,2,10,1,11.01,
2026-08-07,058430,포스코스틸리온,35.1,192,0.0,85,0,1,0,47.4,4,15,1,4.8,20,1,8,10,1,0,15,0,0,10,1,10,10,1,3.0,10,1,0,10,1,3.4,
2026-08-07,052690,한전기술,34.9,193,0.0,85,0,1,1,52.2,4,15,1,9.7,20,1,10,10,1,0,15,0,0,10,1,0,10,1,6.0,10,1,0,10,1,-0.88,
2026-08-07,383310,에코프로에이치엔,34.9,194,0.0,85,0,1,1,44.4,0,15,1,13.7,20,1,10,10,1,0,15,0,0,10,1,0,10,1,6.0,10,1,0,10,1,10.23,
2026-08-07,020150,롯데에너지머티리얼즈,34.8,195,0.0,75,0,1,0,43.5,4,15,1,12.1,20,1,0,10,0,0,15,0,0,10,1,7,10,1,3.0,10,1,0,10,1,12.58,
2026-08-07,340570,티앤엘,34.8,196,0.0,85,0,0,1,32.0,0,15,1,6.6,20,1,10,10,1,0,15,0,0,10,1,10,10,1,3.0,10,1,0,10,1,-1.36,
2026-08-07,039030,이오테크닉스,34.7,197,0.0,85,0,1,0,47.1,4,15,1,12.5,20,1,10,10,1,0,15,0,0,10,1,0,10,1,3.0,10,1,0,10,1,24.5,
2026-08-07,097230,HJ중공업,34.7,198,0.0,75,0,1,1,49.1,0,15,1,20.0,20,1,0,10,0,0,15,0,0,10,1,0,10,1,6.0,10,1,0,10,1,7.19,
2026-08-07,079160,CJ CGV,34.7,199,0.0,75,1,1,1,66.8,0,15,1,6.0,20,1,0,10,0,0,15,0,10,10,1,0,10,1,10.0,10,1,0,10,1,-2.16,
2026-08-07,171090,선익시스템,34.7,200,0.0,75,0,1,1,57.9,0,15,1,20.0,20,1,0,10,0,0,15,0,0,10,1,0,10,1,6.0,10,1,0,10,1,-0.15,
2026-08-10,196170,알테오젠,82.7,1,0.0,75,0,1,1,56.8,15,15,1,20.0,20,1,0,10,0,0,15,0,4,10,1,7,10,1,6.0,10,1,10,10,1,-14.37,
2026-08-10,080220,제주반도체,78.4,2,0.0,85,0,1,1,56.5,15,15,1,18.6,20,1,10,10,1,0,15,0,0,10,1,7,10,1,6.0,10,1,10,10,1,-13.57,
2026-08-10,009830,한화솔루션,73.3,3,0.0,75,0,1,1,61.6,15,15,1,20.0,20,1,0,10,0,0,15,0,0,10,1,4,10,1,6.0,10,1,10,10,1,-3.55,
2026-08-10,222040,코스맥스엔비티,72.0,4,0.0,75,1,1,1,72.8,4,15,1,20.0,20,1,0,10,0,0,15,0,10,10,1,10,10,1,10.0,10,1,0,10,1,-21.68,
2026-08-10,006400,삼성SDI,68.2,5,0.0,85,0,1,1,57.6,12,15,1,20.0,20,1,10,10,1,0,15,0,0,10,1,0,10,1,6.0,10,1,10,10,1,1.35,
2026-08-10,010060,OCI홀딩스,68.2,6,0.0,85,0,1,1,63.6,12,15,1,20.0,20,1,10,10,1,0,15,0,0,10,1,0,10,1,6.0,10,1,10,10,1,-4.22,
2026-08-10,043260,성호전자,68.2,7,0.0,85,0,1,1,51.1,8,15,1,20.0,20,1,10,10,1,0,15,0,0,10,1,10,10,1,6.0,10,1,4,10,1,3.87,
2026-08-10,068270,셀트리온,67.4,8,0.0,85,1,1,1,68.8,8,15,1,11.3,20,1,8,10,1,0,15,0,10,10,1,0,10,1,10.0,10,1,10,10,1,-2.74,
2026-08-10,006360,GS건설,65.1,9,0.0,75,0,1,1,61.5,12,15,1,6.8,20,1,0,10,0,0,15,0,10,10,1,4,10,1,6.0,10,1,10,10,1,-2.15,
2026-08-10,005930,삼성전자,64.7,10,0.0,85,0,1,0,42.5,15,15,1,20.0,20,1,10,10,1,0,15,0,0,10,1,0,10,1,3.0,10,1,7,10,1,16.74,
2026-08-10,005935,삼성전자우,64.7,11,0.0,85,0,1,0,46.2,15,15,1,20.0,20,1,10,10,1,0,15,0,0,10,1,0,10,1,3.0,10,1,7,10,1,9.48,
2026-08-10,042660,한화오션,63.5,12,0.0,85,0,1,1,53.6,8,15,1,20.0,20,1,10,10,1,0,15,0,0,10,1,0,10,1,6.0,10,1,10,10,1,-3.71,
2026-08-10,317400,자이에스앤디,63.5,13,0.0,85,1,1,1,71.2,4,15,1,20.0,20,1,10,10,1,0,15,0,10,10,1,0,10,1,10.0,10,1,0,10,1,15.43,
2026-08-10,010170,대한광통신,62.7,14,0.0,75,0,1,1,59.8,15,15,1,16.0,20,1,0,10,0,0,15,0,0,10,1,10,10,1,6.0,10,1,0,10,1,-8.19,
2026-08-10,214450,파마리서치,62.0,15,0.0,85,1,1,0,62.1,8,15,1,7.7,20,1,10,10,1,0,15,0,10,10,1,0,10,1,7.0,10,1,10,10,1,-4.15,
2026-08-10,278470,에이피알,61.9,16,0.0,85,0,1,1,56.8,8,15,1,14.6,20,1,10,10,1,0,15,0,4,10,1,0,10,1,6.0,10,1,10,10,1,2.45,
2026-08-10,036930,주성엔지니어링,61.8,17,0.0,85,0,1,1,47.5,15,15,1,11.5,20,1,10,10,1,0,15,0,0,10,1,0,10,1,6.0,10,1,10,10,1,23.83,
2026-08-10,096770,SK이노베이션,61.2,18,0.0,85,0,1,0,59.2,8,15,1,20.0,20,1,10,10,1,0,15,0,4,10,1,0,10,1,3.0,10,1,7,10,1,5.62,
2026-08-10,009540,HD한국조선해양,60.2,19,0.0,85,0,1,1,59.2,8,15,1,13.2,20,1,10,10,1,0,15,0,4,10,1,0,10,1,6.0,10,1,10,10,1,-7.3,
2026-08-10,086670,비엠티,60.2,20,0.0,85,0,1,1,68.1,4,15,1,11.2,20,1,10,10,1,0,15,0,10,10,1,10,10,1,6.0,10,1,0,10,1,-12.89,
2026-08-10,240810,원익IPS,60.0,21,0.0,75,0,1,0,45.1,12,15,1,20.0,20,1,0,10,0,0,15,0,0,10,1,0,10,1,3.0,10,1,10,10,1,14.23,
2026-08-10,353200,대덕전자,60.0,22,0.0,85,0,1,1,47.8,8,15,1,20.0,20,1,10,10,1,0,15,0,0,10,1,0,10,1,6.0,10,1,7,10,1,9.29,
2026-08-10,003670,포스코퓨처엠,58.8,23,0.0,85,0,1,1,57.2,8,15,1,20.0,20,1,5,10,1,0,15,0,0,10,1,4,10,1,6.0,10,1,7,10,1,-3.08,
2026-08-10,052460,아이크래프트,58.8,24,0.0,85,1,1,1,77.3,0,15,1,20.0,20,1,10,10,1,0,15,0,10,10,1,0,10,1,10.0,10,1,0,10,1,6.34,
2026-08-10,222800,심텍,58.7,25,0.0,75,0,1,1,57.0,8,15,1,20.0,20,1,0,10,0,0,15,0,0,10,1,0,10,1,6.0,10,1,10,10,1,-4.31,
2026-08-10,373220,LG에너지솔루션,58.7,26,0.0,75,0,1,1,58.1,8,15,1,20.0,20,1,0,10,0,0,15,0,0,10,1,0,10,1,6.0,10,1,10,10,1,-4.49,
2026-08-10,347700,스피어,58.5,27,0.0,75,0,1,1,60.6,8,15,1,15.9,20,1,0,10,0,0,15,0,0,10,1,7,10,1,6.0,10,1,7,10,1,2.59,
2026-08-10,086520,에코프로,57.9,28,0.0,85,0,1,1,56.4,12,15,1,13.2,20,1,8,10,1,0,15,0,0,10,1,0,10,1,6.0,10,1,10,10,1,-6.84,
2026-08-10,218410,RFHIC,57.6,29,0.0,85,0,1,1,53.5,4,15,1,20.0,20,1,10,10,1,0,15,0,0,10,1,7,10,1,6.0,10,1,2,10,1,-6.25,
2026-08-10,119850,지엔씨에너지,57.5,30,0.0,75,1,1,1,69.8,8,15,1,8.1,20,1,0,10,0,0,15,0,10,10,1,0,10,1,10.0,10,1,7,10,1,2.08,
2026-08-10,047040,대우건설,57.4,31,0.0,85,0,1,1,52.6,8,15,1,14.8,20,1,10,10,1,0,15,0,0,10,1,0,10,1,6.0,10,1,10,10,1,0.82,
2026-08-10,066970,엘앤에프,56.5,32,0.0,75,0,1,1,57.8,8,15,1,17.4,20,1,0,10,0,0,15,0,0,10,1,7,10,1,6.0,10,1,4,10,1,4.36,
2026-08-10,280360,롯데웰푸드,56.5,33,0.0,85,0,1,1,76.1,4,15,1,8.0,20,1,10,10,1,0,15,0,10,10,1,10,10,1,6.0,10,1,0,10,1,-5.88,
2026-08-10,009150,삼성전기,56.4,34,0.0,85,0,1,1,47.0,15,15,1,9.9,20,1,10,10,1,0,15,0,0,10,1,0,10,1,6.0,10,1,7,10,1,13.03,
2026-08-10,000660,SK하이닉스,56.0,35,0.0,75,0,0,0,38.9,15,15,1,20.0,20,1,0,10,0,0,15,0,0,10,1,0,10,1,0.0,10,1,7,10,1,17.04,
2026-08-10,402340,SK스퀘어,56.0,36,0.0,75,0,0,0,40.8,15,15,1,20.0,20,1,0,10,0,0,15,0,0,10,1,0,10,1,0.0,10,1,7,10,1,19.6,
2026-08-10,138080,오이솔루션,56.0,37,0.0,75,0,1,1,61.2,4,15,1,20.0,20,1,0,10,0,0,15,0,0,10,1,10,10,1,6.0,10,1,2,10,1,-19.78,
2026-08-10,277810,레인보우로보틱스,55.9,38,0.0,75,0,1,1,52.3,8,15,1,17.9,20,1,0,10,0,0,15,0,0,10,1,0,10,1,6.0,10,1,10,10,1,-3.89,
2026-08-10,329180,HD현대중공업,55.4,39,0.0,85,0,1,1,55.0,12,15,1,14.1,20,1,1,10,1,0,15,0,0,10,1,4,10,1,6.0,10,1,10,10,1,-7.99,
2026-08-10,124500,아이티센글로벌,55.3,40,0.0,85,0,1,1,56.1,4,15,1,20.0,20,1,10,10,1,0,15,0,0,10,1,7,10,1,6.0,10,1,0,10,1,-2.08,
2026-08-10,100790,미래에셋벤처투자,54.8,41,0.0,85,0,1,1,48.8,8,15,1,10.6,20,1,10,10,1,0,15,0,0,10,1,10,10,1,6.0,10,1,2,10,1,-1.35,
2026-08-10,066570,LG전자,54.7,42,0.0,85,0,1,1,54.4,12,15,1,8.5,20,1,10,10,1,0,15,0,0,10,1,0,10,1,6.0,10,1,10,10,1,9.47,
2026-08-10,247540,에코프로비엠,54.7,43,0.0,75,0,1,1,49.5,8,15,1,20.0,20,1,0,10,0,0,15,0,0,10,1,0,10,1,6.0,10,1,7,10,1,-4.97,
2026-08-10,108490,로보티즈,54.7,44,0.0,75,0,1,1,56.2,8,15,1,20.0,20,1,0,10,0,0,15,0,0,10,1,0,10,1,6.0,10,1,7,10,1,12.96,
2026-08-10,012450,한화에어로스페이스,54.4,45,0.0,85,0,1,1,63.7,12,15,1,8.2,20,1,10,10,1,0,15,0,0,10,1,0,10,1,6.0,10,1,10,10,1,-0.52,
2026-08-10,207940,삼성바이오로직스,54.1,46,0.0,85,1,1,1,61.4,8,15,1,7.0,20,1,1,10,1,0,15,0,10,10,1,0,10,1,10.0,10,1,10,10,1,-2.42,
2026-08-10,002900,TYM,54.0,47,0.0,85,0,1,1,60.2,0,15,1,19.9,20,1,10,10,1,0,15,0,0,10,1,10,10,1,6.0,10,1,0,10,1,2.47,
2026-08-10,144960,뉴파워프라즈마,53.5,48,0.0,85,1,1,1,63.6,4,15,1,11.5,20,1,10,10,1,0,15,0,10,10,1,0,10,1,10.0,10,1,0,10,1,-8.0,
2026-08-10,123330,제닉,53.3,49,0.0,75,1,1,1,63.8,4,15,1,12.0,20,1,0,10,0,0,15,0,10,10,1,4,10,1,10.0,10,1,0,10,1,-3.72,
2026-08-10,092730,네오팜,53.1,50,0.0,85,1,1,1,76.1,0,15,1,5.1,20,1,10,10,1,0,15,0,10,10,1,10,10,1,10.0,10,1,0,10,1,-6.02,
2026-08-10,010950,S-Oil,52.9,51,0.0,85,0,0,1,58.2,4,15,1,20.0,20,1,10,10,1,0,15,0,4,10,1,0,10,1,3.0,10,1,4,10,1,10.03,
2026-08-10,042700,한미반도체,52.7,52,0.0,85,0,1,1,46.0,12,15,1,6.8,20,1,10,10,1,0,15,0,0,10,1,0,10,1,6.0,10,1,10,10,1,11.44,
2026-08-10,062040,산일전기,52.2,53,0.0,85,0,1,1,53.1,12,15,1,7.4,20,1,10,10,1,0,15,0,0,10,1,7,10,1,6.0,10,1,2,10,1,-2.5,
2026-08-10,008490,서흥,52.2,54,5.0,85,1,1,1,80.0,4,15,1,6.6,20,1,8,10,1,0,15,0,10,10,1,10,10,1,10.0,10,1,0,10,1,-16.61,
2026-08-10,079550,LIG디펜스앤에어로스페이스,52.1,55,0.0,85,0,1,1,56.9,12,15,1,6.3,20,1,10,10,1,0,15,0,0,10,1,0,10,1,6.0,10,1,10,10,1,-3.4,
2026-08-10,078930,GS,52.0,56,0.0,85,1,1,1,62.9,4,15,1,6.2,20,1,10,10,1,0,15,0,7,10,1,0,10,1,10.0,10,1,7,10,1,22.61,
2026-08-10,352820,하이브,51.8,57,0.0,85,0,0,0,44.0,4,15,1,20.0,20,1,10,10,1,0,15,0,0,10,1,0,10,1,0.0,10,1,10,10,1,-6.58,
2026-08-10,098460,고영,51.8,58,0.0,85,0,1,1,57.0,4,15,1,20.0,20,1,10,10,1,0,15,0,0,10,1,0,10,1,6.0,10,1,4,10,1,-4.42,
2026-08-10,332570,PS일렉트로닉스,51.8,59,0.0,85,0,1,1,59.3,4,15,1,20.0,20,1,10,10,1,0,15,0,0,10,1,0,10,1,6.0,10,1,4,10,1,10.41,
2026-08-10,090430,아모레퍼시픽,51.5,60,0.0,85,1,1,1,60.2,8,15,1,6.8,20,1,8,10,1,0,15,0,4,10,1,0,10,1,10.0,10,1,7,10,1,-2.65,
2026-08-10,298040,효성중공업,51.4,61,0.0,85,0,1,1,52.9,8,15,1,9.7,20,1,10,10,1,0,15,0,0,10,1,0,10,1,6.0,10,1,10,10,1,1.7,
2026-08-10,003010,혜인,50.9,62,0.0,85,0,1,1,75.0,8,15,1,5.3,20,1,10,10,1,0,15,0,4,10,1,10,10,1,6.0,10,1,0,10,1,86.85,
2026-08-10,477850,마키나락스,50.7,63,0.0,75,0,1,1,58.6,12,15,1,16.0,20,1,0,10,0,0,15,0,0,10,1,4,10,1,6.0,10,1,0,10,1,-18.72,
2026-08-10,322000,HD현대에너지솔루션,50.7,64,0.0,75,0,1,0,46.3,8,15,1,20.0,20,1,0,10,0,0,15,0,0,10,1,0,10,1,3.0,10,1,7,10,1,3.57,
2026-08-10,441270,파인엠텍,50.6,65,0.0,85,0,1,1,69.0,0,15,1,20.0,20,1,10,10,1,0,15,0,0,10,1,7,10,1,6.0,10,1,0,10,1,-16.38,
2026-08-10,194700,노바렉스,50.1,66,0.0,85,0,1,1,70.3,4,15,1,8.6,20,1,10,10,1,0,15,0,4,10,1,10,10,1,6.0,10,1,0,10,1,-28.51,
2026-08-10,051900,LG생활건강,50.0,67,0.0,85,1,1,1,71.5,4,15,1,10.5,20,1,10,10,1,0,15,0,4,10,1,0,10,1,10.0,10,1,4,10,1,-6.25,
2026-08-10,001440,대한전선,49.5,68,0.0,85,0,1,1,49.4,8,15,1,8.1,20,1,10,10,1,0,15,0,0,10,1,0,10,1,6.0,10,1,10,10,1,-0.69,
2026-08-10,267270,HD건설기계,49.4,69,0.0,85,0,1,1,58.7,4,15,1,20.0,20,1,10,10,1,0,15,0,0,10,1,0,10,1,6.0,10,1,2,10,1,-7.16,
2026-08-10,356860,티엘비,49.4,70,0.0,85,0,1,1,35.4,4,15,1,20.0,20,1,8,10,1,0,15,0,0,10,1,4,10,1,6.0,10,1,0,10,1,19.27,
2026-08-10,041830,인바디,49.4,71,0.0,85,1,1,1,70.4,4,15,1,7.0,20,1,10,10,1,0,15,0,7,10,1,4,10,1,10.0,10,1,0,10,1,-12.71,
2026-08-10,039440,에스티아이,49.4,72,0.0,85,0,1,1,50.2,0,15,1,19.0,20,1,10,10,1,0,15,0,0,10,1,7,10,1,6.0,10,1,0,10,1,-6.34,
2026-08-10,327260,RF머트리얼즈,49.3,73,0.0,75,0,1,1,51.1,4,15,1,20.0,20,1,0,10,0,0,15,0,0,10,1,7,10,1,6.0,10,1,0,10,1,-13.95,
2026-08-10,039200,오스코텍,49.3,74,0.0,75,0,1,1,63.1,4,15,1,20.0,20,1,0,10,0,0,15,0,0,10,1,7,10,1,6.0,10,1,0,10,1,-3.68,
2026-08-10,219130,타이거일렉,49.3,75,0.0,75,1,1,1,61.6,0,15,1,20.0,20,1,0,10,0,0,15,0,7,10,1,0,10,1,10.0,10,1,0,10,1,-5.25,
2026-08-10,005490,POSCO홀딩스,49.1,76,0.0,85,0,1,1,56.2,8,15,1,7.7,20,1,10,10,1,0,15,0,0,10,1,0,10,1,6.0,10,1,10,10,1,-3.42,
2026-08-10,010120,LS ELECTRIC,48.9,77,0.0,85,0,1,1,52.1,8,15,1,7.6,20,1,10,10,1,0,15,0,0,10,1,0,10,1,6.0,10,1,10,10,1,0.24,
2026-08-10,010130,고려아연,48.9,78,0.0,85,0,1,1,60.9,8,15,1,8.6,20,1,10,10,1,0,15,0,0,10,1,7,10,1,6.0,10,1,2,10,1,-1.3,
2026-08-10,083650,비에이치아이,48.4,79,0.0,85,0,1,1,58.8,4,15,1,17.1,20,1,10,10,1,0,15,0,0,10,1,4,10,1,6.0,10,1,0,10,1,4.99,
2026-08-10,055550,신한지주,48.0,80,0.0,85,1,1,1,54.8,12,15,1,4.8,20,1,10,10,1,0,15,0,4,10,1,0,10,1,10.0,10,1,0,10,1,0.09,
2026-08-10,003230,삼양식품,48.0,81,0.0,85,0,1,1,60.7,8,15,1,6.8,20,1,10,10,1,0,15,0,0,10,1,0,10,1,6.0,10,1,10,10,1,3.57,
2026-08-10,089860,롯데렌탈,47.9,82,0.0,85,1,1,1,75.3,4,15,1,4.7,20,1,8,10,1,0,15,0,10,10,1,4,10,1,10.0,10,1,0,10,1,5.84,
2026-08-10,007660,이수페타시스,47.5,83,0.0,85,0,1,1,52.4,8,15,1,9.4,20,1,10,10,1,0,15,0,0,10,1,0,10,1,6.0,10,1,7,10,1,10.65,
2026-08-10,475150,SK이터닉스,47.4,84,0.0,85,0,0,1,49.4,12,15,1,5.3,20,1,10,10,1,0,15,0,0,10,1,0,10,1,3.0,10,1,10,10,1,14.04,
2026-08-10,027360,아주IB투자,47.3,85,0.0,85,0,1,1,44.2,8,15,1,6.2,20,1,10,10,1,0,15,0,0,10,1,10,10,1,6.0,10,1,0,10,1,6.76,
2026-08-10,290650,엘앤씨바이오,47.1,86,0.0,85,0,1,1,50.4,4,15,1,20.0,20,1,10,10,1,0,15,0,0,10,1,0,10,1,6.0,10,1,0,10,1,-18.27,
2026-08-10,131970,두산테스나,47.1,87,0.0,85,0,1,1,40.9,4,15,1,20.0,20,1,10,10,1,0,15,0,0,10,1,0,10,1,6.0,10,1,0,10,1,12.11,
2026-08-10,036570,NC,47.1,88,0.0,85,0,1,1,53.1,4,15,1,20.0,20,1,10,10,1,0,15,0,0,10,1,0,10,1,6.0,10,1,0,10,1,-5.54,
2026-08-10,189300,인텔리안테크,47.1,89,0.0,85,0,1,1,56.8,4,15,1,16.0,20,1,10,10,1,0,15,0,0,10,1,4,10,1,6.0,10,1,0,10,1,-11.07,
2026-08-10,008770,호텔신라,47.1,90,0.0,85,0,1,1,43.0,4,15,1,20.0,20,1,10,10,1,0,15,0,0,10,1,0,10,1,6.0,10,1,0,10,1,-1.36,
2026-08-10,044490,태웅,47.1,91,0.0,85,0,1,1,57.9,0,15,1,20.0,20,1,10,10,1,0,15,0,0,10,1,4,10,1,6.0,10,1,0,10,1,-4.22,
2026-08-10,126640,화신정공,47.1,92,0.0,85,1,1,1,52.3,0,15,1,20.0,20,1,10,10,1,0,15,0,0,10,1,0,10,1,10.0,10,1,0,10,1,0.73,
2026-08-10,322310,오로스테크놀로지,47.1,93,0.0,85,0,1,1,42.1,0,15,1,20.0,20,1,10,10,1,0,15,0,0,10,1,4,10,1,6.0,10,1,0,10,1,2.13,
2026-08-10,008930,한미사이언스,46.9,94,5.0,85,1,1,1,82.8,4,15,1,6.1,20,1,10,10,1,0,15,0,10,10,1,4,10,1,10.0,10,1,0,10,1,-2.41,
2026-08-10,034730,SK,46.7,95,0.0,75,0,0,0,42.7,8,15,1,20.0,20,1,0,10,0,0,15,0,0,10,1,0,10,1,0.0,10,1,7,10,1,15.01,
2026-08-10,483650,달바글로벌,46.7,96,0.0,85,1,1,1,53.6,4,15,1,7.7,20,1,10,10,1,0,15,0,4,10,1,0,10,1,10.0,10,1,4,10,1,-8.9,
2026-08-10,091580,상신이디피,46.5,97,0.0,85,0,1,1,63.3,0,15,1,16.5,20,1,10,10,1,0,15,0,0,10,1,7,10,1,6.0,10,1,0,10,1,1.12,
2026-08-10,017670,SK텔레콤,46.4,98,0.0,85,0,1,1,45.6,8,15,1,8.4,20,1,10,10,1,0,15,0,0,10,1,0,10,1,6.0,10,1,7,10,1,17.41,
2026-08-10,001290,상상인증권,46.4,99,0.0,85,0,1,1,76.3,4,15,1,4.4,20,1,5,10,1,0,15,0,10,10,1,10,10,1,6.0,10,1,0,10,1,-19.59,
2026-08-10,028050,삼성E&A,46.2,100,0.0,85,0,1,1,56.0,8,15,1,5.3,20,1,10,10,1,0,15,0,0,10,1,0,10,1,6.0,10,1,10,10,1,-1.84,
2026-08-10,000720,현대건설,46.0,101,0.0,85,0,1,1,53.1,4,15,1,12.1,20,1,10,10,1,0,15,0,0,10,1,0,10,1,6.0,10,1,7,10,1,-0.45,
2026-08-10,096530,씨젠,45.9,102,0.0,85,0,1,1,62.0,4,15,1,20.0,20,1,1,10,1,0,15,0,4,10,1,4,10,1,6.0,10,1,0,10,1,-1.46,
2026-08-10,000250,삼천당제약,45.5,103,0.0,75,0,1,1,51.8,8,15,1,16.1,20,1,0,10,0,0,15,0,0,10,1,0,10,1,6.0,10,1,4,10,1,-2.17,
2026-08-10,006800,미래에셋증권,45.3,104,0.0,85,0,1,0,45.8,8,15,1,10.5,20,1,10,10,1,0,15,0,0,10,1,0,10,1,3.0,10,1,7,10,1,-0.14,
2026-08-10,162300,신스틸,45.3,105,0.0,75,0,1,1,74.4,4,15,1,4.0,20,1,0,10,0,0,15,0,10,10,1,10,10,1,6.0,10,1,0,10,1,-15.16,
2026-08-10,417840,저스템,45.3,106,0.0,75,0,1,1,53.3,4,15,1,20.0,20,1,0,10,0,0,15,0,0,10,1,4,10,1,6.0,10,1,0,10,1,20.43,
2026-08-10,403870,HPSP,45.1,107,0.0,85,0,1,1,46.4,8,15,1,6.3,20,1,8,10,1,0,15,0,0,10,1,0,10,1,6.0,10,1,10,10,1,15.43,
2026-08-10,413630,씨피시스템,45.1,108,0.0,75,1,1,1,58.9,4,15,1,8.8,20,1,0,10,0,0,15,0,4,10,1,0,10,1,10.0,10,1,7,10,1,-11.94,
2026-08-10,003720,삼영,45.1,109,0.0,85,0,1,1,60.7,4,15,1,8.3,20,1,10,10,1,0,15,0,0,10,1,10,10,1,6.0,10,1,0,10,1,-8.85,
2026-08-10,234340,헥토파이낸셜,44.8,110,0.0,85,0,1,1,59.1,4,15,1,8.1,20,1,10,10,1,0,15,0,0,10,1,10,10,1,6.0,10,1,0,10,1,-4.67,
2026-08-10,009420,한올바이오파마,44.7,111,0.0,85,0,1,1,58.0,4,15,1,20.0,20,1,8,10,1,0,15,0,0,10,1,0,10,1,6.0,10,1,0,10,1,3.16,
2026-08-10,033780,KT&G,44.4,112,0.0,85,1,1,1,56.9,8,15,1,4.7,20,1,8,10,1,0,15,0,7,10,1,0,10,1,10.0,10,1,0,10,1,-4.9,
2026-08-10,000490,대동,44.4,113,0.0,85,0,1,1,63.8,4,15,1,7.7,20,1,10,10,1,0,15,0,0,10,1,10,10,1,6.0,10,1,0,10,1,3.21,
2026-08-10,067310,하나마이크론,44.1,114,0.0,75,0,1,1,48.2,8,15,1,12.1,20,1,0,10,0,0,15,0,0,10,1,0,10,1,6.0,10,1,7,10,1,15.81,
2026-08-10,189330,씨이랩,44.1,115,0.0,75,1,1,1,67.9,4,15,1,2.1,20,1,0,10,0,0,15,0,10,10,1,7,10,1,10.0,10,1,0,10,1,22.23,
2026-08-10,456010,아이씨티케이,44.0,116,0.0,75,0,1,1,57.0,4,15,1,16.0,20,1,0,10,0,0,15,0,0,10,1,7,10,1,6.0,10,1,0,10,1,0.17,
2026-08-10,355150,코스텍시스,44.0,117,0.0,75,0,1,1,59.2,0,15,1,20.0,20,1,0,10,0,0,15,0,0,10,1,7,10,1,6.0,10,1,0,10,1,-18.15,
2026-08-10,316140,우리금융지주,43.5,118,0.0,85,1,1,1,57.1,8,15,1,5.0,20,1,10,10,1,0,15,0,4,10,1,0,10,1,10.0,10,1,0,10,1,1.2,
2026-08-10,420770,기가비스,43.5,119,0.0,85,0,1,0,45.6,4,15,1,20.0,20,1,10,10,1,0,15,0,0,10,1,0,10,1,3.0,10,1,0,10,1,9.21,
2026-08-10,047810,한국항공우주,43.4,120,0.0,85,0,1,1,55.6,4,15,1,6.9,20,1,10,10,1,0,15,0,0,10,1,0,10,1,6.0,10,1,10,10,1,-9.15,
2026-08-10,011070,LG이노텍,43.3,121,0.0,85,0,1,0,41.5,8,15,1,8.8,20,1,10,10,1,0,15,0,0,10,1,0,10,1,3.0,10,1,7,10,1,14.05,
2026-08-10,460940,피앤에스로보틱스,43.2,122,0.0,85,0,1,1,61.8,4,15,1,6.7,20,1,10,10,1,0,15,0,0,10,1,10,10,1,6.0,10,1,0,10,1,-4.12,
2026-08-10,086790,하나금융지주,43.1,123,0.0,85,1,1,1,53.5,8,15,1,4.6,20,1,10,10,1,0,15,0,4,10,1,0,10,1,10.0,10,1,0,10,1,0.23,
2026-08-10,011170,롯데케미칼,42.8,124,0.0,75,0,1,1,44.3,4,15,1,15.1,20,1,0,10,0,0,15,0,0,10,1,7,10,1,6.0,10,1,0,10,1,-4.79,
2026-08-10,017900,광전자,42.7,125,0.0,75,0,1,1,66.2,12,15,1,4.0,20,1,0,10,0,0,15,0,0,10,1,10,10,1,6.0,10,1,0,10,1,-8.31,
2026-08-10,089970,브이엠,42.7,126,0.0,75,0,0,0,44.6,8,15,1,20.0,20,1,0,10,0,0,15,0,0,10,1,0,10,1,0.0,10,1,4,10,1,-1.33,
2026-08-10,089030,테크윙,42.7,127,0.0,75,0,1,1,50.4,4,15,1,20.0,20,1,0,10,0,0,15,0,0,10,1,0,10,1,6.0,10,1,2,10,1,6.25,
2026-08-10,093370,후성,42.7,128,0.0,75,0,1,1,46.1,4,15,1,20.0,20,1,0,10,0,0,15,0,0,10,1,0,10,1,6.0,10,1,2,10,1,26.78,
2026-08-10,025900,동화기업,42.7,129,0.0,75,0,1,1,70.5,0,15,1,16.0,20,1,0,10,0,0,15,0,0,10,1,10,10,1,6.0,10,1,0,10,1,-14.32,
2026-08-10,010140,삼성중공업,42.4,130,0.0,75,0,1,1,50.6,8,15,1,7.8,20,1,0,10,0,0,15,0,0,10,1,0,10,1,6.0,10,1,10,10,1,-5.76,
2026-08-10,000150,두산,42.4,131,0.0,75,0,1,1,48.9,8,15,1,7.8,20,1,0,10,0,0,15,0,0,10,1,0,10,1,6.0,10,1,10,10,1,1.38,
2026-08-10,263750,펄어비스,42.4,132,0.0,85,0,1,1,52.9,0,15,1,20.0,20,1,10,10,1,0,15,0,0,10,1,0,10,1,6.0,10,1,0,10,1,-15.49,
2026-08-10,004310,현대약품,42.4,133,0.0,85,0,1,1,53.8,0,15,1,20.0,20,1,10,10,1,0,15,0,0,10,1,0,10,1,6.0,10,1,0,10,1,-3.62,
2026-08-10,099320,쎄트렉아이,42.4,134,0.0,85,0,1,1,51.9,0,15,1,20.0,20,1,10,10,1,0,15,0,0,10,1,0,10,1,6.0,10,1,0,10,1,-5.38,
2026-08-10,456040,OCI,42.4,135,0.0,85,0,1,1,45.0,0,15,1,20.0,20,1,10,10,1,0,15,0,0,10,1,0,10,1,6.0,10,1,0,10,1,3.1,
2026-08-10,006910,보성파워텍,42.4,136,0.0,85,0,1,1,54.4,0,15,1,20.0,20,1,10,10,1,0,15,0,0,10,1,0,10,1,6.0,10,1,0,10,1,2.23,
2026-08-10,003160,디아이,42.4,137,0.0,85,0,1,1,57.9,0,15,1,20.0,20,1,10,10,1,0,15,0,0,10,1,0,10,1,6.0,10,1,0,10,1,4.42,
2026-08-10,004710,한솔테크닉스,42.4,138,0.0,85,0,1,1,43.6,0,15,1,20.0,20,1,10,10,1,0,15,0,0,10,1,0,10,1,6.0,10,1,0,10,1,3.53,
2026-08-10,005070,코스모신소재,42.4,139,0.0,85,0,1,1,55.8,0,15,1,20.0,20,1,10,10,1,0,15,0,0,10,1,0,10,1,6.0,10,1,0,10,1,-0.64,
2026-08-10,089890,코세스,42.4,140,0.0,85,0,1,1,46.4,0,15,1,20.0,20,1,10,10,1,0,15,0,0,10,1,0,10,1,6.0,10,1,0,10,1,0.66,
2026-08-10,011930,신성이엔지,42.4,141,0.0,85,0,1,1,49.1,0,15,1,20.0,20,1,10,10,1,0,15,0,0,10,1,0,10,1,6.0,10,1,0,10,1,0.97,
2026-08-10,003530,한화투자증권,42.4,142,0.0,85,0,1,1,50.9,0,15,1,20.0,20,1,10,10,1,0,15,0,0,10,1,0,10,1,6.0,10,1,0,10,1,-0.11,
2026-08-10,252990,샘씨엔에스,42.3,143,0.0,75,1,1,1,61.5,4,15,1,13.7,20,1,0,10,0,0,15,0,4,10,1,0,10,1,10.0,10,1,0,10,1,-4.92,
2026-08-10,021240,코웨이,42.2,144,0.0,85,1,1,1,53.2,4,15,1,4.9,20,1,10,10,1,0,15,0,7,10,1,0,10,1,10.0,10,1,0,10,1,2.33,
2026-08-10,003490,대한항공,42.1,145,0.0,85,0,1,1,52.3,8,15,1,8.8,20,1,3,10,1,0,15,0,0,10,1,0,10,1,6.0,10,1,10,10,1,-5.96,
2026-08-10,034020,두산에너빌리티,41.9,146,0.0,85,0,1,1,55.4,12,15,1,6.6,20,1,1,10,1,0,15,0,0,10,1,0,10,1,6.0,10,1,10,10,1,-2.5,
2026-08-10,032830,삼성생명,41.8,147,0.0,85,0,1,0,41.4,8,15,1,7.5,20,1,10,10,1,0,15,0,0,10,1,0,10,1,3.0,10,1,7,10,1,10.7,
2026-08-10,011780,금호석유화학,41.8,148,0.0,85,0,1,1,55.3,4,15,1,6.5,20,1,10,10,1,0,15,0,0,10,1,7,10,1,6.0,10,1,2,10,1,1.12,
2026-08-10,003690,코리안리,41.8,149,0.0,85,1,1,1,64.5,0,15,1,5.5,20,1,10,10,1,0,15,0,10,10,1,0,10,1,10.0,10,1,0,10,1,3.96,
2026-08-10,900340,윙입푸드,41.3,150,0.0,75,0,1,1,77.9,4,15,1,4.0,20,1,0,10,0,0,15,0,7,10,1,10,10,1,6.0,10,1,0,10,1,-22.87,
2026-08-10,006110,삼아알미늄,41.2,151,0.0,85,0,1,1,66.6,4,15,1,20.0,20,1,5,10,1,0,15,0,0,10,1,0,10,1,6.0,10,1,0,10,1,8.61,
2026-08-10,120110,코오롱인더,40.9,152,0.0,85,0,1,1,55.6,4,15,1,10.8,20,1,10,10,1,0,15,0,0,10,1,4,10,1,6.0,10,1,0,10,1,-4.44,
2026-08-10,267260,HD현대일렉트릭,40.7,153,0.0,85,0,1,0,46.6,8,15,1,6.6,20,1,10,10,1,0,15,0,0,10,1,0,10,1,3.0,10,1,7,10,1,2.75,
2026-08-10,035720,카카오,40.7,154,0.0,75,0,1,1,61.5,8,15,1,6.5,20,1,0,10,0,0,15,0,0,10,1,0,10,1,6.0,10,1,10,10,1,-3.29,
2026-08-10,319660,피에스케이,40.6,155,0.0,85,0,0,0,45.8,8,15,1,9.5,20,1,10,10,1,0,15,0,0,10,1,0,10,1,0.0,10,1,7,10,1,-0.53,
2026-08-10,006340,대원전선,40.0,156,0.0,75,1,1,1,57.5,12,15,1,4.0,20,1,0,10,0,0,15,0,4,10,1,0,10,1,10.0,10,1,0,10,1,-5.62,
2026-08-10,178320,서진시스템,40.0,157,0.0,75,0,1,1,45.9,4,15,1,20.0,20,1,0,10,0,0,15,0,0,10,1,0,10,1,6.0,10,1,0,10,1,-1.07,
2026-08-10,033160,엠케이전자,40.0,158,0.0,75,0,1,1,52.8,4,15,1,20.0,20,1,0,10,0,0,15,0,0,10,1,0,10,1,6.0,10,1,0,10,1,-12.21,
2026-08-10,028670,팬오션,40.0,159,0.0,85,1,1,1,59.4,4,15,1,6.0,20,1,10,10,1,0,15,0,4,10,1,0,10,1,10.0,10,1,0,10,1,3.6,
2026-08-10,491000,리브스메드,40.0,160,0.0,75,0,1,1,63.7,4,15,1,16.0,20,1,0,10,0,0,15,0,0,10,1,4,10,1,6.0,10,1,0,10,1,-22.14,
2026-08-10,036540,SFA반도체,40.0,161,0.0,75,0,1,1,52.6,4,15,1,20.0,20,1,0,10,0,0,15,0,0,10,1,0,10,1,6.0,10,1,0,10,1,8.12,
2026-08-10,397030,에이프릴바이오,40.0,162,0.0,75,0,1,1,54.6,4,15,1,16.0,20,1,0,10,0,0,15,0,0,10,1,4,10,1,6.0,10,1,0,10,1,-14.03,
2026-08-10,139480,이마트,40.0,163,0.0,75,0,1,1,49.1,4,15,1,20.0,20,1,0,10,0,0,15,0,0,10,1,0,10,1,6.0,10,1,0,10,1,-6.97,
2026-08-10,041960,코미팜,40.0,164,0.0,75,0,1,1,71.5,0,15,1,4.0,20,1,0,10,0,0,15,0,10,10,1,10,10,1,6.0,10,1,0,10,1,-0.67,
2026-08-10,005690,파미셀,40.0,165,0.0,85,0,1,1,52.8,0,15,1,20.0,20,1,8,10,1,0,15,0,0,10,1,0,10,1,6.0,10,1,0,10,1,1.45,
2026-08-10,035080,그래디언트,40.0,166,0.0,75,1,1,1,72.1,0,15,1,0.0,20,1,0,10,0,0,15,0,10,10,1,10,10,1,10.0,10,1,0,10,1,7.47,
2026-08-10,354320,알멕,40.0,167,0.0,75,0,1,1,53.7,0,15,1,20.0,20,1,0,10,0,0,15,0,0,10,1,4,10,1,6.0,10,1,0,10,1,4.07,
2026-08-10,383310,에코프로에이치엔,39.6,168,0.0,85,0,1,1,52.8,0,15,1,13.7,20,1,10,10,1,0,15,0,0,10,1,4,10,1,6.0,10,1,0,10,1,-6.18,
2026-08-10,058610,에스피지,39.3,169,0.0,85,0,1,1,61.7,8,15,1,6.4,20,1,3,10,1,0,15,0,0,10,1,0,10,1,6.0,10,1,10,10,1,0.56,
2026-08-10,126340,비나텍,39.1,170,0.0,85,0,1,1,49.7,0,15,1,17.2,20,1,10,10,1,0,15,0,0,10,1,0,10,1,6.0,10,1,0,10,1,-5.53,
2026-08-10,077360,덕산하이메탈,38.8,171,0.0,85,0,1,0,50.8,0,15,1,20.0,20,1,10,10,1,0,15,0,0,10,1,0,10,1,3.0,10,1,0,10,1,0.82,
2026-08-10,000810,삼성화재,38.7,172,0.0,85,1,1,1,49.6,8,15,1,4.9,20,1,10,10,1,0,15,0,0,10,1,0,10,1,10.0,10,1,0,10,1,-0.63,
2026-08-10,051910,LG화학,38.6,173,0.0,85,0,1,1,53.9,4,15,1,14.8,20,1,1,10,1,0,15,0,0,10,1,0,10,1,6.0,10,1,7,10,1,-2.7,
2026-08-10,295310,에이치브이엠,38.4,174,0.0,75,0,1,1,58.2,4,15,1,14.8,20,1,0,10,0,0,15,0,0,10,1,4,10,1,6.0,10,1,0,10,1,-11.02,
2026-08-10,039030,이오테크닉스,38.2,175,0.0,85,0,1,1,52.7,4,15,1,12.5,20,1,10,10,1,0,15,0,0,10,1,0,10,1,6.0,10,1,0,10,1,15.97,
2026-08-10,232680,라온로보틱스,37.9,176,0.0,85,0,1,1,57.1,4,15,1,7.2,20,1,8,10,1,0,15,0,0,10,1,7,10,1,6.0,10,1,0,10,1,-3.66,
2026-08-10,282330,BGF리테일,37.8,177,0.0,85,1,1,1,70.0,0,15,1,5.1,20,1,10,10,1,0,15,0,7,10,1,0,10,1,10.0,10,1,0,10,1,-5.17,
2026-08-10,241710,코스메카코리아,37.6,178,0.0,85,1,1,0,63.4,4,15,1,6.0,20,1,8,10,1,0,15,0,7,10,1,0,10,1,7.0,10,1,0,10,1,29.37,
2026-08-10,272210,한화시스템,37.5,179,0.0,85,0,1,1,57.1,4,15,1,9.9,20,1,10,10,1,0,15,0,0,10,1,0,10,1,6.0,10,1,2,10,1,3.5,
2026-08-10,009155,삼성전기우,37.5,180,0.0,85,0,1,1,45.6,4,15,1,9.9,20,1,10,10,1,0,15,0,0,10,1,0,10,1,6.0,10,1,2,10,1,14.32,
2026-08-10,018880,한온시스템,37.4,181,0.0,85,0,1,1,54.3,4,15,1,13.8,20,1,8,10,1,0,15,0,0,10,1,0,10,1,6.0,10,1,0,10,1,-2.92,
2026-08-10,005090,SGC에너지,37.4,182,0.0,85,0,1,1,62.7,4,15,1,7.8,20,1,10,10,1,0,15,0,4,10,1,0,10,1,6.0,10,1,0,10,1,11.21,
2026-08-10,053260,금강철강,37.3,183,0.0,75,0,1,1,70.0,4,15,1,4.0,20,1,0,10,0,0,15,0,4,10,1,10,10,1,6.0,10,1,0,10,1,-1.89,
2026-08-10,007810,코리아써키트,37.3,184,0.0,75,0,1,1,45.6,4,15,1,18.0,20,1,0,10,0,0,15,0,0,10,1,0,10,1,6.0,10,1,0,10,1,10.66,
2026-08-10,232140,와이씨,37.3,185,0.0,85,0,1,1,50.3,0,15,1,15.7,20,1,10,10,1,0,15,0,0,10,1,0,10,1,6.0,10,1,0,10,1,3.82,
2026-08-10,267250,HD현대,37.2,186,0.0,85,0,1,1,57.4,4,15,1,9.6,20,1,10,10,1,0,15,0,0,10,1,0,10,1,6.0,10,1,2,10,1,3.76,
2026-08-10,257720,실리콘투,37.2,187,0.0,85,1,1,0,55.9,4,15,1,6.6,20,1,10,10,1,0,15,0,4,10,1,0,10,1,7.0,10,1,0,10,1,15.89,
2026-08-10,111770,영원무역,36.9,188,0.0,85,1,1,1,57.5,0,15,1,7.4,20,1,10,10,1,0,15,0,4,10,1,0,10,1,10.0,10,1,0,10,1,-10.61,
2026-08-10,214180,헥토이노베이션,36.9,189,0.0,85,0,1,1,60.1,0,15,1,5.4,20,1,10,10,1,0,15,0,0,10,1,10,10,1,6.0,10,1,0,10,1,-5.26,
2026-08-10,060370,LS마린솔루션,36.7,190,0.0,85,0,1,1,58.1,0,15,1,15.2,20,1,10,10,1,0,15,0,0,10,1,0,10,1,6.0,10,1,0,10,1,-1.42,
2026-08-10,377300,카카오페이,36.6,191,0.0,85,0,1,1,55.4,4,15,1,16.1,20,1,1,10,1,0,15,0,0,10,1,4,10,1,6.0,10,1,0,10,1,-3.05,
2026-08-10,072950,빛샘전자,36.6,192,0.0,85,0,1,1,56.2,0,15,1,8.1,20,1,10,10,1,0,15,0,0,10,1,7,10,1,6.0,10,1,0,10,1,7.22,
2026-08-10,192820,코스맥스,36.5,193,0.0,85,1,1,1,66.6,4,15,1,5.0,20,1,5,10,1,0,15,0,7,10,1,0,10,1,10.0,10,1,0,10,1,17.44,
2026-08-10,122870,와이지엔터테인먼트,36.5,194,0.0,85,0,1,1,59.8,0,15,1,20.0,20,1,1,10,1,0,15,0,0,10,1,4,10,1,6.0,10,1,0,10,1,-12.75,
2026-08-10,368770,파이버프로,36.5,195,0.0,85,0,1,1,56.2,0,15,1,8.0,20,1,10,10,1,0,15,0,0,10,1,7,10,1,6.0,10,1,0,10,1,0.79,
2026-08-10,365340,성일하이텍,36.5,196,0.0,85,0,1,1,55.8,0,15,1,11.0,20,1,10,10,1,0,15,0,0,10,1,4,10,1,6.0,10,1,0,10,1,-0.83,
2026-08-10,387690,레메디,36.4,197,0.0,75,0,1,1,49.5,4,15,1,15.3,20,1,0,10,0,0,15,0,0,10,1,0,10,1,6.0,10,1,2,10,1,23.55,
2026-08-10,033790,피노,36.4,198,0.0,55,0,1,1,57.1,4,15,1,0.0,20,0,0,10,0,0,15,0,0,10,1,10,10,1,6.0,10,1,0,10,1,-9.48,
2026-08-10,071970,HD현대마린엔진,36.4,199,0.0,85,0,1,1,50.9,4,15,1,10.9,20,1,10,10,1,0,15,0,0,10,1,0,10,1,6.0,10,1,0,10,1,-6.76,
2026-08-10,141080,리가켐바이오,36.3,200,0.0,75,0,1,1,55.3,8,15,1,13.2,20,1,0,10,0,0,15,0,0,10,1,0,10,1,6.0,10,1,0,10,1,-12.34,
2026-08-11,080220,제주반도체,74.8,1,0.0,85,0,1,1,57.8,15,15,1,18.6,20,1,10,10,1,0,15,0,0,10,1,4,10,1,6.0,10,1,10,10,1,-18.58,
2026-08-11,009830,한화솔루션,73.3,2,0.0,75,0,1,1,64.1,15,15,1,20.0,20,1,0,10,0,0,15,0,0,10,1,4,10,1,6.0,10,1,10,10,1,-4.68,
2026-08-11,068270,셀트리온,72.1,3,0.0,85,1,1,1,74.2,12,15,1,11.3,20,1,8,10,1,0,15,0,10,10,1,0,10,1,10.0,10,1,10,10,1,-7.79,
2026-08-11,005930,삼성전자,68.2,4,0.0,85,0,1,1,45.7,15,15,1,20.0,20,1,10,10,1,0,15,0,0,10,1,0,10,1,6.0,10,1,7,10,1,3.34,
2026-08-11,006400,삼성SDI,68.2,5,0.0,85,0,1,1,53.4,12,15,1,20.0,20,1,10,10,1,0,15,0,0,10,1,0,10,1,6.0,10,1,10,10,1,5.98,
2026-08-11,042660,한화오션,68.2,6,0.0,85,0,1,1,49.0,12,15,1,20.0,20,1,10,10,1,0,15,0,0,10,1,0,10,1,6.0,10,1,10,10,1,-1.01,
2026-08-11,196170,알테오젠,68.0,7,0.0,75,0,1,1,52.8,15,15,1,20.0,20,1,0,10,0,0,15,0,0,10,1,0,10,1,6.0,10,1,10,10,1,-7.33,
2026-08-11,181710,NHN,66.7,8,0.0,75,0,1,1,73.3,8,15,1,20.0,20,1,0,10,0,0,15,0,4,10,1,10,10,1,6.0,10,1,2,10,1,37.45,
2026-08-11,036930,주성엔지니어링,66.5,9,0.0,85,0,1,1,52.8,15,15,1,11.5,20,1,10,10,1,0,15,0,0,10,1,4,10,1,6.0,10,1,10,10,1,5.67,
2026-08-11,096770,SK이노베이션,65.9,10,0.0,85,1,1,0,58.9,8,15,1,20.0,20,1,10,10,1,0,15,0,4,10,1,0,10,1,7.0,10,1,7,10,1,3.87,
2026-08-11,005935,삼성전자우,64.7,11,0.0,85,0,1,0,49.8,15,15,1,20.0,20,1,10,10,1,0,15,0,0,10,1,0,10,1,3.0,10,1,7,10,1,-3.61,
2026-08-11,240810,원익IPS,64.0,12,0.0,75,0,1,1,48.4,12,15,1,20.0,20,1,0,10,0,0,15,0,0,10,1,0,10,1,6.0,10,1,10,10,1,4.39,
2026-08-11,222800,심텍,64.0,13,0.0,75,0,1,1,56.0,12,15,1,20.0,20,1,0,10,0,0,15,0,0,10,1,0,10,1,6.0,10,1,10,10,1,-2.81,
2026-08-11,222040,코스맥스엔비티,64.0,14,0.0,75,1,1,1,69.7,4,15,1,20.0,20,1,0,10,0,0,15,0,7,10,1,7,10,1,10.0,10,1,0,10,1,-23.42,
2026-08-11,241710,코스메카코리아,63.5,15,0.0,85,1,1,1,72.9,8,15,1,6.0,20,1,8,10,1,0,15,0,10,10,1,10,10,1,10.0,10,1,2,10,1,12.98,
2026-08-11,010060,OCI홀딩스,63.5,16,0.0,85,0,1,1,61.2,8,15,1,20.0,20,1,10,10,1,0,15,0,0,10,1,0,10,1,6.0,10,1,10,10,1,1.46,
2026-08-11,036570,NC,62.4,17,0.0,85,0,1,1,59.3,8,15,1,20.0,20,1,10,10,1,0,15,0,0,10,1,7,10,1,6.0,10,1,2,10,1,-14.09,
2026-08-11,214450,파마리서치,62.0,18,0.0,85,1,1,0,63.5,8,15,1,7.7,20,1,10,10,1,0,15,0,10,10,1,0,10,1,7.0,10,1,10,10,1,-6.24,
2026-08-11,278470,에이피알,61.9,19,0.0,85,0,1,1,56.5,8,15,1,14.6,20,1,10,10,1,0,15,0,4,10,1,0,10,1,6.0,10,1,10,10,1,-0.52,
2026-08-11,010950,S-Oil,61.2,20,0.0,85,0,0,1,59.6,8,15,1,20.0,20,1,10,10,1,0,15,0,4,10,1,0,10,1,3.0,10,1,7,10,1,7.06,
2026-08-11,003350,한국화장품제조,60.4,21,0.0,85,0,1,1,72.9,8,15,1,5.3,20,1,10,10,1,0,15,0,10,10,1,10,10,1,6.0,10,1,2,10,1,2.42,
2026-08-11,402340,SK스퀘어,60.0,22,0.0,75,0,1,0,40.7,15,15,1,20.0,20,1,0,10,0,0,15,0,0,10,1,0,10,1,3.0,10,1,7,10,1,6.24,
2026-08-11,353200,대덕전자,60.0,23,0.0,85,0,1,1,46.5,8,15,1,20.0,20,1,10,10,1,0,15,0,0,10,1,0,10,1,6.0,10,1,7,10,1,9.07,
2026-08-11,096530,씨젠,60.0,24,0.0,85,0,1,1,67.5,4,15,1,20.0,20,1,1,10,1,0,15,0,10,10,1,10,10,1,6.0,10,1,0,10,1,-7.83,
2026-08-11,373220,LG에너지솔루션,58.7,25,0.0,75,0,1,1,53.9,8,15,1,20.0,20,1,0,10,0,0,15,0,0,10,1,0,10,1,6.0,10,1,10,10,1,0.85,
2026-08-11,047040,대우건설,57.4,26,0.0,85,0,1,1,54.2,8,15,1,14.8,20,1,10,10,1,0,15,0,0,10,1,0,10,1,6.0,10,1,10,10,1,-0.69,
2026-08-11,043260,성호전자,56.5,27,0.0,85,0,1,1,49.3,8,15,1,20.0,20,1,10,10,1,0,15,0,0,10,1,0,10,1,6.0,10,1,4,10,1,-0.05,
2026-08-11,317400,자이에스앤디,56.5,28,0.0,85,1,1,1,67.4,4,15,1,20.0,20,1,10,10,1,0,15,0,4,10,1,0,10,1,10.0,10,1,0,10,1,29.3,
2026-08-11,009150,삼성전기,56.4,29,0.0,85,0,1,1,46.7,15,15,1,9.9,20,1,10,10,1,0,15,0,0,10,1,0,10,1,6.0,10,1,7,10,1,9.9,
2026-08-11,382800,지앤비에스 에코,56.2,30,0.0,85,0,1,1,64.0,4,15,1,17.8,20,1,10,10,1,0,15,0,0,10,1,10,10,1,6.0,10,1,0,10,1,-0.72,
2026-08-11,000660,SK하이닉스,56.0,31,0.0,75,0,0,0,39.2,15,15,1,20.0,20,1,0,10,0,0,15,0,0,10,1,0,10,1,0.0,10,1,7,10,1,5.26,
2026-08-11,277810,레인보우로보틱스,55.9,32,0.0,75,0,1,1,51.1,8,15,1,17.9,20,1,0,10,0,0,15,0,0,10,1,0,10,1,6.0,10,1,10,10,1,-3.65,
2026-08-11,009450,경동나비엔,55.9,33,0.0,85,0,1,1,71.6,4,15,1,7.5,20,1,10,10,1,0,15,0,10,10,1,10,10,1,6.0,10,1,0,10,1,-15.84,
2026-08-11,006360,GS건설,55.7,34,0.0,75,0,1,1,61.4,12,15,1,6.8,20,1,0,10,0,0,15,0,7,10,1,0,10,1,6.0,10,1,10,10,1,0.58,
2026-08-11,009540,HD한국조선해양,55.5,35,0.0,85,0,1,1,57.3,8,15,1,13.2,20,1,10,10,1,0,15,0,0,10,1,0,10,1,6.0,10,1,10,10,1,-7.79,
2026-08-11,003010,혜인,55.4,36,5.0,85,0,1,1,82.9,8,15,1,5.3,20,1,10,10,1,0,15,0,10,10,1,10,10,1,6.0,10,1,2,10,1,58.9,
2026-08-11,263750,펄어비스,55.3,37,0.0,85,0,1,1,56.1,4,15,1,20.0,20,1,10,10,1,0,15,0,0,10,1,7,10,1,6.0,10,1,0,10,1,-16.8,
2026-08-11,124500,아이티센글로벌,55.3,38,0.0,85,0,1,1,59.4,4,15,1,20.0,20,1,10,10,1,0,15,0,0,10,1,7,10,1,6.0,10,1,0,10,1,-9.24,
2026-08-11,052460,아이크래프트,55.3,39,0.0,85,1,1,1,75.8,0,15,1,20.0,20,1,10,10,1,0,15,0,7,10,1,0,10,1,10.0,10,1,0,10,1,14.43,
2026-08-11,251970,펌텍코리아,55.2,40,0.0,85,1,1,1,64.0,4,15,1,4.9,20,1,8,10,1,0,15,0,10,10,1,10,10,1,10.0,10,1,0,10,1,8.2,
2026-08-11,066570,LG전자,54.7,41,0.0,85,0,1,1,50.4,12,15,1,8.5,20,1,10,10,1,0,15,0,0,10,1,0,10,1,6.0,10,1,10,10,1,10.9,
2026-08-11,108490,로보티즈,54.7,42,0.0,75,0,1,1,55.3,8,15,1,20.0,20,1,0,10,0,0,15,0,0,10,1,0,10,1,6.0,10,1,7,10,1,9.65,
2026-08-11,247540,에코프로비엠,54.7,43,0.0,75,0,1,1,46.8,8,15,1,20.0,20,1,0,10,0,0,15,0,0,10,1,0,10,1,6.0,10,1,7,10,1,0.0,
2026-08-11,144960,뉴파워프라즈마,54.7,44,0.0,85,1,1,1,62.8,4,15,1,11.5,20,1,10,10,1,0,15,0,7,10,1,4,10,1,10.0,10,1,0,10,1,-11.37,
2026-08-11,347700,스피어,54.5,45,0.0,75,0,1,1,61.1,8,15,1,15.9,20,1,0,10,0,0,15,0,0,10,1,4,10,1,6.0,10,1,7,10,1,-0.99,
2026-08-11,012450,한화에어로스페이스,54.4,46,0.0,85,0,1,1,58.3,12,15,1,8.2,20,1,10,10,1,0,15,0,0,10,1,0,10,1,6.0,10,1,10,10,1,7.19,
2026-08-11,000720,현대건설,54.2,47,0.0,85,0,1,1,54.6,8,15,1,12.1,20,1,10,10,1,0,15,0,0,10,1,0,10,1,6.0,10,1,10,10,1,3.74,
2026-08-11,207940,삼성바이오로직스,54.1,48,0.0,85,1,1,1,64.5,8,15,1,7.0,20,1,1,10,1,0,15,0,10,10,1,0,10,1,10.0,10,1,10,10,1,-4.04,
2026-08-11,218410,RFHIC,54.1,49,0.0,85,0,1,1,51.2,4,15,1,20.0,20,1,10,10,1,0,15,0,0,10,1,4,10,1,6.0,10,1,2,10,1,-4.89,
2026-08-11,123420,위메이드플레이,54.1,50,0.0,85,0,1,1,63.5,0,15,1,20.0,20,1,10,10,1,0,15,0,0,10,1,10,10,1,6.0,10,1,0,10,1,-5.15,
2026-08-11,031430,신세계인터내셔날,54.1,51,0.0,85,0,1,1,38.7,0,15,1,20.0,20,1,10,10,1,0,15,0,0,10,1,10,10,1,6.0,10,1,0,10,1,-4.38,
2026-08-11,001450,현대해상,53.3,52,0.0,75,1,1,1,68.6,8,15,1,5.0,20,1,0,10,0,0,15,0,10,10,1,7,10,1,10.0,10,1,0,10,1,13.51,
2026-08-11,112040,위메이드,53.3,53,0.0,75,0,1,1,61.1,4,15,1,20.0,20,1,0,10,0,0,15,0,0,10,1,10,10,1,6.0,10,1,0,10,1,-15.78,
2026-08-11,219130,타이거일렉,53.3,54,0.0,75,1,1,1,63.9,0,15,1,20.0,20,1,0,10,0,0,15,0,10,10,1,0,10,1,10.0,10,1,0,10,1,-13.98,
2026-08-11,086520,에코프로,53.2,55,0.0,85,0,1,1,53.9,8,15,1,13.2,20,1,8,10,1,0,15,0,0,10,1,0,10,1,6.0,10,1,10,10,1,-4.54,
2026-08-11,059120,아진엑스텍,52.5,56,0.0,85,0,1,1,62.2,8,15,1,10.6,20,1,8,10,1,0,15,0,0,10,1,10,10,1,6.0,10,1,2,10,1,-8.19,
2026-08-11,257720,실리콘투,52.5,57,0.0,85,1,1,1,60.1,4,15,1,6.6,20,1,10,10,1,0,15,0,10,10,1,4,10,1,10.0,10,1,0,10,1,13.11,
2026-08-11,090460,비에이치,52.4,58,0.0,85,0,1,1,53.1,8,15,1,8.5,20,1,10,10,1,0,15,0,0,10,1,10,10,1,6.0,10,1,2,10,1,-6.18,
2026-08-11,078930,GS,52.0,59,0.0,85,1,1,1,63.0,4,15,1,6.2,20,1,10,10,1,0,15,0,7,10,1,0,10,1,10.0,10,1,7,10,1,22.77,
2026-08-11,086670,비엠티,52.0,60,0.0,85,0,1,1,63.6,0,15,1,11.2,20,1,10,10,1,0,15,0,7,10,1,10,10,1,6.0,10,1,0,10,1,-10.9,
2026-08-11,352820,하이브,51.8,61,0.0,85,0,0,1,42.3,4,15,1,20.0,20,1,10,10,1,0,15,0,0,10,1,0,10,1,3.0,10,1,7,10,1,-4.49,
2026-08-11,098460,고영,51.8,62,0.0,85,0,1,1,59.4,4,15,1,20.0,20,1,10,10,1,0,15,0,0,10,1,0,10,1,6.0,10,1,4,10,1,-10.82,
2026-08-11,332570,PS일렉트로닉스,51.8,63,0.0,85,0,1,1,60.9,4,15,1,20.0,20,1,10,10,1,0,15,0,0,10,1,0,10,1,6.0,10,1,4,10,1,-4.34,
2026-08-11,263800,데이타솔루션,51.8,64,0.0,85,1,1,1,56.9,4,15,1,20.0,20,1,10,10,1,0,15,0,0,10,1,0,10,1,10.0,10,1,0,10,1,-10.58,
2026-08-11,017890,한국알콜,51.6,65,0.0,85,1,1,1,68.7,4,15,1,4.9,20,1,5,10,1,0,15,0,10,10,1,10,10,1,10.0,10,1,0,10,1,-11.43,
2026-08-11,298040,효성중공업,51.4,66,0.0,85,0,1,1,50.9,8,15,1,9.7,20,1,10,10,1,0,15,0,0,10,1,0,10,1,6.0,10,1,10,10,1,2.72,
2026-08-11,329180,HD현대중공업,50.7,67,0.0,85,0,1,1,48.8,12,15,1,14.1,20,1,1,10,1,0,15,0,0,10,1,0,10,1,6.0,10,1,10,10,1,-5.77,
2026-08-11,089970,브이엠,50.7,68,0.0,75,0,0,1,47.9,8,15,1,20.0,20,1,0,10,0,0,15,0,0,10,1,0,10,1,3.0,10,1,7,10,1,-12.85,
2026-08-11,439090,마녀공장,50.7,69,0.0,75,1,1,1,65.6,4,15,1,4.0,20,1,0,10,0,0,15,0,10,10,1,10,10,1,10.0,10,1,0,10,1,-11.34,
2026-08-11,080580,오킨스전자,50.6,70,0.0,85,0,1,1,61.6,0,15,1,20.0,20,1,10,10,1,0,15,0,0,10,1,7,10,1,6.0,10,1,0,10,1,9.48,
2026-08-11,051900,LG생활건강,50.0,71,0.0,85,1,1,1,70.7,4,15,1,10.5,20,1,10,10,1,0,15,0,4,10,1,0,10,1,10.0,10,1,4,10,1,-5.18,
2026-08-11,017670,SK텔레콤,49.9,72,0.0,85,0,1,1,46.9,8,15,1,8.4,20,1,10,10,1,0,15,0,0,10,1,0,10,1,6.0,10,1,10,10,1,13.95,
2026-08-11,089860,롯데렌탈,49.9,73,5.0,85,1,1,1,79.6,4,15,1,4.7,20,1,8,10,1,0,15,0,10,10,1,10,10,1,10.0,10,1,0,10,1,4.11,
2026-08-11,267270,HD건설기계,49.4,74,0.0,85,0,1,1,57.4,4,15,1,20.0,20,1,10,10,1,0,15,0,0,10,1,0,10,1,6.0,10,1,2,10,1,-9.01,
2026-08-11,036540,SFA반도체,49.3,75,0.0,75,0,1,1,59.0,4,15,1,20.0,20,1,0,10,0,0,15,0,0,10,1,7,10,1,6.0,10,1,0,10,1,-7.44,
2026-08-11,005490,POSCO홀딩스,49.1,76,0.0,85,0,1,1,52.0,8,15,1,7.7,20,1,10,10,1,0,15,0,0,10,1,0,10,1,6.0,10,1,10,10,1,-1.99,
2026-08-11,010120,LS ELECTRIC,48.9,77,0.0,85,0,1,1,50.6,8,15,1,7.6,20,1,10,10,1,0,15,0,0,10,1,0,10,1,6.0,10,1,10,10,1,-0.49,
2026-08-11,058610,에스피지,48.7,78,0.0,85,0,1,1,64.8,12,15,1,6.4,20,1,3,10,1,0,15,0,0,10,1,4,10,1,6.0,10,1,10,10,1,-10.96,
2026-08-11,091590,남화토건,48.7,79,0.0,75,0,1,1,52.7,4,15,1,19.5,20,1,0,10,0,0,15,0,0,10,1,7,10,1,6.0,10,1,0,10,1,0.35,
2026-08-11,047810,한국항공우주,48.6,80,0.0,85,0,1,1,45.5,8,15,1,7.3,20,1,10,10,1,0,15,0,0,10,1,0,10,1,6.0,10,1,10,10,1,0.15,
2026-08-11,189330,씨이랩,48.1,81,0.0,75,1,1,1,75.4,4,15,1,2.1,20,1,0,10,0,0,15,0,10,10,1,10,10,1,10.0,10,1,0,10,1,3.61,
2026-08-11,042700,한미반도체,48.0,82,0.0,85,0,1,1,48.5,8,15,1,6.8,20,1,10,10,1,0,15,0,0,10,1,0,10,1,6.0,10,1,10,10,1,3.76,
2026-08-11,123330,제닉,48.0,83,0.0,75,1,1,1,65.7,4,15,1,12.0,20,1,0,10,0,0,15,0,10,10,1,0,10,1,10.0,10,1,0,10,1,-7.41,
2026-08-11,084670,동양고속,48.0,84,0.0,75,0,1,1,50.4,0,15,1,20.0,20,1,0,10,0,0,15,0,0,10,1,10,10,1,6.0,10,1,0,10,1,-5.98,
2026-08-11,007660,이수페타시스,47.5,85,0.0,85,0,1,1,49.1,8,15,1,9.4,20,1,10,10,1,0,15,0,0,10,1,0,10,1,6.0,10,1,7,10,1,18.91,
2026-08-11,008490,서흥,47.5,86,5.0,85,1,1,1,79.9,0,15,1,6.6,20,1,8,10,1,0,15,0,10,10,1,10,10,1,10.0,10,1,0,10,1,-19.02,
2026-08-11,475150,SK이터닉스,47.4,87,0.0,85,0,0,1,49.4,12,15,1,5.3,20,1,10,10,1,0,15,0,0,10,1,0,10,1,3.0,10,1,10,10,1,13.11,
2026-08-11,079550,LIG디펜스앤에어로스페이스,47.4,88,0.0,85,0,1,1,51.5,8,15,1,6.3,20,1,10,10,1,0,15,0,0,10,1,0,10,1,6.0,10,1,10,10,1,4.74,
2026-08-11,316140,우리금융지주,47.1,89,0.0,85,1,1,1,59.3,8,15,1,5.0,20,1,10,10,1,0,15,0,7,10,1,0,10,1,10.0,10,1,0,10,1,-0.89,
2026-08-11,003670,포스코퓨처엠,47.1,90,0.0,85,0,1,1,52.3,4,15,1,20.0,20,1,3,10,1,0,15,0,0,10,1,0,10,1,6.0,10,1,7,10,1,2.17,
2026-08-11,290650,엘앤씨바이오,47.1,91,0.0,85,0,1,1,49.4,4,15,1,20.0,20,1,10,10,1,0,15,0,0,10,1,0,10,1,6.0,10,1,0,10,1,-18.43,
2026-08-11,131970,두산테스나,47.1,92,0.0,85,0,1,1,43.5,4,15,1,20.0,20,1,10,10,1,0,15,0,0,10,1,0,10,1,6.0,10,1,0,10,1,4.09,
2026-08-11,420770,기가비스,47.1,93,0.0,85,0,1,1,45.8,4,15,1,20.0,20,1,10,10,1,0,15,0,0,10,1,0,10,1,6.0,10,1,0,10,1,9.63,
2026-08-11,004710,한솔테크닉스,47.1,94,0.0,85,0,1,1,47.2,4,15,1,20.0,20,1,10,10,1,0,15,0,0,10,1,0,10,1,6.0,10,1,0,10,1,-6.23,
2026-08-11,004310,현대약품,47.1,95,0.0,85,0,1,1,54.3,4,15,1,20.0,20,1,10,10,1,0,15,0,0,10,1,0,10,1,6.0,10,1,0,10,1,-6.09,
2026-08-11,000640,동아쏘시오홀딩스,47.1,96,0.0,85,1,1,1,72.1,0,15,1,5.0,20,1,8,10,1,0,15,0,10,10,1,7,10,1,10.0,10,1,0,10,1,-9.07,
2026-08-11,126640,화신정공,47.1,97,0.0,85,1,1,1,52.8,0,15,1,20.0,20,1,10,10,1,0,15,0,0,10,1,0,10,1,10.0,10,1,0,10,1,29.64,
2026-08-11,066970,엘앤에프,46.9,98,0.0,75,0,1,1,56.0,8,15,1,17.2,20,1,0,10,0,0,15,0,0,10,1,0,10,1,6.0,10,1,4,10,1,6.6,
2026-08-11,002900,TYM,46.9,99,0.0,85,0,1,1,62.9,0,15,1,19.9,20,1,10,10,1,0,15,0,0,10,1,4,10,1,6.0,10,1,0,10,1,-3.54,
2026-08-11,090430,아모레퍼시픽,46.8,100,0.0,85,1,1,1,61.6,4,15,1,6.8,20,1,8,10,1,0,15,0,4,10,1,0,10,1,10.0,10,1,7,10,1,-3.06,
2026-08-11,034730,SK,46.7,101,0.0,75,0,0,0,44.4,8,15,1,20.0,20,1,0,10,0,0,15,0,0,10,1,0,10,1,0.0,10,1,7,10,1,5.15,
2026-08-11,128660,피제이메탈,46.7,102,0.0,85,0,1,1,71.6,4,15,1,5.7,20,1,10,10,1,0,15,0,4,10,1,10,10,1,6.0,10,1,0,10,1,-3.23,
2026-08-11,058730,다스코,46.6,103,0.0,85,0,0,1,51.5,4,15,1,15.6,20,1,10,10,1,0,15,0,0,10,1,7,10,1,3.0,10,1,0,10,1,-7.81,
2026-08-11,100790,미래에셋벤처투자,46.6,104,0.0,85,0,1,1,50.6,4,15,1,10.6,20,1,10,10,1,0,15,0,0,10,1,7,10,1,6.0,10,1,2,10,1,-7.93,
2026-08-11,028050,삼성E&A,46.2,105,0.0,85,0,1,1,56.6,8,15,1,5.3,20,1,10,10,1,0,15,0,0,10,1,0,10,1,6.0,10,1,10,10,1,-0.92,
2026-08-11,035720,카카오,46.0,106,0.0,75,0,1,1,65.7,8,15,1,6.5,20,1,0,10,0,0,15,0,4,10,1,0,10,1,6.0,10,1,10,10,1,-8.11,
2026-08-11,021240,코웨이,45.8,107,0.0,85,1,1,1,59.4,4,15,1,4.9,20,1,10,10,1,0,15,0,10,10,1,0,10,1,10.0,10,1,0,10,1,-4.2,
2026-08-11,226340,본느,45.7,108,5.0,75,0,1,1,93.0,12,15,1,0.0,20,1,0,10,0,0,15,0,10,10,1,10,10,1,6.0,10,1,0,10,1,-27.79,
2026-08-11,000250,삼천당제약,45.5,109,0.0,75,0,1,1,52.7,8,15,1,16.1,20,1,0,10,0,0,15,0,0,10,1,0,10,1,6.0,10,1,4,10,1,-6.31,
2026-08-11,010130,고려아연,45.4,110,0.0,85,0,1,1,60.5,8,15,1,8.6,20,1,10,10,1,0,15,0,0,10,1,4,10,1,6.0,10,1,2,10,1,-6.83,
2026-08-11,010170,대한광통신,45.3,111,0.0,75,0,1,1,57.4,12,15,1,16.0,20,1,0,10,0,0,15,0,0,10,1,0,10,1,6.0,10,1,0,10,1,-5.58,
2026-08-11,039030,이오테크닉스,45.3,112,0.0,85,0,1,1,54.7,8,15,1,12.5,20,1,10,10,1,0,15,0,0,10,1,0,10,1,6.0,10,1,2,10,1,12.62,
2026-08-11,322000,HD현대에너지솔루션,45.3,113,0.0,75,0,1,0,46.2,4,15,1,20.0,20,1,0,10,0,0,15,0,0,10,1,0,10,1,3.0,10,1,7,10,1,9.2,
2026-08-11,153890,져스텍,45.3,114,0.0,75,0,0,1,51.6,4,15,1,20.0,20,1,0,10,0,0,15,0,0,10,1,7,10,1,3.0,10,1,0,10,1,31.47,
2026-08-11,053260,금강철강,45.3,115,0.0,75,0,1,1,74.4,4,15,1,4.0,20,1,0,10,0,0,15,0,10,10,1,10,10,1,6.0,10,1,0,10,1,-16.05,
2026-08-11,417840,저스템,45.3,116,0.0,75,0,1,1,55.8,4,15,1,20.0,20,1,0,10,0,0,15,0,0,10,1,4,10,1,6.0,10,1,0,10,1,4.12,
2026-08-11,122640,예스티,45.3,117,0.0,75,0,1,1,51.5,4,15,1,20.0,20,1,0,10,0,0,15,0,0,10,1,4,10,1,6.0,10,1,0,10,1,11.55,
2026-08-11,403870,HPSP,45.1,118,0.0,85,0,1,1,48.9,8,15,1,6.3,20,1,8,10,1,0,15,0,0,10,1,0,10,1,6.0,10,1,10,10,1,19.01,
2026-08-11,001440,대한전선,44.8,119,0.0,85,0,1,1,48.4,4,15,1,8.1,20,1,10,10,1,0,15,0,0,10,1,0,10,1,6.0,10,1,10,10,1,-1.06,
2026-08-11,192820,코스맥스,44.7,120,0.0,85,1,1,1,70.3,4,15,1,5.0,20,1,5,10,1,0,15,0,10,10,1,4,10,1,10.0,10,1,0,10,1,17.14,
2026-08-11,009420,한올바이오파마,44.7,121,0.0,85,0,1,1,58.1,4,15,1,20.0,20,1,8,10,1,0,15,0,0,10,1,0,10,1,6.0,10,1,0,10,1,4.04,
2026-08-11,356860,티엘비,44.7,122,0.0,85,0,1,1,35.4,4,15,1,20.0,20,1,8,10,1,0,15,0,0,10,1,0,10,1,6.0,10,1,0,10,1,19.61,
2026-08-11,041830,인바디,44.7,123,0.0,85,1,1,1,70.3,4,15,1,7.0,20,1,10,10,1,0,15,0,7,10,1,0,10,1,10.0,10,1,0,10,1,-10.73,
2026-08-11,003230,삼양식품,44.5,124,0.0,85,0,1,1,56.4,8,15,1,6.8,20,1,10,10,1,0,15,0,0,10,1,0,10,1,6.0,10,1,7,10,1,3.99,
2026-08-11,092730,네오팜,44.5,125,5.0,85,1,1,1,79.5,0,15,1,5.1,20,1,10,10,1,0,15,0,10,10,1,7,10,1,10.0,10,1,0,10,1,-8.84,
2026-08-11,000490,대동,44.4,126,0.0,85,0,1,1,64.0,4,15,1,7.7,20,1,10,10,1,0,15,0,0,10,1,10,10,1,6.0,10,1,0,10,1,0.13,
2026-08-11,267260,HD현대일렉트릭,44.2,127,0.0,85,0,1,1,44.5,8,15,1,6.6,20,1,10,10,1,0,15,0,0,10,1,0,10,1,6.0,10,1,7,10,1,1.76,
2026-08-11,067310,하나마이크론,44.1,128,0.0,75,0,1,1,49.7,8,15,1,12.1,20,1,0,10,0,0,15,0,0,10,1,0,10,1,6.0,10,1,7,10,1,4.57,
2026-08-11,119850,지엔씨에너지,44.1,129,0.0,75,1,1,1,64.8,4,15,1,8.1,20,1,0,10,0,0,15,0,4,10,1,0,10,1,10.0,10,1,7,10,1,10.02,
2026-08-11,006340,대원전선,44.0,130,0.0,75,1,1,1,55.9,15,15,1,4.0,20,1,0,10,0,0,15,0,4,10,1,0,10,1,10.0,10,1,0,10,1,-2.62,
2026-08-11,318060,그래피,44.0,131,0.0,75,0,1,1,64.1,0,15,1,20.0,20,1,0,10,0,0,15,0,0,10,1,7,10,1,6.0,10,1,0,10,1,-9.64,
2026-08-11,083650,비에이치아이,43.6,132,0.0,85,0,1,1,56.7,4,15,1,17.1,20,1,10,10,1,0,15,0,0,10,1,0,10,1,6.0,10,1,0,10,1,10.99,
2026-08-11,294870,IPARK현대산업개발,43.4,133,0.0,85,1,1,1,63.8,0,15,1,9.9,20,1,10,10,1,0,15,0,7,10,1,0,10,1,10.0,10,1,0,10,1,-1.78,
2026-08-11,011070,LG이노텍,43.3,134,0.0,85,0,1,0,41.2,8,15,1,8.8,20,1,10,10,1,0,15,0,0,10,1,0,10,1,3.0,10,1,7,10,1,9.84,
2026-08-11,055550,신한지주,43.3,135,0.0,85,1,1,1,51.5,8,15,1,4.8,20,1,10,10,1,0,15,0,4,10,1,0,10,1,10.0,10,1,0,10,1,0.48,
2026-08-11,013360,일성건설,43.1,136,0.0,85,0,1,1,58.2,0,15,1,10.6,20,1,10,10,1,0,15,0,0,10,1,10,10,1,6.0,10,1,0,10,1,-4.84,
2026-08-11,091580,상신이디피,42.9,137,0.0,85,0,1,1,64.2,0,15,1,16.5,20,1,10,10,1,0,15,0,0,10,1,4,10,1,6.0,10,1,0,10,1,-9.01,
2026-08-11,001820,삼화콘덴서,42.7,138,0.0,75,0,1,1,48.6,12,15,1,4.0,20,1,0,10,0,0,15,0,0,10,1,10,10,1,6.0,10,1,0,10,1,11.24,
2026-08-11,093370,후성,42.7,139,0.0,75,0,1,1,48.4,4,15,1,20.0,20,1,0,10,0,0,15,0,0,10,1,0,10,1,6.0,10,1,2,10,1,17.58,
2026-08-11,089030,테크윙,42.7,140,0.0,75,0,1,1,52.2,4,15,1,20.0,20,1,0,10,0,0,15,0,0,10,1,0,10,1,6.0,10,1,2,10,1,2.2,
2026-08-11,138080,오이솔루션,42.7,141,0.0,75,0,1,1,56.2,4,15,1,20.0,20,1,0,10,0,0,15,0,0,10,1,0,10,1,6.0,10,1,2,10,1,-11.83,
2026-08-11,010140,삼성중공업,42.4,142,0.0,75,0,1,1,47.0,8,15,1,7.8,20,1,0,10,0,0,15,0,0,10,1,0,10,1,6.0,10,1,10,10,1,-5.5,
2026-08-11,008770,호텔신라,42.4,143,0.0,85,0,1,1,44.6,0,15,1,20.0,20,1,10,10,1,0,15,0,0,10,1,0,10,1,6.0,10,1,0,10,1,-5.04,
2026-08-11,092870,엑시콘,42.4,144,0.0,85,0,1,1,56.3,0,15,1,20.0,20,1,10,10,1,0,15,0,0,10,1,0,10,1,6.0,10,1,0,10,1,27.13,
2026-08-11,456040,OCI,42.4,145,0.0,85,0,1,1,47.2,0,15,1,20.0,20,1,10,10,1,0,15,0,0,10,1,0,10,1,6.0,10,1,0,10,1,1.4,
2026-08-11,253590,네오셈,42.4,146,0.0,85,0,1,1,54.7,0,15,1,20.0,20,1,10,10,1,0,15,0,0,10,1,0,10,1,6.0,10,1,0,10,1,6.63,
2026-08-11,089890,코세스,42.4,147,0.0,85,0,1,1,48.0,0,15,1,20.0,20,1,10,10,1,0,15,0,0,10,1,0,10,1,6.0,10,1,0,10,1,-4.71,
2026-08-11,003160,디아이,42.4,148,0.0,85,0,1,1,58.7,0,15,1,20.0,20,1,10,10,1,0,15,0,0,10,1,0,10,1,6.0,10,1,0,10,1,0.8,
2026-08-11,006910,보성파워텍,42.4,149,0.0,85,0,1,1,53.3,0,15,1,20.0,20,1,10,10,1,0,15,0,0,10,1,0,10,1,6.0,10,1,0,10,1,-2.41,
2026-08-11,011930,신성이엔지,42.4,150,0.0,85,0,1,1,50.5,0,15,1,20.0,20,1,10,10,1,0,15,0,0,10,1,0,10,1,6.0,10,1,0,10,1,-2.5,
2026-08-11,005070,코스모신소재,42.4,151,0.0,85,0,1,1,56.1,0,15,1,20.0,20,1,10,10,1,0,15,0,0,10,1,0,10,1,6.0,10,1,0,10,1,-1.02,
2026-08-11,099320,쎄트렉아이,42.4,152,0.0,85,0,1,1,49.0,0,15,1,20.0,20,1,10,10,1,0,15,0,0,10,1,0,10,1,6.0,10,1,0,10,1,-1.91,
2026-08-11,044490,태웅,42.4,153,0.0,85,0,1,1,58.3,0,15,1,20.0,20,1,10,10,1,0,15,0,0,10,1,0,10,1,6.0,10,1,0,10,1,-4.37,
2026-08-11,441270,파인엠텍,42.4,154,0.0,85,0,1,1,66.0,0,15,1,20.0,20,1,10,10,1,0,15,0,0,10,1,0,10,1,6.0,10,1,0,10,1,-20.6,
2026-08-11,322310,오로스테크놀로지,42.4,155,0.0,85,0,1,1,43.2,0,15,1,20.0,20,1,10,10,1,0,15,0,0,10,1,0,10,1,6.0,10,1,0,10,1,-4.96,
2026-08-11,252990,샘씨엔에스,42.3,156,0.0,75,1,1,1,57.3,4,15,1,13.7,20,1,0,10,0,0,15,0,4,10,1,0,10,1,10.0,10,1,0,10,1,-2.71,
2026-08-11,008930,한미사이언스,42.2,157,5.0,85,1,1,1,83.3,4,15,1,6.1,20,1,10,10,1,0,15,0,10,10,1,0,10,1,10.0,10,1,0,10,1,-2.27,
2026-08-11,073240,금호타이어,42.0,158,0.0,85,1,1,1,59.8,8,15,1,4.7,20,1,5,10,1,0,15,0,4,10,1,4,10,1,10.0,10,1,0,10,1,1.06,
2026-08-11,003690,코리안리,41.8,159,0.0,85,1,1,1,64.8,0,15,1,5.5,20,1,10,10,1,0,15,0,10,10,1,0,10,1,10.0,10,1,0,10,1,1.5,
2026-08-11,032830,삼성생명,41.6,160,0.0,85,0,1,0,44.1,8,15,1,7.4,20,1,10,10,1,0,15,0,0,10,1,0,10,1,3.0,10,1,7,10,1,-4.66,
2026-08-11,062040,산일전기,41.6,161,0.0,85,0,1,1,53.6,8,15,1,7.4,20,1,10,10,1,0,15,0,0,10,1,0,10,1,6.0,10,1,4,10,1,-4.87,
2026-08-11,043150,바텍,41.3,162,0.0,75,0,1,1,76.4,0,15,1,5.0,20,1,0,10,0,0,15,0,10,10,1,10,10,1,6.0,10,1,0,10,1,-13.36,
2026-08-11,006110,삼아알미늄,41.2,163,0.0,85,0,1,1,63.7,4,15,1,20.0,20,1,5,10,1,0,15,0,0,10,1,0,10,1,6.0,10,1,0,10,1,5.65,
2026-08-11,056190,SFA,40.9,164,0.0,85,0,1,1,55.7,0,15,1,18.8,20,1,10,10,1,0,15,0,0,10,1,0,10,1,6.0,10,1,0,10,1,7.51,
2026-08-11,002990,금호건설,40.8,165,0.0,85,0,0,0,57.1,12,15,1,10.7,20,1,1,10,1,0,15,0,0,10,1,7,10,1,0.0,10,1,4,10,1,9.66,
2026-08-11,483650,달바글로벌,40.8,166,0.0,85,1,1,0,55.5,4,15,1,7.7,20,1,10,10,1,0,15,0,4,10,1,0,10,1,7.0,10,1,2,10,1,-11.38,
2026-08-11,086450,동국제약,40.1,167,0.0,85,0,1,1,68.0,4,15,1,5.1,20,1,8,10,1,0,15,0,4,10,1,7,10,1,6.0,10,1,0,10,1,-16.08,
2026-08-11,178320,서진시스템,40.0,168,0.0,75,0,1,1,47.2,4,15,1,20.0,20,1,0,10,0,0,15,0,0,10,1,0,10,1,6.0,10,1,0,10,1,-0.13,
2026-08-11,028670,팬오션,40.0,169,0.0,85,1,1,1,58.3,4,15,1,6.0,20,1,10,10,1,0,15,0,4,10,1,0,10,1,10.0,10,1,0,10,1,3.98,
2026-08-11,327260,RF머트리얼즈,40.0,170,0.0,75,0,1,1,49.1,4,15,1,20.0,20,1,0,10,0,0,15,0,0,10,1,0,10,1,6.0,10,1,0,10,1,-14.06,
2026-08-11,064290,인텍플러스,40.0,171,0.0,75,0,1,1,51.0,4,15,1,20.0,20,1,0,10,0,0,15,0,0,10,1,0,10,1,6.0,10,1,0,10,1,1.49,
2026-08-11,033160,엠케이전자,40.0,172,0.0,75,0,1,1,53.0,4,15,1,20.0,20,1,0,10,0,0,15,0,0,10,1,0,10,1,6.0,10,1,0,10,1,-14.89,
2026-08-11,005690,파미셀,40.0,173,0.0,85,0,1,1,52.1,0,15,1,20.0,20,1,8,10,1,0,15,0,0,10,1,0,10,1,6.0,10,1,0,10,1,-1.81,
2026-08-11,355150,코스텍시스,40.0,174,0.0,75,0,1,1,57.8,0,15,1,20.0,20,1,0,10,0,0,15,0,0,10,1,4,10,1,6.0,10,1,0,10,1,-17.89,
2026-08-11,131290,티에스이,39.6,175,0.0,85,0,1,1,57.3,8,15,1,16.7,20,1,1,10,1,0,15,0,0,10,1,0,10,1,6.0,10,1,2,10,1,4.7,
2026-08-11,086790,하나금융지주,39.5,176,0.0,85,1,0,1,49.9,8,15,1,4.6,20,1,10,10,1,0,15,0,4,10,1,0,10,1,7.0,10,1,0,10,1,-0.16,
2026-08-11,032640,LG유플러스,39.4,177,0.0,85,0,1,1,61.4,4,15,1,5.5,20,1,10,10,1,0,15,0,4,10,1,4,10,1,6.0,10,1,0,10,1,-5.52,
2026-08-11,002790,아모레퍼시픽홀딩스,39.4,178,0.0,85,1,1,1,63.1,0,15,1,6.5,20,1,10,10,1,0,15,0,7,10,1,0,10,1,10.0,10,1,0,10,1,-6.85,
2026-08-11,018260,삼성에스디에스,39.3,179,0.0,75,0,1,1,61.6,8,15,1,5.5,20,1,0,10,0,0,15,0,0,10,1,0,10,1,6.0,10,1,10,10,1,-4.64,
2026-08-11,027360,아주IB투자,39.1,180,0.0,85,0,1,1,45.2,4,15,1,6.2,20,1,10,10,1,0,15,0,0,10,1,7,10,1,6.0,10,1,0,10,1,-1.78,
2026-08-11,126340,비나텍,39.1,181,0.0,85,0,1,1,49.4,0,15,1,17.2,20,1,10,10,1,0,15,0,0,10,1,0,10,1,6.0,10,1,0,10,1,-7.47,
2026-08-11,282330,BGF리테일,38.9,182,0.0,85,1,1,0,69.5,4,15,1,5.1,20,1,10,10,1,0,15,0,7,10,1,0,10,1,7.0,10,1,0,10,1,-5.12,
2026-08-11,007340,DN오토모티브,38.9,183,0.0,85,1,1,1,65.5,4,15,1,5.1,20,1,10,10,1,0,15,0,4,10,1,0,10,1,10.0,10,1,0,10,1,12.94,
2026-08-11,053800,안랩,38.9,184,0.0,85,0,1,1,77.7,0,15,1,5.1,20,1,8,10,1,0,15,0,10,10,1,4,10,1,6.0,10,1,0,10,1,-11.63,
2026-08-11,077360,덕산하이메탈,38.8,185,0.0,85,0,1,0,50.0,0,15,1,20.0,20,1,10,10,1,0,15,0,0,10,1,0,10,1,3.0,10,1,0,10,1,0.0,
2026-08-11,001260,남광토건,38.8,186,0.0,85,0,1,1,53.9,0,15,1,7.0,20,1,10,10,1,0,15,0,0,10,1,10,10,1,6.0,10,1,0,10,1,-2.56,
2026-08-11,000810,삼성화재,38.7,187,0.0,85,1,1,1,51.8,8,15,1,4.9,20,1,10,10,1,0,15,0,0,10,1,0,10,1,10.0,10,1,0,10,1,-4.37,
2026-08-11,028260,삼성물산,38.6,188,0.0,85,0,1,1,47.5,12,15,1,4.8,20,1,8,10,1,0,15,0,0,10,1,0,10,1,6.0,10,1,2,10,1,0.73,
2026-08-11,051910,LG화학,38.6,189,0.0,85,0,1,1,52.4,4,15,1,14.8,20,1,1,10,1,0,15,0,0,10,1,0,10,1,6.0,10,1,7,10,1,-2.92,
2026-08-11,000150,두산,38.4,190,0.0,75,0,1,1,46.3,8,15,1,7.8,20,1,0,10,0,0,15,0,0,10,1,0,10,1,6.0,10,1,7,10,1,1.36,
2026-08-11,295310,에이치브이엠,38.4,191,0.0,75,0,1,1,57.3,4,15,1,14.8,20,1,0,10,0,0,15,0,0,10,1,4,10,1,6.0,10,1,0,10,1,-12.98,
2026-08-11,194700,노바렉스,38.4,192,0.0,85,0,1,1,69.4,0,15,1,8.6,20,1,10,10,1,0,15,0,4,10,1,4,10,1,6.0,10,1,0,10,1,-33.49,
2026-08-11,005180,빙그레,37.8,193,0.0,85,0,1,1,66.8,0,15,1,5.1,20,1,10,10,1,0,15,0,4,10,1,7,10,1,6.0,10,1,0,10,1,11.33,
2026-08-11,280360,롯데웰푸드,37.8,194,0.0,85,0,1,1,70.6,0,15,1,9.1,20,1,10,10,1,0,15,0,7,10,1,0,10,1,6.0,10,1,0,10,1,-2.99,
2026-08-11,095610,테스,37.6,195,0.0,85,0,1,1,50.2,8,15,1,8.0,20,1,3,10,1,0,15,0,0,10,1,0,10,1,6.0,10,1,7,10,1,-1.37,
2026-08-11,290550,디케이티,37.6,196,0.0,85,0,1,1,52.9,4,15,1,8.0,20,1,10,10,1,0,15,0,0,10,1,4,10,1,6.0,10,1,0,10,1,-14.03,
2026-08-11,189300,인텔리안테크,37.6,197,0.0,85,0,1,1,56.6,0,15,1,16.0,20,1,10,10,1,0,15,0,0,10,1,0,10,1,6.0,10,1,0,10,1,-12.99,
2026-08-11,093320,케이아이엔엑스,37.6,198,0.0,85,1,1,1,69.2,0,15,1,4.0,20,1,1,10,1,0,15,0,10,10,1,7,10,1,10.0,10,1,0,10,1,-12.94,
2026-08-11,272210,한화시스템,37.5,199,0.0,85,0,1,1,52.8,4,15,1,9.9,20,1,10,10,1,0,15,0,0,10,1,0,10,1,6.0,10,1,2,10,1,4.25,
2026-08-11,009155,삼성전기우,37.5,200,0.0,85,0,1,1,44.9,4,15,1,9.9,20,1,10,10,1,0,15,0,0,10,1,0,10,1,6.0,10,1,2,10,1,11.34,
2026-08-12,181710,NHN,77.7,1,5.0,75,1,1,1,78.2,8,15,1,20.0,20,1,0,10,0,0,15,0,10,10,1,10,10,1,10.0,10,1,4,10,1,,
2026-08-12,265740,엔에프씨,73.8,2,0.0,85,1,1,1,74.5,4,15,1,18.7,20,1,10,10,1,0,15,0,10,10,1,10,10,1,10.0,10,1,0,10,1,,
2026-08-12,222800,심텍,73.3,3,0.0,75,0,1,1,50.9,12,15,1,20.0,20,1,0,10,0,0,15,0,0,10,1,7,10,1,6.0,10,1,10,10,1,,
2026-08-12,005930,삼성전자,71.8,4,0.0,85,0,1,1,50.2,15,15,1,20.0,20,1,10,10,1,0,15,0,0,10,1,0,10,1,6.0,10,1,10,10,1,,
2026-08-12,005935,삼성전자우,71.8,5,0.0,85,0,1,1,52.1,15,15,1,20.0,20,1,10,10,1,0,15,0,0,10,1,0,10,1,6.0,10,1,10,10,1,,
2026-08-12,257720,실리콘투,71.3,6,0.0,85,1,1,1,69.5,12,15,1,6.6,20,1,10,10,1,0,15,0,10,10,1,10,10,1,10.0,10,1,2,10,1,,
2026-08-12,006400,삼성SDI,68.2,7,0.0,85,0,1,1,57.4,12,15,1,20.0,20,1,10,10,1,0,15,0,0,10,1,0,10,1,6.0,10,1,10,10,1,,
2026-08-12,000660,SK하이닉스,68.0,8,0.0,75,0,1,1,42.2,15,15,1,20.0,20,1,0,10,0,0,15,0,0,10,1,0,10,1,6.0,10,1,10,10,1,,
2026-08-12,402340,SK스퀘어,68.0,9,0.0,75,0,1,1,45.2,15,15,1,20.0,20,1,0,10,0,0,15,0,0,10,1,0,10,1,6.0,10,1,10,10,1,,
2026-08-12,080220,제주반도체,66.6,10,0.0,85,0,1,1,55.2,12,15,1,18.6,20,1,10,10,1,0,15,0,0,10,1,0,10,1,6.0,10,1,10,10,1,,
2026-08-12,278470,에이피알,66.6,11,0.0,85,0,1,1,59.7,12,15,1,14.6,20,1,10,10,1,0,15,0,4,10,1,0,10,1,6.0,10,1,10,10,1,,
2026-08-12,066570,LG전자,66.5,12,0.0,85,0,1,1,59.1,15,15,1,8.5,20,1,10,10,1,0,15,0,0,10,1,7,10,1,6.0,10,1,10,10,1,,
2026-08-12,036930,주성엔지니어링,66.5,13,0.0,85,0,1,1,55.4,15,15,1,11.5,20,1,10,10,1,0,15,0,0,10,1,4,10,1,6.0,10,1,10,10,1,,
2026-08-12,096770,SK이노베이션,65.9,14,0.0,85,1,1,0,57.2,8,15,1,20.0,20,1,10,10,1,0,15,0,4,10,1,0,10,1,7.0,10,1,7,10,1,,
2026-08-12,003070,코오롱글로벌,65.9,15,0.0,85,0,1,1,71.5,0,15,1,20.0,20,1,10,10,1,0,15,0,10,10,1,10,10,1,6.0,10,1,0,10,1,,
2026-08-12,068270,셀트리온,65.1,16,0.0,85,1,1,1,64.0,12,15,1,11.3,20,1,8,10,1,0,15,0,4,10,1,0,10,1,10.0,10,1,10,10,1,,
2026-08-12,078930,GS,64.9,17,0.0,85,1,1,1,66.2,8,15,1,6.2,20,1,10,10,1,0,15,0,10,10,1,4,10,1,10.0,10,1,7,10,1,,
2026-08-12,010950,S-Oil,64.7,18,0.0,85,1,1,1,59.5,4,15,1,20.0,20,1,10,10,1,0,15,0,4,10,1,0,10,1,10.0,10,1,7,10,1,,
2026-08-12,240810,원익IPS,64.0,19,0.0,75,0,1,1,51.6,12,15,1,20.0,20,1,0,10,0,0,15,0,0,10,1,0,10,1,6.0,10,1,10,10,1,,
2026-08-12,009830,한화솔루션,64.0,20,0.0,75,0,1,1,61.9,12,15,1,20.0,20,1,0,10,0,0,15,0,0,10,1,0,10,1,6.0,10,1,10,10,1,,
2026-08-12,196170,알테오젠,64.0,21,0.0,75,0,1,1,50.9,12,15,1,20.0,20,1,0,10,0,0,15,0,0,10,1,0,10,1,6.0,10,1,10,10,1,,
2026-08-12,010060,OCI홀딩스,63.5,22,0.0,85,0,1,1,56.2,8,15,1,20.0,20,1,10,10,1,0,15,0,0,10,1,0,10,1,6.0,10,1,10,10,1,,
2026-08-12,042660,한화오션,63.5,23,0.0,85,0,1,1,50.0,8,15,1,20.0,20,1,10,10,1,0,15,0,0,10,1,0,10,1,6.0,10,1,10,10,1,,
2026-08-12,353200,대덕전자,63.5,24,0.0,85,0,1,1,47.9,8,15,1,20.0,20,1,10,10,1,0,15,0,0,10,1,0,10,1,6.0,10,1,10,10,1,,
2026-08-12,317400,자이에스앤디,63.5,25,0.0,85,1,1,1,69.3,4,15,1,20.0,20,1,10,10,1,0,15,0,10,10,1,0,10,1,10.0,10,1,0,10,1,,
2026-08-12,161890,한국콜마,63.2,26,0.0,85,1,1,1,75.0,15,15,1,5.7,20,1,1,10,1,0,15,0,10,10,1,10,10,1,10.0,10,1,2,10,1,,
2026-08-12,241710,코스메카코리아,63.2,27,5.0,85,1,1,1,78.9,8,15,1,6.0,20,1,10,10,1,0,15,0,10,10,1,10,10,1,10.0,10,1,4,10,1,,
2026-08-12,003350,한국화장품제조,62.4,28,5.0,85,1,1,1,80.1,8,15,1,5.3,20,1,10,10,1,0,15,0,10,10,1,10,10,1,10.0,10,1,4,10,1,,
2026-08-12,131970,두산테스나,62.4,29,0.0,85,0,1,1,51.2,8,15,1,20.0,20,1,10,10,1,0,15,0,0,10,1,7,10,1,6.0,10,1,2,10,1,,
2026-08-12,153890,져스텍,61.3,30,0.0,75,0,1,1,60.2,8,15,1,20.0,20,1,0,10,0,0,15,0,0,10,1,10,10,1,6.0,10,1,2,10,1,,
2026-08-12,091590,남화토건,60.7,31,0.0,75,0,1,1,62.9,8,15,1,19.5,20,1,0,10,0,0,15,0,0,10,1,10,10,1,6.0,10,1,2,10,1,,
2026-08-12,263750,펄어비스,60.0,32,0.0,85,0,1,0,38.7,8,15,1,20.0,20,1,10,10,1,0,15,0,0,10,1,10,10,1,3.0,10,1,0,10,1,,
2026-08-12,009150,삼성전기,59.9,33,0.0,85,0,1,1,49.8,15,15,1,9.9,20,1,10,10,1,0,15,0,0,10,1,0,10,1,6.0,10,1,10,10,1,,
2026-08-12,006360,GS건설,59.7,34,0.0,75,1,1,1,62.0,8,15,1,6.8,20,1,0,10,0,0,15,0,10,10,1,0,10,1,10.0,10,1,10,10,1,,
2026-08-12,483650,달바글로벌,59.6,35,0.0,85,1,1,1,60.7,8,15,1,7.7,20,1,10,10,1,0,15,0,7,10,1,4,10,1,10.0,10,1,4,10,1,,
2026-08-12,192820,코스맥스,59.5,36,5.0,85,1,1,1,82.4,12,15,1,5.8,20,1,5,10,1,0,15,0,10,10,1,10,10,1,10.0,10,1,2,10,1,,
2026-08-12,372910,한컴라이프케어,58.8,37,0.0,85,0,1,1,62.5,4,15,1,20.0,20,1,10,10,1,0,15,0,0,10,1,10,10,1,6.0,10,1,0,10,1,,
2026-08-12,017510,세명전기,58.8,38,0.0,85,0,1,1,59.4,4,15,1,20.0,20,1,10,10,1,0,15,0,0,10,1,10,10,1,6.0,10,1,0,10,1,,
2026-08-12,373220,LG에너지솔루션,58.7,39,0.0,75,0,1,1,55.1,8,15,1,20.0,20,1,0,10,0,0,15,0,0,10,1,0,10,1,6.0,10,1,10,10,1,,
2026-08-12,034730,SK,58.7,40,0.0,75,0,1,1,47.0,8,15,1,20.0,20,1,0,10,0,0,15,0,0,10,1,0,10,1,6.0,10,1,10,10,1,,
2026-08-12,002990,금호건설,58.5,41,0.0,85,0,1,1,66.4,15,15,1,10.7,20,1,1,10,1,0,15,0,0,10,1,10,10,1,6.0,10,1,7,10,1,,
2026-08-12,214450,파마리서치,58.5,42,0.0,85,1,1,0,60.9,8,15,1,7.7,20,1,10,10,1,0,15,0,7,10,1,0,10,1,7.0,10,1,10,10,1,,
2026-08-12,047040,대우건설,57.4,43,0.0,85,0,1,1,55.9,8,15,1,14.8,20,1,10,10,1,0,15,0,0,10,1,0,10,1,6.0,10,1,10,10,1,,
2026-08-12,006340,대원전선,57.3,44,0.0,75,1,1,1,60.3,15,15,1,4.0,20,1,0,10,0,0,15,0,10,10,1,4,10,1,10.0,10,1,0,10,1,,
2026-08-12,123330,제닉,57.3,45,0.0,75,1,1,1,70.1,4,15,1,12.0,20,1,0,10,0,0,15,0,10,10,1,7,10,1,10.0,10,1,0,10,1,,
2026-08-12,347890,엠엑스온,56.4,46,0.0,85,0,1,1,66.0,4,15,1,17.9,20,1,10,10,1,0,15,0,0,10,1,10,10,1,6.0,10,1,0,10,1,,
2026-08-12,382800,지앤비에스 에코,56.2,47,0.0,85,0,1,1,66.8,4,15,1,17.8,20,1,10,10,1,0,15,0,0,10,1,10,10,1,6.0,10,1,0,10,1,,
2026-08-12,439090,마녀공장,56.0,48,0.0,75,1,1,1,67.3,8,15,1,4.0,20,1,0,10,0,0,15,0,10,10,1,10,10,1,10.0,10,1,0,10,1,,
2026-08-12,277810,레인보우로보틱스,55.9,49,0.0,75,0,1,1,52.7,8,15,1,17.9,20,1,0,10,0,0,15,0,0,10,1,0,10,1,6.0,10,1,10,10,1,,
2026-08-12,251970,펌텍코리아,55.9,50,0.0,85,1,1,1,73.4,4,15,1,5.5,20,1,8,10,1,0,15,0,10,10,1,10,10,1,10.0,10,1,0,10,1,,
2026-08-12,009540,HD한국조선해양,55.5,51,0.0,85,0,1,1,51.5,8,15,1,13.2,20,1,10,10,1,0,15,0,0,10,1,0,10,1,6.0,10,1,10,10,1,,
2026-08-12,352820,하이브,55.3,52,0.0,85,0,1,1,42.0,4,15,1,20.0,20,1,10,10,1,0,15,0,0,10,1,0,10,1,6.0,10,1,7,10,1,,
2026-08-12,253590,네오셈,55.3,53,0.0,85,0,1,1,59.4,4,15,1,20.0,20,1,10,10,1,0,15,0,0,10,1,7,10,1,6.0,10,1,0,10,1,,
2026-08-12,011070,LG이노텍,55.1,54,0.0,85,0,1,1,47.2,12,15,1,8.8,20,1,10,10,1,0,15,0,0,10,1,0,10,1,6.0,10,1,10,10,1,,
2026-08-12,012450,한화에어로스페이스,54.4,55,0.0,85,0,1,1,62.1,12,15,1,8.2,20,1,10,10,1,0,15,0,0,10,1,0,10,1,6.0,10,1,10,10,1,,
2026-08-12,036570,NC,54.1,56,0.0,85,0,1,1,53.9,4,15,1,20.0,20,1,10,10,1,0,15,0,0,10,1,4,10,1,6.0,10,1,2,10,1,,
2026-08-12,036810,에프에스티,53.3,57,0.0,75,0,1,1,62.0,4,15,1,20.0,20,1,0,10,0,0,15,0,0,10,1,10,10,1,6.0,10,1,0,10,1,,
2026-08-12,086520,에코프로,53.2,58,0.0,85,0,1,1,54.7,8,15,1,13.2,20,1,8,10,1,0,15,0,0,10,1,0,10,1,6.0,10,1,10,10,1,,
2026-08-12,103590,일진전기,52.7,59,0.0,85,0,1,1,59.0,8,15,1,8.8,20,1,10,10,1,0,15,0,0,10,1,10,10,1,6.0,10,1,2,10,1,,
2026-08-12,204270,제이앤티씨,52.7,60,0.0,85,0,1,1,62.4,4,15,1,14.8,20,1,10,10,1,0,15,0,0,10,1,10,10,1,6.0,10,1,0,10,1,,
2026-08-12,026940,부국철강,52.6,61,0.0,85,0,1,1,59.2,4,15,1,14.7,20,1,10,10,1,0,15,0,0,10,1,10,10,1,6.0,10,1,0,10,1,,
2026-08-12,043260,성호전자,51.8,62,0.0,85,0,1,1,49.9,4,15,1,20.0,20,1,10,10,1,0,15,0,0,10,1,0,10,1,6.0,10,1,4,10,1,,
2026-08-12,098460,고영,51.8,63,0.0,85,0,1,1,56.6,4,15,1,20.0,20,1,10,10,1,0,15,0,0,10,1,0,10,1,6.0,10,1,4,10,1,,
2026-08-12,077360,덕산하이메탈,51.8,64,0.0,85,0,1,1,52.2,4,15,1,20.0,20,1,10,10,1,0,15,0,0,10,1,4,10,1,6.0,10,1,0,10,1,,
2026-08-12,298040,효성중공업,51.4,65,0.0,85,0,1,1,52.1,8,15,1,9.7,20,1,10,10,1,0,15,0,0,10,1,0,10,1,6.0,10,1,10,10,1,,
2026-08-12,329180,HD현대중공업,50.7,66,0.0,85,0,1,1,47.6,12,15,1,14.1,20,1,1,10,1,0,15,0,0,10,1,0,10,1,6.0,10,1,10,10,1,,
2026-08-12,362320,청담글로벌,50.7,67,0.0,75,1,1,1,67.1,4,15,1,4.0,20,1,0,10,0,0,15,0,10,10,1,10,10,1,10.0,10,1,0,10,1,,
2026-08-12,222040,코스맥스엔비티,50.7,68,0.0,75,1,1,1,65.8,0,15,1,20.0,20,1,0,10,0,0,15,0,4,10,1,4,10,1,10.0,10,1,0,10,1,,
2026-08-12,322310,오로스테크놀로지,50.6,69,0.0,85,0,1,1,47.2,0,15,1,20.0,20,1,10,10,1,0,15,0,0,10,1,7,10,1,6.0,10,1,0,10,1,,
2026-08-12,483350,딜리셔스,50.5,70,0.0,65,0,0,0,,12,15,1,10.8,20,1,0,10,0,0,15,0,10,10,1,0,10,1,0.0,10,0,0,10,1,,
2026-08-12,044820,코스맥스비티아이,50.5,71,5.0,85,1,1,1,84.5,0,15,1,7.2,20,1,10,10,1,0,15,0,10,10,1,10,10,1,10.0,10,1,0,10,1,,
2026-08-12,096760,JW홀딩스,50.4,72,0.0,85,1,1,1,68.7,0,15,1,4.8,20,1,8,10,1,0,15,0,10,10,1,10,10,1,10.0,10,1,0,10,1,,
2026-08-12,058730,다스코,50.1,73,0.0,85,0,1,1,53.8,4,15,1,15.6,20,1,10,10,1,0,15,0,0,10,1,7,10,1,6.0,10,1,0,10,1,,
2026-08-12,051900,LG생활건강,50.0,74,0.0,85,1,1,1,67.8,4,15,1,10.5,20,1,10,10,1,0,15,0,4,10,1,0,10,1,10.0,10,1,4,10,1,,
2026-08-12,144960,뉴파워프라즈마,50.0,75,0.0,85,1,1,1,62.0,4,15,1,11.5,20,1,10,10,1,0,15,0,7,10,1,0,10,1,10.0,10,1,0,10,1,,
2026-08-12,017670,SK텔레콤,49.9,76,0.0,85,0,1,1,49.2,8,15,1,8.4,20,1,10,10,1,0,15,0,0,10,1,0,10,1,6.0,10,1,10,10,1,,
2026-08-12,489460,바이오비쥬,49.6,77,5.0,85,1,1,1,84.4,0,15,1,12.4,20,1,10,10,1,0,15,0,10,10,1,4,10,1,10.0,10,1,0,10,1,,
2026-08-12,001440,대한전선,49.5,78,0.0,85,0,1,1,51.1,8,15,1,8.1,20,1,10,10,1,0,15,0,0,10,1,0,10,1,6.0,10,1,10,10,1,,
2026-08-12,000720,현대건설,49.5,79,0.0,85,0,1,1,55.9,4,15,1,12.1,20,1,10,10,1,0,15,0,0,10,1,0,10,1,6.0,10,1,10,10,1,,
2026-08-12,267270,HD건설기계,49.4,80,0.0,85,0,1,1,54.4,4,15,1,20.0,20,1,10,10,1,0,15,0,0,10,1,0,10,1,6.0,10,1,2,10,1,,
2026-08-12,218410,RFHIC,49.4,81,0.0,85,0,1,1,53.2,4,15,1,20.0,20,1,10,10,1,0,15,0,0,10,1,0,10,1,6.0,10,1,2,10,1,,
2026-08-12,332570,PS일렉트로닉스,49.4,82,0.0,85,0,1,1,57.4,4,15,1,20.0,20,1,10,10,1,0,15,0,0,10,1,0,10,1,6.0,10,1,2,10,1,,
2026-08-12,108490,로보티즈,49.3,83,0.0,75,0,1,1,56.5,4,15,1,20.0,20,1,0,10,0,0,15,0,0,10,1,0,10,1,6.0,10,1,7,10,1,,
2026-08-12,089970,브이엠,49.3,84,0.0,75,0,1,1,45.5,4,15,1,20.0,20,1,0,10,0,0,15,0,0,10,1,0,10,1,6.0,10,1,7,10,1,,
2026-08-12,247540,에코프로비엠,49.3,85,0.0,75,0,1,1,49.8,4,15,1,20.0,20,1,0,10,0,0,15,0,0,10,1,0,10,1,6.0,10,1,7,10,1,,
2026-08-12,039200,오스코텍,49.3,86,0.0,75,0,1,1,64.7,4,15,1,20.0,20,1,0,10,0,0,15,0,0,10,1,7,10,1,6.0,10,1,0,10,1,,
2026-08-12,005490,POSCO홀딩스,49.1,87,0.0,85,0,1,1,51.3,8,15,1,7.7,20,1,10,10,1,0,15,0,0,10,1,0,10,1,6.0,10,1,10,10,1,,
2026-08-12,010120,LS ELECTRIC,48.9,88,0.0,85,0,1,1,52.3,8,15,1,7.6,20,1,10,10,1,0,15,0,0,10,1,0,10,1,6.0,10,1,10,10,1,,
2026-08-12,006800,미래에셋증권,48.8,89,0.0,85,0,1,1,46.4,8,15,1,10.5,20,1,10,10,1,0,15,0,0,10,1,0,10,1,6.0,10,1,7,10,1,,
2026-08-12,032830,삼성생명,48.7,90,0.0,85,0,1,1,47.6,8,15,1,7.4,20,1,10,10,1,0,15,0,0,10,1,0,10,1,6.0,10,1,10,10,1,,
2026-08-12,047810,한국항공우주,48.6,91,0.0,85,0,1,1,50.0,8,15,1,7.3,20,1,10,10,1,0,15,0,0,10,1,0,10,1,6.0,10,1,10,10,1,,
2026-08-12,003540,대신증권,48.1,92,0.0,85,0,1,1,57.1,0,15,1,17.9,20,1,10,10,1,0,15,0,0,10,1,7,10,1,6.0,10,1,0,10,1,,
2026-08-12,042700,한미반도체,48.0,93,0.0,85,0,1,1,50.3,8,15,1,6.8,20,1,10,10,1,0,15,0,0,10,1,0,10,1,6.0,10,1,10,10,1,,
2026-08-12,267260,HD현대일렉트릭,47.8,94,0.0,85,0,1,1,49.1,8,15,1,6.6,20,1,10,10,1,0,15,0,0,10,1,0,10,1,6.0,10,1,10,10,1,,
2026-08-12,475150,SK이터닉스,47.4,95,0.0,85,0,0,1,50.7,12,15,1,5.3,20,1,10,10,1,0,15,0,0,10,1,0,10,1,3.0,10,1,10,10,1,,
2026-08-12,079550,LIG디펜스앤에어로스페이스,47.4,96,0.0,85,0,1,1,53.6,8,15,1,6.3,20,1,10,10,1,0,15,0,0,10,1,0,10,1,6.0,10,1,10,10,1,,
2026-08-12,090460,비에이치,47.3,97,0.0,85,0,1,1,54.4,4,15,1,8.2,20,1,10,10,1,0,15,0,0,10,1,10,10,1,6.0,10,1,2,10,1,,
2026-08-12,207940,삼성바이오로직스,47.1,98,0.0,85,1,1,1,57.4,8,15,1,7.0,20,1,1,10,1,0,15,0,4,10,1,0,10,1,10.0,10,1,10,10,1,,
2026-08-12,003670,포스코퓨처엠,47.1,99,0.0,85,0,1,1,53.9,4,15,1,20.0,20,1,3,10,1,0,15,0,0,10,1,0,10,1,6.0,10,1,7,10,1,,
2026-08-12,290650,엘앤씨바이오,47.1,100,0.0,85,0,1,1,42.9,4,15,1,20.0,20,1,10,10,1,0,15,0,0,10,1,0,10,1,6.0,10,1,0,10,1,,
2026-08-12,124500,아이티센글로벌,47.1,101,0.0,85,0,1,1,57.2,4,15,1,20.0,20,1,10,10,1,0,15,0,0,10,1,0,10,1,6.0,10,1,0,10,1,,
2026-08-12,024720,콜마홀딩스,47.1,102,0.0,75,1,1,1,76.6,0,15,1,5.3,20,1,0,10,0,0,15,0,10,10,1,10,10,1,10.0,10,1,0,10,1,,
2026-08-12,052460,아이크래프트,47.1,103,0.0,85,1,1,1,66.3,0,15,1,20.0,20,1,10,10,1,0,15,0,0,10,1,0,10,1,10.0,10,1,0,10,1,,
2026-08-12,080580,오킨스전자,47.1,104,0.0,85,0,1,1,61.7,0,15,1,20.0,20,1,10,10,1,0,15,0,0,10,1,4,10,1,6.0,10,1,0,10,1,,
2026-08-12,263800,데이타솔루션,47.1,105,0.0,85,1,1,1,56.8,0,15,1,20.0,20,1,10,10,1,0,15,0,0,10,1,0,10,1,10.0,10,1,0,10,1,,
2026-08-12,126640,화신정공,47.1,106,0.0,85,1,1,1,51.4,0,15,1,20.0,20,1,10,10,1,0,15,0,0,10,1,0,10,1,10.0,10,1,0,10,1,,
2026-08-12,001060,JW중외제약,46.8,107,0.0,85,0,1,1,73.9,4,15,1,4.8,20,1,5,10,1,0,15,0,10,10,1,10,10,1,6.0,10,1,0,10,1,,
2026-08-12,028050,삼성E&A,46.2,108,0.0,85,0,1,1,57.3,8,15,1,5.3,20,1,10,10,1,0,15,0,0,10,1,0,10,1,6.0,10,1,10,10,1,,
2026-08-12,950140,잉글우드랩,46.2,109,0.0,85,0,1,1,70.7,0,15,1,9.3,20,1,10,10,1,0,15,0,4,10,1,10,10,1,6.0,10,1,0,10,1,,
2026-08-12,035720,카카오,46.0,110,0.0,75,0,1,1,59.4,8,15,1,6.5,20,1,0,10,0,0,15,0,4,10,1,0,10,1,6.0,10,1,10,10,1,,
2026-08-12,003230,삼양식품,45.6,111,0.0,85,1,1,0,51.1,8,15,1,6.8,20,1,10,10,1,0,15,0,0,10,1,0,10,1,7.0,10,1,7,10,1,,
2026-08-12,056190,SFA,45.6,112,0.0,85,0,1,1,59.2,0,15,1,18.8,20,1,10,10,1,0,15,0,0,10,1,4,10,1,6.0,10,1,0,10,1,,
2026-08-12,010170,대한광통신,45.3,113,0.0,75,0,1,1,57.5,12,15,1,16.0,20,1,0,10,0,0,15,0,0,10,1,0,10,1,6.0,10,1,0,10,1,,
2026-08-12,322000,HD현대에너지솔루션,45.3,114,0.0,75,0,1,0,47.2,4,15,1,20.0,20,1,0,10,0,0,15,0,0,10,1,0,10,1,3.0,10,1,7,10,1,,
2026-08-12,476060,온코닉테라퓨틱스,45.3,115,0.0,75,0,1,1,61.4,4,15,1,20.0,20,1,0,10,0,0,15,0,0,10,1,4,10,1,6.0,10,1,0,10,1,,
2026-08-12,417840,저스템,45.3,116,0.0,75,0,1,1,60.5,4,15,1,20.0,20,1,0,10,0,0,15,0,0,10,1,4,10,1,6.0,10,1,0,10,1,,
2026-08-12,122640,예스티,45.3,117,0.0,75,0,1,1,55.6,4,15,1,20.0,20,1,0,10,0,0,15,0,0,10,1,4,10,1,6.0,10,1,0,10,1,,
2026-08-12,330860,네패스아크,45.3,118,0.0,75,0,1,1,52.2,4,15,1,20.0,20,1,0,10,0,0,15,0,0,10,1,4,10,1,6.0,10,1,0,10,1,,
2026-08-12,062040,산일전기,45.2,119,0.0,85,0,1,1,55.1,8,15,1,7.4,20,1,10,10,1,0,15,0,0,10,1,0,10,1,6.0,10,1,7,10,1,,
2026-08-12,403870,HPSP,45.1,120,0.0,85,0,1,1,49.1,8,15,1,6.3,20,1,8,10,1,0,15,0,0,10,1,0,10,1,6.0,10,1,10,10,1,,
2026-08-12,072950,빛샘전자,44.8,121,0.0,85,0,1,1,65.4,4,15,1,8.1,20,1,10,10,1,0,15,0,0,10,1,10,10,1,6.0,10,1,0,10,1,,
2026-08-12,356860,티엘비,44.7,122,0.0,85,0,1,1,37.5,4,15,1,20.0,20,1,8,10,1,0,15,0,0,10,1,0,10,1,6.0,10,1,0,10,1,,
2026-08-12,009420,한올바이오파마,44.7,123,0.0,85,0,1,1,56.3,4,15,1,20.0,20,1,8,10,1,0,15,0,0,10,1,0,10,1,6.0,10,1,0,10,1,,
2026-08-12,089860,롯데렌탈,44.4,124,0.0,85,1,1,1,73.6,4,15,1,4.7,20,1,8,10,1,0,15,0,7,10,1,4,10,1,10.0,10,1,0,10,1,,
2026-08-12,319660,피에스케이,44.1,125,0.0,85,0,0,1,46.3,8,15,1,9.5,20,1,10,10,1,0,15,0,0,10,1,0,10,1,3.0,10,1,7,10,1,,
2026-08-12,119850,지엔씨에너지,44.1,126,0.0,75,1,1,1,62.0,4,15,1,8.1,20,1,0,10,0,0,15,0,4,10,1,0,10,1,10.0,10,1,7,10,1,,
2026-08-12,318060,그래피,44.0,127,0.0,75,0,1,1,52.3,0,15,1,20.0,20,1,0,10,0,0,15,0,0,10,1,7,10,1,6.0,10,1,0,10,1,,
2026-08-12,347700,스피어,43.9,128,0.0,75,0,1,1,62.8,4,15,1,15.9,20,1,0,10,0,0,15,0,0,10,1,0,10,1,6.0,10,1,7,10,1,,
2026-08-12,083650,비에이치아이,43.6,129,0.0,85,0,1,1,58.7,4,15,1,17.1,20,1,10,10,1,0,15,0,0,10,1,0,10,1,6.0,10,1,0,10,1,,
2026-08-12,316140,우리금융지주,43.5,130,0.0,85,1,1,1,54.2,8,15,1,5.0,20,1,10,10,1,0,15,0,4,10,1,0,10,1,10.0,10,1,0,10,1,,
2026-08-12,090430,아모레퍼시픽,43.3,131,0.0,85,1,1,0,59.6,4,15,1,6.8,20,1,8,10,1,0,15,0,4,10,1,0,10,1,7.0,10,1,7,10,1,,
2026-08-12,469610,이노테크,43.2,132,0.0,85,0,1,1,61.9,4,15,1,6.7,20,1,10,10,1,0,15,0,0,10,1,10,10,1,6.0,10,1,0,10,1,,
2026-08-12,440110,파두,43.1,133,0.0,75,0,1,1,47.8,8,15,1,16.3,20,1,0,10,0,0,15,0,0,10,1,0,10,1,6.0,10,1,2,10,1,,
2026-08-12,100790,미래에셋벤처투자,43.1,134,0.0,85,0,1,1,46.9,4,15,1,10.6,20,1,10,10,1,0,15,0,0,10,1,4,10,1,6.0,10,1,2,10,1,,
2026-08-12,013360,일성건설,43.1,135,0.0,85,0,1,1,58.2,0,15,1,10.6,20,1,10,10,1,0,15,0,0,10,1,10,10,1,6.0,10,1,0,10,1,,
2026-08-12,091580,상신이디피,42.9,136,0.0,85,0,1,1,62.8,0,15,1,16.5,20,1,10,10,1,0,15,0,0,10,1,4,10,1,6.0,10,1,0,10,1,,
2026-08-12,007660,이수페타시스,42.8,137,0.0,85,0,1,1,50.5,4,15,1,9.4,20,1,10,10,1,0,15,0,0,10,1,0,10,1,6.0,10,1,7,10,1,,
2026-08-12,093370,후성,42.7,138,0.0,75,0,1,1,49.8,4,15,1,20.0,20,1,0,10,0,0,15,0,0,10,1,0,10,1,6.0,10,1,2,10,1,,
2026-08-12,089030,테크윙,42.7,139,0.0,75,0,1,1,53.0,4,15,1,20.0,20,1,0,10,0,0,15,0,0,10,1,0,10,1,6.0,10,1,2,10,1,,
2026-08-12,214420,토니모리,42.7,140,0.0,85,0,1,1,68.8,0,15,1,6.3,20,1,10,10,1,0,15,0,4,10,1,10,10,1,6.0,10,1,0,10,1,,
2026-08-12,092730,네오팜,42.5,141,0.0,85,1,1,1,77.4,0,15,1,5.1,20,1,10,10,1,0,15,0,7,10,1,4,10,1,10.0,10,1,0,10,1,,
2026-08-12,010140,삼성중공업,42.4,142,0.0,75,0,1,1,46.7,8,15,1,7.8,20,1,0,10,0,0,15,0,0,10,1,0,10,1,6.0,10,1,10,10,1,,
2026-08-12,000150,두산,42.4,143,0.0,75,0,1,1,50.5,8,15,1,7.8,20,1,0,10,0,0,15,0,0,10,1,0,10,1,6.0,10,1,10,10,1,,
2026-08-12,008770,호텔신라,42.4,144,0.0,85,0,1,1,43.2,0,15,1,20.0,20,1,10,10,1,0,15,0,0,10,1,0,10,1,6.0,10,1,0,10,1,,
2026-08-12,004710,한솔테크닉스,42.4,145,0.0,85,0,1,1,48.1,0,15,1,20.0,20,1,10,10,1,0,15,0,0,10,1,0,10,1,6.0,10,1,0,10,1,,
2026-08-12,420770,기가비스,42.4,146,0.0,85,0,1,1,45.9,0,15,1,20.0,20,1,10,10,1,0,15,0,0,10,1,0,10,1,6.0,10,1,0,10,1,,
2026-08-12,006910,보성파워텍,42.4,147,0.0,85,0,1,1,55.2,0,15,1,20.0,20,1,10,10,1,0,15,0,0,10,1,0,10,1,6.0,10,1,0,10,1,,
2026-08-12,044490,태웅,42.4,148,0.0,85,0,1,1,60.6,0,15,1,20.0,20,1,10,10,1,0,15,0,0,10,1,0,10,1,6.0,10,1,0,10,1,,
2026-08-12,092870,엑시콘,42.4,149,0.0,85,0,1,1,58.5,0,15,1,20.0,20,1,10,10,1,0,15,0,0,10,1,0,10,1,6.0,10,1,0,10,1,,
2026-08-12,004310,현대약품,42.4,150,0.0,85,0,1,1,54.2,0,15,1,20.0,20,1,10,10,1,0,15,0,0,10,1,0,10,1,6.0,10,1,0,10,1,,
2026-08-12,099320,쎄트렉아이,42.4,151,0.0,85,0,1,1,51.8,0,15,1,20.0,20,1,10,10,1,0,15,0,0,10,1,0,10,1,6.0,10,1,0,10,1,,
2026-08-12,003160,디아이,42.4,152,0.0,85,0,1,1,58.2,0,15,1,20.0,20,1,10,10,1,0,15,0,0,10,1,0,10,1,6.0,10,1,0,10,1,,
2026-08-12,348210,넥스틴,42.4,153,0.0,85,0,1,1,51.4,0,15,1,20.0,20,1,10,10,1,0,15,0,0,10,1,0,10,1,6.0,10,1,0,10,1,,
2026-08-12,441270,파인엠텍,42.4,154,0.0,85,0,1,1,63.2,0,15,1,20.0,20,1,10,10,1,0,15,0,0,10,1,0,10,1,6.0,10,1,0,10,1,,
2026-08-12,003530,한화투자증권,42.4,155,0.0,85,0,1,1,53.7,0,15,1,20.0,20,1,10,10,1,0,15,0,0,10,1,0,10,1,6.0,10,1,0,10,1,,
2026-08-12,021240,코웨이,42.2,156,0.0,85,1,1,1,55.3,4,15,1,4.9,20,1,10,10,1,0,15,0,7,10,1,0,10,1,10.0,10,1,0,10,1,,
2026-08-12,034020,두산에너빌리티,41.9,157,0.0,85,0,1,1,55.6,12,15,1,6.6,20,1,1,10,1,0,15,0,0,10,1,0,10,1,6.0,10,1,10,10,1,,
2026-08-12,008490,서흥,41.9,158,0.0,85,1,1,1,71.6,0,15,1,6.6,20,1,8,10,1,0,15,0,4,10,1,7,10,1,10.0,10,1,0,10,1,,
2026-08-12,006260,LS,41.8,159,0.0,85,0,1,1,54.2,8,15,1,7.5,20,1,10,10,1,0,15,0,0,10,1,0,10,1,6.0,10,1,4,10,1,,
2026-08-12,066575,LG전자우,41.8,160,0.0,85,0,1,1,58.4,4,15,1,8.5,20,1,10,10,1,0,15,0,0,10,1,7,10,1,6.0,10,1,0,10,1,,
2026-08-12,066970,엘앤에프,41.6,161,0.0,75,0,1,1,56.5,4,15,1,17.2,20,1,0,10,0,0,15,0,0,10,1,0,10,1,6.0,10,1,4,10,1,,
2026-08-12,024840,KBI메탈,41.3,162,0.0,85,0,1,1,59.2,8,15,1,6.1,20,1,1,10,1,0,15,0,0,10,1,10,10,1,6.0,10,1,4,10,1,,
2026-08-12,041830,인바디,41.2,163,0.0,85,1,1,1,65.5,4,15,1,7.0,20,1,10,10,1,0,15,0,4,10,1,0,10,1,10.0,10,1,0,10,1,,
2026-08-12,005090,SGC에너지,40.9,164,0.0,85,0,1,1,63.6,4,15,1,7.8,20,1,10,10,1,0,15,0,7,10,1,0,10,1,6.0,10,1,0,10,1,,
2026-08-12,039030,이오테크닉스,40.6,165,0.0,85,0,1,1,57.1,4,15,1,12.5,20,1,10,10,1,0,15,0,0,10,1,0,10,1,6.0,10,1,2,10,1,,
2026-08-12,009450,경동나비엔,40.6,166,0.0,85,0,1,0,52.4,4,15,1,7.5,20,1,10,10,1,0,15,0,0,10,1,10,10,1,3.0,10,1,0,10,1,,
2026-08-12,004170,신세계,40.4,167,0.0,85,0,1,0,32.9,8,15,1,7.3,20,1,10,10,1,0,15,0,0,10,1,4,10,1,3.0,10,1,2,10,1,,
2026-08-12,420570,제이투케이바이오,40.3,168,5.0,75,1,1,1,83.4,0,15,1,4.0,20,1,0,10,0,0,15,0,10,10,1,10,10,1,10.0,10,1,0,10,1,,
2026-08-12,000250,삼천당제약,40.1,169,0.0,75,0,1,1,51.0,4,15,1,16.1,20,1,0,10,0,0,15,0,0,10,1,0,10,1,6.0,10,1,4,10,1,,
2026-08-12,086450,동국제약,40.1,170,0.0,85,0,1,1,68.9,4,15,1,5.1,20,1,8,10,1,0,15,0,4,10,1,7,10,1,6.0,10,1,0,10,1,,
2026-08-12,008930,한미사이언스,40.1,171,0.0,85,1,1,1,70.8,4,15,1,6.1,20,1,10,10,1,0,15,0,4,10,1,0,10,1,10.0,10,1,0,10,1,,
2026-08-12,477850,마키나락스,40.0,172,0.0,75,0,1,1,54.2,8,15,1,16.0,20,1,0,10,0,0,15,0,0,10,1,0,10,1,6.0,10,1,0,10,1,,
2026-08-12,178320,서진시스템,40.0,173,0.0,75,0,1,1,45.5,4,15,1,20.0,20,1,0,10,0,0,15,0,0,10,1,0,10,1,6.0,10,1,0,10,1,,
2026-08-12,033160,엠케이전자,40.0,174,0.0,75,0,1,1,53.8,4,15,1,20.0,20,1,0,10,0,0,15,0,0,10,1,0,10,1,6.0,10,1,0,10,1,,
2026-08-12,028670,팬오션,40.0,175,0.0,85,1,1,1,58.6,4,15,1,6.0,20,1,10,10,1,0,15,0,4,10,1,0,10,1,10.0,10,1,0,10,1,,
2026-08-12,327260,RF머트리얼즈,40.0,176,0.0,75,0,1,1,50.2,4,15,1,20.0,20,1,0,10,0,0,15,0,0,10,1,0,10,1,6.0,10,1,0,10,1,,
2026-08-12,064290,인텍플러스,40.0,177,0.0,75,0,1,1,49.6,4,15,1,20.0,20,1,0,10,0,0,15,0,0,10,1,0,10,1,6.0,10,1,0,10,1,,
2026-08-12,097230,HJ중공업,40.0,178,0.0,75,0,1,1,54.9,4,15,1,20.0,20,1,0,10,0,0,15,0,0,10,1,0,10,1,6.0,10,1,0,10,1,,
2026-08-12,096530,씨젠,40.0,179,0.0,85,0,1,1,64.4,0,15,1,20.0,20,1,1,10,1,0,15,0,7,10,1,0,10,1,6.0,10,1,0,10,1,,
2026-08-12,005690,파미셀,40.0,180,0.0,85,0,1,1,53.6,0,15,1,20.0,20,1,8,10,1,0,15,0,0,10,1,0,10,1,6.0,10,1,0,10,1,,
2026-08-12,355150,코스텍시스,40.0,181,0.0,75,0,1,1,51.7,0,15,1,20.0,20,1,0,10,0,0,15,0,0,10,1,4,10,1,6.0,10,1,0,10,1,,
2026-08-12,294870,IPARK현대산업개발,39.9,182,0.0,85,1,1,1,59.0,0,15,1,9.9,20,1,10,10,1,0,15,0,4,10,1,0,10,1,10.0,10,1,0,10,1,,
2026-08-12,055550,신한지주,39.8,183,0.0,85,1,1,0,50.3,8,15,1,4.8,20,1,10,10,1,0,15,0,4,10,1,0,10,1,7.0,10,1,0,10,1,,
2026-08-12,086790,하나금융지주,39.5,184,0.0,85,1,0,1,50.5,8,15,1,4.6,20,1,10,10,1,0,15,0,4,10,1,0,10,1,7.0,10,1,0,10,1,,
2026-08-12,018260,삼성에스디에스,39.3,185,0.0,75,0,1,1,60.9,8,15,1,5.5,20,1,0,10,0,0,15,0,0,10,1,0,10,1,6.0,10,1,10,10,1,,
2026-08-12,058610,에스피지,39.3,186,0.0,85,0,1,1,63.3,8,15,1,6.4,20,1,3,10,1,0,15,0,0,10,1,0,10,1,6.0,10,1,10,10,1,,
2026-08-12,126340,비나텍,39.1,187,0.0,85,0,1,1,50.2,0,15,1,17.2,20,1,10,10,1,0,15,0,0,10,1,0,10,1,6.0,10,1,0,10,1,,
2026-08-12,007340,DN오토모티브,38.9,188,0.0,85,1,1,1,62.8,4,15,1,5.1,20,1,10,10,1,0,15,0,4,10,1,0,10,1,10.0,10,1,0,10,1,,
2026-08-12,280360,롯데웰푸드,38.9,189,0.0,85,1,1,1,64.8,0,15,1,9.1,20,1,10,10,1,0,15,0,4,10,1,0,10,1,10.0,10,1,0,10,1,,
2026-08-12,067310,하나마이크론,38.8,190,0.0,75,0,1,1,50.7,4,15,1,12.1,20,1,0,10,0,0,15,0,0,10,1,0,10,1,6.0,10,1,7,10,1,,
2026-08-12,001260,남광토건,38.8,191,0.0,85,0,1,1,55.4,0,15,1,7.0,20,1,10,10,1,0,15,0,0,10,1,10,10,1,6.0,10,1,0,10,1,,
2026-08-12,025900,동화기업,38.7,192,0.0,75,0,1,1,68.0,0,15,1,16.0,20,1,0,10,0,0,15,0,0,10,1,7,10,1,6.0,10,1,0,10,1,,
2026-08-12,051910,LG화학,38.6,193,0.0,85,0,1,1,52.9,4,15,1,14.8,20,1,1,10,1,0,15,0,0,10,1,0,10,1,6.0,10,1,7,10,1,,
2026-08-12,085910,네오티스,38.3,194,0.0,75,0,1,1,63.9,4,15,1,11.7,20,1,0,10,0,0,15,0,0,10,1,7,10,1,6.0,10,1,0,10,1,,
2026-08-12,077500,유니퀘스트,38.1,195,0.0,85,0,1,1,68.3,0,15,1,4.4,20,1,8,10,1,0,15,0,4,10,1,10,10,1,6.0,10,1,0,10,1,,
2026-08-12,095610,테스,37.6,196,0.0,85,0,1,1,50.2,8,15,1,8.0,20,1,3,10,1,0,15,0,0,10,1,0,10,1,6.0,10,1,7,10,1,,
2026-08-12,120110,코오롱인더,37.6,197,0.0,85,0,1,1,50.8,4,15,1,12.0,20,1,10,10,1,0,15,0,0,10,1,0,10,1,6.0,10,1,0,10,1,,
2026-08-12,189300,인텔리안테크,37.6,198,0.0,85,0,1,1,54.3,0,15,1,16.0,20,1,10,10,1,0,15,0,0,10,1,0,10,1,6.0,10,1,0,10,1,,
2026-08-12,272210,한화시스템,37.5,199,0.0,85,0,1,1,55.2,4,15,1,9.9,20,1,10,10,1,0,15,0,0,10,1,0,10,1,6.0,10,1,2,10,1,,
2026-08-12,009155,삼성전기우,37.5,200,0.0,85,0,1,1,48.2,4,15,1,9.9,20,1,10,10,1,0,15,0,0,10,1,0,10,1,6.0,10,1,2,10,1,,
2026-08-13,332570,PS일렉트로닉스,72.9,1,0.0,85,0,1,1,69.2,12,15,1,20.0,20,1,10,10,1,0,15,0,0,10,1,10,10,1,6.0,10,1,4,10,1,,
2026-08-13,181710,NHN,72.3,2,5.0,75,1,1,1,80.9,4,15,1,20.0,20,1,0,10,0,0,15,0,10,10,1,10,10,1,10.0,10,1,4,10,1,,
2026-08-13,005930,삼성전자,71.8,3,0.0,85,0,1,1,53.5,15,15,1,20.0,20,1,10,10,1,0,15,0,0,10,1,0,10,1,6.0,10,1,10,10,1,,
2026-08-13,005935,삼성전자우,71.8,4,0.0,85,0,1,1,52.8,15,15,1,20.0,20,1,10,10,1,0,15,0,0,10,1,0,10,1,6.0,10,1,10,10,1,,
2026-08-13,078930,GS,70.2,5,0.0,85,1,1,1,71.0,8,15,1,7.7,20,1,10,10,1,0,15,0,10,10,1,4,10,1,10.0,10,1,10,10,1,,
2026-08-13,043260,성호전자,68.2,6,0.0,85,0,1,1,52.7,8,15,1,20.0,20,1,10,10,1,0,15,0,0,10,1,7,10,1,6.0,10,1,7,10,1,,
2026-08-13,000660,SK하이닉스,68.0,7,0.0,75,0,1,1,45.6,15,15,1,20.0,20,1,0,10,0,0,15,0,0,10,1,0,10,1,6.0,10,1,10,10,1,,
2026-08-13,402340,SK스퀘어,68.0,8,0.0,75,0,1,1,50.0,15,15,1,20.0,20,1,0,10,0,0,15,0,0,10,1,0,10,1,6.0,10,1,10,10,1,,
2026-08-13,080220,제주반도체,66.6,9,0.0,85,0,1,1,55.9,12,15,1,18.6,20,1,10,10,1,0,15,0,0,10,1,0,10,1,6.0,10,1,10,10,1,,
2026-08-13,096770,SK이노베이션,65.9,10,0.0,85,1,1,0,56.6,8,15,1,20.0,20,1,10,10,1,0,15,0,4,10,1,0,10,1,7.0,10,1,7,10,1,,
2026-08-13,006910,보성파워텍,65.9,11,0.0,85,0,1,1,60.6,8,15,1,20.0,20,1,10,10,1,0,15,0,0,10,1,10,10,1,6.0,10,1,2,10,1,,
2026-08-13,214450,파마리서치,65.5,12,0.0,85,1,1,1,64.1,8,15,1,7.7,20,1,10,10,1,0,15,0,10,10,1,0,10,1,10.0,10,1,10,10,1,,
2026-08-13,010950,S-Oil,64.7,13,0.0,85,1,1,1,58.9,4,15,1,20.0,20,1,10,10,1,0,15,0,4,10,1,0,10,1,10.0,10,1,7,10,1,,
2026-08-13,196170,알테오젠,64.0,14,0.0,75,0,1,1,50.8,12,15,1,20.0,20,1,0,10,0,0,15,0,0,10,1,0,10,1,6.0,10,1,10,10,1,,
2026-08-13,009830,한화솔루션,64.0,15,0.0,75,0,1,1,63.6,12,15,1,20.0,20,1,0,10,0,0,15,0,0,10,1,0,10,1,6.0,10,1,10,10,1,,
2026-08-13,153890,져스텍,64.0,16,0.0,75,0,1,1,61.8,8,15,1,20.0,20,1,0,10,0,0,15,0,0,10,1,10,10,1,6.0,10,1,4,10,1,,
2026-08-13,006400,삼성SDI,63.5,17,0.0,85,0,1,1,57.7,8,15,1,20.0,20,1,10,10,1,0,15,0,0,10,1,0,10,1,6.0,10,1,10,10,1,,
2026-08-13,010060,OCI홀딩스,63.5,18,0.0,85,0,1,1,60.5,8,15,1,20.0,20,1,10,10,1,0,15,0,0,10,1,0,10,1,6.0,10,1,10,10,1,,
2026-08-13,353200,대덕전자,63.5,19,0.0,85,0,1,1,51.2,8,15,1,20.0,20,1,10,10,1,0,15,0,0,10,1,0,10,1,6.0,10,1,10,10,1,,
2026-08-13,042660,한화오션,63.5,20,0.0,85,0,1,1,50.6,8,15,1,20.0,20,1,10,10,1,0,15,0,0,10,1,0,10,1,6.0,10,1,10,10,1,,
2026-08-13,317400,자이에스앤디,63.5,21,0.0,85,1,1,1,72.9,4,15,1,20.0,20,1,10,10,1,0,15,0,10,10,1,0,10,1,10.0,10,1,0,10,1,,
2026-08-13,161890,한국콜마,62.0,22,0.0,85,1,1,1,76.1,12,15,1,5.7,20,1,1,10,1,0,15,0,10,10,1,10,10,1,10.0,10,1,4,10,1,,
2026-08-13,278470,에이피알,61.9,23,0.0,85,0,1,1,60.5,8,15,1,14.6,20,1,10,10,1,0,15,0,4,10,1,0,10,1,6.0,10,1,10,10,1,,
2026-08-13,119850,지엔씨에너지,61.5,24,0.0,75,1,1,1,68.5,8,15,1,8.1,20,1,0,10,0,0,15,0,10,10,1,0,10,1,10.0,10,1,10,10,1,,
2026-08-13,068270,셀트리온,60.4,25,0.0,85,1,1,1,63.9,8,15,1,11.3,20,1,8,10,1,0,15,0,4,10,1,0,10,1,10.0,10,1,10,10,1,,
2026-08-13,263800,데이타솔루션,60.0,26,0.0,85,1,1,1,55.3,4,15,1,20.0,20,1,10,10,1,0,15,0,0,10,1,7,10,1,10.0,10,1,0,10,1,,
2026-08-13,052460,아이크래프트,60.0,27,0.0,85,1,1,1,70.6,4,15,1,20.0,20,1,10,10,1,0,15,0,7,10,1,0,10,1,10.0,10,1,0,10,1,,
2026-08-13,009150,삼성전기,59.9,28,0.0,85,0,1,1,56.1,15,15,1,9.9,20,1,10,10,1,0,15,0,0,10,1,0,10,1,6.0,10,1,10,10,1,,
2026-08-13,006360,GS건설,59.7,29,0.0,75,1,1,1,62.9,8,15,1,6.8,20,1,0,10,0,0,15,0,10,10,1,0,10,1,10.0,10,1,10,10,1,,
2026-08-13,012450,한화에어로스페이스,59.1,30,0.0,85,0,1,1,63.7,12,15,1,8.2,20,1,10,10,1,0,15,0,4,10,1,0,10,1,6.0,10,1,10,10,1,,
2026-08-13,240810,원익IPS,58.7,31,0.0,75,0,1,1,55.4,8,15,1,20.0,20,1,0,10,0,0,15,0,0,10,1,0,10,1,6.0,10,1,10,10,1,,
2026-08-13,373220,LG에너지솔루션,58.7,32,0.0,75,0,1,1,57.2,8,15,1,20.0,20,1,0,10,0,0,15,0,0,10,1,0,10,1,6.0,10,1,10,10,1,,
2026-08-13,222800,심텍,58.7,33,0.0,75,0,1,1,51.6,8,15,1,20.0,20,1,0,10,0,0,15,0,0,10,1,0,10,1,6.0,10,1,10,10,1,,
2026-08-13,034730,SK,58.7,34,0.0,75,0,1,1,48.1,8,15,1,20.0,20,1,0,10,0,0,15,0,0,10,1,0,10,1,6.0,10,1,10,10,1,,
2026-08-13,108490,로보티즈,58.7,35,0.0,75,0,1,1,59.9,8,15,1,20.0,20,1,0,10,0,0,15,0,0,10,1,0,10,1,6.0,10,1,10,10,1,,
2026-08-13,002990,금호건설,58.5,36,0.0,85,0,1,1,64.0,15,15,1,10.7,20,1,1,10,1,0,15,0,0,10,1,10,10,1,6.0,10,1,7,10,1,,
2026-08-13,036930,주성엔지니어링,58.2,37,0.0,85,0,1,1,56.8,12,15,1,11.5,20,1,10,10,1,0,15,0,0,10,1,0,10,1,6.0,10,1,10,10,1,,
2026-08-13,144960,뉴파워프라즈마,58.2,38,0.0,85,1,1,1,65.5,4,15,1,11.5,20,1,10,10,1,0,15,0,10,10,1,4,10,1,10.0,10,1,0,10,1,,
2026-08-13,047040,대우건설,57.4,39,0.0,85,0,1,1,58.4,8,15,1,14.8,20,1,10,10,1,0,15,0,0,10,1,0,10,1,6.0,10,1,10,10,1,,
2026-08-13,005090,SGC에너지,57.4,40,0.0,85,1,1,1,67.8,4,15,1,7.8,20,1,10,10,1,0,15,0,10,10,1,7,10,1,10.0,10,1,0,10,1,,
2026-08-13,006800,미래에셋증권,57.3,41,0.0,85,0,1,1,50.4,8,15,1,10.7,20,1,10,10,1,0,15,0,0,10,1,7,10,1,6.0,10,1,7,10,1,,
2026-08-13,265740,엔에프씨,57.3,42,0.0,85,1,1,1,58.0,0,15,1,18.7,20,1,10,10,1,0,15,0,0,10,1,10,10,1,10.0,10,1,0,10,1,,
2026-08-13,100790,미래에셋벤처투자,57.2,43,0.0,85,0,1,1,52.5,8,15,1,10.6,20,1,10,10,1,0,15,0,0,10,1,10,10,1,6.0,10,1,4,10,1,,
2026-08-13,009540,HD한국조선해양,56.7,44,0.0,85,0,1,0,48.9,8,15,1,13.2,20,1,10,10,1,0,15,0,0,10,1,4,10,1,3.0,10,1,10,10,1,,
2026-08-13,352820,하이브,56.5,45,0.0,85,0,1,0,40.4,8,15,1,20.0,20,1,10,10,1,0,15,0,0,10,1,0,10,1,3.0,10,1,7,10,1,,
2026-08-13,419050,삼기에너지솔루션즈,56.4,46,0.0,85,0,1,1,66.2,4,15,1,13.9,20,1,10,10,1,0,15,0,4,10,1,10,10,1,6.0,10,1,0,10,1,,
2026-08-13,382800,지앤비에스 에코,56.2,47,0.0,85,0,1,1,67.9,4,15,1,17.8,20,1,10,10,1,0,15,0,0,10,1,10,10,1,6.0,10,1,0,10,1,,
2026-08-13,093190,빅솔론,56.1,48,0.0,85,1,1,1,69.4,0,15,1,7.7,20,1,10,10,1,0,15,0,10,10,1,10,10,1,10.0,10,1,0,10,1,,
2026-08-13,257720,실리콘투,56.0,49,0.0,85,1,1,1,57.0,8,15,1,6.6,20,1,10,10,1,0,15,0,4,10,1,7,10,1,10.0,10,1,2,10,1,,
2026-08-13,093370,후성,56.0,50,0.0,75,0,1,1,54.6,8,15,1,20.0,20,1,0,10,0,0,15,0,0,10,1,4,10,1,6.0,10,1,4,10,1,,
2026-08-13,003350,한국화장품제조,55.6,51,0.0,85,1,1,1,75.1,4,15,1,5.3,20,1,10,10,1,0,15,0,4,10,1,10,10,1,10.0,10,1,4,10,1,,
2026-08-13,091590,남화토건,55.3,52,0.0,75,0,1,1,56.2,4,15,1,19.5,20,1,0,10,0,0,15,0,0,10,1,10,10,1,6.0,10,1,2,10,1,,
2026-08-13,077360,덕산하이메탈,55.3,53,0.0,85,0,1,1,54.5,4,15,1,20.0,20,1,10,10,1,0,15,0,0,10,1,7,10,1,6.0,10,1,0,10,1,,
2026-08-13,044490,태웅,55.3,54,0.0,85,0,1,1,66.0,4,15,1,20.0,20,1,10,10,1,0,15,0,0,10,1,7,10,1,6.0,10,1,0,10,1,,
2026-08-13,011070,LG이노텍,55.1,55,0.0,85,0,1,1,48.4,12,15,1,8.8,20,1,10,10,1,0,15,0,0,10,1,0,10,1,6.0,10,1,10,10,1,,
2026-08-13,241710,코스메카코리아,55.0,56,5.0,85,1,1,1,79.3,4,15,1,6.0,20,1,10,10,1,0,15,0,10,10,1,7,10,1,10.0,10,1,4,10,1,,
2026-08-13,066570,LG전자,54.8,57,0.0,85,0,1,1,60.0,12,15,1,8.6,20,1,10,10,1,0,15,0,0,10,1,0,10,1,6.0,10,1,10,10,1,,
2026-08-13,017670,SK텔레콤,54.6,58,0.0,85,0,1,1,53.2,12,15,1,8.4,20,1,10,10,1,0,15,0,0,10,1,0,10,1,6.0,10,1,10,10,1,,
2026-08-13,060370,LS마린솔루션,54.4,59,0.0,85,0,1,1,63.9,4,15,1,15.2,20,1,10,10,1,0,15,0,4,10,1,7,10,1,6.0,10,1,0,10,1,,
2026-08-13,131970,두산테스나,54.1,60,0.0,85,0,1,1,51.1,4,15,1,20.0,20,1,10,10,1,0,15,0,0,10,1,4,10,1,6.0,10,1,2,10,1,,
2026-08-13,425420,티에프이,54.1,61,0.0,85,0,1,1,56.7,0,15,1,20.0,20,1,10,10,1,0,15,0,0,10,1,10,10,1,6.0,10,1,0,10,1,,
2026-08-13,005490,POSCO홀딩스,53.8,62,0.0,85,0,1,1,51.7,8,15,1,7.7,20,1,10,10,1,0,15,0,0,10,1,4,10,1,6.0,10,1,10,10,1,,
2026-08-13,047810,한국항공우주,53.3,63,0.0,85,0,1,1,53.5,8,15,1,7.3,20,1,10,10,1,0,15,0,0,10,1,4,10,1,6.0,10,1,10,10,1,,
2026-08-13,086520,에코프로,53.2,64,0.0,85,0,1,1,55.5,8,15,1,13.2,20,1,8,10,1,0,15,0,0,10,1,0,10,1,6.0,10,1,10,10,1,,
2026-08-13,042700,한미반도체,52.7,65,0.0,85,0,1,1,53.1,12,15,1,6.8,20,1,10,10,1,0,15,0,0,10,1,0,10,1,6.0,10,1,10,10,1,,
2026-08-13,073240,금호타이어,52.6,66,0.0,85,1,1,1,64.2,8,15,1,4.7,20,1,5,10,1,0,15,0,10,10,1,7,10,1,10.0,10,1,0,10,1,,
2026-08-13,329180,HD현대중공업,51.9,67,0.0,85,0,1,0,47.7,12,15,1,14.1,20,1,1,10,1,0,15,0,0,10,1,4,10,1,3.0,10,1,10,10,1,,
2026-08-13,003670,포스코퓨처엠,51.8,68,0.0,85,0,1,1,57.0,8,15,1,20.0,20,1,3,10,1,0,15,0,0,10,1,0,10,1,6.0,10,1,7,10,1,,
2026-08-13,098460,고영,51.8,69,0.0,85,0,1,1,57.0,4,15,1,20.0,20,1,10,10,1,0,15,0,0,10,1,0,10,1,6.0,10,1,4,10,1,,
2026-08-13,263750,펄어비스,51.8,70,0.0,85,0,1,0,38.4,4,15,1,20.0,20,1,10,10,1,0,15,0,0,10,1,7,10,1,3.0,10,1,0,10,1,,
2026-08-13,298040,효성중공업,51.4,71,0.0,85,0,1,1,54.8,8,15,1,9.7,20,1,10,10,1,0,15,0,0,10,1,0,10,1,6.0,10,1,10,10,1,,
2026-08-13,000490,대동,51.4,72,0.0,85,0,1,1,70.9,8,15,1,7.7,20,1,10,10,1,0,15,0,0,10,1,10,10,1,6.0,10,1,2,10,1,,
2026-08-13,175330,JB금융지주,51.1,73,0.0,85,1,1,1,59.9,4,15,1,4.4,20,1,8,10,1,0,15,0,10,10,1,7,10,1,10.0,10,1,0,10,1,,
2026-08-13,192820,코스맥스,51.0,74,5.0,85,1,1,1,82.0,8,15,1,5.6,20,1,8,10,1,0,15,0,7,10,1,7,10,1,10.0,10,1,2,10,1,,
2026-08-13,475150,SK이터닉스,50.9,75,0.0,85,0,0,1,54.6,15,15,1,5.3,20,1,10,10,1,0,15,0,0,10,1,0,10,1,3.0,10,1,10,10,1,,
2026-08-13,207940,삼성바이오로직스,50.6,76,0.0,85,1,1,1,58.8,8,15,1,7.0,20,1,1,10,1,0,15,0,7,10,1,0,10,1,10.0,10,1,10,10,1,,
2026-08-13,277810,레인보우로보틱스,50.5,77,0.0,75,0,1,1,54.1,4,15,1,17.9,20,1,0,10,0,0,15,0,0,10,1,0,10,1,6.0,10,1,10,10,1,,
2026-08-13,051900,LG생활건강,50.0,78,0.0,85,1,1,1,61.2,4,15,1,10.5,20,1,10,10,1,0,15,0,4,10,1,0,10,1,10.0,10,1,4,10,1,,
2026-08-13,032830,삼성생명,49.9,79,0.0,85,0,1,0,45.2,12,15,1,7.4,20,1,10,10,1,0,15,0,0,10,1,0,10,1,3.0,10,1,10,10,1,,
2026-08-13,001440,대한전선,49.5,80,0.0,85,0,1,1,52.8,8,15,1,8.1,20,1,10,10,1,0,15,0,0,10,1,0,10,1,6.0,10,1,10,10,1,,
2026-08-13,000720,현대건설,49.5,81,0.0,85,0,1,1,55.9,4,15,1,12.1,20,1,10,10,1,0,15,0,0,10,1,0,10,1,6.0,10,1,10,10,1,,
2026-08-13,267270,HD건설기계,49.4,82,0.0,85,0,1,1,55.1,4,15,1,20.0,20,1,10,10,1,0,15,0,0,10,1,0,10,1,6.0,10,1,2,10,1,,
2026-08-13,009420,한올바이오파마,49.4,83,0.0,85,0,1,1,61.9,4,15,1,20.0,20,1,8,10,1,0,15,0,0,10,1,4,10,1,6.0,10,1,0,10,1,,
2026-08-13,356860,티엘비,49.4,84,0.0,85,0,1,1,39.5,4,15,1,20.0,20,1,8,10,1,0,15,0,0,10,1,4,10,1,6.0,10,1,0,10,1,,
2026-08-13,218410,RFHIC,49.4,85,0.0,85,0,1,1,53.6,4,15,1,20.0,20,1,10,10,1,0,15,0,0,10,1,0,10,1,6.0,10,1,2,10,1,,
2026-08-13,033160,엠케이전자,49.3,86,0.0,75,0,1,1,52.5,4,15,1,20.0,20,1,0,10,0,0,15,0,0,10,1,7,10,1,6.0,10,1,0,10,1,,
2026-08-13,247540,에코프로비엠,49.3,87,0.0,75,0,1,1,50.0,4,15,1,20.0,20,1,0,10,0,0,15,0,0,10,1,0,10,1,6.0,10,1,7,10,1,,
2026-08-13,417840,저스템,49.3,88,0.0,75,0,1,1,58.5,4,15,1,20.0,20,1,0,10,0,0,15,0,0,10,1,7,10,1,6.0,10,1,0,10,1,,
2026-08-13,089970,브이엠,49.3,89,0.0,75,0,1,1,45.8,4,15,1,20.0,20,1,0,10,0,0,15,0,0,10,1,0,10,1,6.0,10,1,7,10,1,,
2026-08-13,204270,제이앤티씨,49.2,90,0.0,85,0,1,1,60.1,4,15,1,14.8,20,1,10,10,1,0,15,0,0,10,1,7,10,1,6.0,10,1,0,10,1,,
2026-08-13,483650,달바글로벌,49.1,91,0.0,85,1,1,0,50.5,8,15,1,7.7,20,1,10,10,1,0,15,0,0,10,1,7,10,1,7.0,10,1,2,10,1,,
2026-08-13,010120,LS ELECTRIC,48.9,92,0.0,85,0,1,1,54.0,8,15,1,7.6,20,1,10,10,1,0,15,0,0,10,1,0,10,1,6.0,10,1,10,10,1,,
2026-08-13,088350,한화생명,48.7,93,0.0,85,0,1,1,62.8,8,15,1,5.4,20,1,10,10,1,0,15,0,0,10,1,10,10,1,6.0,10,1,2,10,1,,
2026-08-13,458870,씨어스,48.5,94,0.0,75,0,1,0,42.0,4,15,1,19.4,20,1,0,10,0,0,15,0,0,10,1,10,10,1,3.0,10,1,0,10,1,,
2026-08-13,126340,비나텍,48.5,95,0.0,85,0,1,1,54.8,4,15,1,17.2,20,1,10,10,1,0,15,0,0,10,1,4,10,1,6.0,10,1,0,10,1,,
2026-08-13,382900,범한퓨얼셀,48.0,96,0.0,75,0,1,1,57.8,0,15,1,20.0,20,1,0,10,0,0,15,0,0,10,1,10,10,1,6.0,10,1,0,10,1,,
2026-08-13,267260,HD현대일렉트릭,47.8,97,0.0,85,0,1,1,49.6,8,15,1,6.6,20,1,10,10,1,0,15,0,0,10,1,0,10,1,6.0,10,1,10,10,1,,
2026-08-13,007660,이수페타시스,47.5,98,0.0,85,0,1,1,54.9,8,15,1,9.4,20,1,10,10,1,0,15,0,0,10,1,0,10,1,6.0,10,1,7,10,1,,
2026-08-13,079550,LIG디펜스앤에어로스페이스,47.4,99,0.0,85,0,1,1,57.1,8,15,1,6.3,20,1,10,10,1,0,15,0,0,10,1,0,10,1,6.0,10,1,10,10,1,,
2026-08-13,090460,비에이치,47.3,100,0.0,85,0,1,1,56.8,4,15,1,8.2,20,1,10,10,1,0,15,0,0,10,1,10,10,1,6.0,10,1,2,10,1,,
2026-08-13,008770,호텔신라,47.1,101,0.0,85,0,1,1,41.4,4,15,1,20.0,20,1,10,10,1,0,15,0,0,10,1,0,10,1,6.0,10,1,0,10,1,,
2026-08-13,420770,기가비스,47.1,102,0.0,85,0,1,1,46.1,4,15,1,20.0,20,1,10,10,1,0,15,0,0,10,1,0,10,1,6.0,10,1,0,10,1,,
2026-08-13,122870,와이지엔터테인먼트,47.1,103,0.0,85,0,1,1,45.9,4,15,1,20.0,20,1,3,10,1,0,15,0,0,10,1,7,10,1,6.0,10,1,0,10,1,,
2026-08-13,080580,오킨스전자,47.1,104,0.0,85,0,1,1,61.4,0,15,1,20.0,20,1,10,10,1,0,15,0,0,10,1,4,10,1,6.0,10,1,0,10,1,,
2026-08-13,126640,화신정공,47.1,105,0.0,85,1,1,1,52.9,0,15,1,20.0,20,1,10,10,1,0,15,0,0,10,1,0,10,1,10.0,10,1,0,10,1,,
2026-08-13,061090,세나테크놀로지,46.9,106,0.0,85,1,1,1,56.3,0,15,1,11.9,20,1,10,10,1,0,15,0,4,10,1,4,10,1,10.0,10,1,0,10,1,,
2026-08-13,002900,TYM,46.9,107,0.0,85,0,1,1,61.4,0,15,1,19.9,20,1,10,10,1,0,15,0,0,10,1,4,10,1,6.0,10,1,0,10,1,,
2026-08-13,001820,삼화콘덴서,46.7,108,0.0,75,0,1,1,58.7,15,15,1,4.0,20,1,0,10,0,0,15,0,0,10,1,10,10,1,6.0,10,1,0,10,1,,
2026-08-13,028050,삼성E&A,46.2,109,0.0,85,0,1,1,56.5,8,15,1,5.3,20,1,10,10,1,0,15,0,0,10,1,0,10,1,6.0,10,1,10,10,1,,
2026-08-13,035720,카카오,46.0,110,0.0,75,0,1,1,61.5,8,15,1,6.5,20,1,0,10,0,0,15,0,4,10,1,0,10,1,6.0,10,1,10,10,1,,
2026-08-13,007340,DN오토모티브,46.0,111,0.0,85,1,1,1,67.3,4,15,1,5.1,20,1,10,10,1,0,15,0,10,10,1,0,10,1,10.0,10,1,0,10,1,,
2026-08-13,036570,NC,45.9,112,0.0,85,0,1,0,52.0,4,15,1,20.0,20,1,10,10,1,0,15,0,0,10,1,0,10,1,3.0,10,1,2,10,1,,
2026-08-13,015760,한국전력,45.7,113,0.0,75,0,1,0,39.6,12,15,1,7.3,20,1,0,10,0,0,15,0,0,10,1,10,10,1,3.0,10,1,2,10,1,,
2026-08-13,034220,LG디스플레이,45.7,114,0.0,75,0,1,1,47.7,8,15,1,14.3,20,1,0,10,0,0,15,0,0,10,1,4,10,1,6.0,10,1,2,10,1,,
2026-08-13,003230,삼양식품,45.6,115,0.0,85,1,1,0,52.4,8,15,1,6.8,20,1,10,10,1,0,15,0,0,10,1,0,10,1,7.0,10,1,7,10,1,,
2026-08-13,166090,하나머티리얼즈,45.6,116,0.0,85,0,1,1,54.5,4,15,1,8.8,20,1,10,10,1,0,15,0,0,10,1,10,10,1,6.0,10,1,0,10,1,,
2026-08-13,056190,SFA,45.6,117,0.0,85,0,1,1,62.7,0,15,1,18.8,20,1,10,10,1,0,15,0,0,10,1,4,10,1,6.0,10,1,0,10,1,,
2026-08-13,039030,이오테크닉스,45.3,118,0.0,85,0,1,1,55.8,8,15,1,12.5,20,1,10,10,1,0,15,0,0,10,1,0,10,1,6.0,10,1,2,10,1,,
2026-08-13,322000,HD현대에너지솔루션,45.3,119,0.0,75,0,1,0,48.7,4,15,1,20.0,20,1,0,10,0,0,15,0,0,10,1,0,10,1,3.0,10,1,7,10,1,,
2026-08-13,139480,이마트,45.3,120,0.0,75,0,1,0,42.4,4,15,1,20.0,20,1,0,10,0,0,15,0,0,10,1,7,10,1,3.0,10,1,0,10,1,,
2026-08-13,002680,한탑,45.3,121,0.0,75,0,1,1,77.2,4,15,1,4.0,20,1,0,10,0,0,15,0,10,10,1,10,10,1,6.0,10,1,0,10,1,,
2026-08-13,123330,제닉,45.3,122,0.0,75,1,1,1,61.1,4,15,1,12.0,20,1,0,10,0,0,15,0,4,10,1,4,10,1,10.0,10,1,0,10,1,,
2026-08-13,481070,에이유브랜즈,45.3,123,0.0,75,1,1,1,72.1,0,15,1,4.0,20,1,0,10,0,0,15,0,10,10,1,10,10,1,10.0,10,1,0,10,1,,
2026-08-13,222040,코스맥스엔비티,45.3,124,0.0,75,1,1,1,62.8,0,15,1,20.0,20,1,0,10,0,0,15,0,4,10,1,0,10,1,10.0,10,1,0,10,1,,
2026-08-13,219130,타이거일렉,45.3,125,0.0,75,1,1,1,60.4,0,15,1,20.0,20,1,0,10,0,0,15,0,4,10,1,0,10,1,10.0,10,1,0,10,1,,
2026-08-13,388050,지투파워,45.2,126,0.0,85,0,1,1,72.6,8,15,1,11.4,20,1,1,10,1,0,15,0,0,10,1,10,10,1,6.0,10,1,2,10,1,,
2026-08-13,403870,HPSP,45.1,127,0.0,85,0,1,1,53.3,8,15,1,6.3,20,1,8,10,1,0,15,0,0,10,1,0,10,1,6.0,10,1,10,10,1,,
2026-08-13,489460,바이오비쥬,44.9,128,5.0,85,1,1,1,84.5,0,15,1,12.4,20,1,10,10,1,0,15,0,10,10,1,0,10,1,10.0,10,1,0,10,1,,
2026-08-13,072950,빛샘전자,44.8,129,0.0,85,0,1,1,67.1,4,15,1,8.1,20,1,10,10,1,0,15,0,0,10,1,10,10,1,6.0,10,1,0,10,1,,
2026-08-13,096530,씨젠,44.7,130,0.0,85,0,1,1,64.0,4,15,1,20.0,20,1,1,10,1,0,15,0,7,10,1,0,10,1,6.0,10,1,0,10,1,,
2026-08-13,003540,대신증권,44.6,131,0.0,85,0,1,1,52.3,0,15,1,17.9,20,1,10,10,1,0,15,0,0,10,1,4,10,1,6.0,10,1,0,10,1,,
2026-08-13,067310,하나마이크론,44.1,132,0.0,75,0,1,1,53.0,8,15,1,12.1,20,1,0,10,0,0,15,0,0,10,1,0,10,1,6.0,10,1,7,10,1,,
2026-08-13,251970,펌텍코리아,44.0,133,0.0,85,1,1,1,63.8,4,15,1,5.4,20,1,10,10,1,0,15,0,4,10,1,4,10,1,10.0,10,1,0,10,1,,
2026-08-13,347700,스피어,43.9,134,0.0,75,0,1,1,60.8,4,15,1,15.9,20,1,0,10,0,0,15,0,0,10,1,0,10,1,6.0,10,1,7,10,1,,
2026-08-13,010780,아이에스동서,43.9,135,0.0,85,0,1,0,39.1,0,15,1,14.3,20,1,10,10,1,0,15,0,0,10,1,10,10,1,3.0,10,1,0,10,1,,
2026-08-13,083650,비에이치아이,43.6,136,0.0,85,0,1,1,58.8,4,15,1,17.1,20,1,10,10,1,0,15,0,0,10,1,0,10,1,6.0,10,1,0,10,1,,
2026-08-13,280360,롯데웰푸드,43.6,137,0.0,85,1,1,1,60.2,0,15,1,9.1,20,1,10,10,1,0,15,0,4,10,1,4,10,1,10.0,10,1,0,10,1,,
2026-08-13,094820,일진파워,43.6,138,0.0,85,0,1,1,60.9,0,15,1,11.1,20,1,10,10,1,0,15,0,0,10,1,10,10,1,6.0,10,1,0,10,1,,
2026-08-13,316140,우리금융지주,43.5,139,0.0,85,1,1,1,55.8,8,15,1,5.0,20,1,10,10,1,0,15,0,4,10,1,0,10,1,10.0,10,1,0,10,1,,
2026-08-13,290650,엘앤씨바이오,43.5,140,0.0,85,0,1,0,40.9,4,15,1,20.0,20,1,10,10,1,0,15,0,0,10,1,0,10,1,3.0,10,1,0,10,1,,
2026-08-13,055550,신한지주,43.3,141,0.0,85,1,1,1,55.1,8,15,1,4.8,20,1,10,10,1,0,15,0,4,10,1,0,10,1,10.0,10,1,0,10,1,,
2026-08-13,469610,이노테크,43.2,142,0.0,85,0,1,1,69.3,4,15,1,6.7,20,1,10,10,1,0,15,0,0,10,1,10,10,1,6.0,10,1,0,10,1,,
2026-08-13,319660,피에스케이,42.9,143,0.0,85,0,1,1,47.2,4,15,1,9.5,20,1,10,10,1,0,15,0,0,10,1,0,10,1,6.0,10,1,7,10,1,,
2026-08-13,006040,동원산업,42.8,144,0.0,85,1,1,1,58.8,0,15,1,4.4,20,1,8,10,1,0,15,0,7,10,1,7,10,1,10.0,10,1,0,10,1,,
2026-08-13,089030,테크윙,42.7,145,0.0,75,0,1,1,54.3,4,15,1,20.0,20,1,0,10,0,0,15,0,0,10,1,0,10,1,6.0,10,1,2,10,1,,
2026-08-13,027360,아주IB투자,42.6,146,0.0,85,0,1,1,57.2,4,15,1,6.2,20,1,10,10,1,0,15,0,0,10,1,10,10,1,6.0,10,1,0,10,1,,
2026-08-13,010140,삼성중공업,42.4,147,0.0,75,0,1,1,48.3,8,15,1,7.8,20,1,0,10,0,0,15,0,0,10,1,0,10,1,6.0,10,1,10,10,1,,
2026-08-13,000150,두산,42.4,148,0.0,75,0,1,1,51.1,8,15,1,7.8,20,1,0,10,0,0,15,0,0,10,1,0,10,1,6.0,10,1,10,10,1,,
2026-08-13,003160,디아이,42.4,149,0.0,85,0,1,1,60.9,0,15,1,20.0,20,1,10,10,1,0,15,0,0,10,1,0,10,1,6.0,10,1,0,10,1,,
2026-08-13,124500,아이티센글로벌,42.4,150,0.0,85,0,1,1,57.1,0,15,1,20.0,20,1,10,10,1,0,15,0,0,10,1,0,10,1,6.0,10,1,0,10,1,,
2026-08-13,004710,한솔테크닉스,42.4,151,0.0,85,0,1,1,49.1,0,15,1,20.0,20,1,10,10,1,0,15,0,0,10,1,0,10,1,6.0,10,1,0,10,1,,
2026-08-13,003530,한화투자증권,42.4,152,0.0,85,0,1,1,53.0,0,15,1,20.0,20,1,10,10,1,0,15,0,0,10,1,0,10,1,6.0,10,1,0,10,1,,
2026-08-13,004310,현대약품,42.4,153,0.0,85,0,1,1,55.1,0,15,1,20.0,20,1,10,10,1,0,15,0,0,10,1,0,10,1,6.0,10,1,0,10,1,,
2026-08-13,253590,네오셈,42.4,154,0.0,85,0,1,1,58.9,0,15,1,20.0,20,1,10,10,1,0,15,0,0,10,1,0,10,1,6.0,10,1,0,10,1,,
2026-08-13,089890,코세스,42.4,155,0.0,85,0,1,1,50.8,0,15,1,20.0,20,1,10,10,1,0,15,0,0,10,1,0,10,1,6.0,10,1,0,10,1,,
2026-08-13,456040,OCI,42.4,156,0.0,85,0,1,1,49.8,0,15,1,20.0,20,1,10,10,1,0,15,0,0,10,1,0,10,1,6.0,10,1,0,10,1,,
2026-08-13,005070,코스모신소재,42.4,157,0.0,85,0,1,1,58.9,0,15,1,20.0,20,1,10,10,1,0,15,0,0,10,1,0,10,1,6.0,10,1,0,10,1,,
2026-08-13,441270,파인엠텍,42.4,158,0.0,85,0,1,1,65.9,0,15,1,20.0,20,1,10,10,1,0,15,0,0,10,1,0,10,1,6.0,10,1,0,10,1,,
2026-08-13,011930,신성이엔지,42.4,159,0.0,85,0,1,1,52.3,0,15,1,20.0,20,1,10,10,1,0,15,0,0,10,1,0,10,1,6.0,10,1,0,10,1,,
2026-08-13,348210,넥스틴,42.4,160,0.0,85,0,1,1,48.4,0,15,1,20.0,20,1,10,10,1,0,15,0,0,10,1,0,10,1,6.0,10,1,0,10,1,,
2026-08-13,092870,엑시콘,42.4,161,0.0,85,0,1,1,60.9,0,15,1,20.0,20,1,10,10,1,0,15,0,0,10,1,0,10,1,6.0,10,1,0,10,1,,
2026-08-13,099320,쎄트렉아이,42.4,162,0.0,85,0,1,1,51.8,0,15,1,20.0,20,1,10,10,1,0,15,0,0,10,1,0,10,1,6.0,10,1,0,10,1,,
2026-08-13,100840,SNT에너지,42.4,163,0.0,85,0,1,1,53.1,0,15,1,20.0,20,1,10,10,1,0,15,0,0,10,1,0,10,1,6.0,10,1,0,10,1,,
2026-08-13,252990,샘씨엔에스,42.3,164,0.0,75,1,1,1,59.8,4,15,1,13.7,20,1,0,10,0,0,15,0,4,10,1,0,10,1,10.0,10,1,0,10,1,,
2026-08-13,034020,두산에너빌리티,41.9,165,0.0,85,0,1,1,56.5,12,15,1,6.6,20,1,1,10,1,0,15,0,0,10,1,0,10,1,6.0,10,1,10,10,1,,
2026-08-13,064350,현대로템,41.6,166,0.0,85,0,1,1,47.4,8,15,1,10.4,20,1,1,10,1,0,15,0,0,10,1,0,10,1,6.0,10,1,10,10,1,,
2026-08-13,066970,엘앤에프,41.6,167,0.0,75,0,1,1,58.7,4,15,1,17.2,20,1,0,10,0,0,15,0,0,10,1,0,10,1,6.0,10,1,4,10,1,,
2026-08-13,011780,금호석유화학,41.3,168,0.0,85,0,1,1,58.8,4,15,1,9.1,20,1,10,10,1,0,15,0,0,10,1,4,10,1,6.0,10,1,2,10,1,,
2026-08-13,005950,이수화학,41.3,169,0.0,75,0,1,1,60.8,4,15,1,10.0,20,1,0,10,0,0,15,0,4,10,1,7,10,1,6.0,10,1,0,10,1,,
2026-08-13,039440,에스티아이,41.2,170,0.0,85,0,1,1,51.6,0,15,1,19.0,20,1,10,10,1,0,15,0,0,10,1,0,10,1,6.0,10,1,0,10,1,,
2026-08-13,103590,일진전기,40.9,171,0.0,85,0,1,1,59.1,4,15,1,8.8,20,1,10,10,1,0,15,0,0,10,1,4,10,1,6.0,10,1,2,10,1,,
2026-08-13,016360,삼성증권,40.8,172,0.0,85,0,1,0,41.7,8,15,1,7.7,20,1,10,10,1,0,15,0,0,10,1,4,10,1,3.0,10,1,2,10,1,,
2026-08-13,062040,산일전기,40.5,173,0.0,85,0,1,1,54.8,4,15,1,7.4,20,1,10,10,1,0,15,0,0,10,1,0,10,1,6.0,10,1,7,10,1,,
2026-08-13,024840,KBI메탈,40.1,174,0.0,85,0,1,1,59.9,4,15,1,6.1,20,1,10,10,1,0,15,0,0,10,1,4,10,1,6.0,10,1,4,10,1,,
2026-08-13,000250,삼천당제약,40.1,175,0.0,75,0,1,1,52.1,4,15,1,16.1,20,1,0,10,0,0,15,0,0,10,1,0,10,1,6.0,10,1,4,10,1,,
2026-08-13,189330,씨이랩,40.1,176,0.0,75,1,1,1,72.2,4,15,1,2.1,20,1,0,10,0,0,15,0,10,10,1,4,10,1,10.0,10,1,0,10,1,,
2026-08-13,006340,대원전선,40.0,177,0.0,75,1,1,1,56.5,12,15,1,4.0,20,1,0,10,0,0,15,0,4,10,1,0,10,1,10.0,10,1,0,10,1,,
2026-08-13,010170,대한광통신,40.0,178,0.0,75,0,1,1,56.4,8,15,1,16.0,20,1,0,10,0,0,15,0,0,10,1,0,10,1,6.0,10,1,0,10,1,,
2026-08-13,178320,서진시스템,40.0,179,0.0,75,0,1,1,45.2,4,15,1,20.0,20,1,0,10,0,0,15,0,0,10,1,0,10,1,6.0,10,1,0,10,1,,
2026-08-13,028670,팬오션,40.0,180,0.0,85,1,1,1,54.3,4,15,1,6.0,20,1,10,10,1,0,15,0,4,10,1,0,10,1,10.0,10,1,0,10,1,,
2026-08-13,327260,RF머트리얼즈,40.0,181,0.0,75,0,1,1,48.6,4,15,1,20.0,20,1,0,10,0,0,15,0,0,10,1,0,10,1,6.0,10,1,0,10,1,,
2026-08-13,122640,예스티,40.0,182,0.0,75,0,1,1,58.6,4,15,1,20.0,20,1,0,10,0,0,15,0,0,10,1,0,10,1,6.0,10,1,0,10,1,,
2026-08-13,005690,파미셀,40.0,183,0.0,85,0,1,1,54.9,0,15,1,20.0,20,1,8,10,1,0,15,0,0,10,1,0,10,1,6.0,10,1,0,10,1,,
2026-08-13,112040,위메이드,40.0,184,0.0,75,0,1,1,54.8,0,15,1,20.0,20,1,0,10,0,0,15,0,0,10,1,4,10,1,6.0,10,1,0,10,1,,
2026-08-13,036810,에프에스티,40.0,185,0.0,75,0,1,1,64.1,0,15,1,20.0,20,1,0,10,0,0,15,0,0,10,1,4,10,1,6.0,10,1,0,10,1,,
2026-08-13,021240,코웨이,39.9,186,0.0,85,1,1,1,57.9,4,15,1,4.9,20,1,8,10,1,0,15,0,7,10,1,0,10,1,10.0,10,1,0,10,1,,
2026-08-13,052710,아모텍,39.9,187,0.0,75,0,1,0,44.5,4,15,1,15.9,20,1,0,10,0,0,15,0,0,10,1,7,10,1,3.0,10,1,0,10,1,,
2026-08-13,294870,IPARK현대산업개발,39.9,188,0.0,85,1,1,1,58.8,0,15,1,9.9,20,1,10,10,1,0,15,0,4,10,1,0,10,1,10.0,10,1,0,10,1,,
2026-08-13,003550,LG,39.8,189,0.0,85,0,1,1,64.3,4,15,1,7.8,20,1,10,10,1,0,15,0,0,10,1,4,10,1,6.0,10,1,2,10,1,,
2026-08-13,090430,아모레퍼시픽,39.8,190,0.0,85,1,1,0,58.1,4,15,1,6.8,20,1,8,10,1,0,15,0,4,10,1,0,10,1,7.0,10,1,4,10,1,,
2026-08-13,131290,티에스이,39.6,191,0.0,85,0,1,1,60.3,4,15,1,16.7,20,1,1,10,1,0,15,0,4,10,1,0,10,1,6.0,10,1,2,10,1,,
2026-08-13,105560,KB금융,39.5,192,0.0,85,0,0,1,48.8,12,15,1,4.6,20,1,10,10,1,0,15,0,4,10,1,0,10,1,3.0,10,1,0,10,1,,
2026-08-13,086790,하나금융지주,39.5,193,0.0,85,1,0,1,54.8,8,15,1,4.6,20,1,10,10,1,0,15,0,4,10,1,0,10,1,7.0,10,1,0,10,1,,
2026-08-13,289080,SV인베스트먼트,39.5,194,0.0,85,0,1,1,63.3,4,15,1,3.6,20,1,10,10,1,0,15,0,0,10,1,10,10,1,6.0,10,1,0,10,1,,
2026-08-13,018260,삼성에스디에스,39.3,195,0.0,75,0,1,1,61.6,8,15,1,5.5,20,1,0,10,0,0,15,0,0,10,1,0,10,1,6.0,10,1,10,10,1,,
2026-08-13,125490,한라캐스트,39.3,196,0.0,85,0,1,1,65.3,8,15,1,6.4,20,1,1,10,1,0,15,0,0,10,1,10,10,1,6.0,10,1,2,10,1,,
2026-08-13,005830,DB손해보험,39.3,197,0.0,75,1,1,1,57.7,4,15,1,4.5,20,1,0,10,0,0,15,0,7,10,1,4,10,1,10.0,10,1,0,10,1,,
2026-08-13,074600,원익QnC,39.1,198,0.0,85,0,1,1,53.8,4,15,1,9.2,20,1,10,10,1,0,15,0,0,10,1,4,10,1,6.0,10,1,0,10,1,,
2026-08-13,003010,혜인,38.9,199,5.0,85,1,1,1,84.2,0,15,1,5.3,20,1,10,10,1,0,15,0,10,10,1,0,10,1,10.0,10,1,2,10,1,,
2026-08-13,161390,한국타이어앤테크놀로지,38.8,200,0.0,85,1,1,1,55.2,4,15,1,5.0,20,1,10,10,1,0,15,0,4,10,1,0,10,1,10.0,10,1,0,10,1,,
2026-08-14,080220,제주반도체,74.8,1,0.0,85,0,1,1,51.0,15,15,1,18.6,20,1,10,10,1,0,15,0,0,10,1,4,10,1,6.0,10,1,10,10,1,,
2026-08-14,005930,삼성전자,71.8,2,0.0,85,0,1,1,55.2,15,15,1,20.0,20,1,10,10,1,0,15,0,0,10,1,0,10,1,6.0,10,1,10,10,1,,
2026-08-14,005935,삼성전자우,71.8,3,0.0,85,0,1,1,56.0,15,15,1,20.0,20,1,10,10,1,0,15,0,0,10,1,0,10,1,6.0,10,1,10,10,1,,
2026-08-14,285130,SK케미칼,70.6,4,0.0,85,0,1,1,72.5,4,15,1,20.0,20,1,10,10,1,0,15,0,10,10,1,10,10,1,6.0,10,1,0,10,1,,
2026-08-14,332570,PS일렉트로닉스,69.4,5,0.0,85,1,1,1,64.7,8,15,1,20.0,20,1,10,10,1,0,15,0,0,10,1,7,10,1,10.0,10,1,4,10,1,,
2026-08-14,096770,SK이노베이션,69.4,6,0.0,85,1,1,0,61.7,8,15,1,20.0,20,1,10,10,1,0,15,0,7,10,1,0,10,1,7.0,10,1,7,10,1,,
2026-08-14,006400,삼성SDI,68.2,7,0.0,85,0,1,1,62.0,12,15,1,20.0,20,1,10,10,1,0,15,0,0,10,1,0,10,1,6.0,10,1,10,10,1,,
2026-08-14,042660,한화오션,68.2,8,0.0,85,0,1,1,55.2,12,15,1,20.0,20,1,10,10,1,0,15,0,0,10,1,0,10,1,6.0,10,1,10,10,1,,
2026-08-14,000660,SK하이닉스,68.0,9,0.0,75,0,1,1,47.5,15,15,1,20.0,20,1,0,10,0,0,15,0,0,10,1,0,10,1,6.0,10,1,10,10,1,,
2026-08-14,402340,SK스퀘어,68.0,10,0.0,75,0,1,1,51.8,15,15,1,20.0,20,1,0,10,0,0,15,0,0,10,1,0,10,1,6.0,10,1,10,10,1,,
2026-08-14,396300,세아메카닉스,65.9,11,0.0,85,0,1,1,68.4,8,15,1,20.0,20,1,10,10,1,0,15,0,0,10,1,10,10,1,6.0,10,1,2,10,1,,
2026-08-14,078930,GS,65.5,12,0.0,85,1,1,1,76.5,8,15,1,7.7,20,1,10,10,1,0,15,0,10,10,1,0,10,1,10.0,10,1,10,10,1,,
2026-08-14,010950,S-Oil,64.7,13,0.0,85,1,1,1,63.5,4,15,1,20.0,20,1,10,10,1,0,15,0,7,10,1,0,10,1,10.0,10,1,4,10,1,,
2026-08-14,181710,NHN,64.3,14,5.0,75,1,1,1,84.3,4,15,1,20.0,20,1,0,10,0,0,15,0,10,10,1,4,10,1,10.0,10,1,4,10,1,,
2026-08-14,240810,원익IPS,64.0,15,0.0,75,0,1,1,53.6,12,15,1,20.0,20,1,0,10,0,0,15,0,0,10,1,0,10,1,6.0,10,1,10,10,1,,
2026-08-14,108490,로보티즈,64.0,16,0.0,75,0,1,1,63.9,8,15,1,20.0,20,1,0,10,0,0,15,0,0,10,1,4,10,1,6.0,10,1,10,10,1,,
2026-08-14,353200,대덕전자,63.5,17,0.0,85,0,1,1,54.3,8,15,1,20.0,20,1,10,10,1,0,15,0,0,10,1,0,10,1,6.0,10,1,10,10,1,,
2026-08-14,010060,OCI홀딩스,63.5,18,0.0,85,0,1,1,60.8,8,15,1,20.0,20,1,10,10,1,0,15,0,0,10,1,0,10,1,6.0,10,1,10,10,1,,
2026-08-14,126640,화신정공,63.5,19,0.0,85,1,1,1,57.3,4,15,1,20.0,20,1,10,10,1,0,15,0,0,10,1,10,10,1,10.0,10,1,0,10,1,,
2026-08-14,317400,자이에스앤디,63.5,20,0.0,85,1,1,1,75.2,4,15,1,20.0,20,1,10,10,1,0,15,0,10,10,1,0,10,1,10.0,10,1,0,10,1,,
2026-08-14,017670,SK텔레콤,62.8,21,0.0,85,0,1,1,62.0,15,15,1,8.4,20,1,10,10,1,0,15,0,0,10,1,4,10,1,6.0,10,1,10,10,1,,
2026-08-14,083650,비에이치아이,62.5,22,0.0,85,0,1,1,63.7,8,15,1,17.1,20,1,10,10,1,0,15,0,0,10,1,10,10,1,6.0,10,1,2,10,1,,
2026-08-14,278470,에이피알,61.9,23,0.0,85,0,1,1,56.8,8,15,1,14.6,20,1,10,10,1,0,15,0,4,10,1,0,10,1,6.0,10,1,10,10,1,,
2026-08-14,088350,한화생명,60.8,24,0.0,85,0,1,1,72.7,8,15,1,6.7,20,1,10,10,1,0,15,0,7,10,1,10,10,1,6.0,10,1,4,10,1,,
2026-08-14,068270,셀트리온,60.4,25,0.0,85,1,1,1,62.8,8,15,1,11.3,20,1,8,10,1,0,15,0,4,10,1,0,10,1,10.0,10,1,10,10,1,,
2026-08-14,004370,농심,60.0,26,0.0,85,1,1,1,75.1,8,15,1,5.0,20,1,8,10,1,0,15,0,10,10,1,10,10,1,10.0,10,1,0,10,1,,
2026-08-14,009150,삼성전기,59.9,27,0.0,85,0,1,1,57.9,15,15,1,9.9,20,1,10,10,1,0,15,0,0,10,1,0,10,1,6.0,10,1,10,10,1,,
2026-08-14,007340,DN오토모티브,59.8,28,5.0,85,1,1,1,78.0,8,15,1,5.1,20,1,10,10,1,0,15,0,10,10,1,10,10,1,10.0,10,1,2,10,1,,
2026-08-14,237880,클리오,59.6,29,0.0,85,1,1,1,73.6,4,15,1,6.7,20,1,10,10,1,0,15,0,10,10,1,10,10,1,10.0,10,1,0,10,1,,
2026-08-14,012450,한화에어로스페이스,59.1,30,0.0,85,0,1,1,61.1,12,15,1,8.2,20,1,10,10,1,0,15,0,4,10,1,0,10,1,6.0,10,1,10,10,1,,
2026-08-14,080580,오킨스전자,58.8,31,0.0,85,0,1,1,64.1,4,15,1,20.0,20,1,10,10,1,0,15,0,0,10,1,10,10,1,6.0,10,1,0,10,1,,
2026-08-14,253590,네오셈,58.8,32,0.0,85,0,1,1,61.3,4,15,1,20.0,20,1,10,10,1,0,15,0,0,10,1,10,10,1,6.0,10,1,0,10,1,,
2026-08-14,052460,아이크래프트,58.8,33,0.0,85,1,1,1,73.0,0,15,1,20.0,20,1,10,10,1,0,15,0,10,10,1,0,10,1,10.0,10,1,0,10,1,,
2026-08-14,034730,SK,58.7,34,0.0,75,0,1,1,52.2,8,15,1,20.0,20,1,0,10,0,0,15,0,0,10,1,0,10,1,6.0,10,1,10,10,1,,
2026-08-14,196170,알테오젠,58.7,35,0.0,75,0,1,1,50.1,8,15,1,20.0,20,1,0,10,0,0,15,0,0,10,1,0,10,1,6.0,10,1,10,10,1,,
2026-08-14,009830,한화솔루션,58.7,36,0.0,75,0,1,1,60.2,8,15,1,20.0,20,1,0,10,0,0,15,0,0,10,1,0,10,1,6.0,10,1,10,10,1,,
2026-08-14,222800,심텍,58.7,37,0.0,75,0,1,1,53.0,8,15,1,20.0,20,1,0,10,0,0,15,0,0,10,1,0,10,1,6.0,10,1,10,10,1,,
2026-08-14,373220,LG에너지솔루션,58.7,38,0.0,75,0,1,1,58.5,8,15,1,20.0,20,1,0,10,0,0,15,0,0,10,1,0,10,1,6.0,10,1,10,10,1,,
2026-08-14,066570,LG전자,58.4,39,0.0,85,0,1,1,62.7,15,15,1,8.6,20,1,10,10,1,0,15,0,0,10,1,0,10,1,6.0,10,1,10,10,1,,
2026-08-14,257720,실리콘투,58.4,40,0.0,85,1,1,1,60.6,8,15,1,6.6,20,1,10,10,1,0,15,0,4,10,1,7,10,1,10.0,10,1,4,10,1,,
2026-08-14,036930,주성엔지니어링,58.2,41,0.0,85,0,1,1,56.2,12,15,1,11.5,20,1,10,10,1,0,15,0,0,10,1,0,10,1,6.0,10,1,10,10,1,,
2026-08-14,006910,보성파워텍,57.6,42,0.0,85,0,1,1,61.2,4,15,1,20.0,20,1,10,10,1,0,15,0,0,10,1,7,10,1,6.0,10,1,2,10,1,,
2026-08-14,005180,빙그레,57.5,43,5.0,85,1,1,1,78.1,8,15,1,5.1,20,1,10,10,1,0,15,0,10,10,1,10,10,1,10.0,10,1,0,10,1,,
2026-08-14,119850,지엔씨에너지,57.5,44,0.0,75,1,1,1,67.7,8,15,1,8.1,20,1,0,10,0,0,15,0,7,10,1,0,10,1,10.0,10,1,10,10,1,,
2026-08-14,047040,대우건설,57.4,45,0.0,85,0,1,1,56.3,8,15,1,14.8,20,1,10,10,1,0,15,0,0,10,1,0,10,1,6.0,10,1,10,10,1,,
2026-08-14,382800,지앤비에스 에코,56.2,46,0.0,85,0,1,1,71.1,4,15,1,17.8,20,1,10,10,1,0,15,0,0,10,1,10,10,1,6.0,10,1,0,10,1,,
2026-08-14,277810,레인보우로보틱스,55.9,47,0.0,75,0,1,1,54.8,8,15,1,17.9,20,1,0,10,0,0,15,0,0,10,1,0,10,1,6.0,10,1,10,10,1,,
2026-08-14,006360,GS건설,55.7,48,0.0,75,1,1,1,62.0,8,15,1,6.8,20,1,0,10,0,0,15,0,7,10,1,0,10,1,10.0,10,1,10,10,1,,
2026-08-14,043260,성호전자,55.3,49,0.0,85,0,1,1,50.9,4,15,1,20.0,20,1,10,10,1,0,15,0,0,10,1,0,10,1,6.0,10,1,7,10,1,,
2026-08-14,044490,태웅,55.3,50,0.0,85,0,1,1,62.4,4,15,1,20.0,20,1,10,10,1,0,15,0,0,10,1,7,10,1,6.0,10,1,0,10,1,,
2026-08-14,092870,엑시콘,55.3,51,0.0,85,0,1,1,64.0,4,15,1,20.0,20,1,10,10,1,0,15,0,0,10,1,7,10,1,6.0,10,1,0,10,1,,
2026-08-14,011070,LG이노텍,55.1,52,0.0,85,0,1,1,52.4,12,15,1,8.8,20,1,10,10,1,0,15,0,0,10,1,0,10,1,6.0,10,1,10,10,1,,
2026-08-14,099440,스맥,55.1,53,0.0,85,1,1,1,71.8,0,15,1,16.8,20,1,10,10,1,0,15,0,10,10,1,0,10,1,10.0,10,1,0,10,1,,
2026-08-14,214450,파마리서치,54.9,54,0.0,85,1,1,0,56.5,8,15,1,7.7,20,1,10,10,1,0,15,0,4,10,1,0,10,1,7.0,10,1,10,10,1,,
2026-08-14,033160,엠케이전자,54.7,55,0.0,75,0,1,0,45.6,8,15,1,20.0,20,1,0,10,0,0,15,0,0,10,1,10,10,1,3.0,10,1,0,10,1,,
2026-08-14,134580,탑코미디어,54.6,56,5.0,75,1,1,1,82.0,0,15,1,14.7,20,1,0,10,0,0,15,0,10,10,1,10,10,1,10.0,10,1,0,10,1,,
2026-08-14,000720,현대건설,54.2,57,0.0,85,0,1,1,57.5,8,15,1,12.1,20,1,10,10,1,0,15,0,0,10,1,0,10,1,6.0,10,1,10,10,1,,
2026-08-14,003230,삼양식품,53.9,58,0.0,85,1,1,1,57.3,8,15,1,6.8,20,1,10,10,1,0,15,0,4,10,1,0,10,1,10.0,10,1,7,10,1,,
2026-08-14,010120,LS ELECTRIC,53.6,59,0.0,85,0,1,1,51.4,12,15,1,7.6,20,1,10,10,1,0,15,0,0,10,1,0,10,1,6.0,10,1,10,10,1,,
2026-08-14,058610,에스피지,53.4,60,0.0,85,1,1,1,66.9,12,15,1,6.4,20,1,3,10,1,0,15,0,4,10,1,0,10,1,10.0,10,1,10,10,1,,
2026-08-14,086520,에코프로,53.2,61,0.0,85,0,1,1,56.8,8,15,1,13.2,20,1,8,10,1,0,15,0,0,10,1,0,10,1,6.0,10,1,10,10,1,,
2026-08-14,419050,삼기에너지솔루션즈,52.8,62,0.0,85,0,1,0,64.4,4,15,1,13.9,20,1,10,10,1,0,15,0,4,10,1,10,10,1,3.0,10,1,0,10,1,,
2026-08-14,042700,한미반도체,52.7,63,0.0,85,0,1,1,53.9,12,15,1,6.8,20,1,10,10,1,0,15,0,0,10,1,0,10,1,6.0,10,1,10,10,1,,
2026-08-14,388050,지투파워,52.2,64,0.0,85,0,1,1,72.8,12,15,1,11.4,20,1,1,10,1,0,15,0,0,10,1,10,10,1,6.0,10,1,4,10,1,,
2026-08-14,009540,HD한국조선해양,52.0,65,0.0,85,0,1,0,53.2,8,15,1,13.2,20,1,10,10,1,0,15,0,0,10,1,0,10,1,3.0,10,1,10,10,1,,
2026-08-14,459550,알트,52.0,66,0.0,75,1,1,1,75.2,8,15,1,4.0,20,1,0,10,0,0,15,0,10,10,1,7,10,1,10.0,10,1,0,10,1,,
2026-08-14,098460,고영,51.8,67,0.0,85,0,1,1,58.0,4,15,1,20.0,20,1,10,10,1,0,15,0,0,10,1,0,10,1,6.0,10,1,4,10,1,,
2026-08-14,352820,하이브,51.8,68,0.0,85,0,1,0,42.7,4,15,1,20.0,20,1,10,10,1,0,15,0,0,10,1,0,10,1,3.0,10,1,7,10,1,,
2026-08-14,124500,아이티센글로벌,51.8,69,0.0,85,0,1,1,56.9,4,15,1,20.0,20,1,10,10,1,0,15,0,0,10,1,4,10,1,6.0,10,1,0,10,1,,
2026-08-14,002900,TYM,51.6,70,0.0,85,0,1,1,64.6,0,15,1,19.9,20,1,10,10,1,0,15,0,4,10,1,4,10,1,6.0,10,1,0,10,1,,
2026-08-14,298040,효성중공업,51.4,71,0.0,85,0,1,1,53.2,8,15,1,9.7,20,1,10,10,1,0,15,0,0,10,1,0,10,1,6.0,10,1,10,10,1,,
2026-08-14,440110,파두,51.1,72,0.0,75,0,1,1,48.1,8,15,1,16.3,20,1,0,10,0,0,15,0,0,10,1,4,10,1,6.0,10,1,4,10,1,,
2026-08-14,475150,SK이터닉스,50.9,73,0.0,85,0,1,1,55.7,12,15,1,5.3,20,1,10,10,1,0,15,0,0,10,1,0,10,1,6.0,10,1,10,10,1,,
2026-08-14,066970,엘앤에프,50.9,74,0.0,75,0,1,1,63.3,8,15,1,17.2,20,1,0,10,0,0,15,0,0,10,1,0,10,1,6.0,10,1,7,10,1,,
2026-08-14,153890,져스텍,50.7,75,0.0,75,0,1,1,60.1,4,15,1,20.0,20,1,0,10,0,0,15,0,0,10,1,4,10,1,6.0,10,1,4,10,1,,
2026-08-14,265740,엔에프씨,50.2,76,0.0,85,1,1,1,55.2,0,15,1,18.7,20,1,10,10,1,0,15,0,0,10,1,4,10,1,10.0,10,1,0,10,1,,
2026-08-14,161890,한국콜마,49.9,77,0.0,85,1,1,1,76.8,8,15,1,6.4,20,1,1,10,1,0,15,0,10,10,1,0,10,1,10.0,10,1,7,10,1,,
2026-08-14,267270,HD건설기계,49.4,78,0.0,85,0,1,1,54.5,4,15,1,20.0,20,1,10,10,1,0,15,0,0,10,1,0,10,1,6.0,10,1,2,10,1,,
2026-08-14,131970,두산테스나,49.4,79,0.0,85,0,1,1,51.0,4,15,1,20.0,20,1,10,10,1,0,15,0,0,10,1,0,10,1,6.0,10,1,2,10,1,,
2026-08-14,036570,NC,49.4,80,0.0,85,0,1,1,54.3,4,15,1,20.0,20,1,10,10,1,0,15,0,0,10,1,0,10,1,6.0,10,1,2,10,1,,
2026-08-14,218410,RFHIC,49.4,81,0.0,85,0,1,1,52.2,4,15,1,20.0,20,1,10,10,1,0,15,0,0,10,1,0,10,1,6.0,10,1,2,10,1,,
2026-08-14,089970,브이엠,49.3,82,0.0,75,0,1,1,45.6,4,15,1,20.0,20,1,0,10,0,0,15,0,0,10,1,0,10,1,6.0,10,1,7,10,1,,
2026-08-14,036810,에프에스티,49.3,83,0.0,75,0,1,1,64.7,4,15,1,20.0,20,1,0,10,0,0,15,0,0,10,1,7,10,1,6.0,10,1,0,10,1,,
2026-08-14,005090,SGC에너지,49.2,84,0.0,85,1,1,1,69.5,4,15,1,7.8,20,1,10,10,1,0,15,0,10,10,1,0,10,1,10.0,10,1,0,10,1,,
2026-08-14,005490,POSCO홀딩스,49.1,85,0.0,85,0,1,1,55.8,8,15,1,7.7,20,1,10,10,1,0,15,0,0,10,1,0,10,1,6.0,10,1,10,10,1,,
2026-08-14,319400,현대무벡스,48.8,86,0.0,85,0,1,1,62.0,12,15,1,5.5,20,1,1,10,1,0,15,0,0,10,1,10,10,1,6.0,10,1,7,10,1,,
2026-08-14,032830,삼성생명,48.7,87,0.0,85,0,1,1,47.8,8,15,1,7.4,20,1,10,10,1,0,15,0,0,10,1,0,10,1,6.0,10,1,10,10,1,,
2026-08-14,010780,아이에스동서,48.1,88,0.0,85,0,1,0,33.5,4,15,1,13.9,20,1,10,10,1,0,15,0,0,10,1,10,10,1,3.0,10,1,0,10,1,,
2026-08-14,267260,HD현대일렉트릭,47.8,89,0.0,85,0,1,1,51.6,8,15,1,6.6,20,1,10,10,1,0,15,0,0,10,1,0,10,1,6.0,10,1,10,10,1,,
2026-08-14,039030,이오테크닉스,47.6,90,0.0,85,0,1,1,59.7,8,15,1,12.5,20,1,10,10,1,0,15,0,0,10,1,0,10,1,6.0,10,1,4,10,1,,
2026-08-14,051900,LG생활건강,47.6,91,0.0,85,1,1,1,62.9,4,15,1,10.5,20,1,10,10,1,0,15,0,4,10,1,0,10,1,10.0,10,1,2,10,1,,
2026-08-14,007660,이수페타시스,47.5,92,0.0,85,0,1,1,54.0,8,15,1,9.4,20,1,10,10,1,0,15,0,0,10,1,0,10,1,6.0,10,1,7,10,1,,
2026-08-14,079550,LIG디펜스앤에어로스페이스,47.4,93,0.0,85,0,1,1,55.1,8,15,1,6.3,20,1,10,10,1,0,15,0,0,10,1,0,10,1,6.0,10,1,10,10,1,,
2026-08-14,003350,한국화장품제조,47.4,94,0.0,85,1,1,1,75.4,4,15,1,5.3,20,1,10,10,1,0,15,0,7,10,1,0,10,1,10.0,10,1,4,10,1,,
2026-08-14,027360,아주IB투자,47.3,95,0.0,85,0,1,1,50.9,8,15,1,6.2,20,1,10,10,1,0,15,0,0,10,1,10,10,1,6.0,10,1,0,10,1,,
2026-08-14,280360,롯데웰푸드,47.2,96,0.0,85,1,1,1,67.1,0,15,1,9.1,20,1,10,10,1,0,15,0,7,10,1,4,10,1,10.0,10,1,0,10,1,,
2026-08-14,053610,프로텍,47.2,97,0.0,85,0,1,1,55.9,0,15,1,17.1,20,1,10,10,1,0,15,0,0,10,1,7,10,1,6.0,10,1,0,10,1,,
2026-08-14,008770,호텔신라,47.1,98,0.0,85,0,1,1,49.1,4,15,1,20.0,20,1,10,10,1,0,15,0,0,10,1,0,10,1,6.0,10,1,0,10,1,,
2026-08-14,425420,티에프이,47.1,99,0.0,85,0,1,1,53.9,0,15,1,20.0,20,1,10,10,1,0,15,0,0,10,1,4,10,1,6.0,10,1,0,10,1,,
2026-08-14,441270,파인엠텍,47.1,100,0.0,85,1,1,1,61.1,0,15,1,20.0,20,1,10,10,1,0,15,0,0,10,1,0,10,1,10.0,10,1,0,10,1,,
2026-08-14,055550,신한지주,46.8,101,0.0,85,1,1,1,56.3,8,15,1,4.8,20,1,10,10,1,0,15,0,7,10,1,0,10,1,10.0,10,1,0,10,1,,
2026-08-14,241710,코스메카코리아,46.8,102,5.0,85,1,1,1,80.3,4,15,1,6.0,20,1,10,10,1,0,15,0,10,10,1,0,10,1,10.0,10,1,4,10,1,,
2026-08-14,000430,대원강업,46.8,103,0.0,85,0,1,1,62.3,4,15,1,9.8,20,1,10,10,1,0,15,0,0,10,1,10,10,1,6.0,10,1,0,10,1,,
2026-08-14,142210,유니트론텍,46.7,104,0.0,85,0,1,1,66.7,4,15,1,9.7,20,1,10,10,1,0,15,0,0,10,1,10,10,1,6.0,10,1,0,10,1,,
2026-08-14,086790,하나금융지주,46.6,105,0.0,85,1,1,1,57.4,8,15,1,4.6,20,1,10,10,1,0,15,0,7,10,1,0,10,1,10.0,10,1,0,10,1,,
2026-08-14,144960,뉴파워프라즈마,46.5,106,0.0,85,1,1,1,55.8,4,15,1,11.5,20,1,10,10,1,0,15,0,0,10,1,4,10,1,10.0,10,1,0,10,1,,
2026-08-14,125490,한라캐스트,46.4,107,0.0,85,0,1,1,72.2,12,15,1,6.4,20,1,1,10,1,0,15,0,0,10,1,10,10,1,6.0,10,1,4,10,1,,
2026-08-14,028050,삼성E&A,46.2,108,0.0,85,0,1,1,58.3,8,15,1,5.3,20,1,10,10,1,0,15,0,0,10,1,0,10,1,6.0,10,1,10,10,1,,
2026-08-14,329180,HD현대중공업,46.0,109,0.0,85,0,1,1,50.8,8,15,1,14.1,20,1,1,10,1,0,15,0,0,10,1,0,10,1,6.0,10,1,10,10,1,,
2026-08-14,035720,카카오,46.0,110,0.0,75,0,1,1,61.1,8,15,1,6.5,20,1,0,10,0,0,15,0,4,10,1,0,10,1,6.0,10,1,10,10,1,,
2026-08-14,036010,아비코전자,45.9,111,0.0,75,0,1,1,61.0,0,15,1,18.4,20,1,0,10,0,0,15,0,0,10,1,10,10,1,6.0,10,1,0,10,1,,
2026-08-14,006800,미래에셋증권,45.8,112,0.0,85,0,1,1,49.7,4,15,1,11.9,20,1,10,10,1,0,15,0,0,10,1,0,10,1,6.0,10,1,7,10,1,,
2026-08-14,003690,코리안리,45.8,113,0.0,85,1,1,1,68.1,0,15,1,4.9,20,1,10,10,1,0,15,0,10,10,1,4,10,1,10.0,10,1,0,10,1,,
2026-08-14,439260,대한조선,45.4,114,0.0,85,0,1,1,60.3,4,15,1,8.6,20,1,10,10,1,0,15,0,0,10,1,10,10,1,6.0,10,1,0,10,1,,
2026-08-14,093370,후성,45.3,115,0.0,75,0,1,1,56.6,4,15,1,20.0,20,1,0,10,0,0,15,0,0,10,1,0,10,1,6.0,10,1,4,10,1,,
2026-08-14,247540,에코프로비엠,45.3,116,0.0,75,0,1,1,51.7,4,15,1,20.0,20,1,0,10,0,0,15,0,0,10,1,0,10,1,6.0,10,1,4,10,1,,
2026-08-14,219130,타이거일렉,45.3,117,0.0,75,1,1,1,60.5,0,15,1,20.0,20,1,0,10,0,0,15,0,4,10,1,0,10,1,10.0,10,1,0,10,1,,
2026-08-14,062040,산일전기,45.2,118,0.0,85,0,1,1,52.5,8,15,1,7.4,20,1,10,10,1,0,15,0,0,10,1,0,10,1,6.0,10,1,7,10,1,,
2026-08-14,403870,HPSP,45.1,119,0.0,85,0,1,1,51.9,8,15,1,6.3,20,1,8,10,1,0,15,0,0,10,1,0,10,1,6.0,10,1,10,10,1,,
2026-08-14,001440,대한전선,44.8,120,0.0,85,0,1,1,52.4,4,15,1,8.1,20,1,10,10,1,0,15,0,0,10,1,0,10,1,6.0,10,1,10,10,1,,
2026-08-14,263750,펄어비스,44.7,121,0.0,85,0,0,0,37.9,4,15,1,20.0,20,1,10,10,1,0,15,0,0,10,1,4,10,1,0.0,10,1,0,10,1,,
2026-08-14,356860,티엘비,44.7,122,0.0,85,0,1,1,39.9,4,15,1,20.0,20,1,8,10,1,0,15,0,0,10,1,0,10,1,6.0,10,1,0,10,1,,
2026-08-14,009420,한올바이오파마,44.7,123,0.0,85,0,1,1,60.8,4,15,1,20.0,20,1,8,10,1,0,15,0,0,10,1,0,10,1,6.0,10,1,0,10,1,,
2026-08-14,096530,씨젠,44.7,124,0.0,85,0,1,1,64.8,4,15,1,20.0,20,1,1,10,1,0,15,0,7,10,1,0,10,1,6.0,10,1,0,10,1,,
2026-08-14,003550,LG,44.5,125,0.0,85,0,1,1,69.6,8,15,1,7.8,20,1,10,10,1,0,15,0,0,10,1,4,10,1,6.0,10,1,2,10,1,,
2026-08-14,073240,금호타이어,44.4,126,0.0,85,1,1,1,64.2,8,15,1,4.7,20,1,5,10,1,0,15,0,10,10,1,0,10,1,10.0,10,1,0,10,1,,
2026-08-14,067310,하나마이크론,44.1,127,0.0,75,0,1,1,52.9,8,15,1,12.1,20,1,0,10,0,0,15,0,0,10,1,0,10,1,6.0,10,1,7,10,1,,
2026-08-14,123330,제닉,44.0,128,0.0,75,1,1,1,52.5,4,15,1,12.0,20,1,0,10,0,0,15,0,0,10,1,7,10,1,10.0,10,1,0,10,1,,
2026-08-14,047810,한국항공우주,43.9,129,0.0,85,0,1,1,50.9,4,15,1,7.3,20,1,10,10,1,0,15,0,0,10,1,0,10,1,6.0,10,1,10,10,1,,
2026-08-14,347700,스피어,43.9,130,0.0,75,0,1,1,62.4,4,15,1,15.9,20,1,0,10,0,0,15,0,0,10,1,0,10,1,6.0,10,1,7,10,1,,
2026-08-14,003010,혜인,43.6,131,5.0,85,1,1,1,90.6,4,15,1,5.3,20,1,10,10,1,0,15,0,10,10,1,0,10,1,10.0,10,1,2,10,1,,
2026-08-14,003670,포스코퓨처엠,43.5,132,0.0,85,0,1,1,59.3,4,15,1,20.0,20,1,3,10,1,0,15,0,0,10,1,0,10,1,6.0,10,1,4,10,1,,
2026-08-14,294870,IPARK현대산업개발,43.4,133,0.0,85,1,1,1,60.7,0,15,1,9.9,20,1,10,10,1,0,15,0,7,10,1,0,10,1,10.0,10,1,0,10,1,,
2026-08-14,032350,롯데관광개발,43.1,134,0.0,75,0,1,1,56.4,4,15,1,18.3,20,1,0,10,0,0,15,0,0,10,1,4,10,1,6.0,10,1,0,10,1,,
2026-08-14,006260,LS,42.9,135,0.0,85,0,1,0,51.1,8,15,1,7.5,20,1,10,10,1,0,15,0,0,10,1,4,10,1,3.0,10,1,4,10,1,,
2026-08-14,319660,피에스케이,42.9,136,0.0,85,0,1,1,47.0,4,15,1,9.5,20,1,10,10,1,0,15,0,0,10,1,0,10,1,6.0,10,1,7,10,1,,
2026-08-14,091580,상신이디피,42.9,137,0.0,85,0,1,1,64.5,0,15,1,16.5,20,1,10,10,1,0,15,0,0,10,1,4,10,1,6.0,10,1,0,10,1,,
2026-08-14,089030,테크윙,42.7,138,0.0,75,0,1,1,54.2,4,15,1,20.0,20,1,0,10,0,0,15,0,0,10,1,0,10,1,6.0,10,1,2,10,1,,
2026-08-14,138360,앤로보틱스,42.7,139,0.0,75,0,1,1,54.6,4,15,1,12.0,20,1,0,10,0,0,15,0,0,10,1,10,10,1,6.0,10,1,0,10,1,,
2026-08-14,010140,삼성중공업,42.4,140,0.0,75,0,1,1,50.2,8,15,1,7.8,20,1,0,10,0,0,15,0,0,10,1,0,10,1,6.0,10,1,10,10,1,,
2026-08-14,000150,두산,42.4,141,0.0,75,0,1,1,52.0,8,15,1,7.8,20,1,0,10,0,0,15,0,0,10,1,0,10,1,6.0,10,1,10,10,1,,
2026-08-14,207940,삼성바이오로직스,42.4,142,0.0,85,1,1,1,56.9,4,15,1,7.0,20,1,1,10,1,0,15,0,4,10,1,0,10,1,10.0,10,1,10,10,1,,
2026-08-14,420770,기가비스,42.4,143,0.0,85,0,1,1,47.6,0,15,1,20.0,20,1,10,10,1,0,15,0,0,10,1,0,10,1,6.0,10,1,0,10,1,,
2026-08-14,077360,덕산하이메탈,42.4,144,0.0,85,0,1,1,51.5,0,15,1,20.0,20,1,10,10,1,0,15,0,0,10,1,0,10,1,6.0,10,1,0,10,1,,
2026-08-14,290650,엘앤씨바이오,42.4,145,0.0,85,0,1,1,41.0,0,15,1,20.0,20,1,10,10,1,0,15,0,0,10,1,0,10,1,6.0,10,1,0,10,1,,
2026-08-14,003160,디아이,42.4,146,0.0,85,0,1,1,60.0,0,15,1,20.0,20,1,10,10,1,0,15,0,0,10,1,0,10,1,6.0,10,1,0,10,1,,
2026-08-14,005070,코스모신소재,42.4,147,0.0,85,0,1,1,62.1,0,15,1,20.0,20,1,10,10,1,0,15,0,0,10,1,0,10,1,6.0,10,1,0,10,1,,
2026-08-14,004710,한솔테크닉스,42.4,148,0.0,85,0,1,1,47.4,0,15,1,20.0,20,1,10,10,1,0,15,0,0,10,1,0,10,1,6.0,10,1,0,10,1,,
2026-08-14,004310,현대약품,42.4,149,0.0,85,0,1,1,52.8,0,15,1,20.0,20,1,10,10,1,0,15,0,0,10,1,0,10,1,6.0,10,1,0,10,1,,
2026-08-14,003530,한화투자증권,42.4,150,0.0,85,0,1,1,56.9,0,15,1,20.0,20,1,10,10,1,0,15,0,0,10,1,0,10,1,6.0,10,1,0,10,1,,
2026-08-14,089890,코세스,42.4,151,0.0,85,0,1,1,49.3,0,15,1,20.0,20,1,10,10,1,0,15,0,0,10,1,0,10,1,6.0,10,1,0,10,1,,
2026-08-14,099320,쎄트렉아이,42.4,152,0.0,85,0,1,1,51.7,0,15,1,20.0,20,1,10,10,1,0,15,0,0,10,1,0,10,1,6.0,10,1,0,10,1,,
2026-08-14,100840,SNT에너지,42.4,153,0.0,85,0,1,1,53.7,0,15,1,20.0,20,1,10,10,1,0,15,0,0,10,1,0,10,1,6.0,10,1,0,10,1,,
2026-08-14,011930,신성이엔지,42.4,154,0.0,85,0,1,1,52.4,0,15,1,20.0,20,1,10,10,1,0,15,0,0,10,1,0,10,1,6.0,10,1,0,10,1,,
2026-08-14,232140,와이씨,42.0,155,0.0,85,0,1,1,56.4,4,15,1,15.7,20,1,10,10,1,0,15,0,0,10,1,0,10,1,6.0,10,1,0,10,1,,
2026-08-14,034020,두산에너빌리티,41.9,156,0.0,85,0,1,1,58.7,12,15,1,6.6,20,1,1,10,1,0,15,0,0,10,1,0,10,1,6.0,10,1,10,10,1,,
2026-08-14,387690,레메디,41.7,157,0.0,75,0,1,1,46.3,4,15,1,15.3,20,1,0,10,0,0,15,0,0,10,1,4,10,1,6.0,10,1,2,10,1,,
2026-08-14,015230,대창단조,41.6,158,0.0,85,0,1,1,61.3,0,15,1,5.4,20,1,10,10,1,0,15,0,4,10,1,10,10,1,6.0,10,1,0,10,1,,
2026-08-14,452280,한선엔지니어링,41.5,159,0.0,85,0,1,1,47.5,0,15,1,9.3,20,1,10,10,1,0,15,0,0,10,1,10,10,1,6.0,10,1,0,10,1,,
2026-08-14,060370,LS마린솔루션,41.4,160,0.0,85,1,1,1,58.4,0,15,1,15.2,20,1,10,10,1,0,15,0,0,10,1,0,10,1,10.0,10,1,0,10,1,,
2026-08-14,095610,테스,41.3,161,0.0,85,0,1,1,50.9,8,15,1,8.1,20,1,3,10,1,0,15,0,0,10,1,0,10,1,6.0,10,1,10,10,1,,
2026-08-14,322000,HD현대에너지솔루션,41.3,162,0.0,75,0,1,0,48.4,4,15,1,20.0,20,1,0,10,0,0,15,0,0,10,1,0,10,1,3.0,10,1,4,10,1,,
2026-08-14,090430,아모레퍼시픽,40.9,163,0.0,85,1,1,1,59.3,4,15,1,6.8,20,1,8,10,1,0,15,0,4,10,1,0,10,1,10.0,10,1,2,10,1,,
2026-08-14,252990,샘씨엔에스,40.9,164,0.0,75,1,1,1,61.5,0,15,1,13.7,20,1,0,10,0,0,15,0,7,10,1,0,10,1,10.0,10,1,0,10,1,,
2026-08-14,056190,SFA,40.9,165,0.0,85,0,1,1,66.7,0,15,1,18.8,20,1,10,10,1,0,15,0,0,10,1,0,10,1,6.0,10,1,0,10,1,,
2026-08-14,053700,삼보모터스,40.8,166,0.0,85,0,1,1,64.5,4,15,1,4.7,20,1,10,10,1,0,15,0,0,10,1,10,10,1,6.0,10,1,0,10,1,,
2026-08-14,445090,에이직랜드,40.8,167,0.0,85,0,1,1,59.4,0,15,1,10.7,20,1,8,10,1,0,15,0,0,10,1,10,10,1,6.0,10,1,0,10,1,,
2026-08-14,100790,미래에셋벤처투자,40.7,168,0.0,85,0,1,1,53.0,4,15,1,10.6,20,1,10,10,1,0,15,0,0,10,1,0,10,1,6.0,10,1,4,10,1,,
2026-08-14,122350,삼기,40.4,169,0.0,85,0,1,1,55.2,4,15,1,7.3,20,1,10,10,1,0,15,0,0,10,1,7,10,1,6.0,10,1,0,10,1,,
2026-08-14,009780,엠에스씨,40.2,170,5.0,85,0,1,1,80.0,0,15,1,4.4,20,1,8,10,1,0,15,0,10,10,1,10,10,1,6.0,10,1,0,10,1,,
2026-08-14,000250,삼천당제약,40.1,171,0.0,75,0,1,1,51.9,4,15,1,16.1,20,1,0,10,0,0,15,0,0,10,1,0,10,1,6.0,10,1,4,10,1,,
2026-08-14,010170,대한광통신,40.0,172,0.0,75,0,1,1,56.6,8,15,1,16.0,20,1,0,10,0,0,15,0,0,10,1,0,10,1,6.0,10,1,0,10,1,,
2026-08-14,178320,서진시스템,40.0,173,0.0,75,0,1,1,45.5,4,15,1,20.0,20,1,0,10,0,0,15,0,0,10,1,0,10,1,6.0,10,1,0,10,1,,
2026-08-14,417840,저스템,40.0,174,0.0,75,0,1,1,58.8,4,15,1,20.0,20,1,0,10,0,0,15,0,0,10,1,0,10,1,6.0,10,1,0,10,1,,
2026-08-14,028670,팬오션,40.0,175,0.0,85,1,1,1,57.6,4,15,1,6.0,20,1,10,10,1,0,15,0,4,10,1,0,10,1,10.0,10,1,0,10,1,,
2026-08-14,122640,예스티,40.0,176,0.0,75,0,1,1,57.7,4,15,1,20.0,20,1,0,10,0,0,15,0,0,10,1,0,10,1,6.0,10,1,0,10,1,,
2026-08-14,327260,RF머트리얼즈,40.0,177,0.0,75,0,1,1,44.9,4,15,1,20.0,20,1,0,10,0,0,15,0,0,10,1,0,10,1,6.0,10,1,0,10,1,,
2026-08-14,005690,파미셀,40.0,178,0.0,85,0,1,1,54.9,0,15,1,20.0,20,1,8,10,1,0,15,0,0,10,1,0,10,1,6.0,10,1,0,10,1,,
2026-08-14,365340,성일하이텍,40.0,179,0.0,85,0,1,1,61.2,0,15,1,11.0,20,1,10,10,1,0,15,0,0,10,1,7,10,1,6.0,10,1,0,10,1,,
2026-08-14,222040,코스맥스엔비티,40.0,180,0.0,75,1,1,1,59.9,0,15,1,20.0,20,1,0,10,0,0,15,0,0,10,1,0,10,1,10.0,10,1,0,10,1,,
2026-08-14,098120,마이크로컨텍솔,39.9,181,0.0,85,0,1,1,64.4,0,15,1,7.9,20,1,10,10,1,0,15,0,0,10,1,10,10,1,6.0,10,1,0,10,1,,
2026-08-14,002990,금호건설,39.6,182,0.0,85,0,1,0,59.9,12,15,1,10.7,20,1,1,10,1,0,15,0,0,10,1,0,10,1,3.0,10,1,7,10,1,,
2026-08-14,131290,티에스이,39.6,183,0.0,85,0,1,1,60.2,4,15,1,16.7,20,1,1,10,1,0,15,0,4,10,1,0,10,1,6.0,10,1,2,10,1,,
2026-08-14,105560,KB금융,39.5,184,0.0,85,0,0,1,49.3,12,15,1,4.6,20,1,10,10,1,0,15,0,4,10,1,0,10,1,3.0,10,1,0,10,1,,
2026-08-14,006730,서부T&D,39.4,185,0.0,85,0,1,0,46.0,4,15,1,6.5,20,1,10,10,1,0,15,0,0,10,1,10,10,1,3.0,10,1,0,10,1,,
2026-08-14,018260,삼성에스디에스,39.3,186,0.0,75,0,1,1,64.0,8,15,1,5.5,20,1,0,10,0,0,15,0,0,10,1,0,10,1,6.0,10,1,10,10,1,,
2026-08-14,126340,비나텍,39.1,187,0.0,85,0,1,1,51.6,0,15,1,17.2,20,1,10,10,1,0,15,0,0,10,1,0,10,1,6.0,10,1,0,10,1,,
2026-08-14,001450,현대해상,38.9,188,0.0,85,1,1,1,66.9,4,15,1,4.1,20,1,1,10,1,0,15,0,10,10,1,4,10,1,10.0,10,1,0,10,1,,
2026-08-14,282330,BGF리테일,38.9,189,0.0,85,1,1,1,62.4,4,15,1,5.1,20,1,10,10,1,0,15,0,4,10,1,0,10,1,10.0,10,1,0,10,1,,
2026-08-14,161390,한국타이어앤테크놀로지,38.8,190,0.0,85,1,1,1,55.5,4,15,1,5.0,20,1,10,10,1,0,15,0,4,10,1,0,10,1,10.0,10,1,0,10,1,,
2026-08-14,021240,코웨이,38.7,191,0.0,85,1,1,1,59.9,0,15,1,4.9,20,1,8,10,1,0,15,0,10,10,1,0,10,1,10.0,10,1,0,10,1,,
2026-08-14,166090,하나머티리얼즈,38.6,192,0.0,85,0,1,0,52.1,4,15,1,8.8,20,1,10,10,1,0,15,0,0,10,1,7,10,1,3.0,10,1,0,10,1,,
2026-08-14,012330,현대모비스,38.5,193,0.0,85,0,1,1,61.5,12,15,1,4.7,20,1,10,10,1,0,15,0,0,10,1,0,10,1,6.0,10,1,0,10,1,,
2026-08-14,030200,KT,38.5,194,0.0,75,0,1,1,51.4,4,15,1,14.9,20,1,0,10,0,0,15,0,0,10,1,4,10,1,6.0,10,1,0,10,1,,
2026-08-14,089860,롯데렌탈,38.5,195,0.0,85,1,1,1,71.2,0,15,1,4.7,20,1,8,10,1,0,15,0,10,10,1,0,10,1,10.0,10,1,0,10,1,,
2026-08-14,212560,네오오토,38.2,196,0.0,85,0,1,1,62.0,4,15,1,4.5,20,1,8,10,1,0,15,0,0,10,1,10,10,1,6.0,10,1,0,10,1,,
2026-08-14,192820,코스맥스,38.1,197,5.0,85,1,1,1,80.7,4,15,1,5.6,20,1,8,10,1,0,15,0,7,10,1,0,10,1,10.0,10,1,2,10,1,,
2026-08-14,005830,DB손해보험,38.0,198,0.0,75,1,1,1,65.1,4,15,1,4.5,20,1,0,10,0,0,15,0,10,10,1,0,10,1,10.0,10,1,0,10,1,,
2026-08-14,011560,세보엠이씨,37.9,199,0.0,85,0,1,1,59.1,0,15,1,6.2,20,1,10,10,1,0,15,0,0,10,1,10,10,1,6.0,10,1,0,10,1,,
2026-08-14,189300,인텔리안테크,37.6,200,0.0,85,0,1,1,57.4,0,15,1,16.0,20,1,10,10,1,0,15,0,0,10,1,0,10,1,6.0,10,1,0,10,1,,
2026-08-18,096770,SK이노베이션,76.5,1,0.0,85,1,1,1,63.4,8,15,1,20.0,20,1,10,10,1,0,15,0,7,10,1,0,10,1,10.0,10,1,10,10,1,,
2026-08-18,010950,S-Oil,76.5,2,0.0,85,1,1,1,67.2,8,15,1,20.0,20,1,10,10,1,0,15,0,10,10,1,0,10,1,10.0,10,1,7,10,1,,
2026-08-18,093370,후성,73.3,3,0.0,75,0,1,1,58.9,12,15,1,20.0,20,1,0,10,0,0,15,0,0,10,1,10,10,1,6.0,10,1,7,10,1,,
2026-08-18,005930,삼성전자,71.8,4,0.0,85,0,1,1,53.1,15,15,1,20.0,20,1,10,10,1,0,15,0,0,10,1,0,10,1,6.0,10,1,10,10,1,,
2026-08-18,005935,삼성전자우,71.8,5,0.0,85,0,1,1,52.4,15,15,1,20.0,20,1,10,10,1,0,15,0,0,10,1,0,10,1,6.0,10,1,10,10,1,,
2026-08-18,222800,심텍,69.3,6,0.0,75,0,1,1,53.8,12,15,1,20.0,20,1,0,10,0,0,15,0,0,10,1,4,10,1,6.0,10,1,10,10,1,,
2026-08-18,006400,삼성SDI,68.2,7,0.0,85,0,1,1,55.9,12,15,1,20.0,20,1,10,10,1,0,15,0,0,10,1,0,10,1,6.0,10,1,10,10,1,,
2026-08-18,000660,SK하이닉스,68.0,8,0.0,75,0,1,1,48.0,15,15,1,20.0,20,1,0,10,0,0,15,0,0,10,1,0,10,1,6.0,10,1,10,10,1,,
2026-08-18,402340,SK스퀘어,68.0,9,0.0,75,0,1,1,50.6,15,15,1,20.0,20,1,0,10,0,0,15,0,0,10,1,0,10,1,6.0,10,1,10,10,1,,
2026-08-18,080220,제주반도체,66.6,10,0.0,85,0,1,1,46.8,12,15,1,18.6,20,1,10,10,1,0,15,0,0,10,1,0,10,1,6.0,10,1,10,10,1,,
2026-08-18,025980,아난티,65.9,11,0.0,85,0,1,1,68.2,8,15,1,20.0,20,1,10,10,1,0,15,0,0,10,1,10,10,1,6.0,10,1,2,10,1,,
2026-08-18,078930,GS,65.5,12,0.0,85,1,1,1,77.5,8,15,1,7.7,20,1,10,10,1,0,15,0,10,10,1,0,10,1,10.0,10,1,10,10,1,,
2026-08-18,257720,실리콘투,65.4,13,0.0,85,1,1,1,63.2,8,15,1,6.6,20,1,10,10,1,0,15,0,7,10,1,7,10,1,10.0,10,1,7,10,1,,
2026-08-18,003230,삼양식품,64.5,14,0.0,85,1,1,1,62.5,8,15,1,6.8,20,1,10,10,1,0,15,0,10,10,1,0,10,1,10.0,10,1,10,10,1,,
2026-08-18,108490,로보티즈,64.0,15,0.0,75,0,1,1,63.2,8,15,1,20.0,20,1,0,10,0,0,15,0,0,10,1,4,10,1,6.0,10,1,10,10,1,,
2026-08-18,042660,한화오션,63.5,16,0.0,85,0,1,1,50.3,8,15,1,20.0,20,1,10,10,1,0,15,0,0,10,1,0,10,1,6.0,10,1,10,10,1,,
2026-08-18,353200,대덕전자,63.5,17,0.0,85,0,1,1,53.2,8,15,1,20.0,20,1,10,10,1,0,15,0,0,10,1,0,10,1,6.0,10,1,10,10,1,,
2026-08-18,010060,OCI홀딩스,63.5,18,0.0,85,0,1,1,58.8,8,15,1,20.0,20,1,10,10,1,0,15,0,0,10,1,0,10,1,6.0,10,1,10,10,1,,
2026-08-18,317400,자이에스앤디,63.5,19,0.0,85,1,1,1,75.5,4,15,1,20.0,20,1,10,10,1,0,15,0,10,10,1,0,10,1,10.0,10,1,0,10,1,,
2026-08-18,067310,하나마이크론,62.8,20,0.0,75,0,1,1,57.2,12,15,1,12.1,20,1,0,10,0,0,15,0,0,10,1,10,10,1,6.0,10,1,7,10,1,,
2026-08-18,007340,DN오토모티브,62.2,21,5.0,85,1,1,1,80.8,8,15,1,5.1,20,1,10,10,1,0,15,0,10,10,1,10,10,1,10.0,10,1,4,10,1,,
2026-08-18,278470,에이피알,61.9,22,0.0,85,0,1,1,58.5,8,15,1,14.6,20,1,10,10,1,0,15,0,4,10,1,0,10,1,6.0,10,1,10,10,1,,
2026-08-18,036930,주성엔지니어링,61.8,23,0.0,85,0,1,1,56.6,15,15,1,11.5,20,1,10,10,1,0,15,0,0,10,1,0,10,1,6.0,10,1,10,10,1,,
2026-08-18,403870,HPSP,61.5,24,0.0,85,0,1,1,55.2,15,15,1,6.3,20,1,8,10,1,0,15,0,0,10,1,7,10,1,6.0,10,1,10,10,1,,
2026-08-18,332570,PS일렉트로닉스,61.2,25,0.0,85,1,1,1,58.5,8,15,1,20.0,20,1,10,10,1,0,15,0,0,10,1,0,10,1,10.0,10,1,4,10,1,,
2026-08-18,007660,이수페타시스,60.5,26,0.0,85,0,1,1,58.3,12,15,1,9.4,20,1,10,10,1,0,15,0,0,10,1,7,10,1,6.0,10,1,7,10,1,,
2026-08-18,068270,셀트리온,60.4,27,0.0,85,1,1,1,56.2,8,15,1,11.3,20,1,8,10,1,0,15,0,4,10,1,0,10,1,10.0,10,1,10,10,1,,
2026-08-18,043260,성호전자,60.0,28,0.0,85,0,1,1,53.4,8,15,1,20.0,20,1,10,10,1,0,15,0,0,10,1,0,10,1,6.0,10,1,7,10,1,,
2026-08-18,441270,파인엠텍,60.0,29,0.0,85,1,1,0,49.2,4,15,1,20.0,20,1,10,10,1,0,15,0,0,10,1,10,10,1,7.0,10,1,0,10,1,,
2026-08-18,009150,삼성전기,59.9,30,0.0,85,0,1,1,52.7,15,15,1,9.9,20,1,10,10,1,0,15,0,0,10,1,0,10,1,6.0,10,1,10,10,1,,
2026-08-18,012450,한화에어로스페이스,59.1,31,0.0,85,0,1,1,59.5,12,15,1,8.2,20,1,10,10,1,0,15,0,4,10,1,0,10,1,6.0,10,1,10,10,1,,
2026-08-18,000850,화천기공,58.8,32,0.0,85,0,1,1,65.3,0,15,1,20.0,20,1,10,10,1,0,15,0,4,10,1,10,10,1,6.0,10,1,0,10,1,,
2026-08-18,052460,아이크래프트,58.8,33,0.0,85,1,1,1,73.2,0,15,1,20.0,20,1,10,10,1,0,15,0,10,10,1,0,10,1,10.0,10,1,0,10,1,,
2026-08-18,240810,원익IPS,58.7,34,0.0,75,0,1,1,51.2,8,15,1,20.0,20,1,0,10,0,0,15,0,0,10,1,0,10,1,6.0,10,1,10,10,1,,
2026-08-18,373220,LG에너지솔루션,58.7,35,0.0,75,0,1,1,51.5,8,15,1,20.0,20,1,0,10,0,0,15,0,0,10,1,0,10,1,6.0,10,1,10,10,1,,
2026-08-18,009830,한화솔루션,58.7,36,0.0,75,0,1,1,55.9,8,15,1,20.0,20,1,0,10,0,0,15,0,0,10,1,0,10,1,6.0,10,1,10,10,1,,
2026-08-18,034730,SK,58.7,37,0.0,75,0,1,1,52.6,8,15,1,20.0,20,1,0,10,0,0,15,0,0,10,1,0,10,1,6.0,10,1,10,10,1,,
2026-08-18,066570,LG전자,58.4,38,0.0,85,0,1,1,58.6,15,15,1,8.6,20,1,10,10,1,0,15,0,0,10,1,0,10,1,6.0,10,1,10,10,1,,
2026-08-18,387690,레메디,57.7,39,0.0,75,0,1,1,53.6,8,15,1,15.3,20,1,0,10,0,0,15,0,0,10,1,10,10,1,6.0,10,1,4,10,1,,
2026-08-18,047040,대우건설,57.4,40,0.0,85,0,1,1,51.8,8,15,1,14.8,20,1,10,10,1,0,15,0,0,10,1,0,10,1,6.0,10,1,10,10,1,,
2026-08-18,178320,서진시스템,57.3,41,0.0,75,0,1,1,45.3,8,15,1,20.0,20,1,0,10,0,0,15,0,0,10,1,7,10,1,6.0,10,1,2,10,1,,
2026-08-18,032830,삼성생명,56.6,42,0.0,85,0,1,1,50.0,12,15,1,10.1,20,1,10,10,1,0,15,0,0,10,1,0,10,1,6.0,10,1,10,10,1,,
2026-08-18,098120,마이크로컨텍솔,56.4,43,0.0,85,0,1,1,77.0,4,15,1,7.9,20,1,10,10,1,0,15,0,10,10,1,10,10,1,6.0,10,1,0,10,1,,
2026-08-18,298040,효성중공업,56.1,44,0.0,85,0,1,1,53.6,12,15,1,9.7,20,1,10,10,1,0,15,0,0,10,1,0,10,1,6.0,10,1,10,10,1,,
2026-08-18,181710,NHN,56.0,45,0.0,75,1,1,1,76.7,4,15,1,20.0,20,1,0,10,0,0,15,0,4,10,1,0,10,1,10.0,10,1,4,10,1,,
2026-08-18,475150,SK이터닉스,55.9,46,0.0,85,1,1,1,55.8,12,15,1,5.5,20,1,10,10,1,0,15,0,0,10,1,0,10,1,10.0,10,1,10,10,1,,
2026-08-18,039030,이오테크닉스,55.9,47,0.0,85,0,1,1,60.7,8,15,1,12.5,20,1,10,10,1,0,15,0,0,10,1,4,10,1,6.0,10,1,7,10,1,,
2026-08-18,277810,레인보우로보틱스,55.9,48,0.0,75,0,1,1,49.0,8,15,1,17.9,20,1,0,10,0,0,15,0,0,10,1,0,10,1,6.0,10,1,10,10,1,,
2026-08-18,011200,HMM,55.8,49,0.0,85,1,1,1,66.0,8,15,1,4.4,20,1,5,10,1,0,15,0,10,10,1,10,10,1,10.0,10,1,0,10,1,,
2026-08-18,950260,인제니아테라퓨틱스(Reg.S),55.6,50,0.0,45,0,0,0,,15,15,1,0.0,20,0,0,10,0,0,15,0,10,10,1,0,10,1,0.0,10,0,0,10,1,,
2026-08-18,080580,오킨스전자,55.3,51,0.0,85,0,1,1,66.5,4,15,1,20.0,20,1,10,10,1,0,15,0,0,10,1,7,10,1,6.0,10,1,0,10,1,,
2026-08-18,092870,엑시콘,55.3,52,0.0,85,0,1,1,67.9,4,15,1,20.0,20,1,10,10,1,0,15,0,0,10,1,7,10,1,6.0,10,1,0,10,1,,
2026-08-18,011070,LG이노텍,55.1,53,0.0,85,0,1,1,50.0,12,15,1,8.8,20,1,10,10,1,0,15,0,0,10,1,0,10,1,6.0,10,1,10,10,1,,
2026-08-18,440110,파두,55.1,54,0.0,75,0,1,1,50.5,8,15,1,16.3,20,1,0,10,0,0,15,0,0,10,1,4,10,1,6.0,10,1,7,10,1,,
2026-08-18,214450,파마리서치,54.9,55,0.0,85,1,1,0,55.2,8,15,1,7.7,20,1,10,10,1,0,15,0,4,10,1,0,10,1,7.0,10,1,10,10,1,,
2026-08-18,007810,코리아써키트,54.7,56,0.0,75,0,1,1,52.1,8,15,1,18.0,20,1,0,10,0,0,15,0,0,10,1,7,10,1,6.0,10,1,2,10,1,,
2026-08-18,017670,SK텔레콤,54.6,57,0.0,85,0,1,1,60.9,12,15,1,8.4,20,1,10,10,1,0,15,0,0,10,1,0,10,1,6.0,10,1,10,10,1,,
2026-08-18,086520,에코프로,53.2,58,0.0,85,0,1,1,49.8,8,15,1,13.2,20,1,8,10,1,0,15,0,0,10,1,0,10,1,6.0,10,1,10,10,1,,
2026-08-18,356860,티엘비,52.9,59,0.0,85,0,1,1,43.5,4,15,1,20.0,20,1,8,10,1,0,15,0,0,10,1,7,10,1,6.0,10,1,0,10,1,,
2026-08-18,099440,스맥,52.7,60,0.0,85,1,1,1,65.9,0,15,1,16.8,20,1,10,10,1,0,15,0,4,10,1,4,10,1,10.0,10,1,0,10,1,,
2026-08-18,119850,지엔씨에너지,52.1,61,0.0,75,1,1,1,65.8,4,15,1,8.1,20,1,0,10,0,0,15,0,7,10,1,0,10,1,10.0,10,1,10,10,1,,
2026-08-18,009540,HD한국조선해양,52.0,62,0.0,85,0,1,0,49.4,8,15,1,13.2,20,1,10,10,1,0,15,0,0,10,1,0,10,1,3.0,10,1,10,10,1,,
2026-08-18,352820,하이브,51.8,63,0.0,85,0,1,0,38.7,4,15,1,20.0,20,1,10,10,1,0,15,0,0,10,1,0,10,1,3.0,10,1,7,10,1,,
2026-08-18,003010,혜인,51.8,64,5.0,85,1,1,1,92.5,4,15,1,5.3,20,1,10,10,1,0,15,0,10,10,1,7,10,1,10.0,10,1,2,10,1,,
2026-08-18,028670,팬오션,51.8,65,0.0,85,1,1,1,61.8,4,15,1,6.0,20,1,10,10,1,0,15,0,10,10,1,4,10,1,10.0,10,1,0,10,1,,
2026-08-18,005950,이수화학,51.8,66,0.0,85,1,1,1,48.9,4,15,1,10.0,20,1,10,10,1,0,15,0,0,10,1,10,10,1,10.0,10,1,0,10,1,,
2026-08-18,253590,네오셈,51.8,67,0.0,85,0,1,1,59.2,4,15,1,20.0,20,1,10,10,1,0,15,0,0,10,1,4,10,1,6.0,10,1,0,10,1,,
2026-08-18,285130,SK케미칼,51.8,68,0.0,85,0,1,1,64.8,0,15,1,20.0,20,1,10,10,1,0,15,0,4,10,1,4,10,1,6.0,10,1,0,10,1,,
2026-08-18,006360,GS건설,51.7,69,0.0,75,1,1,1,58.5,8,15,1,6.8,20,1,0,10,0,0,15,0,4,10,1,0,10,1,10.0,10,1,10,10,1,,
2026-08-18,347890,엠엑스온,51.6,70,0.0,85,0,1,1,59.8,0,15,1,17.9,20,1,10,10,1,0,15,0,0,10,1,10,10,1,6.0,10,1,0,10,1,,
2026-08-18,196170,알테오젠,50.7,71,0.0,75,0,1,0,46.8,8,15,1,20.0,20,1,0,10,0,0,15,0,0,10,1,0,10,1,3.0,10,1,7,10,1,,
2026-08-18,083650,비에이치아이,50.7,72,0.0,85,0,1,1,59.7,4,15,1,17.1,20,1,10,10,1,0,15,0,0,10,1,4,10,1,6.0,10,1,2,10,1,,
2026-08-18,036570,NC,50.6,73,0.0,85,0,1,0,44.7,4,15,1,20.0,20,1,10,10,1,0,15,0,0,10,1,4,10,1,3.0,10,1,2,10,1,,
2026-08-18,052900,KX하이텍,50.6,74,0.0,85,0,1,1,55.7,0,15,1,20.0,20,1,10,10,1,0,15,0,0,10,1,7,10,1,6.0,10,1,0,10,1,,
2026-08-18,105630,한세실업,50.5,75,0.0,85,1,1,1,67.0,0,15,1,4.9,20,1,8,10,1,0,15,0,10,10,1,10,10,1,10.0,10,1,0,10,1,,
2026-08-18,265740,엔에프씨,50.2,76,0.0,85,1,1,1,57.9,0,15,1,18.7,20,1,10,10,1,0,15,0,4,10,1,0,10,1,10.0,10,1,0,10,1,,
2026-08-18,001440,대한전선,49.5,77,0.0,85,0,1,1,48.7,8,15,1,8.1,20,1,10,10,1,0,15,0,0,10,1,0,10,1,6.0,10,1,10,10,1,,
2026-08-18,000720,현대건설,49.5,78,0.0,85,0,1,1,51.7,4,15,1,12.1,20,1,10,10,1,0,15,0,0,10,1,0,10,1,6.0,10,1,10,10,1,,
2026-08-18,098460,고영,49.4,79,0.0,85,0,1,1,51.8,4,15,1,20.0,20,1,10,10,1,0,15,0,0,10,1,0,10,1,6.0,10,1,2,10,1,,
2026-08-18,131970,두산테스나,49.4,80,0.0,85,0,1,1,47.0,4,15,1,20.0,20,1,10,10,1,0,15,0,0,10,1,0,10,1,6.0,10,1,2,10,1,,
2026-08-18,396300,세아메카닉스,49.4,81,0.0,85,0,1,1,65.6,4,15,1,20.0,20,1,10,10,1,0,15,0,0,10,1,0,10,1,6.0,10,1,2,10,1,,
2026-08-18,218410,RFHIC,49.4,82,0.0,85,0,1,1,48.9,4,15,1,20.0,20,1,10,10,1,0,15,0,0,10,1,0,10,1,6.0,10,1,2,10,1,,
2026-08-18,006910,보성파워텍,49.4,83,0.0,85,0,1,1,53.9,4,15,1,20.0,20,1,10,10,1,0,15,0,0,10,1,0,10,1,6.0,10,1,2,10,1,,
2026-08-18,417840,저스템,49.3,84,0.0,75,0,1,1,60.7,4,15,1,20.0,20,1,0,10,0,0,15,0,0,10,1,7,10,1,6.0,10,1,0,10,1,,
2026-08-18,064290,인텍플러스,49.3,85,0.0,75,0,1,1,55.8,4,15,1,20.0,20,1,0,10,0,0,15,0,0,10,1,7,10,1,6.0,10,1,0,10,1,,
2026-08-18,005490,POSCO홀딩스,49.1,86,0.0,85,0,1,1,50.5,8,15,1,7.7,20,1,10,10,1,0,15,0,0,10,1,0,10,1,6.0,10,1,10,10,1,,
2026-08-18,088350,한화생명,49.1,87,0.0,85,0,1,1,69.0,4,15,1,6.7,20,1,10,10,1,0,15,0,4,10,1,7,10,1,6.0,10,1,4,10,1,,
2026-08-18,010120,LS ELECTRIC,48.9,88,0.0,85,0,1,1,51.9,8,15,1,7.6,20,1,10,10,1,0,15,0,0,10,1,0,10,1,6.0,10,1,10,10,1,,
2026-08-18,294870,IPARK현대산업개발,48.1,89,0.0,85,1,1,1,62.9,0,15,1,9.9,20,1,10,10,1,0,15,0,7,10,1,4,10,1,10.0,10,1,0,10,1,,
2026-08-18,396470,워트,48.0,90,0.0,85,0,1,1,63.6,4,15,1,10.8,20,1,10,10,1,0,15,0,0,10,1,10,10,1,6.0,10,1,0,10,1,,
2026-08-18,026040,제이에스티나,48.0,91,0.0,85,0,1,1,66.7,4,15,1,10.8,20,1,10,10,1,0,15,0,0,10,1,10,10,1,6.0,10,1,0,10,1,,
2026-08-18,382800,지앤비에스 에코,48.0,92,0.0,85,0,1,1,63.1,0,15,1,17.8,20,1,10,10,1,0,15,0,0,10,1,7,10,1,6.0,10,1,0,10,1,,
2026-08-18,267260,HD현대일렉트릭,47.8,93,0.0,85,0,1,1,49.3,8,15,1,6.6,20,1,10,10,1,0,15,0,0,10,1,0,10,1,6.0,10,1,10,10,1,,
2026-08-18,001450,현대해상,47.2,94,0.0,85,1,1,1,73.4,8,15,1,4.1,20,1,1,10,1,0,15,0,10,10,1,7,10,1,10.0,10,1,0,10,1,,
2026-08-18,005180,빙그레,47.2,95,0.0,85,1,1,1,64.2,4,15,1,5.1,20,1,10,10,1,0,15,0,4,10,1,7,10,1,10.0,10,1,0,10,1,,
2026-08-18,207940,삼성바이오로직스,47.1,96,0.0,85,1,1,1,54.7,8,15,1,7.0,20,1,1,10,1,0,15,0,4,10,1,0,10,1,10.0,10,1,10,10,1,,
2026-08-18,420770,기가비스,47.1,97,0.0,85,0,1,1,52.5,4,15,1,20.0,20,1,10,10,1,0,15,0,0,10,1,0,10,1,6.0,10,1,0,10,1,,
2026-08-18,008770,호텔신라,47.1,98,0.0,85,0,1,1,43.7,4,15,1,20.0,20,1,10,10,1,0,15,0,0,10,1,0,10,1,6.0,10,1,0,10,1,,
2026-08-18,189300,인텔리안테크,47.1,99,0.0,85,0,1,1,47.6,4,15,1,16.0,20,1,10,10,1,0,15,0,0,10,1,4,10,1,6.0,10,1,0,10,1,,
2026-08-18,044490,태웅,47.1,100,0.0,85,0,1,1,51.5,0,15,1,20.0,20,1,10,10,1,0,15,0,0,10,1,4,10,1,6.0,10,1,0,10,1,,
2026-08-18,126640,화신정공,47.1,101,0.0,85,1,1,1,52.2,0,15,1,20.0,20,1,10,10,1,0,15,0,0,10,1,0,10,1,10.0,10,1,0,10,1,,
2026-08-18,006260,LS,46.5,102,0.0,85,0,1,0,55.2,8,15,1,7.5,20,1,10,10,1,0,15,0,0,10,1,4,10,1,3.0,10,1,7,10,1,,
2026-08-18,091580,상신이디피,46.5,103,0.0,85,0,1,1,62.7,0,15,1,16.5,20,1,10,10,1,0,15,0,0,10,1,7,10,1,6.0,10,1,0,10,1,,
2026-08-18,028050,삼성E&A,46.2,104,0.0,85,0,1,1,52.8,8,15,1,5.3,20,1,10,10,1,0,15,0,0,10,1,0,10,1,6.0,10,1,10,10,1,,
2026-08-18,035720,카카오,46.0,105,0.0,75,1,1,1,51.6,8,15,1,6.5,20,1,0,10,0,0,15,0,0,10,1,0,10,1,10.0,10,1,10,10,1,,
2026-08-18,006800,미래에셋증권,45.9,106,0.0,85,0,1,1,46.1,4,15,1,12.0,20,1,10,10,1,0,15,0,0,10,1,0,10,1,6.0,10,1,7,10,1,,
2026-08-18,267270,HD건설기계,45.9,107,0.0,85,0,1,0,49.9,4,15,1,20.0,20,1,10,10,1,0,15,0,0,10,1,0,10,1,3.0,10,1,2,10,1,,
2026-08-18,006110,삼아알미늄,45.9,108,0.0,85,0,1,1,68.3,4,15,1,20.0,20,1,5,10,1,0,15,0,0,10,1,4,10,1,6.0,10,1,0,10,1,,
2026-08-18,039440,에스티아이,45.9,109,0.0,85,0,1,1,45.6,0,15,1,19.0,20,1,10,10,1,0,15,0,0,10,1,4,10,1,6.0,10,1,0,10,1,,
2026-08-18,377450,리파인,45.7,110,5.0,75,1,1,1,80.7,4,15,1,4.0,20,1,0,10,0,0,15,0,10,10,1,10,10,1,10.0,10,1,0,10,1,,
2026-08-18,066970,엘앤에프,45.6,111,0.0,75,0,1,1,59.0,4,15,1,17.2,20,1,0,10,0,0,15,0,0,10,1,0,10,1,6.0,10,1,7,10,1,,
2026-08-18,204270,제이앤티씨,45.6,112,0.0,85,0,1,1,57.4,4,15,1,14.8,20,1,10,10,1,0,15,0,0,10,1,4,10,1,6.0,10,1,0,10,1,,
2026-08-18,056190,SFA,45.6,113,0.0,85,0,1,1,60.1,0,15,1,18.8,20,1,10,10,1,0,15,0,0,10,1,4,10,1,6.0,10,1,0,10,1,,
2026-08-18,247540,에코프로비엠,45.3,114,0.0,75,0,1,1,45.9,4,15,1,20.0,20,1,0,10,0,0,15,0,0,10,1,0,10,1,6.0,10,1,4,10,1,,
2026-08-18,327260,RF머트리얼즈,45.3,115,0.0,75,0,1,1,46.4,4,15,1,20.0,20,1,0,10,0,0,15,0,0,10,1,4,10,1,6.0,10,1,0,10,1,,
2026-08-18,217190,제너셈,45.3,116,0.0,75,0,1,1,72.4,4,15,1,4.0,20,1,0,10,0,0,15,0,10,10,1,10,10,1,6.0,10,1,0,10,1,,
2026-08-18,153890,져스텍,45.3,117,0.0,75,0,1,1,55.6,4,15,1,20.0,20,1,0,10,0,0,15,0,0,10,1,0,10,1,6.0,10,1,4,10,1,,
2026-08-18,222040,코스맥스엔비티,45.3,118,0.0,75,1,1,0,50.2,0,15,1,20.0,20,1,0,10,0,0,15,0,0,10,1,7,10,1,7.0,10,1,0,10,1,,
2026-08-18,219130,타이거일렉,45.3,119,0.0,75,1,1,1,53.5,0,15,1,20.0,20,1,0,10,0,0,15,0,0,10,1,4,10,1,10.0,10,1,0,10,1,,
2026-08-18,036200,유니셈,45.2,120,0.0,85,0,1,1,63.0,0,15,1,12.4,20,1,10,10,1,0,15,0,0,10,1,10,10,1,6.0,10,1,0,10,1,,
2026-08-18,241710,코스메카코리아,44.7,121,0.0,85,1,1,1,74.6,4,15,1,6.0,20,1,10,10,1,0,15,0,4,10,1,0,10,1,10.0,10,1,4,10,1,,
2026-08-18,009420,한올바이오파마,44.7,122,0.0,85,0,1,1,58.5,4,15,1,20.0,20,1,8,10,1,0,15,0,0,10,1,0,10,1,6.0,10,1,0,10,1,,
2026-08-18,042700,한미반도체,44.5,123,0.0,85,0,1,1,53.4,12,15,1,6.8,20,1,3,10,1,0,15,0,0,10,1,0,10,1,6.0,10,1,10,10,1,,
2026-08-18,237880,클리오,44.4,124,0.0,85,1,1,1,66.2,0,15,1,6.7,20,1,10,10,1,0,15,0,4,10,1,7,10,1,10.0,10,1,0,10,1,,
2026-08-18,058610,에스피지,44.0,125,0.0,85,1,1,1,57.5,8,15,1,6.4,20,1,3,10,1,0,15,0,0,10,1,0,10,1,10.0,10,1,10,10,1,,
2026-08-18,047810,한국항공우주,44.0,126,0.0,85,0,1,1,47.5,4,15,1,7.4,20,1,10,10,1,0,15,0,0,10,1,0,10,1,6.0,10,1,10,10,1,,
2026-08-18,036810,에프에스티,44.0,127,0.0,75,0,1,1,53.5,0,15,1,20.0,20,1,0,10,0,0,15,0,0,10,1,7,10,1,6.0,10,1,0,10,1,,
2026-08-18,347700,스피어,43.9,128,0.0,75,0,1,1,59.8,4,15,1,15.9,20,1,0,10,0,0,15,0,0,10,1,0,10,1,6.0,10,1,7,10,1,,
2026-08-18,003350,한국화장품제조,43.9,129,0.0,85,1,1,1,68.9,4,15,1,5.3,20,1,10,10,1,0,15,0,4,10,1,0,10,1,10.0,10,1,4,10,1,,
2026-08-18,047770,코데즈컴바인,43.9,130,0.0,85,0,1,1,72.1,0,15,1,10.3,20,1,10,10,1,0,15,0,4,10,1,7,10,1,6.0,10,1,0,10,1,,
2026-08-18,027360,아주IB투자,43.8,131,0.0,85,0,1,0,47.5,8,15,1,6.2,20,1,10,10,1,0,15,0,0,10,1,10,10,1,3.0,10,1,0,10,1,,
2026-08-18,044820,코스맥스비티아이,43.8,132,0.0,85,1,1,1,52.4,0,15,1,7.2,20,1,10,10,1,0,15,0,0,10,1,10,10,1,10.0,10,1,0,10,1,,
2026-08-18,003670,포스코퓨처엠,43.5,133,0.0,85,0,1,1,52.5,4,15,1,20.0,20,1,3,10,1,0,15,0,0,10,1,0,10,1,6.0,10,1,4,10,1,,
2026-08-18,290650,엘앤씨바이오,43.5,134,0.0,85,0,1,0,39.3,4,15,1,20.0,20,1,10,10,1,0,15,0,0,10,1,0,10,1,3.0,10,1,0,10,1,,
2026-08-18,055550,신한지주,43.3,135,0.0,85,1,1,1,54.4,8,15,1,4.8,20,1,10,10,1,0,15,0,4,10,1,0,10,1,10.0,10,1,0,10,1,,
2026-08-18,002990,금호건설,43.2,136,0.0,85,0,1,1,61.4,12,15,1,10.7,20,1,1,10,1,0,15,0,0,10,1,0,10,1,6.0,10,1,7,10,1,,
2026-08-18,089860,롯데렌탈,43.2,137,0.0,85,1,1,1,71.8,4,15,1,4.7,20,1,8,10,1,0,15,0,10,10,1,0,10,1,10.0,10,1,0,10,1,,
2026-08-18,086790,하나금융지주,43.1,138,0.0,85,1,1,1,53.4,8,15,1,4.6,20,1,10,10,1,0,15,0,4,10,1,0,10,1,10.0,10,1,0,10,1,,
2026-08-18,194700,노바렉스,43.1,139,0.0,85,1,0,0,36.9,4,15,1,8.6,20,1,10,10,1,0,15,0,0,10,1,10,10,1,4.0,10,1,0,10,1,,
2026-08-18,051900,LG생활건강,42.9,140,0.0,85,1,1,1,58.3,4,15,1,10.5,20,1,10,10,1,0,15,0,0,10,1,0,10,1,10.0,10,1,2,10,1,,
2026-08-18,161890,한국콜마,42.8,141,0.0,85,1,1,1,67.8,8,15,1,6.4,20,1,1,10,1,0,15,0,4,10,1,0,10,1,10.0,10,1,7,10,1,,
2026-08-18,089030,테크윙,42.7,142,0.0,75,0,1,1,54.0,4,15,1,20.0,20,1,0,10,0,0,15,0,0,10,1,0,10,1,6.0,10,1,2,10,1,,
2026-08-18,000150,두산,42.4,143,0.0,75,0,1,1,50.1,8,15,1,7.8,20,1,0,10,0,0,15,0,0,10,1,0,10,1,6.0,10,1,10,10,1,,
2026-08-18,004710,한솔테크닉스,42.4,144,0.0,85,0,1,1,45.0,0,15,1,20.0,20,1,10,10,1,0,15,0,0,10,1,0,10,1,6.0,10,1,0,10,1,,
2026-08-18,003160,디아이,42.4,145,0.0,85,0,1,1,60.2,0,15,1,20.0,20,1,10,10,1,0,15,0,0,10,1,0,10,1,6.0,10,1,0,10,1,,
2026-08-18,124500,아이티센글로벌,42.4,146,0.0,85,0,1,1,53.2,0,15,1,20.0,20,1,10,10,1,0,15,0,0,10,1,0,10,1,6.0,10,1,0,10,1,,
2026-08-18,004310,현대약품,42.4,147,0.0,85,0,1,1,50.5,0,15,1,20.0,20,1,10,10,1,0,15,0,0,10,1,0,10,1,6.0,10,1,0,10,1,,
2026-08-18,005070,코스모신소재,42.4,148,0.0,85,0,1,1,53.2,0,15,1,20.0,20,1,10,10,1,0,15,0,0,10,1,0,10,1,6.0,10,1,0,10,1,,
2026-08-18,425420,티에프이,42.4,149,0.0,85,0,1,1,55.7,0,15,1,20.0,20,1,10,10,1,0,15,0,0,10,1,0,10,1,6.0,10,1,0,10,1,,
2026-08-18,456040,OCI,42.4,150,0.0,85,0,1,1,48.8,0,15,1,20.0,20,1,10,10,1,0,15,0,0,10,1,0,10,1,6.0,10,1,0,10,1,,
2026-08-18,348210,넥스틴,42.4,151,0.0,85,0,1,1,47.9,0,15,1,20.0,20,1,10,10,1,0,15,0,0,10,1,0,10,1,6.0,10,1,0,10,1,,
2026-08-18,099320,쎄트렉아이,42.4,152,0.0,85,0,1,1,47.5,0,15,1,20.0,20,1,10,10,1,0,15,0,0,10,1,0,10,1,6.0,10,1,0,10,1,,
2026-08-18,003530,한화투자증권,42.4,153,0.0,85,0,1,1,49.9,0,15,1,20.0,20,1,10,10,1,0,15,0,0,10,1,0,10,1,6.0,10,1,0,10,1,,
2026-08-18,034020,두산에너빌리티,41.9,154,0.0,85,0,1,1,51.3,12,15,1,6.6,20,1,1,10,1,0,15,0,0,10,1,0,10,1,6.0,10,1,10,10,1,,
2026-08-18,058730,다스코,41.9,155,0.0,85,1,1,1,49.1,0,15,1,15.6,20,1,10,10,1,0,15,0,0,10,1,0,10,1,10.0,10,1,0,10,1,,
2026-08-18,144960,뉴파워프라즈마,41.8,156,0.0,85,1,1,1,54.9,4,15,1,11.5,20,1,10,10,1,0,15,0,0,10,1,0,10,1,10.0,10,1,0,10,1,,
2026-08-18,071200,인피니트헬스케어,41.8,157,0.0,85,1,1,0,50.0,0,15,1,8.5,20,1,10,10,1,0,15,0,0,10,1,10,10,1,7.0,10,1,0,10,1,,
2026-08-18,147830,제룡산업,41.8,158,0.0,85,0,1,1,58.9,0,15,1,12.5,20,1,10,10,1,0,15,0,0,10,1,7,10,1,6.0,10,1,0,10,1,,
2026-08-18,086390,유니테스트,41.6,159,0.0,85,0,1,1,58.0,0,15,1,15.4,20,1,10,10,1,0,15,0,0,10,1,4,10,1,6.0,10,1,0,10,1,,
2026-08-18,095610,테스,41.4,160,0.0,85,0,1,1,49.1,8,15,1,8.2,20,1,3,10,1,0,15,0,0,10,1,0,10,1,6.0,10,1,10,10,1,,
2026-08-18,060370,LS마린솔루션,41.4,161,0.0,85,1,1,1,54.2,0,15,1,15.2,20,1,10,10,1,0,15,0,0,10,1,0,10,1,10.0,10,1,0,10,1,,
2026-08-18,322000,HD현대에너지솔루션,41.3,162,0.0,75,0,1,0,48.9,4,15,1,20.0,20,1,0,10,0,0,15,0,0,10,1,0,10,1,3.0,10,1,4,10,1,,
2026-08-18,089970,브이엠,41.3,163,0.0,75,0,1,0,44.5,4,15,1,20.0,20,1,0,10,0,0,15,0,0,10,1,0,10,1,3.0,10,1,4,10,1,,
2026-08-18,009270,신원,41.3,164,0.0,75,0,1,1,68.4,4,15,1,4.0,20,1,0,10,0,0,15,0,7,10,1,10,10,1,6.0,10,1,0,10,1,,
2026-08-18,004370,농심,41.2,165,0.0,85,1,1,1,64.9,4,15,1,5.0,20,1,8,10,1,0,15,0,4,10,1,4,10,1,10.0,10,1,0,10,1,,
2026-08-18,013580,계룡건설,41.1,166,0.0,85,0,1,1,65.7,0,15,1,8.9,20,1,10,10,1,0,15,0,0,10,1,10,10,1,6.0,10,1,0,10,1,,
2026-08-18,005090,SGC에너지,40.9,167,0.0,85,1,1,1,66.9,0,15,1,7.8,20,1,10,10,1,0,15,0,7,10,1,0,10,1,10.0,10,1,0,10,1,,
2026-08-18,107640,한중엔시에스,40.9,168,0.0,75,0,1,1,51.1,0,15,1,17.7,20,1,0,10,0,0,15,0,0,10,1,7,10,1,6.0,10,1,0,10,1,,
2026-08-18,100790,미래에셋벤처투자,40.7,169,0.0,85,0,1,1,47.3,4,15,1,10.6,20,1,10,10,1,0,15,0,0,10,1,0,10,1,6.0,10,1,4,10,1,,
2026-08-18,319660,피에스케이,40.6,170,0.0,85,0,1,0,46.0,8,15,1,9.5,20,1,10,10,1,0,15,0,0,10,1,0,10,1,3.0,10,1,4,10,1,,
2026-08-18,062040,산일전기,40.5,171,0.0,85,0,1,1,50.6,4,15,1,7.4,20,1,10,10,1,0,15,0,0,10,1,0,10,1,6.0,10,1,7,10,1,,
2026-08-18,079550,LIG디펜스앤에어로스페이스,40.4,172,0.0,85,0,1,0,53.1,8,15,1,6.3,20,1,10,10,1,0,15,0,0,10,1,0,10,1,3.0,10,1,7,10,1,,
2026-08-18,039830,오로라,40.4,173,0.0,85,1,0,0,36.0,4,15,1,6.3,20,1,10,10,1,0,15,0,0,10,1,10,10,1,4.0,10,1,0,10,1,,
2026-08-18,090460,비에이치,40.2,174,0.0,85,0,1,1,50.7,4,15,1,8.2,20,1,10,10,1,0,15,0,0,10,1,4,10,1,6.0,10,1,2,10,1,,
2026-08-18,010170,대한광통신,40.0,175,0.0,75,0,1,1,54.1,8,15,1,16.0,20,1,0,10,0,0,15,0,0,10,1,0,10,1,6.0,10,1,0,10,1,,
2026-08-18,491000,리브스메드,40.0,176,0.0,75,0,1,0,45.1,4,15,1,16.0,20,1,0,10,0,0,15,0,0,10,1,7,10,1,3.0,10,1,0,10,1,,
2026-08-18,263750,펄어비스,40.0,177,0.0,85,0,0,0,36.0,4,15,1,20.0,20,1,10,10,1,0,15,0,0,10,1,0,10,1,0.0,10,1,0,10,1,,
2026-08-18,122640,예스티,40.0,178,0.0,75,0,1,1,54.8,4,15,1,20.0,20,1,0,10,0,0,15,0,0,10,1,0,10,1,6.0,10,1,0,10,1,,
2026-08-18,033640,네패스,40.0,179,0.0,75,0,1,1,49.5,0,15,1,20.0,20,1,0,10,0,0,15,0,0,10,1,4,10,1,6.0,10,1,0,10,1,,
2026-08-18,131290,티에스이,39.6,180,0.0,85,0,1,1,62.5,4,15,1,16.7,20,1,1,10,1,0,15,0,4,10,1,0,10,1,6.0,10,1,2,10,1,,
2026-08-18,105560,KB금융,39.5,181,0.0,85,0,0,1,49.2,12,15,1,4.6,20,1,10,10,1,0,15,0,4,10,1,0,10,1,3.0,10,1,0,10,1,,
2026-08-18,192820,코스맥스,39.5,182,0.0,85,1,1,1,72.8,4,15,1,5.6,20,1,8,10,1,0,15,0,4,10,1,0,10,1,10.0,10,1,2,10,1,,
2026-08-18,018260,삼성에스디에스,39.3,183,0.0,75,0,1,1,55.5,8,15,1,5.5,20,1,0,10,0,0,15,0,0,10,1,0,10,1,6.0,10,1,10,10,1,,
2026-08-18,037460,삼지전자,39.1,184,0.0,85,0,1,0,40.9,4,15,1,6.2,20,1,10,10,1,0,15,0,0,10,1,10,10,1,3.0,10,1,0,10,1,,
2026-08-18,126340,비나텍,39.1,185,0.0,85,0,1,1,46.9,0,15,1,17.2,20,1,10,10,1,0,15,0,0,10,1,0,10,1,6.0,10,1,0,10,1,,
2026-08-18,019540,일지테크,39.1,186,0.0,85,1,0,0,37.9,0,15,1,9.2,20,1,10,10,1,0,15,0,0,10,1,10,10,1,4.0,10,1,0,10,1,,
2026-08-18,329180,HD현대중공업,38.9,187,0.0,85,0,1,0,45.8,8,15,1,14.1,20,1,1,10,1,0,15,0,0,10,1,0,10,1,3.0,10,1,7,10,1,,
2026-08-18,280360,롯데웰푸드,38.9,188,0.0,85,1,1,1,60.3,0,15,1,9.1,20,1,10,10,1,0,15,0,4,10,1,0,10,1,10.0,10,1,0,10,1,,
2026-08-18,019210,와이지-원,38.8,189,0.0,85,0,0,0,41.4,8,15,1,5.0,20,1,10,10,1,0,15,0,0,10,1,10,10,1,0.0,10,1,0,10,1,,
2026-08-18,161390,한국타이어앤테크놀로지,38.8,190,0.0,85,1,1,1,50.3,4,15,1,5.0,20,1,10,10,1,0,15,0,4,10,1,0,10,1,10.0,10,1,0,10,1,,
2026-08-18,077360,덕산하이메탈,38.8,191,0.0,85,0,1,0,50.9,0,15,1,20.0,20,1,10,10,1,0,15,0,0,10,1,0,10,1,3.0,10,1,0,10,1,,
2026-08-18,011930,신성이엔지,38.8,192,0.0,85,0,1,0,50.5,0,15,1,20.0,20,1,10,10,1,0,15,0,0,10,1,0,10,1,3.0,10,1,0,10,1,,
2026-08-18,012330,현대모비스,38.5,193,0.0,85,0,1,1,53.1,12,15,1,4.7,20,1,10,10,1,0,15,0,0,10,1,0,10,1,6.0,10,1,0,10,1,,
2026-08-18,030200,KT,38.5,194,0.0,75,0,1,1,56.2,4,15,1,14.9,20,1,0,10,0,0,15,0,4,10,1,0,10,1,6.0,10,1,0,10,1,,
2026-08-18,142210,유니트론텍,38.5,195,0.0,85,0,1,1,59.8,0,15,1,9.7,20,1,10,10,1,0,15,0,0,10,1,7,10,1,6.0,10,1,0,10,1,,
2026-08-18,010140,삼성중공업,38.4,196,0.0,75,0,1,0,44.3,8,15,1,7.8,20,1,0,10,0,0,15,0,0,10,1,0,10,1,3.0,10,1,10,10,1,,
2026-08-18,077500,유니퀘스트,38.1,197,0.0,85,0,1,1,66.3,0,15,1,4.4,20,1,8,10,1,0,15,0,4,10,1,10,10,1,6.0,10,1,0,10,1,,
2026-08-18,005830,DB손해보험,38.0,198,0.0,75,1,1,1,68.0,4,15,1,4.5,20,1,0,10,0,0,15,0,10,10,1,0,10,1,10.0,10,1,0,10,1,,
2026-08-18,005880,대한해운,37.6,199,0.0,85,0,1,1,60.3,4,15,1,5.0,20,1,10,10,1,0,15,0,0,10,1,7,10,1,6.0,10,1,0,10,1,,
2026-08-18,009155,삼성전기우,37.5,200,0.0,85,0,1,1,52.4,4,15,1,9.9,20,1,10,10,1,0,15,0,0,10,1,0,10,1,6.0,10,1,2,10,1,,
2026-08-19,096770,SK이노베이션,76.5,1,0.0,85,1,1,1,60.4,8,15,1,20.0,20,1,10,10,1,0,15,0,7,10,1,0,10,1,10.0,10,1,10,10,1,,
2026-08-19,025980,아난티,76.2,2,5.0,85,0,1,1,79.5,15,15,1,20.0,20,1,10,10,1,0,15,0,4,10,1,10,10,1,6.0,10,1,4,10,1,,
2026-08-19,257720,실리콘투,73.6,3,0.0,85,1,1,1,64.3,12,15,1,6.6,20,1,10,10,1,0,15,0,10,10,1,7,10,1,10.0,10,1,7,10,1,,
2026-08-19,010950,S-Oil,72.9,4,0.0,85,1,1,1,64.9,8,15,1,20.0,20,1,10,10,1,0,15,0,7,10,1,0,10,1,10.0,10,1,7,10,1,,
2026-08-19,005930,삼성전자,71.8,5,0.0,85,0,1,1,47.1,15,15,1,20.0,20,1,10,10,1,0,15,0,0,10,1,0,10,1,6.0,10,1,10,10,1,,
2026-08-19,005935,삼성전자우,71.8,6,0.0,85,0,1,1,46.3,15,15,1,20.0,20,1,10,10,1,0,15,0,0,10,1,0,10,1,6.0,10,1,10,10,1,,
2026-08-19,126640,화신정공,70.6,7,0.0,85,1,1,1,66.9,8,15,1,20.0,20,1,10,10,1,0,15,0,0,10,1,10,10,1,10.0,10,1,2,10,1,,
2026-08-19,006400,삼성SDI,68.2,8,0.0,85,0,1,1,55.4,12,15,1,20.0,20,1,10,10,1,0,15,0,0,10,1,0,10,1,6.0,10,1,10,10,1,,
2026-08-19,000660,SK하이닉스,68.0,9,0.0,75,0,1,1,42.7,15,15,1,20.0,20,1,0,10,0,0,15,0,0,10,1,0,10,1,6.0,10,1,10,10,1,,
2026-08-19,012450,한화에어로스페이스,67.3,10,0.0,85,0,1,1,61.6,15,15,1,8.2,20,1,10,10,1,0,15,0,4,10,1,4,10,1,6.0,10,1,10,10,1,,
2026-08-19,078930,GS,65.5,11,0.0,85,1,1,1,77.6,8,15,1,7.7,20,1,10,10,1,0,15,0,10,10,1,0,10,1,10.0,10,1,10,10,1,,
2026-08-19,108490,로보티즈,65.3,12,0.0,75,0,1,0,58.9,12,15,1,20.0,20,1,0,10,0,0,15,0,0,10,1,4,10,1,3.0,10,1,10,10,1,,
2026-08-19,402340,SK스퀘어,64.0,13,0.0,75,0,1,0,44.2,15,15,1,20.0,20,1,0,10,0,0,15,0,0,10,1,0,10,1,3.0,10,1,10,10,1,,
2026-08-19,007660,이수페타시스,64.0,14,0.0,85,0,1,1,59.1,12,15,1,9.4,20,1,10,10,1,0,15,0,0,10,1,7,10,1,6.0,10,1,10,10,1,,
2026-08-19,222800,심텍,64.0,15,0.0,75,0,1,1,53.5,12,15,1,20.0,20,1,0,10,0,0,15,0,0,10,1,0,10,1,6.0,10,1,10,10,1,,
2026-08-19,153890,져스텍,64.0,16,0.0,75,0,1,1,61.8,8,15,1,20.0,20,1,0,10,0,0,15,0,0,10,1,7,10,1,6.0,10,1,7,10,1,,
2026-08-19,010060,OCI홀딩스,63.5,17,0.0,85,0,1,1,59.6,8,15,1,20.0,20,1,10,10,1,0,15,0,0,10,1,0,10,1,6.0,10,1,10,10,1,,
2026-08-19,353200,대덕전자,63.5,18,0.0,85,0,1,1,51.0,8,15,1,20.0,20,1,10,10,1,0,15,0,0,10,1,0,10,1,6.0,10,1,10,10,1,,
2026-08-19,042660,한화오션,63.5,19,0.0,85,0,1,1,47.5,8,15,1,20.0,20,1,10,10,1,0,15,0,0,10,1,0,10,1,6.0,10,1,10,10,1,,
2026-08-19,080220,제주반도체,63.1,20,0.0,85,0,1,0,45.4,12,15,1,18.6,20,1,10,10,1,0,15,0,0,10,1,0,10,1,3.0,10,1,10,10,1,,
2026-08-19,047770,코데즈컴바인,62.7,21,0.0,85,0,1,1,73.7,8,15,1,10.3,20,1,10,10,1,0,15,0,7,10,1,10,10,1,6.0,10,1,2,10,1,,
2026-08-19,403870,HPSP,62.2,22,0.0,85,0,1,1,59.4,15,15,1,6.9,20,1,8,10,1,0,15,0,0,10,1,7,10,1,6.0,10,1,10,10,1,,
2026-08-19,006360,GS건설,61.1,23,0.0,75,1,1,1,59.9,12,15,1,6.8,20,1,0,10,0,0,15,0,7,10,1,0,10,1,10.0,10,1,10,10,1,,
2026-08-19,003230,삼양식품,60.9,24,0.0,85,1,1,1,58.9,8,15,1,6.8,20,1,10,10,1,0,15,0,7,10,1,0,10,1,10.0,10,1,10,10,1,,
2026-08-19,068270,셀트리온,60.4,25,0.0,85,1,1,1,54.4,8,15,1,11.3,20,1,8,10,1,0,15,0,4,10,1,0,10,1,10.0,10,1,10,10,1,,
2026-08-19,196170,알테오젠,60.0,26,0.0,75,0,1,1,47.9,12,15,1,20.0,20,1,0,10,0,0,15,0,0,10,1,0,10,1,6.0,10,1,7,10,1,,
2026-08-19,475150,SK이터닉스,59.4,27,0.0,85,1,1,1,54.9,15,15,1,5.5,20,1,10,10,1,0,15,0,0,10,1,0,10,1,10.0,10,1,10,10,1,,
2026-08-19,000720,현대건설,58.9,28,0.0,85,0,1,1,56.6,8,15,1,12.1,20,1,10,10,1,0,15,0,0,10,1,4,10,1,6.0,10,1,10,10,1,,
2026-08-19,373220,LG에너지솔루션,58.7,29,0.0,75,0,1,1,53.6,8,15,1,20.0,20,1,0,10,0,0,15,0,0,10,1,0,10,1,6.0,10,1,10,10,1,,
2026-08-19,009830,한화솔루션,58.7,30,0.0,75,0,1,1,57.2,8,15,1,20.0,20,1,0,10,0,0,15,0,0,10,1,0,10,1,6.0,10,1,10,10,1,,
2026-08-19,240810,원익IPS,58.7,31,0.0,75,0,1,1,49.8,8,15,1,20.0,20,1,0,10,0,0,15,0,0,10,1,0,10,1,6.0,10,1,10,10,1,,
2026-08-19,034730,SK,58.7,32,0.0,75,0,1,1,47.1,8,15,1,20.0,20,1,0,10,0,0,15,0,0,10,1,0,10,1,6.0,10,1,10,10,1,,
2026-08-19,317400,자이에스앤디,58.5,33,5.0,85,1,1,1,78.5,4,15,1,20.0,20,1,10,10,1,0,15,0,10,10,1,0,10,1,10.0,10,1,0,10,1,,
2026-08-19,098120,마이크로컨텍솔,58.4,34,5.0,85,0,1,1,80.0,8,15,1,7.9,20,1,10,10,1,0,15,0,10,10,1,10,10,1,6.0,10,1,2,10,1,,
2026-08-19,036930,주성엔지니어링,58.2,35,0.0,85,0,1,1,53.4,12,15,1,11.5,20,1,10,10,1,0,15,0,0,10,1,0,10,1,6.0,10,1,10,10,1,,
2026-08-19,014990,인디에프,58.1,36,5.0,75,0,1,1,84.3,4,15,1,17.3,20,1,0,10,0,0,15,0,10,10,1,10,10,1,6.0,10,1,0,10,1,,
2026-08-19,119850,지엔씨에너지,57.5,37,0.0,75,1,1,1,66.7,8,15,1,8.1,20,1,0,10,0,0,15,0,7,10,1,0,10,1,10.0,10,1,10,10,1,,
2026-08-19,047040,대우건설,57.4,38,0.0,85,0,1,1,51.8,8,15,1,14.8,20,1,10,10,1,0,15,0,0,10,1,0,10,1,6.0,10,1,10,10,1,,
2026-08-19,278470,에이피알,57.2,39,0.0,85,0,1,1,53.3,8,15,1,14.6,20,1,10,10,1,0,15,0,0,10,1,0,10,1,6.0,10,1,10,10,1,,
2026-08-19,032830,삼성생명,56.9,40,0.0,85,0,1,1,42.0,12,15,1,10.4,20,1,10,10,1,0,15,0,0,10,1,0,10,1,6.0,10,1,10,10,1,,
2026-08-19,009150,삼성전기,56.4,41,0.0,85,0,1,0,50.4,15,15,1,9.9,20,1,10,10,1,0,15,0,0,10,1,0,10,1,3.0,10,1,10,10,1,,
2026-08-19,277810,레인보우로보틱스,55.9,42,0.0,75,0,1,1,47.7,8,15,1,17.9,20,1,0,10,0,0,15,0,0,10,1,0,10,1,6.0,10,1,10,10,1,,
2026-08-19,043260,성호전자,55.3,43,0.0,85,0,1,1,48.8,4,15,1,20.0,20,1,10,10,1,0,15,0,0,10,1,0,10,1,6.0,10,1,7,10,1,,
2026-08-19,181710,NHN,55.0,44,5.0,75,1,1,1,78.5,4,15,1,20.0,20,1,0,10,0,0,15,0,7,10,1,0,10,1,10.0,10,1,4,10,1,,
2026-08-19,066570,LG전자,54.9,45,0.0,85,0,1,1,55.5,12,15,1,8.7,20,1,10,10,1,0,15,0,0,10,1,0,10,1,6.0,10,1,10,10,1,,
2026-08-19,001770,SHD,54.9,46,5.0,85,0,1,1,83.3,4,15,1,12.9,20,1,8,10,1,0,15,0,10,10,1,10,10,1,6.0,10,1,0,10,1,,
2026-08-19,017670,SK텔레콤,54.6,47,0.0,85,0,1,1,58.5,12,15,1,8.4,20,1,10,10,1,0,15,0,0,10,1,0,10,1,6.0,10,1,10,10,1,,
2026-08-19,004690,삼천리,54.2,48,0.0,85,1,1,1,69.7,0,15,1,6.1,20,1,10,10,1,0,15,0,10,10,1,10,10,1,10.0,10,1,0,10,1,,
2026-08-19,086520,에코프로,53.2,49,0.0,85,0,1,1,48.4,8,15,1,13.2,20,1,8,10,1,0,15,0,0,10,1,0,10,1,6.0,10,1,10,10,1,,
2026-08-19,332570,PS일렉트로닉스,52.9,50,0.0,85,1,1,0,52.1,4,15,1,20.0,20,1,10,10,1,0,15,0,0,10,1,0,10,1,7.0,10,1,4,10,1,,
2026-08-19,042700,한미반도체,52.7,51,0.0,85,0,1,1,50.7,12,15,1,6.8,20,1,10,10,1,0,15,0,0,10,1,0,10,1,6.0,10,1,10,10,1,,
2026-08-19,000370,한화손해보험,52.7,52,0.0,85,0,1,1,73.6,4,15,1,4.8,20,1,10,10,1,0,15,0,10,10,1,10,10,1,6.0,10,1,0,10,1,,
2026-08-19,064550,바이오니아,52.5,53,0.0,75,0,1,1,76.4,4,15,1,15.4,20,1,0,10,0,0,15,0,4,10,1,10,10,1,6.0,10,1,0,10,1,,
2026-08-19,420770,기가비스,51.8,54,0.0,85,0,1,1,53.0,4,15,1,20.0,20,1,10,10,1,0,15,0,0,10,1,4,10,1,6.0,10,1,0,10,1,,
2026-08-19,092870,엑시콘,51.8,55,0.0,85,0,1,1,67.5,4,15,1,20.0,20,1,10,10,1,0,15,0,0,10,1,4,10,1,6.0,10,1,0,10,1,,
2026-08-19,298040,효성중공업,51.4,56,0.0,85,0,1,1,51.5,8,15,1,9.7,20,1,10,10,1,0,15,0,0,10,1,0,10,1,6.0,10,1,10,10,1,,
2026-08-19,039030,이오테크닉스,51.2,57,0.0,85,0,1,1,60.7,8,15,1,12.5,20,1,10,10,1,0,15,0,0,10,1,0,10,1,6.0,10,1,7,10,1,,
2026-08-19,322000,HD현대에너지솔루션,50.7,58,0.0,75,0,1,0,51.0,8,15,1,20.0,20,1,0,10,0,0,15,0,0,10,1,0,10,1,3.0,10,1,7,10,1,,
2026-08-19,178320,서진시스템,50.7,59,0.0,75,0,1,1,47.3,8,15,1,20.0,20,1,0,10,0,0,15,0,0,10,1,0,10,1,6.0,10,1,4,10,1,,
2026-08-19,038680,에스넷,50.7,60,0.0,75,1,1,1,68.9,4,15,1,4.0,20,1,0,10,0,0,15,0,10,10,1,10,10,1,10.0,10,1,0,10,1,,
2026-08-19,036200,유니셈,49.9,61,0.0,85,0,1,1,60.6,4,15,1,12.4,20,1,10,10,1,0,15,0,0,10,1,10,10,1,6.0,10,1,0,10,1,,
2026-08-19,356860,티엘비,49.4,62,0.0,85,0,1,1,42.3,4,15,1,20.0,20,1,8,10,1,0,15,0,0,10,1,4,10,1,6.0,10,1,0,10,1,,
2026-08-19,396300,세아메카닉스,49.4,63,0.0,85,0,1,1,66.2,4,15,1,20.0,20,1,10,10,1,0,15,0,0,10,1,0,10,1,6.0,10,1,2,10,1,,
2026-08-19,347700,스피어,49.3,64,0.0,75,0,1,1,57.6,4,15,1,20.0,20,1,0,10,0,0,15,0,0,10,1,0,10,1,6.0,10,1,7,10,1,,
2026-08-19,005830,DB손해보험,49.1,65,0.0,75,1,1,1,70.8,8,15,1,4.8,20,1,0,10,0,0,15,0,10,10,1,4,10,1,10.0,10,1,0,10,1,,
2026-08-19,005490,POSCO홀딩스,49.1,66,0.0,85,0,1,1,48.2,8,15,1,7.7,20,1,10,10,1,0,15,0,0,10,1,0,10,1,6.0,10,1,10,10,1,,
2026-08-19,047810,한국항공우주,48.7,67,0.0,85,0,1,1,45.2,8,15,1,7.4,20,1,10,10,1,0,15,0,0,10,1,0,10,1,6.0,10,1,10,10,1,,
2026-08-19,009540,HD한국조선해양,48.5,68,0.0,85,0,0,0,47.2,8,15,1,13.2,20,1,10,10,1,0,15,0,0,10,1,0,10,1,0.0,10,1,10,10,1,,
2026-08-19,241710,코스메카코리아,48.2,69,0.0,85,1,1,1,74.8,4,15,1,6.0,20,1,10,10,1,0,15,0,7,10,1,0,10,1,10.0,10,1,4,10,1,,
2026-08-19,396470,워트,48.0,70,0.0,85,0,1,1,66.2,4,15,1,10.8,20,1,10,10,1,0,15,0,0,10,1,10,10,1,6.0,10,1,0,10,1,,
2026-08-19,007340,DN오토모티브,47.9,71,0.0,85,1,1,1,61.8,4,15,1,5.7,20,1,10,10,1,0,15,0,0,10,1,7,10,1,10.0,10,1,4,10,1,,
2026-08-19,089860,롯데렌탈,47.9,72,0.0,85,1,1,1,74.6,4,15,1,4.7,20,1,8,10,1,0,15,0,10,10,1,4,10,1,10.0,10,1,0,10,1,,
2026-08-19,267260,HD현대일렉트릭,47.8,73,0.0,85,0,1,1,45.5,8,15,1,6.6,20,1,10,10,1,0,15,0,0,10,1,0,10,1,6.0,10,1,10,10,1,,
2026-08-19,067310,하나마이크론,47.6,74,0.0,75,0,1,1,51.7,8,15,1,14.7,20,1,0,10,0,0,15,0,0,10,1,0,10,1,6.0,10,1,7,10,1,,
2026-08-19,079550,LIG디펜스앤에어로스페이스,47.4,75,0.0,85,0,1,1,53.0,8,15,1,6.3,20,1,10,10,1,0,15,0,0,10,1,0,10,1,6.0,10,1,10,10,1,,
2026-08-19,005180,빙그레,47.4,76,0.0,85,1,1,1,67.1,4,15,1,8.3,20,1,10,10,1,0,15,0,4,10,1,4,10,1,10.0,10,1,0,10,1,,
2026-08-19,098460,고영,47.1,77,0.0,85,0,1,1,48.9,4,15,1,20.0,20,1,10,10,1,0,15,0,0,10,1,0,10,1,6.0,10,1,0,10,1,,
2026-08-19,011070,LG이노텍,46.8,78,0.0,85,0,1,0,47.0,8,15,1,8.8,20,1,10,10,1,0,15,0,0,10,1,0,10,1,3.0,10,1,10,10,1,,
2026-08-19,214450,파마리서치,46.7,79,0.0,85,1,0,0,54.5,4,15,1,7.7,20,1,10,10,1,0,15,0,4,10,1,0,10,1,4.0,10,1,10,10,1,,
2026-08-19,028050,삼성E&A,46.2,80,0.0,85,0,1,1,53.9,8,15,1,5.3,20,1,10,10,1,0,15,0,0,10,1,0,10,1,6.0,10,1,10,10,1,,
2026-08-19,035720,카카오,46.0,81,0.0,75,1,1,1,47.8,8,15,1,6.5,20,1,0,10,0,0,15,0,0,10,1,0,10,1,10.0,10,1,10,10,1,,
2026-08-19,083650,비에이치아이,46.0,82,0.0,85,0,1,1,61.4,4,15,1,17.1,20,1,10,10,1,0,15,0,0,10,1,0,10,1,6.0,10,1,2,10,1,,
2026-08-19,267270,HD건설기계,45.9,83,0.0,85,0,1,0,46.2,4,15,1,20.0,20,1,10,10,1,0,15,0,0,10,1,0,10,1,3.0,10,1,2,10,1,,
2026-08-19,218410,RFHIC,45.9,84,0.0,85,0,1,0,46.7,4,15,1,20.0,20,1,10,10,1,0,15,0,0,10,1,0,10,1,3.0,10,1,2,10,1,,
2026-08-19,131970,두산테스나,45.9,85,0.0,85,0,1,0,45.4,4,15,1,20.0,20,1,10,10,1,0,15,0,0,10,1,0,10,1,3.0,10,1,2,10,1,,
2026-08-19,066970,엘앤에프,45.6,86,0.0,75,0,1,1,58.4,4,15,1,17.2,20,1,0,10,0,0,15,0,0,10,1,0,10,1,6.0,10,1,7,10,1,,
2026-08-19,125490,한라캐스트,45.4,87,0.0,85,0,1,1,66.9,8,15,1,6.6,20,1,1,10,1,0,15,0,0,10,1,10,10,1,6.0,10,1,7,10,1,,
2026-08-19,010120,LS ELECTRIC,45.4,88,0.0,85,0,1,0,49.1,8,15,1,7.6,20,1,10,10,1,0,15,0,0,10,1,0,10,1,3.0,10,1,10,10,1,,
2026-08-19,093370,후성,45.3,89,0.0,75,0,1,1,56.2,4,15,1,20.0,20,1,0,10,0,0,15,0,0,10,1,0,10,1,6.0,10,1,4,10,1,,
2026-08-19,247540,에코프로비엠,45.3,90,0.0,75,0,1,1,45.8,4,15,1,20.0,20,1,0,10,0,0,15,0,0,10,1,0,10,1,6.0,10,1,4,10,1,,
2026-08-19,440110,파두,44.7,91,0.0,75,0,1,1,46.2,4,15,1,16.5,20,1,0,10,0,0,15,0,0,10,1,0,10,1,6.0,10,1,7,10,1,,
2026-08-19,352820,하이브,44.7,92,0.0,85,0,0,0,39.0,4,15,1,20.0,20,1,10,10,1,0,15,0,0,10,1,0,10,1,0.0,10,1,4,10,1,,
2026-08-19,009420,한올바이오파마,44.7,93,0.0,85,0,1,1,58.8,4,15,1,20.0,20,1,8,10,1,0,15,0,0,10,1,0,10,1,6.0,10,1,0,10,1,,
2026-08-19,006910,보성파워텍,44.7,94,0.0,85,0,1,1,49.0,0,15,1,20.0,20,1,10,10,1,0,15,0,0,10,1,0,10,1,6.0,10,1,2,10,1,,
2026-08-19,055550,신한지주,44.5,95,0.0,85,1,1,0,51.1,12,15,1,4.8,20,1,10,10,1,0,15,0,4,10,1,0,10,1,7.0,10,1,0,10,1,,
2026-08-19,051900,LG생활건강,44.1,96,0.0,85,1,0,1,58.9,4,15,1,10.5,20,1,10,10,1,0,15,0,4,10,1,0,10,1,7.0,10,1,2,10,1,,
2026-08-19,006660,삼성공조,44.0,97,0.0,75,1,1,0,67.4,12,15,1,4.0,20,1,0,10,0,0,15,0,0,10,1,10,10,1,7.0,10,1,0,10,1,,
2026-08-19,058610,에스피지,44.0,98,0.0,85,1,1,1,52.7,8,15,1,6.4,20,1,3,10,1,0,15,0,0,10,1,0,10,1,10.0,10,1,10,10,1,,
2026-08-19,001450,현대해상,43.6,99,0.0,85,1,1,1,73.8,8,15,1,4.1,20,1,1,10,1,0,15,0,10,10,1,4,10,1,10.0,10,1,0,10,1,,
2026-08-19,003010,혜인,43.6,100,5.0,85,1,1,1,92.6,4,15,1,5.3,20,1,10,10,1,0,15,0,10,10,1,0,10,1,10.0,10,1,2,10,1,,
2026-08-19,008930,한미사이언스,43.6,101,0.0,85,1,1,1,73.4,4,15,1,6.1,20,1,10,10,1,0,15,0,7,10,1,0,10,1,10.0,10,1,0,10,1,,
2026-08-19,003670,포스코퓨처엠,43.5,102,0.0,85,0,1,1,52.2,4,15,1,20.0,20,1,3,10,1,0,15,0,0,10,1,0,10,1,6.0,10,1,4,10,1,,
2026-08-19,008770,호텔신라,43.5,103,0.0,85,0,1,0,40.1,4,15,1,20.0,20,1,10,10,1,0,15,0,0,10,1,0,10,1,3.0,10,1,0,10,1,,
2026-08-19,026040,제이에스티나,43.3,104,0.0,85,0,1,1,67.9,0,15,1,10.8,20,1,10,10,1,0,15,0,0,10,1,10,10,1,6.0,10,1,0,10,1,,
2026-08-19,192820,코스맥스,43.1,105,0.0,85,1,1,1,74.8,4,15,1,5.6,20,1,8,10,1,0,15,0,7,10,1,0,10,1,10.0,10,1,2,10,1,,
2026-08-19,100700,세운메디칼,43.1,106,0.0,85,1,1,1,56.9,0,15,1,4.6,20,1,8,10,1,0,15,0,4,10,1,10,10,1,10.0,10,1,0,10,1,,
2026-08-19,004370,농심,42.8,107,0.0,85,1,1,1,68.1,4,15,1,5.4,20,1,10,10,1,0,15,0,7,10,1,0,10,1,10.0,10,1,0,10,1,,
2026-08-19,002100,경농,42.8,108,0.0,85,1,1,1,57.6,0,15,1,4.4,20,1,5,10,1,0,15,0,7,10,1,10,10,1,10.0,10,1,0,10,1,,
2026-08-19,045390,대아티아이,42.7,109,0.0,75,0,1,1,74.5,8,15,1,4.0,20,1,0,10,0,0,15,0,4,10,1,10,10,1,6.0,10,1,0,10,1,,
2026-08-19,001550,조비,42.7,110,0.0,75,0,1,1,74.4,8,15,1,4.0,20,1,0,10,0,0,15,0,4,10,1,10,10,1,6.0,10,1,0,10,1,,
2026-08-19,006260,LS,42.6,111,0.0,85,0,1,0,52.3,8,15,1,8.2,20,1,10,10,1,0,15,0,0,10,1,0,10,1,3.0,10,1,7,10,1,,
2026-08-19,006800,미래에셋증권,42.4,112,0.0,85,0,1,0,42.3,4,15,1,12.0,20,1,10,10,1,0,15,0,0,10,1,0,10,1,3.0,10,1,7,10,1,,
2026-08-19,036570,NC,42.4,113,0.0,85,0,0,0,40.0,4,15,1,20.0,20,1,10,10,1,0,15,0,0,10,1,0,10,1,0.0,10,1,2,10,1,,
2026-08-19,080580,오킨스전자,42.4,114,0.0,85,0,1,1,65.7,0,15,1,20.0,20,1,10,10,1,0,15,0,0,10,1,0,10,1,6.0,10,1,0,10,1,,
2026-08-19,003160,디아이,42.4,115,0.0,85,0,1,1,57.0,0,15,1,20.0,20,1,10,10,1,0,15,0,0,10,1,0,10,1,6.0,10,1,0,10,1,,
2026-08-19,004710,한솔테크닉스,42.4,116,0.0,85,0,1,1,43.1,0,15,1,20.0,20,1,10,10,1,0,15,0,0,10,1,0,10,1,6.0,10,1,0,10,1,,
2026-08-19,253590,네오셈,42.4,117,0.0,85,0,1,1,56.3,0,15,1,20.0,20,1,10,10,1,0,15,0,0,10,1,0,10,1,6.0,10,1,0,10,1,,
2026-08-19,044490,태웅,42.4,118,0.0,85,0,1,1,51.3,0,15,1,20.0,20,1,10,10,1,0,15,0,0,10,1,0,10,1,6.0,10,1,0,10,1,,
2026-08-19,456040,OCI,42.4,119,0.0,85,0,1,1,48.2,0,15,1,20.0,20,1,10,10,1,0,15,0,0,10,1,0,10,1,6.0,10,1,0,10,1,,
2026-08-19,099320,쎄트렉아이,42.4,120,0.0,85,0,1,1,46.8,0,15,1,20.0,20,1,10,10,1,0,15,0,0,10,1,0,10,1,6.0,10,1,0,10,1,,
2026-08-19,005090,SGC에너지,42.1,121,0.0,85,1,1,1,63.7,4,15,1,7.8,20,1,10,10,1,0,15,0,4,10,1,0,10,1,10.0,10,1,0,10,1,,
2026-08-19,095340,ISC,42.0,122,0.0,85,0,1,1,63.7,8,15,1,7.7,20,1,8,10,1,0,15,0,0,10,1,4,10,1,6.0,10,1,2,10,1,,
2026-08-19,034020,두산에너빌리티,41.9,123,0.0,85,0,1,1,48.8,12,15,1,6.6,20,1,1,10,1,0,15,0,0,10,1,0,10,1,6.0,10,1,10,10,1,,
2026-08-19,024840,KBI메탈,41.3,124,0.0,85,0,1,1,60.8,8,15,1,6.1,20,1,1,10,1,0,15,0,0,10,1,7,10,1,6.0,10,1,7,10,1,,
2026-08-19,001440,대한전선,41.3,125,0.0,85,0,1,0,47.0,4,15,1,8.1,20,1,10,10,1,0,15,0,0,10,1,0,10,1,3.0,10,1,10,10,1,,
2026-08-19,089970,브이엠,41.3,126,0.0,75,0,1,0,42.0,4,15,1,20.0,20,1,0,10,0,0,15,0,0,10,1,0,10,1,3.0,10,1,4,10,1,,
2026-08-19,009270,신원,41.3,127,0.0,75,0,1,1,69.8,4,15,1,4.0,20,1,0,10,0,0,15,0,7,10,1,10,10,1,6.0,10,1,0,10,1,,
2026-08-19,039490,키움증권,41.1,128,0.0,85,0,1,0,38.9,8,15,1,6.9,20,1,10,10,1,0,15,0,0,10,1,7,10,1,3.0,10,1,0,10,1,,
2026-08-19,204270,제이앤티씨,40.9,129,0.0,85,0,1,1,60.4,4,15,1,14.8,20,1,10,10,1,0,15,0,0,10,1,0,10,1,6.0,10,1,0,10,1,,
2026-08-19,088350,한화생명,40.8,130,0.0,85,0,1,1,63.5,4,15,1,6.7,20,1,10,10,1,0,15,0,4,10,1,0,10,1,6.0,10,1,4,10,1,,
2026-08-19,237880,클리오,40.8,131,0.0,85,1,1,1,61.0,0,15,1,6.7,20,1,10,10,1,0,15,0,4,10,1,4,10,1,10.0,10,1,0,10,1,,
2026-08-19,091580,상신이디피,40.1,132,0.0,85,0,1,0,52.5,0,15,1,17.1,20,1,10,10,1,0,15,0,0,10,1,4,10,1,3.0,10,1,0,10,1,,
2026-08-19,010170,대한광통신,40.0,133,0.0,75,0,1,1,52.9,8,15,1,16.0,20,1,0,10,0,0,15,0,0,10,1,0,10,1,6.0,10,1,0,10,1,,
2026-08-19,316140,우리금융지주,40.0,134,0.0,85,1,0,1,56.0,8,15,1,5.0,20,1,10,10,1,0,15,0,4,10,1,0,10,1,7.0,10,1,0,10,1,,
2026-08-19,025860,남해화학,40.0,135,0.0,85,0,1,1,58.9,8,15,1,5.0,20,1,5,10,1,0,15,0,0,10,1,10,10,1,6.0,10,1,0,10,1,,
2026-08-19,477850,마키나락스,40.0,136,0.0,75,1,1,1,48.7,4,15,1,16.0,20,1,0,10,0,0,15,0,0,10,1,0,10,1,10.0,10,1,0,10,1,,
2026-08-19,007810,코리아써키트,40.0,137,0.0,75,0,1,1,47.3,4,15,1,18.0,20,1,0,10,0,0,15,0,0,10,1,0,10,1,6.0,10,1,2,10,1,,
2026-08-19,028670,팬오션,40.0,138,0.0,85,1,1,0,60.8,4,15,1,6.0,20,1,10,10,1,0,15,0,7,10,1,0,10,1,7.0,10,1,0,10,1,,
2026-08-19,089030,테크윙,40.0,139,0.0,75,0,1,1,53.2,4,15,1,20.0,20,1,0,10,0,0,15,0,0,10,1,0,10,1,6.0,10,1,0,10,1,,
2026-08-19,263750,펄어비스,40.0,140,0.0,85,0,0,0,36.6,4,15,1,20.0,20,1,10,10,1,0,15,0,0,10,1,0,10,1,0.0,10,1,0,10,1,,
2026-08-19,417840,저스템,40.0,141,0.0,75,0,1,1,54.4,4,15,1,20.0,20,1,0,10,0,0,15,0,0,10,1,0,10,1,6.0,10,1,0,10,1,,
2026-08-19,064290,인텍플러스,40.0,142,0.0,75,0,1,1,51.4,4,15,1,20.0,20,1,0,10,0,0,15,0,0,10,1,0,10,1,6.0,10,1,0,10,1,,
2026-08-19,012210,삼미금속,40.0,143,0.0,85,0,1,1,59.0,4,15,1,6.0,20,1,8,10,1,0,15,0,0,10,1,10,10,1,6.0,10,1,0,10,1,,
2026-08-19,122640,예스티,40.0,144,0.0,75,0,1,1,55.5,4,15,1,20.0,20,1,0,10,0,0,15,0,0,10,1,0,10,1,6.0,10,1,0,10,1,,
2026-08-19,327260,RF머트리얼즈,40.0,145,0.0,75,0,1,1,44.0,4,15,1,20.0,20,1,0,10,0,0,15,0,0,10,1,0,10,1,6.0,10,1,0,10,1,,
2026-08-19,005950,이수화학,40.0,146,0.0,85,1,1,1,44.9,4,15,1,10.0,20,1,10,10,1,0,15,0,0,10,1,0,10,1,10.0,10,1,0,10,1,,
2026-08-19,112040,위메이드,40.0,147,0.0,75,0,1,1,46.2,0,15,1,20.0,20,1,0,10,0,0,15,0,0,10,1,4,10,1,6.0,10,1,0,10,1,,
2026-08-19,219130,타이거일렉,40.0,148,0.0,75,1,1,1,48.8,0,15,1,20.0,20,1,0,10,0,0,15,0,0,10,1,0,10,1,10.0,10,1,0,10,1,,
2026-08-19,382800,지앤비에스 에코,39.8,149,0.0,85,0,1,1,56.5,0,15,1,17.8,20,1,10,10,1,0,15,0,0,10,1,0,10,1,6.0,10,1,0,10,1,,
2026-08-19,469610,이노테크,39.6,150,0.0,85,0,1,1,63.5,4,15,1,6.7,20,1,10,10,1,0,15,0,0,10,1,7,10,1,6.0,10,1,0,10,1,,
2026-08-19,086790,하나금융지주,39.5,151,0.0,85,1,0,1,48.4,8,15,1,4.6,20,1,10,10,1,0,15,0,4,10,1,0,10,1,7.0,10,1,0,10,1,,
2026-08-19,251970,펌텍코리아,39.5,152,0.0,85,1,1,1,63.2,4,15,1,5.6,20,1,10,10,1,0,15,0,4,10,1,0,10,1,10.0,10,1,0,10,1,,
2026-08-19,018260,삼성에스디에스,39.3,153,0.0,75,0,1,1,54.1,8,15,1,5.5,20,1,0,10,0,0,15,0,0,10,1,0,10,1,6.0,10,1,10,10,1,,
2026-08-19,387690,레메디,39.1,154,0.0,75,0,1,1,52.3,4,15,1,15.3,20,1,0,10,0,0,15,0,0,10,1,0,10,1,6.0,10,1,4,10,1,,
2026-08-19,329180,HD현대중공업,38.9,155,0.0,85,0,1,0,42.6,8,15,1,14.1,20,1,1,10,1,0,15,0,0,10,1,0,10,1,3.0,10,1,7,10,1,,
2026-08-19,207940,삼성바이오로직스,38.8,156,0.0,85,1,0,1,55.9,4,15,1,7.0,20,1,1,10,1,0,15,0,4,10,1,0,10,1,7.0,10,1,10,10,1,,
2026-08-19,077360,덕산하이메탈,38.8,157,0.0,85,0,1,0,48.7,0,15,1,20.0,20,1,10,10,1,0,15,0,0,10,1,0,10,1,3.0,10,1,0,10,1,,
2026-08-19,290650,엘앤씨바이오,38.8,158,0.0,85,0,1,0,38.2,0,15,1,20.0,20,1,10,10,1,0,15,0,0,10,1,0,10,1,3.0,10,1,0,10,1,,
2026-08-19,089890,코세스,38.8,159,0.0,85,0,1,0,45.3,0,15,1,20.0,20,1,10,10,1,0,15,0,0,10,1,0,10,1,3.0,10,1,0,10,1,,
2026-08-19,124500,아이티센글로벌,38.8,160,0.0,85,0,1,0,51.7,0,15,1,20.0,20,1,10,10,1,0,15,0,0,10,1,0,10,1,3.0,10,1,0,10,1,,
2026-08-19,012330,현대모비스,38.5,161,0.0,85,0,1,1,51.2,12,15,1,4.7,20,1,10,10,1,0,15,0,0,10,1,0,10,1,6.0,10,1,0,10,1,,
2026-08-19,010140,삼성중공업,38.4,162,0.0,75,0,1,0,40.9,8,15,1,7.8,20,1,0,10,0,0,15,0,0,10,1,0,10,1,3.0,10,1,10,10,1,,
2026-08-19,144960,뉴파워프라즈마,38.2,163,0.0,85,1,1,0,51.4,4,15,1,11.5,20,1,10,10,1,0,15,0,0,10,1,0,10,1,7.0,10,1,0,10,1,,
2026-08-19,010780,아이에스동서,38.2,164,0.0,85,0,0,0,24.9,0,15,1,12.5,20,1,10,10,1,0,15,0,0,10,1,10,10,1,0.0,10,1,0,10,1,,
2026-08-19,161890,한국콜마,38.1,165,0.0,85,1,1,1,65.5,4,15,1,6.4,20,1,1,10,1,0,15,0,4,10,1,0,10,1,10.0,10,1,7,10,1,,
2026-08-19,095610,테스,37.9,166,0.0,85,0,1,0,49.5,8,15,1,8.2,20,1,3,10,1,0,15,0,0,10,1,0,10,1,3.0,10,1,10,10,1,,
2026-08-19,232140,와이씨,37.8,167,0.0,85,0,1,1,48.7,0,15,1,16.1,20,1,10,10,1,0,15,0,0,10,1,0,10,1,6.0,10,1,0,10,1,,
2026-08-19,131290,티에스이,37.6,168,0.0,85,0,1,1,57.6,4,15,1,19.0,20,1,1,10,1,0,15,0,0,10,1,0,10,1,6.0,10,1,2,10,1,,
2026-08-19,003690,코리안리,37.5,169,0.0,85,1,1,1,60.9,0,15,1,4.9,20,1,10,10,1,0,15,0,7,10,1,0,10,1,10.0,10,1,0,10,1,,
2026-08-19,090430,아모레퍼시픽,37.4,170,0.0,85,1,0,1,55.5,4,15,1,6.8,20,1,8,10,1,0,15,0,4,10,1,0,10,1,7.0,10,1,2,10,1,,
2026-08-19,000100,유한양행,37.4,171,0.0,85,1,1,1,55.4,4,15,1,8.8,20,1,5,10,1,0,15,0,4,10,1,0,10,1,10.0,10,1,0,10,1,,
2026-08-19,018880,한온시스템,37.4,172,0.0,85,0,1,1,43.9,4,15,1,13.8,20,1,8,10,1,0,15,0,0,10,1,0,10,1,6.0,10,1,0,10,1,,
2026-08-19,457370,한켐,37.3,173,0.0,75,0,1,1,64.9,8,15,1,4.0,20,1,0,10,0,0,15,0,0,10,1,10,10,1,6.0,10,1,0,10,1,,
2026-08-19,139480,이마트,37.3,174,0.0,75,0,0,0,32.9,4,15,1,20.0,20,1,0,10,0,0,15,0,0,10,1,4,10,1,0.0,10,1,0,10,1,,
2026-08-19,138080,오이솔루션,37.3,175,0.0,75,0,1,1,49.4,0,15,1,20.0,20,1,0,10,0,0,15,0,0,10,1,0,10,1,6.0,10,1,2,10,1,,
2026-08-19,000150,두산,37.1,176,0.0,75,0,1,1,46.8,4,15,1,7.8,20,1,0,10,0,0,15,0,0,10,1,0,10,1,6.0,10,1,10,10,1,,
2026-08-19,139130,iM금융지주,37.1,177,0.0,85,0,1,0,49.8,4,15,1,10.5,20,1,10,10,1,0,15,0,4,10,1,0,10,1,3.0,10,1,0,10,1,,
2026-08-19,062040,산일전기,36.9,178,0.0,85,0,1,0,49.0,4,15,1,7.4,20,1,10,10,1,0,15,0,0,10,1,0,10,1,3.0,10,1,7,10,1,,
2026-08-19,103140,풍산,36.8,179,0.0,85,1,1,0,56.3,4,15,1,6.3,20,1,10,10,1,0,15,0,4,10,1,0,10,1,7.0,10,1,0,10,1,,
2026-08-19,011780,금호석유화학,36.8,180,0.0,85,0,1,1,51.0,4,15,1,9.3,20,1,10,10,1,0,15,0,0,10,1,0,10,1,6.0,10,1,2,10,1,,
2026-08-19,071050,한국금융지주,36.6,181,0.0,85,0,0,0,39.2,8,15,1,9.1,20,1,10,10,1,0,15,0,0,10,1,4,10,1,0.0,10,1,0,10,1,,
2026-08-19,006110,삼아알미늄,36.5,182,0.0,85,0,1,1,61.3,0,15,1,20.0,20,1,5,10,1,0,15,0,0,10,1,0,10,1,6.0,10,1,0,10,1,,
2026-08-19,096530,씨젠,36.5,183,0.0,85,0,1,1,53.3,0,15,1,20.0,20,1,1,10,1,0,15,0,4,10,1,0,10,1,6.0,10,1,0,10,1,,
2026-08-19,005690,파미셀,36.5,184,0.0,85,0,1,0,48.9,0,15,1,20.0,20,1,8,10,1,0,15,0,0,10,1,0,10,1,3.0,10,1,0,10,1,,
2026-08-19,160980,싸이맥스,36.4,185,0.0,85,0,1,0,44.7,4,15,1,6.9,20,1,10,10,1,0,15,0,0,10,1,7,10,1,3.0,10,1,0,10,1,,
2026-08-19,377450,리파인,36.3,186,5.0,75,1,1,1,81.0,0,15,1,4.0,20,1,0,10,0,0,15,0,10,10,1,7,10,1,10.0,10,1,0,10,1,,
2026-08-19,103590,일진전기,36.2,187,0.0,85,0,1,1,56.3,4,15,1,8.8,20,1,10,10,1,0,15,0,0,10,1,0,10,1,6.0,10,1,2,10,1,,
2026-08-19,319660,피에스케이,36.1,188,0.0,85,0,1,0,44.7,4,15,1,9.7,20,1,10,10,1,0,15,0,0,10,1,0,10,1,3.0,10,1,4,10,1,,
2026-08-19,000250,삼천당제약,36.1,189,0.0,75,0,1,0,47.8,4,15,1,16.1,20,1,0,10,0,0,15,0,0,10,1,0,10,1,3.0,10,1,4,10,1,,
2026-08-19,010690,화신,36.0,190,0.0,75,0,1,1,49.6,4,15,1,7.0,20,1,0,10,0,0,15,0,0,10,1,10,10,1,6.0,10,1,0,10,1,,
2026-08-19,033160,엠케이전자,36.0,191,0.0,75,0,1,0,43.1,4,15,1,20.0,20,1,0,10,0,0,15,0,0,10,1,0,10,1,3.0,10,1,0,10,1,,
2026-08-19,100790,미래에셋벤처투자,36.0,192,0.0,85,0,1,1,44.8,0,15,1,10.6,20,1,10,10,1,0,15,0,0,10,1,0,10,1,6.0,10,1,4,10,1,,
2026-08-19,059120,아진엑스텍,36.0,193,0.0,85,1,1,1,53.0,0,15,1,10.6,20,1,8,10,1,0,15,0,0,10,1,0,10,1,10.0,10,1,2,10,1,,
2026-08-19,010130,고려아연,35.8,194,0.0,85,0,1,1,51.6,4,15,1,8.4,20,1,10,10,1,0,15,0,0,10,1,0,10,1,6.0,10,1,2,10,1,,
2026-08-19,090460,비에이치,35.5,195,0.0,85,0,1,1,46.3,4,15,1,8.2,20,1,10,10,1,0,15,0,0,10,1,0,10,1,6.0,10,1,2,10,1,,
2026-08-19,126340,비나텍,35.5,196,0.0,85,0,1,0,44.5,0,15,1,17.2,20,1,10,10,1,0,15,0,0,10,1,0,10,1,3.0,10,1,0,10,1,,
2026-08-19,003550,LG,35.4,197,0.0,85,0,1,1,55.1,4,15,1,8.1,20,1,10,10,1,0,15,0,0,10,1,0,10,1,6.0,10,1,2,10,1,,
2026-08-19,282330,BGF리테일,35.4,198,0.0,85,1,1,0,59.6,4,15,1,5.1,20,1,10,10,1,0,15,0,4,10,1,0,10,1,7.0,10,1,0,10,1,,
2026-08-19,009155,삼성전기우,35.2,199,0.0,85,0,1,1,50.0,4,15,1,9.9,20,1,10,10,1,0,15,0,0,10,1,0,10,1,6.0,10,1,0,10,1,,
2026-08-19,272210,한화시스템,35.1,200,0.0,85,0,1,1,53.5,4,15,1,9.8,20,1,10,10,1,0,15,0,0,10,1,0,10,1,6.0,10,1,0,10,1,,
